
/Users/jaredpratt/Desktop/ECE5785/lab3_zward_jpratt/build/src/threads.elf:     file format elf32-littlearm

Sections:
Idx Name          Size      VMA       LMA       File off  Algn
  0 .boot2        00000100  10000000  10000000  00001000  2**0
                  CONTENTS, ALLOC, LOAD, READONLY, CODE
  1 .text         0000b220  10000100  10000100  00001100  2**4
                  CONTENTS, ALLOC, LOAD, READONLY, CODE
  2 .rodata       00037d98  1000b320  1000b320  0000c320  2**3
                  CONTENTS, ALLOC, LOAD, READONLY, DATA
  3 .binary_info  0000002c  100430b8  100430b8  000440b8  2**2
                  CONTENTS, ALLOC, LOAD, READONLY, DATA
  4 .xip_ram      00000000  15000000  15000000  00045da0  2**0
                  CONTENTS
  5 .ram_vector_table 000000c0  20000000  20000000  00046000  2**2
                  ALLOC
  6 .uninitialized_data 00000000  200000c0  200000c0  00045da0  2**0
                  CONTENTS
  7 .data         00000ce0  200000c0  100430e4  000450c0  2**4
                  CONTENTS, ALLOC, LOAD, READONLY, CODE
  8 .tdata        00000000  20000da0  20000da0  00045da0  2**0
                  CONTENTS, ALLOC, LOAD, DATA, THREAD_LOCAL
  9 .tbss         00000000  20000da0  20000da0  00000000  2**0
                  ALLOC, THREAD_LOCAL
 10 .tbss_space   00000000  20000da0  20000da0  00045da0  2**0
                  CONTENTS
 11 .bss          000213c4  20000da0  10043dc4  00045da0  2**3
                  ALLOC
 12 .tls0         00000000  20022164  20022164  00045da0  2**0
                  CONTENTS
 13 .tls1         00000000  20022164  20022164  00045da0  2**0
                  CONTENTS
 14 .persistent_data 00000000  20022164  20022164  00045da0  2**0
                  CONTENTS
 15 .dummy_pre_heap 00000000  20022164  20022164  00045da0  2**0
                  CONTENTS
 16 .heap         00000800  20022164  20022164  00046164  2**2
                  ALLOC, READONLY
 17 .scratch_x    00000000  20040000  20040000  00045da0  2**0
                  CONTENTS
 18 .scratch_y    00000000  20041000  20041000  00045da0  2**0
                  CONTENTS
 19 .stack1_dummy 00000800  20040000  20040000  00046000  2**2
                  ALLOC
 20 .stack_dummy  00000800  20041000  20041000  00046000  2**5
                  ALLOC, READONLY
 21 .debug_info   000515ee  00000000  00000000  00045da0  2**0
                  CONTENTS, READONLY, DEBUGGING, OCTETS
 22 .debug_abbrev 0000b3c5  00000000  00000000  0009738e  2**0
                  CONTENTS, READONLY, DEBUGGING, OCTETS
 23 .debug_loclists 0002dcfa  00000000  00000000  000a2753  2**0
                  CONTENTS, READONLY, DEBUGGING, OCTETS
 24 .debug_aranges 00001e00  00000000  00000000  000d0450  2**3
                  CONTENTS, READONLY, DEBUGGING, OCTETS
 25 .debug_rnglists 00007068  00000000  00000000  000d2250  2**0
                  CONTENTS, READONLY, DEBUGGING, OCTETS
 26 .debug_line   0003adfd  00000000  00000000  000d92b8  2**0
                  CONTENTS, READONLY, DEBUGGING, OCTETS
 27 .debug_str    0000c33e  00000000  00000000  001140b5  2**0
                  CONTENTS, READONLY, DEBUGGING, OCTETS
 28 .comment      00000045  00000000  00000000  001203f3  2**0
                  CONTENTS, READONLY
 29 .ARM.attributes 0000002a  00000000  00000000  00120438  2**0
                  CONTENTS, READONLY
 30 .debug_frame  00004f70  00000000  00000000  00120464  2**2
                  CONTENTS, READONLY, DEBUGGING, OCTETS
 31 .debug_line_str 0000042f  00000000  00000000  001253d4  2**0
                  CONTENTS, READONLY, DEBUGGING, OCTETS

/Users/jaredpratt/Desktop/ECE5785/lab3_zward_jpratt/build/src/threads.elf:     file format elf32-littlearm


Disassembly of section .boot2:

10000000 <__boot2_start__>:
10000000:	4b32b500 	.word	0x4b32b500
10000004:	60582021 	.word	0x60582021
10000008:	21026898 	.word	0x21026898
1000000c:	60984388 	.word	0x60984388
10000010:	611860d8 	.word	0x611860d8
10000014:	4b2e6158 	.word	0x4b2e6158
10000018:	60992100 	.word	0x60992100
1000001c:	61592102 	.word	0x61592102
10000020:	22f02101 	.word	0x22f02101
10000024:	492b5099 	.word	0x492b5099
10000028:	21016019 	.word	0x21016019
1000002c:	20356099 	.word	0x20356099
10000030:	f844f000 	.word	0xf844f000
10000034:	42902202 	.word	0x42902202
10000038:	2106d014 	.word	0x2106d014
1000003c:	f0006619 	.word	0xf0006619
10000040:	6e19f834 	.word	0x6e19f834
10000044:	66192101 	.word	0x66192101
10000048:	66182000 	.word	0x66182000
1000004c:	f000661a 	.word	0xf000661a
10000050:	6e19f82c 	.word	0x6e19f82c
10000054:	6e196e19 	.word	0x6e196e19
10000058:	f0002005 	.word	0xf0002005
1000005c:	2101f82f 	.word	0x2101f82f
10000060:	d1f94208 	.word	0xd1f94208
10000064:	60992100 	.word	0x60992100
10000068:	6019491b 	.word	0x6019491b
1000006c:	60592100 	.word	0x60592100
10000070:	481b491a 	.word	0x481b491a
10000074:	21016001 	.word	0x21016001
10000078:	21eb6099 	.word	0x21eb6099
1000007c:	21a06619 	.word	0x21a06619
10000080:	f0006619 	.word	0xf0006619
10000084:	2100f812 	.word	0x2100f812
10000088:	49166099 	.word	0x49166099
1000008c:	60014814 	.word	0x60014814
10000090:	60992101 	.word	0x60992101
10000094:	2800bc01 	.word	0x2800bc01
10000098:	4700d000 	.word	0x4700d000
1000009c:	49134812 	.word	0x49134812
100000a0:	c8036008 	.word	0xc8036008
100000a4:	8808f380 	.word	0x8808f380
100000a8:	b5034708 	.word	0xb5034708
100000ac:	20046a99 	.word	0x20046a99
100000b0:	d0fb4201 	.word	0xd0fb4201
100000b4:	42012001 	.word	0x42012001
100000b8:	bd03d1f8 	.word	0xbd03d1f8
100000bc:	6618b502 	.word	0x6618b502
100000c0:	f7ff6618 	.word	0xf7ff6618
100000c4:	6e18fff2 	.word	0x6e18fff2
100000c8:	bd026e18 	.word	0xbd026e18
100000cc:	40020000 	.word	0x40020000
100000d0:	18000000 	.word	0x18000000
100000d4:	00070000 	.word	0x00070000
100000d8:	005f0300 	.word	0x005f0300
100000dc:	00002221 	.word	0x00002221
100000e0:	180000f4 	.word	0x180000f4
100000e4:	a0002022 	.word	0xa0002022
100000e8:	10000100 	.word	0x10000100
100000ec:	e000ed08 	.word	0xe000ed08
	...
100000fc:	7a4eb274 	.word	0x7a4eb274

Disassembly of section .text:

10000100 <__VECTOR_TABLE>:
10000100:	20042000 	.word	0x20042000
10000104:	100001f7 	.word	0x100001f7
10000108:	100001cb 	.word	0x100001cb
1000010c:	100001cd 	.word	0x100001cd
10000110:	100001c9 	.word	0x100001c9
10000114:	100001c9 	.word	0x100001c9
10000118:	100001c9 	.word	0x100001c9
1000011c:	100001c9 	.word	0x100001c9
10000120:	100001c9 	.word	0x100001c9
10000124:	100001c9 	.word	0x100001c9
10000128:	100001c9 	.word	0x100001c9
1000012c:	100001cf 	.word	0x100001cf
10000130:	100001c9 	.word	0x100001c9
10000134:	100001c9 	.word	0x100001c9
10000138:	100001d1 	.word	0x100001d1
1000013c:	100001d3 	.word	0x100001d3
10000140:	100001c1 	.word	0x100001c1
10000144:	100001c1 	.word	0x100001c1
10000148:	100001c1 	.word	0x100001c1
1000014c:	100001c1 	.word	0x100001c1
10000150:	100001c1 	.word	0x100001c1
10000154:	100001c1 	.word	0x100001c1
10000158:	100001c1 	.word	0x100001c1
1000015c:	100001c1 	.word	0x100001c1
10000160:	100001c1 	.word	0x100001c1
10000164:	100001c1 	.word	0x100001c1
10000168:	100001c1 	.word	0x100001c1
1000016c:	100001c1 	.word	0x100001c1
10000170:	100001c1 	.word	0x100001c1
10000174:	100001c1 	.word	0x100001c1
10000178:	100001c1 	.word	0x100001c1
1000017c:	100001c1 	.word	0x100001c1
10000180:	100001c1 	.word	0x100001c1
10000184:	100001c1 	.word	0x100001c1
10000188:	100001c1 	.word	0x100001c1
1000018c:	100001c1 	.word	0x100001c1
10000190:	100001c1 	.word	0x100001c1
10000194:	100001c1 	.word	0x100001c1
10000198:	100001c1 	.word	0x100001c1
1000019c:	100001c1 	.word	0x100001c1
100001a0:	100001c1 	.word	0x100001c1
100001a4:	100001c1 	.word	0x100001c1
100001a8:	100001c1 	.word	0x100001c1
100001ac:	100001c1 	.word	0x100001c1
100001b0:	100001c1 	.word	0x100001c1
100001b4:	100001c1 	.word	0x100001c1
100001b8:	100001c1 	.word	0x100001c1
100001bc:	100001c1 	.word	0x100001c1

100001c0 <__unhandled_user_irq>:
100001c0:	f3ef 8005 	mrs	r0, IPSR
100001c4:	3810      	subs	r0, #16

100001c6 <unhandled_user_irq_num_in_r0>:
100001c6:	be00      	bkpt	0x0000

100001c8 <isr_invalid>:
100001c8:	be00      	bkpt	0x0000

100001ca <isr_nmi>:
100001ca:	be00      	bkpt	0x0000

100001cc <isr_hardfault>:
100001cc:	be00      	bkpt	0x0000

100001ce <isr_svcall>:
100001ce:	be00      	bkpt	0x0000

100001d0 <isr_pendsv>:
100001d0:	be00      	bkpt	0x0000

100001d2 <isr_systick>:
100001d2:	be00      	bkpt	0x0000

100001d4 <__default_isrs_end>:
100001d4:	7188ebf2 	.word	0x7188ebf2
100001d8:	100430b8 	.word	0x100430b8
100001dc:	100430e4 	.word	0x100430e4
100001e0:	10000238 	.word	0x10000238
100001e4:	e71aa390 	.word	0xe71aa390

100001e8 <_entry_point>:
100001e8:	2000      	movs	r0, #0

100001ea <_enter_vtable_in_r0>:
100001ea:	491e      	ldr	r1, [pc, #120]	@ (10000264 <data_cpy_table+0x2c>)
100001ec:	6008      	str	r0, [r1, #0]
100001ee:	c806      	ldmia	r0!, {r1, r2}
100001f0:	f381 8808 	msr	MSP, r1
100001f4:	4710      	bx	r2

100001f6 <_reset_handler>:
100001f6:	481c      	ldr	r0, [pc, #112]	@ (10000268 <data_cpy_table+0x30>)
100001f8:	6800      	ldr	r0, [r0, #0]
100001fa:	2800      	cmp	r0, #0
100001fc:	d001      	beq.n	10000202 <hold_non_core0_in_bootrom+0x4>

100001fe <hold_non_core0_in_bootrom>:
100001fe:	2000      	movs	r0, #0
10000200:	e7f3      	b.n	100001ea <_enter_vtable_in_r0>
10000202:	a40d      	add	r4, pc, #52	@ (adr r4, 10000238 <data_cpy_table>)
10000204:	cc0e      	ldmia	r4!, {r1, r2, r3}
10000206:	2900      	cmp	r1, #0
10000208:	d002      	beq.n	10000210 <hold_non_core0_in_bootrom+0x12>
1000020a:	f000 f812 	bl	10000232 <data_cpy>
1000020e:	e7f9      	b.n	10000204 <hold_non_core0_in_bootrom+0x6>
10000210:	4916      	ldr	r1, [pc, #88]	@ (1000026c <data_cpy_table+0x34>)
10000212:	4a17      	ldr	r2, [pc, #92]	@ (10000270 <data_cpy_table+0x38>)
10000214:	2000      	movs	r0, #0
10000216:	e000      	b.n	1000021a <bss_fill_test>

10000218 <bss_fill_loop>:
10000218:	c101      	stmia	r1!, {r0}

1000021a <bss_fill_test>:
1000021a:	4291      	cmp	r1, r2
1000021c:	d1fc      	bne.n	10000218 <bss_fill_loop>

1000021e <platform_entry>:
1000021e:	4915      	ldr	r1, [pc, #84]	@ (10000274 <data_cpy_table+0x3c>)
10000220:	4788      	blx	r1
10000222:	4915      	ldr	r1, [pc, #84]	@ (10000278 <data_cpy_table+0x40>)
10000224:	4788      	blx	r1
10000226:	4915      	ldr	r1, [pc, #84]	@ (1000027c <data_cpy_table+0x44>)
10000228:	4788      	blx	r1
1000022a:	be00      	bkpt	0x0000
1000022c:	e7fd      	b.n	1000022a <platform_entry+0xc>

1000022e <data_cpy_loop>:
1000022e:	c901      	ldmia	r1!, {r0}
10000230:	c201      	stmia	r2!, {r0}

10000232 <data_cpy>:
10000232:	429a      	cmp	r2, r3
10000234:	d3fb      	bcc.n	1000022e <data_cpy_loop>

10000236 <data_cpy_done>:
10000236:	4770      	bx	lr

10000238 <data_cpy_table>:
10000238:	100430e4 	.word	0x100430e4
1000023c:	200000c0 	.word	0x200000c0
10000240:	20000da0 	.word	0x20000da0
10000244:	10043dc4 	.word	0x10043dc4
10000248:	20040000 	.word	0x20040000
1000024c:	20040000 	.word	0x20040000
10000250:	10043dc4 	.word	0x10043dc4
10000254:	20041000 	.word	0x20041000
10000258:	20041000 	.word	0x20041000
1000025c:	00000000 	.word	0x00000000
10000260:	4770      	bx	lr
10000262:	0000      	.short	0x0000
10000264:	e000ed08 	.word	0xe000ed08
10000268:	d0000000 	.word	0xd0000000
1000026c:	20000da0 	.word	0x20000da0
10000270:	20022164 	.word	0x20022164
10000274:	10003dfd 	.word	0x10003dfd
10000278:	100002e5 	.word	0x100002e5
1000027c:	10003df5 	.word	0x10003df5

10000280 <side_thread>:
10000280:	b570      	push	{r4, r5, r6, lr}
10000282:	0006      	movs	r6, r0
10000284:	0004      	movs	r4, r0
10000286:	4d08      	ldr	r5, [pc, #32]	@ (100002a8 <side_thread+0x28>)
10000288:	3608      	adds	r6, #8
1000028a:	2064      	movs	r0, #100	@ 0x64
1000028c:	f005 feb8 	bl	10006000 <vTaskDelay>
10000290:	2201      	movs	r2, #1
10000292:	6821      	ldr	r1, [r4, #0]
10000294:	0030      	movs	r0, r6
10000296:	4252      	negs	r2, r2
10000298:	f000 f85e 	bl	10000358 <safe_increment>
1000029c:	6862      	ldr	r2, [r4, #4]
1000029e:	0001      	movs	r1, r0
100002a0:	0028      	movs	r0, r5
100002a2:	f000 f871 	bl	10000388 <safe_hello>
100002a6:	e7f0      	b.n	1000028a <side_thread+0xa>
100002a8:	1000b320 	.word	0x1000b320

100002ac <main_thread>:
100002ac:	b5f8      	push	{r3, r4, r5, r6, r7, lr}
100002ae:	0007      	movs	r7, r0
100002b0:	0005      	movs	r5, r0
100002b2:	2400      	movs	r4, #0
100002b4:	4e0a      	ldr	r6, [pc, #40]	@ (100002e0 <main_thread+0x34>)
100002b6:	3708      	adds	r7, #8
100002b8:	0020      	movs	r0, r4
100002ba:	f000 f87d 	bl	100003b8 <update_led>
100002be:	0004      	movs	r4, r0
100002c0:	2064      	movs	r0, #100	@ 0x64
100002c2:	f005 fe9d 	bl	10006000 <vTaskDelay>
100002c6:	2201      	movs	r2, #1
100002c8:	6829      	ldr	r1, [r5, #0]
100002ca:	0038      	movs	r0, r7
100002cc:	4252      	negs	r2, r2
100002ce:	f000 f843 	bl	10000358 <safe_increment>
100002d2:	686a      	ldr	r2, [r5, #4]
100002d4:	0001      	movs	r1, r0
100002d6:	0030      	movs	r0, r6
100002d8:	f000 f856 	bl	10000388 <safe_hello>
100002dc:	e7ec      	b.n	100002b8 <main_thread+0xc>
100002de:	46c0      	nop			@ (mov r8, r8)
100002e0:	1000b328 	.word	0x1000b328

100002e4 <main>:
100002e4:	b530      	push	{r4, r5, lr}
100002e6:	b085      	sub	sp, #20
100002e8:	f003 feac 	bl	10004044 <stdio_init_all>
100002ec:	f006 fc92 	bl	10006c14 <cyw43_arch_init>
100002f0:	1e05      	subs	r5, r0, #0
100002f2:	d125      	bne.n	10000340 <main+0x5c>
100002f4:	2101      	movs	r1, #1
100002f6:	2001      	movs	r0, #1
100002f8:	f004 ff7c 	bl	100051f4 <xQueueCreateCountingSemaphore>
100002fc:	4c11      	ldr	r4, [pc, #68]	@ (10000344 <main+0x60>)
100002fe:	2101      	movs	r1, #1
10000300:	6020      	str	r0, [r4, #0]
10000302:	2001      	movs	r0, #1
10000304:	f004 ff76 	bl	100051f4 <xQueueCreateCountingSemaphore>
10000308:	60a5      	str	r5, [r4, #8]
1000030a:	2280      	movs	r2, #128	@ 0x80
1000030c:	2501      	movs	r5, #1
1000030e:	ab02      	add	r3, sp, #8
10000310:	6060      	str	r0, [r4, #4]
10000312:	490d      	ldr	r1, [pc, #52]	@ (10000348 <main+0x64>)
10000314:	9301      	str	r3, [sp, #4]
10000316:	9500      	str	r5, [sp, #0]
10000318:	0023      	movs	r3, r4
1000031a:	0092      	lsls	r2, r2, #2
1000031c:	480b      	ldr	r0, [pc, #44]	@ (1000034c <main+0x68>)
1000031e:	f005 fca1 	bl	10005c64 <xTaskCreate>
10000322:	2280      	movs	r2, #128	@ 0x80
10000324:	ab03      	add	r3, sp, #12
10000326:	490a      	ldr	r1, [pc, #40]	@ (10000350 <main+0x6c>)
10000328:	9301      	str	r3, [sp, #4]
1000032a:	0092      	lsls	r2, r2, #2
1000032c:	0023      	movs	r3, r4
1000032e:	9500      	str	r5, [sp, #0]
10000330:	4808      	ldr	r0, [pc, #32]	@ (10000354 <main+0x70>)
10000332:	f005 fc97 	bl	10005c64 <xTaskCreate>
10000336:	f005 fd31 	bl	10005d9c <vTaskStartScheduler>
1000033a:	2000      	movs	r0, #0
1000033c:	b005      	add	sp, #20
1000033e:	bd30      	pop	{r4, r5, pc}
10000340:	f001 fbf0 	bl	10001b24 <hard_assertion_failure>
10000344:	20001c90 	.word	0x20001c90
10000348:	1000b330 	.word	0x1000b330
1000034c:	100002ad 	.word	0x100002ad
10000350:	1000b33c 	.word	0x1000b33c
10000354:	10000281 	.word	0x10000281

10000358 <safe_increment>:
10000358:	b570      	push	{r4, r5, r6, lr}
1000035a:	000d      	movs	r5, r1
1000035c:	0006      	movs	r6, r0
1000035e:	0011      	movs	r1, r2
10000360:	0028      	movs	r0, r5
10000362:	f005 f997 	bl	10005694 <xQueueSemaphoreTake>
10000366:	2801      	cmp	r0, #1
10000368:	d10a      	bne.n	10000380 <safe_increment+0x28>
1000036a:	6834      	ldr	r4, [r6, #0]
1000036c:	2300      	movs	r3, #0
1000036e:	3401      	adds	r4, #1
10000370:	2200      	movs	r2, #0
10000372:	2100      	movs	r1, #0
10000374:	0028      	movs	r0, r5
10000376:	6034      	str	r4, [r6, #0]
10000378:	f004 ff70 	bl	1000525c <xQueueGenericSend>
1000037c:	0020      	movs	r0, r4
1000037e:	bd70      	pop	{r4, r5, r6, pc}
10000380:	2401      	movs	r4, #1
10000382:	4264      	negs	r4, r4
10000384:	e7fa      	b.n	1000037c <safe_increment+0x24>
10000386:	46c0      	nop			@ (mov r8, r8)

10000388 <safe_hello>:
10000388:	b570      	push	{r4, r5, r6, lr}
1000038a:	000d      	movs	r5, r1
1000038c:	2101      	movs	r1, #1
1000038e:	0006      	movs	r6, r0
10000390:	0014      	movs	r4, r2
10000392:	0010      	movs	r0, r2
10000394:	4249      	negs	r1, r1
10000396:	f005 f97d 	bl	10005694 <xQueueSemaphoreTake>
1000039a:	002a      	movs	r2, r5
1000039c:	0031      	movs	r1, r6
1000039e:	4805      	ldr	r0, [pc, #20]	@ (100003b4 <safe_hello+0x2c>)
100003a0:	f003 ff22 	bl	100041e8 <__wrap_printf>
100003a4:	2300      	movs	r3, #0
100003a6:	2200      	movs	r2, #0
100003a8:	2100      	movs	r1, #0
100003aa:	0020      	movs	r0, r4
100003ac:	f004 ff56 	bl	1000525c <xQueueGenericSend>
100003b0:	bd70      	pop	{r4, r5, r6, pc}
100003b2:	46c0      	nop			@ (mov r8, r8)
100003b4:	1000b348 	.word	0x1000b348

100003b8 <update_led>:
100003b8:	0001      	movs	r1, r0
100003ba:	1e4b      	subs	r3, r1, #1
100003bc:	4199      	sbcs	r1, r3
100003be:	b510      	push	{r4, lr}
100003c0:	0004      	movs	r4, r0
100003c2:	b082      	sub	sp, #8
100003c4:	2000      	movs	r0, #0
100003c6:	b2c9      	uxtb	r1, r1
100003c8:	f006 fc14 	bl	10006bf4 <cyw43_arch_gpio_put>
100003cc:	4260      	negs	r0, r4
100003ce:	4160      	adcs	r0, r4
100003d0:	b002      	add	sp, #8
100003d2:	bd10      	pop	{r4, pc}

100003d4 <gpio_set_function>:
100003d4:	b510      	push	{r4, lr}
100003d6:	2440      	movs	r4, #64	@ 0x40
100003d8:	4a07      	ldr	r2, [pc, #28]	@ (100003f8 <gpio_set_function+0x24>)
100003da:	0083      	lsls	r3, r0, #2
100003dc:	189a      	adds	r2, r3, r2
100003de:	6812      	ldr	r2, [r2, #0]
100003e0:	00c0      	lsls	r0, r0, #3
100003e2:	4054      	eors	r4, r2
100003e4:	22c0      	movs	r2, #192	@ 0xc0
100003e6:	4022      	ands	r2, r4
100003e8:	4c04      	ldr	r4, [pc, #16]	@ (100003fc <gpio_set_function+0x28>)
100003ea:	191b      	adds	r3, r3, r4
100003ec:	601a      	str	r2, [r3, #0]
100003ee:	4b04      	ldr	r3, [pc, #16]	@ (10000400 <gpio_set_function+0x2c>)
100003f0:	18c0      	adds	r0, r0, r3
100003f2:	6041      	str	r1, [r0, #4]
100003f4:	bd10      	pop	{r4, pc}
100003f6:	46c0      	nop			@ (mov r8, r8)
100003f8:	4001c004 	.word	0x4001c004
100003fc:	4001d004 	.word	0x4001d004
10000400:	40014000 	.word	0x40014000

10000404 <gpio_set_pulls>:
10000404:	4b06      	ldr	r3, [pc, #24]	@ (10000420 <gpio_set_pulls+0x1c>)
10000406:	0080      	lsls	r0, r0, #2
10000408:	18c3      	adds	r3, r0, r3
1000040a:	681b      	ldr	r3, [r3, #0]
1000040c:	00c9      	lsls	r1, r1, #3
1000040e:	0092      	lsls	r2, r2, #2
10000410:	430a      	orrs	r2, r1
10000412:	405a      	eors	r2, r3
10000414:	230c      	movs	r3, #12
10000416:	4013      	ands	r3, r2
10000418:	4a02      	ldr	r2, [pc, #8]	@ (10000424 <gpio_set_pulls+0x20>)
1000041a:	1880      	adds	r0, r0, r2
1000041c:	6003      	str	r3, [r0, #0]
1000041e:	4770      	bx	lr
10000420:	4001c004 	.word	0x4001c004
10000424:	4001d004 	.word	0x4001d004

10000428 <gpio_set_input_hysteresis_enabled>:
10000428:	0080      	lsls	r0, r0, #2
1000042a:	2900      	cmp	r1, #0
1000042c:	d004      	beq.n	10000438 <gpio_set_input_hysteresis_enabled+0x10>
1000042e:	4b05      	ldr	r3, [pc, #20]	@ (10000444 <gpio_set_input_hysteresis_enabled+0x1c>)
10000430:	18c0      	adds	r0, r0, r3
10000432:	2302      	movs	r3, #2
10000434:	6003      	str	r3, [r0, #0]
10000436:	4770      	bx	lr
10000438:	4b03      	ldr	r3, [pc, #12]	@ (10000448 <gpio_set_input_hysteresis_enabled+0x20>)
1000043a:	18c0      	adds	r0, r0, r3
1000043c:	2302      	movs	r3, #2
1000043e:	6003      	str	r3, [r0, #0]
10000440:	e7f9      	b.n	10000436 <gpio_set_input_hysteresis_enabled+0xe>
10000442:	46c0      	nop			@ (mov r8, r8)
10000444:	4001e004 	.word	0x4001e004
10000448:	4001f004 	.word	0x4001f004

1000044c <gpio_set_irq_enabled>:
1000044c:	23d0      	movs	r3, #208	@ 0xd0
1000044e:	b530      	push	{r4, r5, lr}
10000450:	2407      	movs	r4, #7
10000452:	061b      	lsls	r3, r3, #24
10000454:	0015      	movs	r5, r2
10000456:	681a      	ldr	r2, [r3, #0]
10000458:	0053      	lsls	r3, r2, #1
1000045a:	189a      	adds	r2, r3, r2
1000045c:	08c3      	lsrs	r3, r0, #3
1000045e:	4020      	ands	r0, r4
10000460:	0080      	lsls	r0, r0, #2
10000462:	4081      	lsls	r1, r0
10000464:	0018      	movs	r0, r3
10000466:	4c08      	ldr	r4, [pc, #32]	@ (10000488 <gpio_set_irq_enabled+0x3c>)
10000468:	303c      	adds	r0, #60	@ 0x3c
1000046a:	0112      	lsls	r2, r2, #4
1000046c:	0080      	lsls	r0, r0, #2
1000046e:	009b      	lsls	r3, r3, #2
10000470:	5101      	str	r1, [r0, r4]
10000472:	189b      	adds	r3, r3, r2
10000474:	2d00      	cmp	r5, #0
10000476:	d003      	beq.n	10000480 <gpio_set_irq_enabled+0x34>
10000478:	4a04      	ldr	r2, [pc, #16]	@ (1000048c <gpio_set_irq_enabled+0x40>)
1000047a:	189b      	adds	r3, r3, r2
1000047c:	6019      	str	r1, [r3, #0]
1000047e:	bd30      	pop	{r4, r5, pc}
10000480:	4a03      	ldr	r2, [pc, #12]	@ (10000490 <gpio_set_irq_enabled+0x44>)
10000482:	189b      	adds	r3, r3, r2
10000484:	6019      	str	r1, [r3, #0]
10000486:	e7fa      	b.n	1000047e <gpio_set_irq_enabled+0x32>
10000488:	40014000 	.word	0x40014000
1000048c:	40016100 	.word	0x40016100
10000490:	40017100 	.word	0x40017100

10000494 <gpio_add_raw_irq_handler_with_order_priority_masked>:
10000494:	23d0      	movs	r3, #208	@ 0xd0
10000496:	b510      	push	{r4, lr}
10000498:	0004      	movs	r4, r0
1000049a:	061b      	lsls	r3, r3, #24
1000049c:	681b      	ldr	r3, [r3, #0]
1000049e:	4807      	ldr	r0, [pc, #28]	@ (100004bc <gpio_add_raw_irq_handler_with_order_priority_masked+0x28>)
100004a0:	009b      	lsls	r3, r3, #2
100004a2:	4684      	mov	ip, r0
100004a4:	5818      	ldr	r0, [r3, r0]
100004a6:	4204      	tst	r4, r0
100004a8:	d106      	bne.n	100004b8 <gpio_add_raw_irq_handler_with_order_priority_masked+0x24>
100004aa:	4320      	orrs	r0, r4
100004ac:	4664      	mov	r4, ip
100004ae:	5118      	str	r0, [r3, r4]
100004b0:	200d      	movs	r0, #13
100004b2:	f000 f975 	bl	100007a0 <irq_add_shared_handler>
100004b6:	bd10      	pop	{r4, pc}
100004b8:	f001 fb34 	bl	10001b24 <hard_assertion_failure>
100004bc:	20001f4c 	.word	0x20001f4c

100004c0 <gpio_remove_raw_irq_handler_masked>:
100004c0:	b510      	push	{r4, lr}
100004c2:	0004      	movs	r4, r0
100004c4:	200d      	movs	r0, #13
100004c6:	f000 fa47 	bl	10000958 <irq_remove_handler>
100004ca:	23d0      	movs	r3, #208	@ 0xd0
100004cc:	061b      	lsls	r3, r3, #24
100004ce:	681b      	ldr	r3, [r3, #0]
100004d0:	4902      	ldr	r1, [pc, #8]	@ (100004dc <gpio_remove_raw_irq_handler_masked+0x1c>)
100004d2:	009b      	lsls	r3, r3, #2
100004d4:	585a      	ldr	r2, [r3, r1]
100004d6:	43a2      	bics	r2, r4
100004d8:	505a      	str	r2, [r3, r1]
100004da:	bd10      	pop	{r4, pc}
100004dc:	20001f4c 	.word	0x20001f4c

100004e0 <gpio_init>:
100004e0:	2301      	movs	r3, #1
100004e2:	22d0      	movs	r2, #208	@ 0xd0
100004e4:	4083      	lsls	r3, r0
100004e6:	0612      	lsls	r2, r2, #24
100004e8:	6293      	str	r3, [r2, #40]	@ 0x28
100004ea:	6193      	str	r3, [r2, #24]
100004ec:	4a08      	ldr	r2, [pc, #32]	@ (10000510 <gpio_init+0x30>)
100004ee:	0083      	lsls	r3, r0, #2
100004f0:	189a      	adds	r2, r3, r2
100004f2:	6811      	ldr	r1, [r2, #0]
100004f4:	2240      	movs	r2, #64	@ 0x40
100004f6:	4051      	eors	r1, r2
100004f8:	3280      	adds	r2, #128	@ 0x80
100004fa:	400a      	ands	r2, r1
100004fc:	4905      	ldr	r1, [pc, #20]	@ (10000514 <gpio_init+0x34>)
100004fe:	00c0      	lsls	r0, r0, #3
10000500:	185b      	adds	r3, r3, r1
10000502:	601a      	str	r2, [r3, #0]
10000504:	4b04      	ldr	r3, [pc, #16]	@ (10000518 <gpio_init+0x38>)
10000506:	18c0      	adds	r0, r0, r3
10000508:	2305      	movs	r3, #5
1000050a:	6043      	str	r3, [r0, #4]
1000050c:	4770      	bx	lr
1000050e:	46c0      	nop			@ (mov r8, r8)
10000510:	4001c004 	.word	0x4001c004
10000514:	4001d004 	.word	0x4001d004
10000518:	40014000 	.word	0x40014000

1000051c <panic>:
1000051c:	b40f      	push	{r0, r1, r2, r3}
1000051e:	b500      	push	{lr}
10000520:	4808      	ldr	r0, [pc, #32]	@ (10000544 <panic+0x28>)
10000522:	b083      	sub	sp, #12
10000524:	f003 fdde 	bl	100040e4 <__wrap_puts>
10000528:	9b04      	ldr	r3, [sp, #16]
1000052a:	2b00      	cmp	r3, #0
1000052c:	d007      	beq.n	1000053e <panic+0x22>
1000052e:	a905      	add	r1, sp, #20
10000530:	0018      	movs	r0, r3
10000532:	9101      	str	r1, [sp, #4]
10000534:	f003 fc24 	bl	10003d80 <weak_raw_vprintf>
10000538:	4803      	ldr	r0, [pc, #12]	@ (10000548 <panic+0x2c>)
1000053a:	f003 fdd3 	bl	100040e4 <__wrap_puts>
1000053e:	2001      	movs	r0, #1
10000540:	f003 fc36 	bl	10003db0 <_exit>
10000544:	1000b368 	.word	0x1000b368
10000548:	1000b538 	.word	0x1000b538

1000054c <panic_unsupported>:
1000054c:	b510      	push	{r4, lr}
1000054e:	4801      	ldr	r0, [pc, #4]	@ (10000554 <panic_unsupported+0x8>)
10000550:	f7ff ffe4 	bl	1000051c <panic>
10000554:	1000b378 	.word	0x1000b378

10000558 <hw_claim_lock>:
10000558:	f3ef 8010 	mrs	r0, PRIMASK
1000055c:	b672      	cpsid	i
1000055e:	4a03      	ldr	r2, [pc, #12]	@ (1000056c <hw_claim_lock+0x14>)
10000560:	6813      	ldr	r3, [r2, #0]
10000562:	2b00      	cmp	r3, #0
10000564:	d0fc      	beq.n	10000560 <hw_claim_lock+0x8>
10000566:	f3bf 8f5f 	dmb	sy
1000056a:	4770      	bx	lr
1000056c:	d000012c 	.word	0xd000012c

10000570 <hw_claim_unlock>:
10000570:	f3bf 8f5f 	dmb	sy
10000574:	2200      	movs	r2, #0
10000576:	4b02      	ldr	r3, [pc, #8]	@ (10000580 <hw_claim_unlock+0x10>)
10000578:	601a      	str	r2, [r3, #0]
1000057a:	f380 8810 	msr	PRIMASK, r0
1000057e:	4770      	bx	lr
10000580:	d000012c 	.word	0xd000012c

10000584 <hw_claim_or_assert>:
10000584:	b570      	push	{r4, r5, r6, lr}
10000586:	468c      	mov	ip, r1
10000588:	0016      	movs	r6, r2
1000058a:	f3ef 8410 	mrs	r4, PRIMASK
1000058e:	b672      	cpsid	i
10000590:	490f      	ldr	r1, [pc, #60]	@ (100005d0 <hw_claim_or_assert+0x4c>)
10000592:	680b      	ldr	r3, [r1, #0]
10000594:	2b00      	cmp	r3, #0
10000596:	d0fc      	beq.n	10000592 <hw_claim_or_assert+0xe>
10000598:	f3bf 8f5f 	dmb	sy
1000059c:	4663      	mov	r3, ip
1000059e:	08db      	lsrs	r3, r3, #3
100005a0:	18c5      	adds	r5, r0, r3
100005a2:	2207      	movs	r2, #7
100005a4:	5cc0      	ldrb	r0, [r0, r3]
100005a6:	4663      	mov	r3, ip
100005a8:	401a      	ands	r2, r3
100005aa:	2301      	movs	r3, #1
100005ac:	4093      	lsls	r3, r2
100005ae:	001a      	movs	r2, r3
100005b0:	4002      	ands	r2, r0
100005b2:	4203      	tst	r3, r0
100005b4:	d107      	bne.n	100005c6 <hw_claim_or_assert+0x42>
100005b6:	4318      	orrs	r0, r3
100005b8:	7028      	strb	r0, [r5, #0]
100005ba:	f3bf 8f5f 	dmb	sy
100005be:	600a      	str	r2, [r1, #0]
100005c0:	f384 8810 	msr	PRIMASK, r4
100005c4:	bd70      	pop	{r4, r5, r6, pc}
100005c6:	4661      	mov	r1, ip
100005c8:	0030      	movs	r0, r6
100005ca:	f7ff ffa7 	bl	1000051c <panic>
100005ce:	46c0      	nop			@ (mov r8, r8)
100005d0:	d000012c 	.word	0xd000012c

100005d4 <hw_claim_unused_from_range>:
100005d4:	b5f8      	push	{r3, r4, r5, r6, r7, lr}
100005d6:	46ce      	mov	lr, r9
100005d8:	4647      	mov	r7, r8
100005da:	468c      	mov	ip, r1
100005dc:	b580      	push	{r7, lr}
100005de:	001c      	movs	r4, r3
100005e0:	f3ef 8810 	mrs	r8, PRIMASK
100005e4:	b672      	cpsid	i
100005e6:	491c      	ldr	r1, [pc, #112]	@ (10000658 <hw_claim_unused_from_range+0x84>)
100005e8:	680b      	ldr	r3, [r1, #0]
100005ea:	2b00      	cmp	r3, #0
100005ec:	d0fc      	beq.n	100005e8 <hw_claim_unused_from_range+0x14>
100005ee:	f3bf 8f5f 	dmb	sy
100005f2:	42a2      	cmp	r2, r4
100005f4:	d821      	bhi.n	1000063a <hw_claim_unused_from_range+0x66>
100005f6:	2307      	movs	r3, #7
100005f8:	4699      	mov	r9, r3
100005fa:	e002      	b.n	10000602 <hw_claim_unused_from_range+0x2e>
100005fc:	3201      	adds	r2, #1
100005fe:	4294      	cmp	r4, r2
10000600:	d318      	bcc.n	10000634 <hw_claim_unused_from_range+0x60>
10000602:	4649      	mov	r1, r9
10000604:	2601      	movs	r6, #1
10000606:	4011      	ands	r1, r2
10000608:	408e      	lsls	r6, r1
1000060a:	08d3      	lsrs	r3, r2, #3
1000060c:	18c7      	adds	r7, r0, r3
1000060e:	5cc3      	ldrb	r3, [r0, r3]
10000610:	421e      	tst	r6, r3
10000612:	d1f3      	bne.n	100005fc <hw_claim_unused_from_range+0x28>
10000614:	0010      	movs	r0, r2
10000616:	4333      	orrs	r3, r6
10000618:	703b      	strb	r3, [r7, #0]
1000061a:	f3bf 8f5f 	dmb	sy
1000061e:	2200      	movs	r2, #0
10000620:	4b0d      	ldr	r3, [pc, #52]	@ (10000658 <hw_claim_unused_from_range+0x84>)
10000622:	601a      	str	r2, [r3, #0]
10000624:	f388 8810 	msr	PRIMASK, r8
10000628:	2800      	cmp	r0, #0
1000062a:	db0e      	blt.n	1000064a <hw_claim_unused_from_range+0x76>
1000062c:	bcc0      	pop	{r6, r7}
1000062e:	46b9      	mov	r9, r7
10000630:	46b0      	mov	r8, r6
10000632:	bdf8      	pop	{r3, r4, r5, r6, r7, pc}
10000634:	2001      	movs	r0, #1
10000636:	4240      	negs	r0, r0
10000638:	e7ef      	b.n	1000061a <hw_claim_unused_from_range+0x46>
1000063a:	f3bf 8f5f 	dmb	sy
1000063e:	2300      	movs	r3, #0
10000640:	600b      	str	r3, [r1, #0]
10000642:	f388 8810 	msr	PRIMASK, r8
10000646:	2001      	movs	r0, #1
10000648:	4240      	negs	r0, r0
1000064a:	4663      	mov	r3, ip
1000064c:	2b00      	cmp	r3, #0
1000064e:	d0ed      	beq.n	1000062c <hw_claim_unused_from_range+0x58>
10000650:	9808      	ldr	r0, [sp, #32]
10000652:	f7ff ff63 	bl	1000051c <panic>
10000656:	46c0      	nop			@ (mov r8, r8)
10000658:	d000012c 	.word	0xd000012c

1000065c <hw_claim_clear>:
1000065c:	b510      	push	{r4, lr}
1000065e:	4684      	mov	ip, r0
10000660:	000a      	movs	r2, r1
10000662:	f3ef 8410 	mrs	r4, PRIMASK
10000666:	b672      	cpsid	i
10000668:	490b      	ldr	r1, [pc, #44]	@ (10000698 <hw_claim_clear+0x3c>)
1000066a:	680b      	ldr	r3, [r1, #0]
1000066c:	2b00      	cmp	r3, #0
1000066e:	d0fc      	beq.n	1000066a <hw_claim_clear+0xe>
10000670:	f3bf 8f5f 	dmb	sy
10000674:	2307      	movs	r3, #7
10000676:	08d0      	lsrs	r0, r2, #3
10000678:	4013      	ands	r3, r2
1000067a:	2201      	movs	r2, #1
1000067c:	409a      	lsls	r2, r3
1000067e:	4663      	mov	r3, ip
10000680:	5c1b      	ldrb	r3, [r3, r0]
10000682:	4393      	bics	r3, r2
10000684:	4662      	mov	r2, ip
10000686:	5413      	strb	r3, [r2, r0]
10000688:	f3bf 8f5f 	dmb	sy
1000068c:	2300      	movs	r3, #0
1000068e:	600b      	str	r3, [r1, #0]
10000690:	f384 8810 	msr	PRIMASK, r4
10000694:	bd10      	pop	{r4, pc}
10000696:	46c0      	nop			@ (mov r8, r8)
10000698:	d000012c 	.word	0xd000012c

1000069c <next_striped_spin_lock_num>:
1000069c:	4a04      	ldr	r2, [pc, #16]	@ (100006b0 <next_striped_spin_lock_num+0x14>)
1000069e:	7810      	ldrb	r0, [r2, #0]
100006a0:	1c43      	adds	r3, r0, #1
100006a2:	b2db      	uxtb	r3, r3
100006a4:	2b17      	cmp	r3, #23
100006a6:	d900      	bls.n	100006aa <next_striped_spin_lock_num+0xe>
100006a8:	2310      	movs	r3, #16
100006aa:	7013      	strb	r3, [r2, #0]
100006ac:	4770      	bx	lr
100006ae:	46c0      	nop			@ (mov r8, r8)
100006b0:	20000698 	.word	0x20000698

100006b4 <spin_locks_reset>:
100006b4:	2100      	movs	r1, #0
100006b6:	4b04      	ldr	r3, [pc, #16]	@ (100006c8 <spin_locks_reset+0x14>)
100006b8:	4a04      	ldr	r2, [pc, #16]	@ (100006cc <spin_locks_reset+0x18>)
100006ba:	f3bf 8f5f 	dmb	sy
100006be:	c302      	stmia	r3!, {r1}
100006c0:	4293      	cmp	r3, r2
100006c2:	d1fa      	bne.n	100006ba <spin_locks_reset+0x6>
100006c4:	4770      	bx	lr
100006c6:	46c0      	nop			@ (mov r8, r8)
100006c8:	d0000100 	.word	0xd0000100
100006cc:	d0000180 	.word	0xd0000180

100006d0 <runtime_init_per_core_irq_priorities>:
100006d0:	4b08      	ldr	r3, [pc, #32]	@ (100006f4 <runtime_init_per_core_irq_priorities+0x24>)
100006d2:	4a09      	ldr	r2, [pc, #36]	@ (100006f8 <runtime_init_per_core_irq_priorities+0x28>)
100006d4:	6013      	str	r3, [r2, #0]
100006d6:	4a09      	ldr	r2, [pc, #36]	@ (100006fc <runtime_init_per_core_irq_priorities+0x2c>)
100006d8:	6013      	str	r3, [r2, #0]
100006da:	4a09      	ldr	r2, [pc, #36]	@ (10000700 <runtime_init_per_core_irq_priorities+0x30>)
100006dc:	6013      	str	r3, [r2, #0]
100006de:	4a09      	ldr	r2, [pc, #36]	@ (10000704 <runtime_init_per_core_irq_priorities+0x34>)
100006e0:	6013      	str	r3, [r2, #0]
100006e2:	4a09      	ldr	r2, [pc, #36]	@ (10000708 <runtime_init_per_core_irq_priorities+0x38>)
100006e4:	6013      	str	r3, [r2, #0]
100006e6:	4a09      	ldr	r2, [pc, #36]	@ (1000070c <runtime_init_per_core_irq_priorities+0x3c>)
100006e8:	6013      	str	r3, [r2, #0]
100006ea:	4a09      	ldr	r2, [pc, #36]	@ (10000710 <runtime_init_per_core_irq_priorities+0x40>)
100006ec:	6013      	str	r3, [r2, #0]
100006ee:	4a09      	ldr	r2, [pc, #36]	@ (10000714 <runtime_init_per_core_irq_priorities+0x44>)
100006f0:	6013      	str	r3, [r2, #0]
100006f2:	4770      	bx	lr
100006f4:	80808080 	.word	0x80808080
100006f8:	e000e400 	.word	0xe000e400
100006fc:	e000e404 	.word	0xe000e404
10000700:	e000e408 	.word	0xe000e408
10000704:	e000e40c 	.word	0xe000e40c
10000708:	e000e410 	.word	0xe000e410
1000070c:	e000e414 	.word	0xe000e414
10000710:	e000e418 	.word	0xe000e418
10000714:	e000e41c 	.word	0xe000e41c

10000718 <irq_set_enabled>:
10000718:	231f      	movs	r3, #31
1000071a:	4018      	ands	r0, r3
1000071c:	3b1e      	subs	r3, #30
1000071e:	4083      	lsls	r3, r0
10000720:	2900      	cmp	r1, #0
10000722:	d005      	beq.n	10000730 <irq_set_enabled+0x18>
10000724:	21c0      	movs	r1, #192	@ 0xc0
10000726:	4a04      	ldr	r2, [pc, #16]	@ (10000738 <irq_set_enabled+0x20>)
10000728:	0049      	lsls	r1, r1, #1
1000072a:	5053      	str	r3, [r2, r1]
1000072c:	6013      	str	r3, [r2, #0]
1000072e:	4770      	bx	lr
10000730:	2280      	movs	r2, #128	@ 0x80
10000732:	4901      	ldr	r1, [pc, #4]	@ (10000738 <irq_set_enabled+0x20>)
10000734:	508b      	str	r3, [r1, r2]
10000736:	e7fa      	b.n	1000072e <irq_set_enabled+0x16>
10000738:	e000e100 	.word	0xe000e100

1000073c <irq_set_pending>:
1000073c:	2301      	movs	r3, #1
1000073e:	4083      	lsls	r3, r0
10000740:	4a01      	ldr	r2, [pc, #4]	@ (10000748 <irq_set_pending+0xc>)
10000742:	6013      	str	r3, [r2, #0]
10000744:	4770      	bx	lr
10000746:	46c0      	nop			@ (mov r8, r8)
10000748:	e000e200 	.word	0xe000e200

1000074c <irq_set_exclusive_handler>:
1000074c:	b510      	push	{r4, lr}
1000074e:	f3ef 8c10 	mrs	ip, PRIMASK
10000752:	b672      	cpsid	i
10000754:	4a0f      	ldr	r2, [pc, #60]	@ (10000794 <irq_set_exclusive_handler+0x48>)
10000756:	6813      	ldr	r3, [r2, #0]
10000758:	2b00      	cmp	r3, #0
1000075a:	d0fc      	beq.n	10000756 <irq_set_exclusive_handler+0xa>
1000075c:	f3bf 8f5f 	dmb	sy
10000760:	4b0d      	ldr	r3, [pc, #52]	@ (10000798 <irq_set_exclusive_handler+0x4c>)
10000762:	3010      	adds	r0, #16
10000764:	689b      	ldr	r3, [r3, #8]
10000766:	0080      	lsls	r0, r0, #2
10000768:	581b      	ldr	r3, [r3, r0]
1000076a:	4a0c      	ldr	r2, [pc, #48]	@ (1000079c <irq_set_exclusive_handler+0x50>)
1000076c:	4293      	cmp	r3, r2
1000076e:	d001      	beq.n	10000774 <irq_set_exclusive_handler+0x28>
10000770:	4299      	cmp	r1, r3
10000772:	d10c      	bne.n	1000078e <irq_set_exclusive_handler+0x42>
10000774:	4b08      	ldr	r3, [pc, #32]	@ (10000798 <irq_set_exclusive_handler+0x4c>)
10000776:	689b      	ldr	r3, [r3, #8]
10000778:	5019      	str	r1, [r3, r0]
1000077a:	f3bf 8f5f 	dmb	sy
1000077e:	f3bf 8f5f 	dmb	sy
10000782:	2200      	movs	r2, #0
10000784:	4b03      	ldr	r3, [pc, #12]	@ (10000794 <irq_set_exclusive_handler+0x48>)
10000786:	601a      	str	r2, [r3, #0]
10000788:	f38c 8810 	msr	PRIMASK, ip
1000078c:	bd10      	pop	{r4, pc}
1000078e:	f001 f9c9 	bl	10001b24 <hard_assertion_failure>
10000792:	46c0      	nop			@ (mov r8, r8)
10000794:	d0000124 	.word	0xd0000124
10000798:	e000ed00 	.word	0xe000ed00
1000079c:	100001c1 	.word	0x100001c1

100007a0 <irq_add_shared_handler>:
100007a0:	b5f0      	push	{r4, r5, r6, r7, lr}
100007a2:	46de      	mov	lr, fp
100007a4:	4657      	mov	r7, sl
100007a6:	464e      	mov	r6, r9
100007a8:	4645      	mov	r5, r8
100007aa:	b5e0      	push	{r5, r6, r7, lr}
100007ac:	468b      	mov	fp, r1
100007ae:	b085      	sub	sp, #20
100007b0:	f3ef 8810 	mrs	r8, PRIMASK
100007b4:	b672      	cpsid	i
100007b6:	0016      	movs	r6, r2
100007b8:	4a5b      	ldr	r2, [pc, #364]	@ (10000928 <irq_add_shared_handler+0x188>)
100007ba:	6813      	ldr	r3, [r2, #0]
100007bc:	2b00      	cmp	r3, #0
100007be:	d0fc      	beq.n	100007ba <irq_add_shared_handler+0x1a>
100007c0:	46b2      	mov	sl, r6
100007c2:	f3bf 8f5f 	dmb	sy
100007c6:	2500      	movs	r5, #0
100007c8:	4958      	ldr	r1, [pc, #352]	@ (1000092c <irq_add_shared_handler+0x18c>)
100007ca:	574d      	ldrsb	r5, [r1, r5]
100007cc:	2d00      	cmp	r5, #0
100007ce:	da00      	bge.n	100007d2 <irq_add_shared_handler+0x32>
100007d0:	e0a8      	b.n	10000924 <irq_add_shared_handler+0x184>
100007d2:	006b      	lsls	r3, r5, #1
100007d4:	4a56      	ldr	r2, [pc, #344]	@ (10000930 <irq_add_shared_handler+0x190>)
100007d6:	9301      	str	r3, [sp, #4]
100007d8:	195b      	adds	r3, r3, r5
100007da:	009b      	lsls	r3, r3, #2
100007dc:	18d4      	adds	r4, r2, r3
100007de:	79a7      	ldrb	r7, [r4, #6]
100007e0:	3010      	adds	r0, #16
100007e2:	700f      	strb	r7, [r1, #0]
100007e4:	4953      	ldr	r1, [pc, #332]	@ (10000934 <irq_add_shared_handler+0x194>)
100007e6:	0080      	lsls	r0, r0, #2
100007e8:	6889      	ldr	r1, [r1, #8]
100007ea:	4684      	mov	ip, r0
100007ec:	580f      	ldr	r7, [r1, r0]
100007ee:	1ab9      	subs	r1, r7, r2
100007f0:	292f      	cmp	r1, #47	@ 0x2f
100007f2:	d833      	bhi.n	1000085c <irq_add_shared_handler+0xbc>
100007f4:	2001      	movs	r0, #1
100007f6:	0039      	movs	r1, r7
100007f8:	4381      	bics	r1, r0
100007fa:	79ce      	ldrb	r6, [r1, #7]
100007fc:	4556      	cmp	r6, sl
100007fe:	d800      	bhi.n	10000802 <irq_add_shared_handler+0x62>
10000800:	e06a      	b.n	100008d8 <irq_add_shared_handler+0x138>
10000802:	46a1      	mov	r9, r4
10000804:	4656      	mov	r6, sl
10000806:	9303      	str	r3, [sp, #12]
10000808:	e007      	b.n	1000081a <irq_add_shared_handler+0x7a>
1000080a:	0058      	lsls	r0, r3, #1
1000080c:	18c0      	adds	r0, r0, r3
1000080e:	0080      	lsls	r0, r0, #2
10000810:	1810      	adds	r0, r2, r0
10000812:	79c4      	ldrb	r4, [r0, #7]
10000814:	42b4      	cmp	r4, r6
10000816:	d94d      	bls.n	100008b4 <irq_add_shared_handler+0x114>
10000818:	0001      	movs	r1, r0
1000081a:	2306      	movs	r3, #6
1000081c:	56cb      	ldrsb	r3, [r1, r3]
1000081e:	2b00      	cmp	r3, #0
10000820:	daf3      	bge.n	1000080a <irq_add_shared_handler+0x6a>
10000822:	1d08      	adds	r0, r1, #4
10000824:	464c      	mov	r4, r9
10000826:	46b2      	mov	sl, r6
10000828:	4681      	mov	r9, r0
1000082a:	9302      	str	r3, [sp, #8]
1000082c:	4b42      	ldr	r3, [pc, #264]	@ (10000938 <irq_add_shared_handler+0x198>)
1000082e:	464e      	mov	r6, r9
10000830:	3c04      	subs	r4, #4
10000832:	1ba4      	subs	r4, r4, r6
10000834:	0524      	lsls	r4, r4, #20
10000836:	4e41      	ldr	r6, [pc, #260]	@ (1000093c <irq_add_shared_handler+0x19c>)
10000838:	0d64      	lsrs	r4, r4, #21
1000083a:	4334      	orrs	r4, r6
1000083c:	808c      	strh	r4, [r1, #4]
1000083e:	718d      	strb	r5, [r1, #6]
10000840:	9901      	ldr	r1, [sp, #4]
10000842:	1949      	adds	r1, r1, r5
10000844:	0089      	lsls	r1, r1, #2
10000846:	1852      	adds	r2, r2, r1
10000848:	8093      	strh	r3, [r2, #4]
1000084a:	9b02      	ldr	r3, [sp, #8]
1000084c:	493c      	ldr	r1, [pc, #240]	@ (10000940 <irq_add_shared_handler+0x1a0>)
1000084e:	7193      	strb	r3, [r2, #6]
10000850:	4653      	mov	r3, sl
10000852:	71d3      	strb	r3, [r2, #7]
10000854:	465b      	mov	r3, fp
10000856:	6011      	str	r1, [r2, #0]
10000858:	6093      	str	r3, [r2, #8]
1000085a:	e017      	b.n	1000088c <irq_add_shared_handler+0xec>
1000085c:	4939      	ldr	r1, [pc, #228]	@ (10000944 <irq_add_shared_handler+0x1a4>)
1000085e:	428f      	cmp	r7, r1
10000860:	d160      	bne.n	10000924 <irq_add_shared_handler+0x184>
10000862:	4939      	ldr	r1, [pc, #228]	@ (10000948 <irq_add_shared_handler+0x1a8>)
10000864:	2701      	movs	r7, #1
10000866:	52d1      	strh	r1, [r2, r3]
10000868:	4938      	ldr	r1, [pc, #224]	@ (1000094c <irq_add_shared_handler+0x1ac>)
1000086a:	3302      	adds	r3, #2
1000086c:	18d3      	adds	r3, r2, r3
1000086e:	3904      	subs	r1, #4
10000870:	1acb      	subs	r3, r1, r3
10000872:	4a32      	ldr	r2, [pc, #200]	@ (1000093c <irq_add_shared_handler+0x19c>)
10000874:	051b      	lsls	r3, r3, #20
10000876:	0d5b      	lsrs	r3, r3, #21
10000878:	4313      	orrs	r3, r2
1000087a:	8063      	strh	r3, [r4, #2]
1000087c:	4b34      	ldr	r3, [pc, #208]	@ (10000950 <irq_add_shared_handler+0x1b0>)
1000087e:	71e6      	strb	r6, [r4, #7]
10000880:	80a3      	strh	r3, [r4, #4]
10000882:	23ff      	movs	r3, #255	@ 0xff
10000884:	71a3      	strb	r3, [r4, #6]
10000886:	465b      	mov	r3, fp
10000888:	4327      	orrs	r7, r4
1000088a:	60a3      	str	r3, [r4, #8]
1000088c:	4662      	mov	r2, ip
1000088e:	4b29      	ldr	r3, [pc, #164]	@ (10000934 <irq_add_shared_handler+0x194>)
10000890:	689b      	ldr	r3, [r3, #8]
10000892:	509f      	str	r7, [r3, r2]
10000894:	f3bf 8f5f 	dmb	sy
10000898:	f3bf 8f5f 	dmb	sy
1000089c:	2200      	movs	r2, #0
1000089e:	4b22      	ldr	r3, [pc, #136]	@ (10000928 <irq_add_shared_handler+0x188>)
100008a0:	601a      	str	r2, [r3, #0]
100008a2:	f388 8810 	msr	PRIMASK, r8
100008a6:	b005      	add	sp, #20
100008a8:	bcf0      	pop	{r4, r5, r6, r7}
100008aa:	46bb      	mov	fp, r7
100008ac:	46b2      	mov	sl, r6
100008ae:	46a9      	mov	r9, r5
100008b0:	46a0      	mov	r8, r4
100008b2:	bdf0      	pop	{r4, r5, r6, r7, pc}
100008b4:	46b2      	mov	sl, r6
100008b6:	1d0e      	adds	r6, r1, #4
100008b8:	464c      	mov	r4, r9
100008ba:	46b1      	mov	r9, r6
100008bc:	8888      	ldrh	r0, [r1, #4]
100008be:	9302      	str	r3, [sp, #8]
100008c0:	9b03      	ldr	r3, [sp, #12]
100008c2:	0540      	lsls	r0, r0, #21
100008c4:	1500      	asrs	r0, r0, #20
100008c6:	3304      	adds	r3, #4
100008c8:	4448      	add	r0, r9
100008ca:	18d3      	adds	r3, r2, r3
100008cc:	1ac3      	subs	r3, r0, r3
100008ce:	051b      	lsls	r3, r3, #20
100008d0:	481a      	ldr	r0, [pc, #104]	@ (1000093c <irq_add_shared_handler+0x19c>)
100008d2:	0d5b      	lsrs	r3, r3, #21
100008d4:	4303      	orrs	r3, r0
100008d6:	e7aa      	b.n	1000082e <irq_add_shared_handler+0x8e>
100008d8:	1c9e      	adds	r6, r3, #2
100008da:	46b1      	mov	r9, r6
100008dc:	4491      	add	r9, r2
100008de:	464e      	mov	r6, r9
100008e0:	000f      	movs	r7, r1
100008e2:	4d1c      	ldr	r5, [pc, #112]	@ (10000954 <irq_add_shared_handler+0x1b4>)
100008e4:	1abf      	subs	r7, r7, r2
100008e6:	417f      	adcs	r7, r7
100008e8:	437d      	muls	r5, r7
100008ea:	0d2d      	lsrs	r5, r5, #20
100008ec:	4f16      	ldr	r7, [pc, #88]	@ (10000948 <irq_add_shared_handler+0x1a8>)
100008ee:	71a5      	strb	r5, [r4, #6]
100008f0:	52d7      	strh	r7, [r2, r3]
100008f2:	4f16      	ldr	r7, [pc, #88]	@ (1000094c <irq_add_shared_handler+0x1ac>)
100008f4:	3304      	adds	r3, #4
100008f6:	3f04      	subs	r7, #4
100008f8:	18d3      	adds	r3, r2, r3
100008fa:	1bbf      	subs	r7, r7, r6
100008fc:	1acb      	subs	r3, r1, r3
100008fe:	053f      	lsls	r7, r7, #20
10000900:	3b04      	subs	r3, #4
10000902:	0d7e      	lsrs	r6, r7, #21
10000904:	051b      	lsls	r3, r3, #20
10000906:	4f0d      	ldr	r7, [pc, #52]	@ (1000093c <irq_add_shared_handler+0x19c>)
10000908:	0d5b      	lsrs	r3, r3, #21
1000090a:	433e      	orrs	r6, r7
1000090c:	431f      	orrs	r7, r3
1000090e:	4653      	mov	r3, sl
10000910:	71e3      	strb	r3, [r4, #7]
10000912:	465b      	mov	r3, fp
10000914:	60a3      	str	r3, [r4, #8]
10000916:	4b0a      	ldr	r3, [pc, #40]	@ (10000940 <irq_add_shared_handler+0x1a0>)
10000918:	80a7      	strh	r7, [r4, #4]
1000091a:	8066      	strh	r6, [r4, #2]
1000091c:	4304      	orrs	r4, r0
1000091e:	0027      	movs	r7, r4
10000920:	600b      	str	r3, [r1, #0]
10000922:	e7b3      	b.n	1000088c <irq_add_shared_handler+0xec>
10000924:	f001 f8fe 	bl	10001b24 <hard_assertion_failure>
10000928:	d0000124 	.word	0xd0000124
1000092c:	20022161 	.word	0x20022161
10000930:	2000069c 	.word	0x2000069c
10000934:	e000ed00 	.word	0xe000ed00
10000938:	0000bd01 	.word	0x0000bd01
1000093c:	ffffe000 	.word	0xffffe000
10000940:	47804801 	.word	0x47804801
10000944:	100001c1 	.word	0x100001c1
10000948:	ffffa100 	.word	0xffffa100
1000094c:	200006cc 	.word	0x200006cc
10000950:	ffffbd01 	.word	0xffffbd01
10000954:	0000aaaa 	.word	0x0000aaaa

10000958 <irq_remove_handler>:
10000958:	b5f0      	push	{r4, r5, r6, r7, lr}
1000095a:	46de      	mov	lr, fp
1000095c:	4657      	mov	r7, sl
1000095e:	464e      	mov	r6, r9
10000960:	4645      	mov	r5, r8
10000962:	b5e0      	push	{r5, r6, r7, lr}
10000964:	b083      	sub	sp, #12
10000966:	f3ef 8910 	mrs	r9, PRIMASK
1000096a:	b672      	cpsid	i
1000096c:	4a5d      	ldr	r2, [pc, #372]	@ (10000ae4 <irq_remove_handler+0x18c>)
1000096e:	6813      	ldr	r3, [r2, #0]
10000970:	2b00      	cmp	r3, #0
10000972:	d0fc      	beq.n	1000096e <irq_remove_handler+0x16>
10000974:	f3bf 8f5f 	dmb	sy
10000978:	4b5b      	ldr	r3, [pc, #364]	@ (10000ae8 <irq_remove_handler+0x190>)
1000097a:	4e5c      	ldr	r6, [pc, #368]	@ (10000aec <irq_remove_handler+0x194>)
1000097c:	689a      	ldr	r2, [r3, #8]
1000097e:	0003      	movs	r3, r0
10000980:	3310      	adds	r3, #16
10000982:	009c      	lsls	r4, r3, #2
10000984:	5912      	ldr	r2, [r2, r4]
10000986:	4698      	mov	r8, r3
10000988:	42b2      	cmp	r2, r6
1000098a:	d03b      	beq.n	10000a04 <irq_remove_handler+0xac>
1000098c:	428a      	cmp	r2, r1
1000098e:	d04c      	beq.n	10000a2a <irq_remove_handler+0xd2>
10000990:	4f57      	ldr	r7, [pc, #348]	@ (10000af0 <irq_remove_handler+0x198>)
10000992:	46bc      	mov	ip, r7
10000994:	1bd7      	subs	r7, r2, r7
10000996:	2f2f      	cmp	r7, #47	@ 0x2f
10000998:	d834      	bhi.n	10000a04 <irq_remove_handler+0xac>
1000099a:	4b56      	ldr	r3, [pc, #344]	@ (10000af4 <irq_remove_handler+0x19c>)
1000099c:	271f      	movs	r7, #31
1000099e:	681d      	ldr	r5, [r3, #0]
100009a0:	4007      	ands	r7, r0
100009a2:	46aa      	mov	sl, r5
100009a4:	2501      	movs	r5, #1
100009a6:	40bd      	lsls	r5, r7
100009a8:	2780      	movs	r7, #128	@ 0x80
100009aa:	9501      	str	r5, [sp, #4]
100009ac:	51dd      	str	r5, [r3, r7]
100009ae:	f3bf 8f5f 	dmb	sy
100009b2:	f3ef 8505 	mrs	r5, IPSR
100009b6:	46ab      	mov	fp, r5
100009b8:	2d00      	cmp	r5, #0
100009ba:	d138      	bne.n	10000a2e <irq_remove_handler+0xd6>
100009bc:	2301      	movs	r3, #1
100009be:	001d      	movs	r5, r3
100009c0:	4085      	lsls	r5, r0
100009c2:	0028      	movs	r0, r5
100009c4:	4655      	mov	r5, sl
100009c6:	4005      	ands	r5, r0
100009c8:	0010      	movs	r0, r2
100009ca:	4398      	bics	r0, r3
100009cc:	6887      	ldr	r7, [r0, #8]
100009ce:	46aa      	mov	sl, r5
100009d0:	42b9      	cmp	r1, r7
100009d2:	d108      	bne.n	100009e6 <irq_remove_handler+0x8e>
100009d4:	e07c      	b.n	10000ad0 <irq_remove_handler+0x178>
100009d6:	0073      	lsls	r3, r6, #1
100009d8:	199b      	adds	r3, r3, r6
100009da:	009b      	lsls	r3, r3, #2
100009dc:	4463      	add	r3, ip
100009de:	689f      	ldr	r7, [r3, #8]
100009e0:	42b9      	cmp	r1, r7
100009e2:	d02d      	beq.n	10000a40 <irq_remove_handler+0xe8>
100009e4:	0018      	movs	r0, r3
100009e6:	2606      	movs	r6, #6
100009e8:	5786      	ldrsb	r6, [r0, r6]
100009ea:	2e00      	cmp	r6, #0
100009ec:	daf3      	bge.n	100009d6 <irq_remove_handler+0x7e>
100009ee:	42b9      	cmp	r1, r7
100009f0:	d04c      	beq.n	10000a8c <irq_remove_handler+0x134>
100009f2:	4653      	mov	r3, sl
100009f4:	2b00      	cmp	r3, #0
100009f6:	d01e      	beq.n	10000a36 <irq_remove_handler+0xde>
100009f8:	21c0      	movs	r1, #192	@ 0xc0
100009fa:	4b3e      	ldr	r3, [pc, #248]	@ (10000af4 <irq_remove_handler+0x19c>)
100009fc:	9801      	ldr	r0, [sp, #4]
100009fe:	0049      	lsls	r1, r1, #1
10000a00:	5058      	str	r0, [r3, r1]
10000a02:	6018      	str	r0, [r3, #0]
10000a04:	4b38      	ldr	r3, [pc, #224]	@ (10000ae8 <irq_remove_handler+0x190>)
10000a06:	689b      	ldr	r3, [r3, #8]
10000a08:	511a      	str	r2, [r3, r4]
10000a0a:	f3bf 8f5f 	dmb	sy
10000a0e:	f3bf 8f5f 	dmb	sy
10000a12:	2200      	movs	r2, #0
10000a14:	4b33      	ldr	r3, [pc, #204]	@ (10000ae4 <irq_remove_handler+0x18c>)
10000a16:	601a      	str	r2, [r3, #0]
10000a18:	f389 8810 	msr	PRIMASK, r9
10000a1c:	b003      	add	sp, #12
10000a1e:	bcf0      	pop	{r4, r5, r6, r7}
10000a20:	46bb      	mov	fp, r7
10000a22:	46b2      	mov	sl, r6
10000a24:	46a9      	mov	r9, r5
10000a26:	46a0      	mov	r8, r4
10000a28:	bdf0      	pop	{r4, r5, r6, r7, pc}
10000a2a:	0032      	movs	r2, r6
10000a2c:	e7ea      	b.n	10000a04 <irq_remove_handler+0xac>
10000a2e:	45a8      	cmp	r8, r5
10000a30:	d0c4      	beq.n	100009bc <irq_remove_handler+0x64>
10000a32:	f001 f877 	bl	10001b24 <hard_assertion_failure>
10000a36:	2380      	movs	r3, #128	@ 0x80
10000a38:	492e      	ldr	r1, [pc, #184]	@ (10000af4 <irq_remove_handler+0x19c>)
10000a3a:	9801      	ldr	r0, [sp, #4]
10000a3c:	50c8      	str	r0, [r1, r3]
10000a3e:	e7e1      	b.n	10000a04 <irq_remove_handler+0xac>
10000a40:	2706      	movs	r7, #6
10000a42:	57df      	ldrsb	r7, [r3, r7]
10000a44:	2f00      	cmp	r7, #0
10000a46:	db22      	blt.n	10000a8e <irq_remove_handler+0x136>
10000a48:	0079      	lsls	r1, r7, #1
10000a4a:	19c8      	adds	r0, r1, r7
10000a4c:	0085      	lsls	r5, r0, #2
10000a4e:	002e      	movs	r6, r5
10000a50:	4466      	add	r6, ip
10000a52:	68b0      	ldr	r0, [r6, #8]
10000a54:	6098      	str	r0, [r3, #8]
10000a56:	79f0      	ldrb	r0, [r6, #7]
10000a58:	71d8      	strb	r0, [r3, #7]
10000a5a:	2006      	movs	r0, #6
10000a5c:	5630      	ldrsb	r0, [r6, r0]
10000a5e:	7198      	strb	r0, [r3, #6]
10000a60:	2800      	cmp	r0, #0
10000a62:	db26      	blt.n	10000ab2 <irq_remove_handler+0x15a>
10000a64:	4660      	mov	r0, ip
10000a66:	88b6      	ldrh	r6, [r6, #4]
10000a68:	1ac0      	subs	r0, r0, r3
10000a6a:	0576      	lsls	r6, r6, #21
10000a6c:	1536      	asrs	r6, r6, #20
10000a6e:	1976      	adds	r6, r6, r5
10000a70:	1980      	adds	r0, r0, r6
10000a72:	0500      	lsls	r0, r0, #20
10000a74:	4e20      	ldr	r6, [pc, #128]	@ (10000af8 <irq_remove_handler+0x1a0>)
10000a76:	0d40      	lsrs	r0, r0, #21
10000a78:	4330      	orrs	r0, r6
10000a7a:	8098      	strh	r0, [r3, #4]
10000a7c:	19cb      	adds	r3, r1, r7
10000a7e:	491f      	ldr	r1, [pc, #124]	@ (10000afc <irq_remove_handler+0x1a4>)
10000a80:	009b      	lsls	r3, r3, #2
10000a82:	7808      	ldrb	r0, [r1, #0]
10000a84:	4463      	add	r3, ip
10000a86:	7198      	strb	r0, [r3, #6]
10000a88:	700f      	strb	r7, [r1, #0]
10000a8a:	e7b2      	b.n	100009f2 <irq_remove_handler+0x9a>
10000a8c:	0003      	movs	r3, r0
10000a8e:	4659      	mov	r1, fp
10000a90:	2900      	cmp	r1, #0
10000a92:	d110      	bne.n	10000ab6 <irq_remove_handler+0x15e>
10000a94:	31ff      	adds	r1, #255	@ 0xff
10000a96:	7181      	strb	r1, [r0, #6]
10000a98:	4919      	ldr	r1, [pc, #100]	@ (10000b00 <irq_remove_handler+0x1a8>)
10000a9a:	8081      	strh	r1, [r0, #4]
10000a9c:	4817      	ldr	r0, [pc, #92]	@ (10000afc <irq_remove_handler+0x1a4>)
10000a9e:	4665      	mov	r5, ip
10000aa0:	7801      	ldrb	r1, [r0, #0]
10000aa2:	7199      	strb	r1, [r3, #6]
10000aa4:	4917      	ldr	r1, [pc, #92]	@ (10000b04 <irq_remove_handler+0x1ac>)
10000aa6:	1b5b      	subs	r3, r3, r5
10000aa8:	415b      	adcs	r3, r3
10000aaa:	4359      	muls	r1, r3
10000aac:	0d09      	lsrs	r1, r1, #20
10000aae:	7001      	strb	r1, [r0, #0]
10000ab0:	e79f      	b.n	100009f2 <irq_remove_handler+0x9a>
10000ab2:	4813      	ldr	r0, [pc, #76]	@ (10000b00 <irq_remove_handler+0x1a8>)
10000ab4:	e7e1      	b.n	10000a7a <irq_remove_handler+0x122>
10000ab6:	4914      	ldr	r1, [pc, #80]	@ (10000b08 <irq_remove_handler+0x1b0>)
10000ab8:	4814      	ldr	r0, [pc, #80]	@ (10000b0c <irq_remove_handler+0x1b4>)
10000aba:	1ac9      	subs	r1, r1, r3
10000abc:	3908      	subs	r1, #8
10000abe:	024e      	lsls	r6, r1, #9
10000ac0:	0d76      	lsrs	r6, r6, #21
10000ac2:	4330      	orrs	r0, r6
10000ac4:	8098      	strh	r0, [r3, #4]
10000ac6:	4812      	ldr	r0, [pc, #72]	@ (10000b10 <irq_remove_handler+0x1b8>)
10000ac8:	0849      	lsrs	r1, r1, #1
10000aca:	4301      	orrs	r1, r0
10000acc:	80d9      	strh	r1, [r3, #6]
10000ace:	e790      	b.n	100009f2 <irq_remove_handler+0x9a>
10000ad0:	2706      	movs	r7, #6
10000ad2:	57c7      	ldrsb	r7, [r0, r7]
10000ad4:	0003      	movs	r3, r0
10000ad6:	2f00      	cmp	r7, #0
10000ad8:	dab6      	bge.n	10000a48 <irq_remove_handler+0xf0>
10000ada:	4659      	mov	r1, fp
10000adc:	2900      	cmp	r1, #0
10000ade:	d1ea      	bne.n	10000ab6 <irq_remove_handler+0x15e>
10000ae0:	0032      	movs	r2, r6
10000ae2:	e7db      	b.n	10000a9c <irq_remove_handler+0x144>
10000ae4:	d0000124 	.word	0xd0000124
10000ae8:	e000ed00 	.word	0xe000ed00
10000aec:	100001c1 	.word	0x100001c1
10000af0:	2000069c 	.word	0x2000069c
10000af4:	e000e100 	.word	0xe000e100
10000af8:	ffffe000 	.word	0xffffe000
10000afc:	20022161 	.word	0x20022161
10000b00:	ffffbd01 	.word	0xffffbd01
10000b04:	0000aaaa 	.word	0x0000aaaa
10000b08:	200006d6 	.word	0x200006d6
10000b0c:	fffff000 	.word	0xfffff000
10000b10:	fffff800 	.word	0xfffff800

10000b14 <irq_set_priority>:
10000b14:	4a08      	ldr	r2, [pc, #32]	@ (10000b38 <irq_set_priority+0x24>)
10000b16:	0883      	lsrs	r3, r0, #2
10000b18:	009b      	lsls	r3, r3, #2
10000b1a:	189b      	adds	r3, r3, r2
10000b1c:	681a      	ldr	r2, [r3, #0]
10000b1e:	b510      	push	{r4, lr}
10000b20:	0014      	movs	r4, r2
10000b22:	2203      	movs	r2, #3
10000b24:	4010      	ands	r0, r2
10000b26:	00c0      	lsls	r0, r0, #3
10000b28:	32fc      	adds	r2, #252	@ 0xfc
10000b2a:	4082      	lsls	r2, r0
10000b2c:	4394      	bics	r4, r2
10000b2e:	0022      	movs	r2, r4
10000b30:	4081      	lsls	r1, r0
10000b32:	430a      	orrs	r2, r1
10000b34:	601a      	str	r2, [r3, #0]
10000b36:	bd10      	pop	{r4, pc}
10000b38:	e000e400 	.word	0xe000e400

10000b3c <irq_add_tail_to_free_list>:
10000b3c:	2301      	movs	r3, #1
10000b3e:	4303      	orrs	r3, r0
10000b40:	b570      	push	{r4, r5, r6, lr}
10000b42:	469c      	mov	ip, r3
10000b44:	f3ef 8105 	mrs	r1, IPSR
10000b48:	f3ef 8510 	mrs	r5, PRIMASK
10000b4c:	b672      	cpsid	i
10000b4e:	4a21      	ldr	r2, [pc, #132]	@ (10000bd4 <irq_add_tail_to_free_list+0x98>)
10000b50:	6813      	ldr	r3, [r2, #0]
10000b52:	2b00      	cmp	r3, #0
10000b54:	d0fc      	beq.n	10000b50 <irq_add_tail_to_free_list+0x14>
10000b56:	f3bf 8f5f 	dmb	sy
10000b5a:	4b1f      	ldr	r3, [pc, #124]	@ (10000bd8 <irq_add_tail_to_free_list+0x9c>)
10000b5c:	0004      	movs	r4, r0
10000b5e:	4a1f      	ldr	r2, [pc, #124]	@ (10000bdc <irq_add_tail_to_free_list+0xa0>)
10000b60:	1ae4      	subs	r4, r4, r3
10000b62:	4164      	adcs	r4, r4
10000b64:	4362      	muls	r2, r4
10000b66:	0d12      	lsrs	r2, r2, #20
10000b68:	4c1d      	ldr	r4, [pc, #116]	@ (10000be0 <irq_add_tail_to_free_list+0xa4>)
10000b6a:	0089      	lsls	r1, r1, #2
10000b6c:	68a6      	ldr	r6, [r4, #8]
10000b6e:	b252      	sxtb	r2, r2
10000b70:	5876      	ldr	r6, [r6, r1]
10000b72:	4566      	cmp	r6, ip
10000b74:	d01c      	beq.n	10000bb0 <irq_add_tail_to_free_list+0x74>
10000b76:	2106      	movs	r1, #6
10000b78:	5659      	ldrsb	r1, [r3, r1]
10000b7a:	4291      	cmp	r1, r2
10000b7c:	d01c      	beq.n	10000bb8 <irq_add_tail_to_free_list+0x7c>
10000b7e:	2112      	movs	r1, #18
10000b80:	5659      	ldrsb	r1, [r3, r1]
10000b82:	4291      	cmp	r1, r2
10000b84:	d022      	beq.n	10000bcc <irq_add_tail_to_free_list+0x90>
10000b86:	211e      	movs	r1, #30
10000b88:	5659      	ldrsb	r1, [r3, r1]
10000b8a:	4291      	cmp	r1, r2
10000b8c:	d020      	beq.n	10000bd0 <irq_add_tail_to_free_list+0x94>
10000b8e:	212a      	movs	r1, #42	@ 0x2a
10000b90:	5659      	ldrsb	r1, [r3, r1]
10000b92:	2403      	movs	r4, #3
10000b94:	4291      	cmp	r1, r2
10000b96:	d010      	beq.n	10000bba <irq_add_tail_to_free_list+0x7e>
10000b98:	4b12      	ldr	r3, [pc, #72]	@ (10000be4 <irq_add_tail_to_free_list+0xa8>)
10000b9a:	7819      	ldrb	r1, [r3, #0]
10000b9c:	701a      	strb	r2, [r3, #0]
10000b9e:	7181      	strb	r1, [r0, #6]
10000ba0:	f3bf 8f5f 	dmb	sy
10000ba4:	2200      	movs	r2, #0
10000ba6:	4b0b      	ldr	r3, [pc, #44]	@ (10000bd4 <irq_add_tail_to_free_list+0x98>)
10000ba8:	601a      	str	r2, [r3, #0]
10000baa:	f385 8810 	msr	PRIMASK, r5
10000bae:	bd70      	pop	{r4, r5, r6, pc}
10000bb0:	68a3      	ldr	r3, [r4, #8]
10000bb2:	4c0d      	ldr	r4, [pc, #52]	@ (10000be8 <irq_add_tail_to_free_list+0xac>)
10000bb4:	505c      	str	r4, [r3, r1]
10000bb6:	e7ef      	b.n	10000b98 <irq_add_tail_to_free_list+0x5c>
10000bb8:	2400      	movs	r4, #0
10000bba:	0061      	lsls	r1, r4, #1
10000bbc:	1909      	adds	r1, r1, r4
10000bbe:	0089      	lsls	r1, r1, #2
10000bc0:	185b      	adds	r3, r3, r1
10000bc2:	21ff      	movs	r1, #255	@ 0xff
10000bc4:	7199      	strb	r1, [r3, #6]
10000bc6:	4909      	ldr	r1, [pc, #36]	@ (10000bec <irq_add_tail_to_free_list+0xb0>)
10000bc8:	8099      	strh	r1, [r3, #4]
10000bca:	e7e5      	b.n	10000b98 <irq_add_tail_to_free_list+0x5c>
10000bcc:	2401      	movs	r4, #1
10000bce:	e7f4      	b.n	10000bba <irq_add_tail_to_free_list+0x7e>
10000bd0:	2402      	movs	r4, #2
10000bd2:	e7f2      	b.n	10000bba <irq_add_tail_to_free_list+0x7e>
10000bd4:	d0000124 	.word	0xd0000124
10000bd8:	2000069c 	.word	0x2000069c
10000bdc:	0000aaaa 	.word	0x0000aaaa
10000be0:	e000ed00 	.word	0xe000ed00
10000be4:	20022161 	.word	0x20022161
10000be8:	100001c1 	.word	0x100001c1
10000bec:	ffffbd01 	.word	0xffffbd01

10000bf0 <user_irq_unclaim>:
10000bf0:	211f      	movs	r1, #31
10000bf2:	b510      	push	{r4, lr}
10000bf4:	1a09      	subs	r1, r1, r0
10000bf6:	4802      	ldr	r0, [pc, #8]	@ (10000c00 <user_irq_unclaim+0x10>)
10000bf8:	f7ff fd30 	bl	1000065c <hw_claim_clear>
10000bfc:	bd10      	pop	{r4, pc}
10000bfe:	46c0      	nop			@ (mov r8, r8)
10000c00:	20022162 	.word	0x20022162

10000c04 <user_irq_claim_unused>:
10000c04:	b500      	push	{lr}
10000c06:	4b07      	ldr	r3, [pc, #28]	@ (10000c24 <user_irq_claim_unused+0x20>)
10000c08:	b083      	sub	sp, #12
10000c0a:	0001      	movs	r1, r0
10000c0c:	9300      	str	r3, [sp, #0]
10000c0e:	2200      	movs	r2, #0
10000c10:	2305      	movs	r3, #5
10000c12:	4805      	ldr	r0, [pc, #20]	@ (10000c28 <user_irq_claim_unused+0x24>)
10000c14:	f7ff fcde 	bl	100005d4 <hw_claim_unused_from_range>
10000c18:	2800      	cmp	r0, #0
10000c1a:	db01      	blt.n	10000c20 <user_irq_claim_unused+0x1c>
10000c1c:	231f      	movs	r3, #31
10000c1e:	1a18      	subs	r0, r3, r0
10000c20:	b003      	add	sp, #12
10000c22:	bd00      	pop	{pc}
10000c24:	1000b388 	.word	0x1000b388
10000c28:	20022162 	.word	0x20022162

10000c2c <sem_init>:
10000c2c:	b570      	push	{r4, r5, r6, lr}
10000c2e:	0004      	movs	r4, r0
10000c30:	000e      	movs	r6, r1
10000c32:	0015      	movs	r5, r2
10000c34:	f7ff fd32 	bl	1000069c <next_striped_spin_lock_num>
10000c38:	0001      	movs	r1, r0
10000c3a:	0020      	movs	r0, r4
10000c3c:	f000 f806 	bl	10000c4c <lock_init>
10000c40:	80a6      	strh	r6, [r4, #4]
10000c42:	80e5      	strh	r5, [r4, #6]
10000c44:	f3bf 8f5f 	dmb	sy
10000c48:	bd70      	pop	{r4, r5, r6, pc}
10000c4a:	46c0      	nop			@ (mov r8, r8)

10000c4c <lock_init>:
10000c4c:	4b02      	ldr	r3, [pc, #8]	@ (10000c58 <lock_init+0xc>)
10000c4e:	18c9      	adds	r1, r1, r3
10000c50:	0089      	lsls	r1, r1, #2
10000c52:	6001      	str	r1, [r0, #0]
10000c54:	4770      	bx	lr
10000c56:	46c0      	nop			@ (mov r8, r8)
10000c58:	34000040 	.word	0x34000040

10000c5c <runtime_init_mutex>:
10000c5c:	b5f8      	push	{r3, r4, r5, r6, r7, lr}
10000c5e:	4c12      	ldr	r4, [pc, #72]	@ (10000ca8 <runtime_init_mutex+0x4c>)
10000c60:	4d12      	ldr	r5, [pc, #72]	@ (10000cac <runtime_init_mutex+0x50>)
10000c62:	42ac      	cmp	r4, r5
10000c64:	d212      	bcs.n	10000c8c <runtime_init_mutex+0x30>
10000c66:	2601      	movs	r6, #1
10000c68:	2700      	movs	r7, #0
10000c6a:	4276      	negs	r6, r6
10000c6c:	6823      	ldr	r3, [r4, #0]
10000c6e:	2b00      	cmp	r3, #0
10000c70:	d00d      	beq.n	10000c8e <runtime_init_mutex+0x32>
10000c72:	f7ff fd13 	bl	1000069c <next_striped_spin_lock_num>
10000c76:	0001      	movs	r1, r0
10000c78:	0020      	movs	r0, r4
10000c7a:	f7ff ffe7 	bl	10000c4c <lock_init>
10000c7e:	6066      	str	r6, [r4, #4]
10000c80:	7227      	strb	r7, [r4, #8]
10000c82:	f3bf 8f5f 	dmb	sy
10000c86:	340c      	adds	r4, #12
10000c88:	42ac      	cmp	r4, r5
10000c8a:	d3ef      	bcc.n	10000c6c <runtime_init_mutex+0x10>
10000c8c:	bdf8      	pop	{r3, r4, r5, r6, r7, pc}
10000c8e:	f7ff fd05 	bl	1000069c <next_striped_spin_lock_num>
10000c92:	0001      	movs	r1, r0
10000c94:	0020      	movs	r0, r4
10000c96:	f7ff ffd9 	bl	10000c4c <lock_init>
10000c9a:	6066      	str	r6, [r4, #4]
10000c9c:	f3bf 8f5f 	dmb	sy
10000ca0:	3408      	adds	r4, #8
10000ca2:	42ac      	cmp	r4, r5
10000ca4:	d3e2      	bcc.n	10000c6c <runtime_init_mutex+0x10>
10000ca6:	e7f1      	b.n	10000c8c <runtime_init_mutex+0x30>
10000ca8:	20000d90 	.word	0x20000d90
10000cac:	20000da0 	.word	0x20000da0

10000cb0 <recursive_mutex_init>:
10000cb0:	b510      	push	{r4, lr}
10000cb2:	0004      	movs	r4, r0
10000cb4:	f7ff fcf2 	bl	1000069c <next_striped_spin_lock_num>
10000cb8:	0001      	movs	r1, r0
10000cba:	0020      	movs	r0, r4
10000cbc:	f7ff ffc6 	bl	10000c4c <lock_init>
10000cc0:	2301      	movs	r3, #1
10000cc2:	425b      	negs	r3, r3
10000cc4:	6063      	str	r3, [r4, #4]
10000cc6:	2300      	movs	r3, #0
10000cc8:	7223      	strb	r3, [r4, #8]
10000cca:	f3bf 8f5f 	dmb	sy
10000cce:	bd10      	pop	{r4, pc}

10000cd0 <alarm_pool_irq_handler>:
10000cd0:	b5f0      	push	{r4, r5, r6, r7, lr}
10000cd2:	46de      	mov	lr, fp
10000cd4:	4657      	mov	r7, sl
10000cd6:	464e      	mov	r6, r9
10000cd8:	4645      	mov	r5, r8
10000cda:	b5e0      	push	{r5, r6, r7, lr}
10000cdc:	b085      	sub	sp, #20
10000cde:	f3ef 8305 	mrs	r3, IPSR
10000ce2:	2203      	movs	r2, #3
10000ce4:	401a      	ands	r2, r3
10000ce6:	4bb3      	ldr	r3, [pc, #716]	@ (10000fb4 <alarm_pool_irq_handler+0x2e4>)
10000ce8:	0091      	lsls	r1, r2, #2
10000cea:	585f      	ldr	r7, [r3, r1]
10000cec:	2301      	movs	r3, #1
10000cee:	4093      	lsls	r3, r2
10000cf0:	469b      	mov	fp, r3
10000cf2:	9202      	str	r2, [sp, #8]
10000cf4:	465a      	mov	r2, fp
10000cf6:	4688      	mov	r8, r1
10000cf8:	4baf      	ldr	r3, [pc, #700]	@ (10000fb8 <alarm_pool_irq_handler+0x2e8>)
10000cfa:	601a      	str	r2, [r3, #0]
10000cfc:	4baf      	ldr	r3, [pc, #700]	@ (10000fbc <alarm_pool_irq_handler+0x2ec>)
10000cfe:	9303      	str	r3, [sp, #12]
10000d00:	465b      	mov	r3, fp
10000d02:	48af      	ldr	r0, [pc, #700]	@ (10000fc0 <alarm_pool_irq_handler+0x2f0>)
10000d04:	6343      	str	r3, [r0, #52]	@ 0x34
10000d06:	2308      	movs	r3, #8
10000d08:	5efe      	ldrsh	r6, [r7, r3]
10000d0a:	2e00      	cmp	r6, #0
10000d0c:	da37      	bge.n	10000d7e <alarm_pool_irq_handler+0xae>
10000d0e:	88bb      	ldrh	r3, [r7, #4]
10000d10:	b21b      	sxth	r3, r3
10000d12:	2b00      	cmp	r3, #0
10000d14:	db00      	blt.n	10000d18 <alarm_pool_irq_handler+0x48>
10000d16:	e0a4      	b.n	10000e62 <alarm_pool_irq_handler+0x192>
10000d18:	79bb      	ldrb	r3, [r7, #6]
10000d1a:	2b00      	cmp	r3, #0
10000d1c:	d000      	beq.n	10000d20 <alarm_pool_irq_handler+0x50>
10000d1e:	e0e5      	b.n	10000eec <alarm_pool_irq_handler+0x21c>
10000d20:	2308      	movs	r3, #8
10000d22:	5ef9      	ldrsh	r1, [r7, r3]
10000d24:	2900      	cmp	r1, #0
10000d26:	db20      	blt.n	10000d6a <alarm_pool_irq_handler+0x9a>
10000d28:	004b      	lsls	r3, r1, #1
10000d2a:	697a      	ldr	r2, [r7, #20]
10000d2c:	185b      	adds	r3, r3, r1
10000d2e:	00db      	lsls	r3, r3, #3
10000d30:	18d3      	adds	r3, r2, r3
10000d32:	689d      	ldr	r5, [r3, #8]
10000d34:	68dc      	ldr	r4, [r3, #12]
10000d36:	1c6b      	adds	r3, r5, #1
10000d38:	d100      	bne.n	10000d3c <alarm_pool_irq_handler+0x6c>
10000d3a:	e104      	b.n	10000f46 <alarm_pool_irq_handler+0x276>
10000d3c:	48a0      	ldr	r0, [pc, #640]	@ (10000fc0 <alarm_pool_irq_handler+0x2f0>)
10000d3e:	0001      	movs	r1, r0
10000d40:	4441      	add	r1, r8
10000d42:	6a82      	ldr	r2, [r0, #40]	@ 0x28
10000d44:	690b      	ldr	r3, [r1, #16]
10000d46:	1aae      	subs	r6, r5, r2
10000d48:	1a9b      	subs	r3, r3, r2
10000d4a:	429e      	cmp	r6, r3
10000d4c:	d315      	bcc.n	10000d7a <alarm_pool_irq_handler+0xaa>
10000d4e:	2301      	movs	r3, #1
10000d50:	6a02      	ldr	r2, [r0, #32]
10000d52:	9802      	ldr	r0, [sp, #8]
10000d54:	4083      	lsls	r3, r0
10000d56:	421a      	tst	r2, r3
10000d58:	d00f      	beq.n	10000d7a <alarm_pool_irq_handler+0xaa>
10000d5a:	4899      	ldr	r0, [pc, #612]	@ (10000fc0 <alarm_pool_irq_handler+0x2f0>)
10000d5c:	f000 fc5a 	bl	10001614 <timer_time_us_64>
10000d60:	428c      	cmp	r4, r1
10000d62:	dc02      	bgt.n	10000d6a <alarm_pool_irq_handler+0x9a>
10000d64:	d1cc      	bne.n	10000d00 <alarm_pool_irq_handler+0x30>
10000d66:	4285      	cmp	r5, r0
10000d68:	d9ca      	bls.n	10000d00 <alarm_pool_irq_handler+0x30>
10000d6a:	bf40      	sev
10000d6c:	b005      	add	sp, #20
10000d6e:	bcf0      	pop	{r4, r5, r6, r7}
10000d70:	46bb      	mov	fp, r7
10000d72:	46b2      	mov	sl, r6
10000d74:	46a9      	mov	r9, r5
10000d76:	46a0      	mov	r8, r4
10000d78:	bdf0      	pop	{r4, r5, r6, r7, pc}
10000d7a:	610d      	str	r5, [r1, #16]
10000d7c:	e7ed      	b.n	10000d5a <alarm_pool_irq_handler+0x8a>
10000d7e:	697a      	ldr	r2, [r7, #20]
10000d80:	0073      	lsls	r3, r6, #1
10000d82:	4691      	mov	r9, r2
10000d84:	199b      	adds	r3, r3, r6
10000d86:	00db      	lsls	r3, r3, #3
10000d88:	4499      	add	r9, r3
10000d8a:	464b      	mov	r3, r9
10000d8c:	689c      	ldr	r4, [r3, #8]
10000d8e:	68dd      	ldr	r5, [r3, #12]
10000d90:	f000 fc40 	bl	10001614 <timer_time_us_64>
10000d94:	428d      	cmp	r5, r1
10000d96:	dcba      	bgt.n	10000d0e <alarm_pool_irq_handler+0x3e>
10000d98:	d100      	bne.n	10000d9c <alarm_pool_irq_handler+0xcc>
10000d9a:	e0f6      	b.n	10000f8a <alarm_pool_irq_handler+0x2ba>
10000d9c:	2d00      	cmp	r5, #0
10000d9e:	da00      	bge.n	10000da2 <alarm_pool_irq_handler+0xd2>
10000da0:	e0db      	b.n	10000f5a <alarm_pool_irq_handler+0x28a>
10000da2:	464a      	mov	r2, r9
10000da4:	464b      	mov	r3, r9
10000da6:	6952      	ldr	r2, [r2, #20]
10000da8:	691b      	ldr	r3, [r3, #16]
10000daa:	4692      	mov	sl, r2
10000dac:	9a03      	ldr	r2, [sp, #12]
10000dae:	4293      	cmp	r3, r2
10000db0:	d100      	bne.n	10000db4 <alarm_pool_irq_handler+0xe4>
10000db2:	e0cc      	b.n	10000f4e <alarm_pool_irq_handler+0x27e>
10000db4:	464a      	mov	r2, r9
10000db6:	2108      	movs	r1, #8
10000db8:	5e78      	ldrsh	r0, [r7, r1]
10000dba:	8852      	ldrh	r2, [r2, #2]
10000dbc:	0400      	lsls	r0, r0, #16
10000dbe:	4651      	mov	r1, sl
10000dc0:	4310      	orrs	r0, r2
10000dc2:	4798      	blx	r3
10000dc4:	9000      	str	r0, [sp, #0]
10000dc6:	9101      	str	r1, [sp, #4]
10000dc8:	9900      	ldr	r1, [sp, #0]
10000dca:	9a01      	ldr	r2, [sp, #4]
10000dcc:	000b      	movs	r3, r1
10000dce:	4313      	orrs	r3, r2
10000dd0:	d100      	bne.n	10000dd4 <alarm_pool_irq_handler+0x104>
10000dd2:	e0c2      	b.n	10000f5a <alarm_pool_irq_handler+0x28a>
10000dd4:	0013      	movs	r3, r2
10000dd6:	000a      	movs	r2, r1
10000dd8:	2b00      	cmp	r3, #0
10000dda:	db00      	blt.n	10000dde <alarm_pool_irq_handler+0x10e>
10000ddc:	e0d9      	b.n	10000f92 <alarm_pool_irq_handler+0x2c2>
10000dde:	0020      	movs	r0, r4
10000de0:	0029      	movs	r1, r5
10000de2:	1a80      	subs	r0, r0, r2
10000de4:	4199      	sbcs	r1, r3
10000de6:	464b      	mov	r3, r9
10000de8:	6098      	str	r0, [r3, #8]
10000dea:	60d9      	str	r1, [r3, #12]
10000dec:	2200      	movs	r2, #0
10000dee:	5e9b      	ldrsh	r3, [r3, r2]
10000df0:	2b00      	cmp	r3, #0
10000df2:	da00      	bge.n	10000df6 <alarm_pool_irq_handler+0x126>
10000df4:	e78b      	b.n	10000d0e <alarm_pool_irq_handler+0x3e>
10000df6:	005d      	lsls	r5, r3, #1
10000df8:	697c      	ldr	r4, [r7, #20]
10000dfa:	18ea      	adds	r2, r5, r3
10000dfc:	00d2      	lsls	r2, r2, #3
10000dfe:	18a2      	adds	r2, r4, r2
10000e00:	9400      	str	r4, [sp, #0]
10000e02:	6894      	ldr	r4, [r2, #8]
10000e04:	68d2      	ldr	r2, [r2, #12]
10000e06:	46a2      	mov	sl, r4
10000e08:	428a      	cmp	r2, r1
10000e0a:	dd00      	ble.n	10000e0e <alarm_pool_irq_handler+0x13e>
10000e0c:	e77f      	b.n	10000d0e <alarm_pool_irq_handler+0x3e>
10000e0e:	d102      	bne.n	10000e16 <alarm_pool_irq_handler+0x146>
10000e10:	4284      	cmp	r4, r0
10000e12:	d900      	bls.n	10000e16 <alarm_pool_irq_handler+0x146>
10000e14:	e77b      	b.n	10000d0e <alarm_pool_irq_handler+0x3e>
10000e16:	2408      	movs	r4, #8
10000e18:	46a4      	mov	ip, r4
10000e1a:	813b      	strh	r3, [r7, #8]
10000e1c:	44bc      	add	ip, r7
10000e1e:	9c00      	ldr	r4, [sp, #0]
10000e20:	9700      	str	r7, [sp, #0]
10000e22:	002f      	movs	r7, r5
10000e24:	4665      	mov	r5, ip
10000e26:	46b4      	mov	ip, r6
10000e28:	003e      	movs	r6, r7
10000e2a:	e006      	b.n	10000e3a <alarm_pool_irq_handler+0x16a>
10000e2c:	005e      	lsls	r6, r3, #1
10000e2e:	18f2      	adds	r2, r6, r3
10000e30:	00d2      	lsls	r2, r2, #3
10000e32:	18a2      	adds	r2, r4, r2
10000e34:	6897      	ldr	r7, [r2, #8]
10000e36:	68d2      	ldr	r2, [r2, #12]
10000e38:	46ba      	mov	sl, r7
10000e3a:	428a      	cmp	r2, r1
10000e3c:	dc07      	bgt.n	10000e4e <alarm_pool_irq_handler+0x17e>
10000e3e:	d100      	bne.n	10000e42 <alarm_pool_irq_handler+0x172>
10000e40:	e0b4      	b.n	10000fac <alarm_pool_irq_handler+0x2dc>
10000e42:	18f3      	adds	r3, r6, r3
10000e44:	00db      	lsls	r3, r3, #3
10000e46:	18e5      	adds	r5, r4, r3
10000e48:	5ee3      	ldrsh	r3, [r4, r3]
10000e4a:	2b00      	cmp	r3, #0
10000e4c:	daee      	bge.n	10000e2c <alarm_pool_irq_handler+0x15c>
10000e4e:	4666      	mov	r6, ip
10000e50:	464a      	mov	r2, r9
10000e52:	9f00      	ldr	r7, [sp, #0]
10000e54:	8013      	strh	r3, [r2, #0]
10000e56:	802e      	strh	r6, [r5, #0]
10000e58:	88bb      	ldrh	r3, [r7, #4]
10000e5a:	b21b      	sxth	r3, r3
10000e5c:	2b00      	cmp	r3, #0
10000e5e:	da00      	bge.n	10000e62 <alarm_pool_irq_handler+0x192>
10000e60:	e75a      	b.n	10000d18 <alarm_pool_irq_handler+0x48>
10000e62:	693a      	ldr	r2, [r7, #16]
10000e64:	f3ef 8110 	mrs	r1, PRIMASK
10000e68:	b672      	cpsid	i
10000e6a:	6813      	ldr	r3, [r2, #0]
10000e6c:	2b00      	cmp	r3, #0
10000e6e:	d0fc      	beq.n	10000e6a <alarm_pool_irq_handler+0x19a>
10000e70:	f3bf 8f5f 	dmb	sy
10000e74:	2301      	movs	r3, #1
10000e76:	88be      	ldrh	r6, [r7, #4]
10000e78:	425b      	negs	r3, r3
10000e7a:	80bb      	strh	r3, [r7, #4]
10000e7c:	b236      	sxth	r6, r6
10000e7e:	693b      	ldr	r3, [r7, #16]
10000e80:	f3bf 8f5f 	dmb	sy
10000e84:	2200      	movs	r2, #0
10000e86:	601a      	str	r2, [r3, #0]
10000e88:	f381 8810 	msr	PRIMASK, r1
10000e8c:	2e00      	cmp	r6, #0
10000e8e:	da00      	bge.n	10000e92 <alarm_pool_irq_handler+0x1c2>
10000e90:	e742      	b.n	10000d18 <alarm_pool_irq_handler+0x48>
10000e92:	003b      	movs	r3, r7
10000e94:	3308      	adds	r3, #8
10000e96:	003a      	movs	r2, r7
10000e98:	4699      	mov	r9, r3
10000e9a:	697d      	ldr	r5, [r7, #20]
10000e9c:	0073      	lsls	r3, r6, #1
10000e9e:	199b      	adds	r3, r3, r6
10000ea0:	2408      	movs	r4, #8
10000ea2:	5f11      	ldrsh	r1, [r2, r4]
10000ea4:	00db      	lsls	r3, r3, #3
10000ea6:	4648      	mov	r0, r9
10000ea8:	18eb      	adds	r3, r5, r3
10000eaa:	2900      	cmp	r1, #0
10000eac:	db13      	blt.n	10000ed6 <alarm_pool_irq_handler+0x206>
10000eae:	689c      	ldr	r4, [r3, #8]
10000eb0:	9300      	str	r3, [sp, #0]
10000eb2:	46a4      	mov	ip, r4
10000eb4:	68dc      	ldr	r4, [r3, #12]
10000eb6:	e006      	b.n	10000ec6 <alarm_pool_irq_handler+0x1f6>
10000eb8:	42a3      	cmp	r3, r4
10000eba:	d040      	beq.n	10000f3e <alarm_pool_irq_handler+0x26e>
10000ebc:	2300      	movs	r3, #0
10000ebe:	5ef9      	ldrsh	r1, [r7, r3]
10000ec0:	0038      	movs	r0, r7
10000ec2:	2900      	cmp	r1, #0
10000ec4:	db06      	blt.n	10000ed4 <alarm_pool_irq_handler+0x204>
10000ec6:	004f      	lsls	r7, r1, #1
10000ec8:	187f      	adds	r7, r7, r1
10000eca:	00ff      	lsls	r7, r7, #3
10000ecc:	19ef      	adds	r7, r5, r7
10000ece:	68fb      	ldr	r3, [r7, #12]
10000ed0:	42a3      	cmp	r3, r4
10000ed2:	ddf1      	ble.n	10000eb8 <alarm_pool_irq_handler+0x1e8>
10000ed4:	9b00      	ldr	r3, [sp, #0]
10000ed6:	8006      	strh	r6, [r0, #0]
10000ed8:	2000      	movs	r0, #0
10000eda:	5e1e      	ldrsh	r6, [r3, r0]
10000edc:	8019      	strh	r1, [r3, #0]
10000ede:	2e00      	cmp	r6, #0
10000ee0:	dadc      	bge.n	10000e9c <alarm_pool_irq_handler+0x1cc>
10000ee2:	0017      	movs	r7, r2
10000ee4:	79bb      	ldrb	r3, [r7, #6]
10000ee6:	2b00      	cmp	r3, #0
10000ee8:	d100      	bne.n	10000eec <alarm_pool_irq_handler+0x21c>
10000eea:	e719      	b.n	10000d20 <alarm_pool_irq_handler+0x50>
10000eec:	2300      	movs	r3, #0
10000eee:	71bb      	strb	r3, [r7, #6]
10000ef0:	2308      	movs	r3, #8
10000ef2:	5ef9      	ldrsh	r1, [r7, r3]
10000ef4:	1c4b      	adds	r3, r1, #1
10000ef6:	d100      	bne.n	10000efa <alarm_pool_irq_handler+0x22a>
10000ef8:	e737      	b.n	10000d6a <alarm_pool_irq_handler+0x9a>
10000efa:	003d      	movs	r5, r7
10000efc:	3508      	adds	r5, #8
10000efe:	46ac      	mov	ip, r5
10000f00:	697c      	ldr	r4, [r7, #20]
10000f02:	e003      	b.n	10000f0c <alarm_pool_irq_handler+0x23c>
10000f04:	4684      	mov	ip, r0
10000f06:	1c4b      	adds	r3, r1, #1
10000f08:	d100      	bne.n	10000f0c <alarm_pool_irq_handler+0x23c>
10000f0a:	e709      	b.n	10000d20 <alarm_pool_irq_handler+0x50>
10000f0c:	004b      	lsls	r3, r1, #1
10000f0e:	185b      	adds	r3, r3, r1
10000f10:	00db      	lsls	r3, r3, #3
10000f12:	18e0      	adds	r0, r4, r3
10000f14:	000a      	movs	r2, r1
10000f16:	5ee1      	ldrsh	r1, [r4, r3]
10000f18:	8843      	ldrh	r3, [r0, #2]
10000f1a:	b21b      	sxth	r3, r3
10000f1c:	2b00      	cmp	r3, #0
10000f1e:	daf1      	bge.n	10000f04 <alarm_pool_irq_handler+0x234>
10000f20:	2501      	movs	r5, #1
10000f22:	426d      	negs	r5, r5
10000f24:	17ee      	asrs	r6, r5, #31
10000f26:	6085      	str	r5, [r0, #8]
10000f28:	60c6      	str	r6, [r0, #12]
10000f2a:	2508      	movs	r5, #8
10000f2c:	5f7b      	ldrsh	r3, [r7, r5]
10000f2e:	4293      	cmp	r3, r2
10000f30:	d0e9      	beq.n	10000f06 <alarm_pool_irq_handler+0x236>
10000f32:	4663      	mov	r3, ip
10000f34:	8019      	strh	r1, [r3, #0]
10000f36:	893b      	ldrh	r3, [r7, #8]
10000f38:	8003      	strh	r3, [r0, #0]
10000f3a:	813a      	strh	r2, [r7, #8]
10000f3c:	e7e3      	b.n	10000f06 <alarm_pool_irq_handler+0x236>
10000f3e:	68bb      	ldr	r3, [r7, #8]
10000f40:	4563      	cmp	r3, ip
10000f42:	d9bb      	bls.n	10000ebc <alarm_pool_irq_handler+0x1ec>
10000f44:	e7c6      	b.n	10000ed4 <alarm_pool_irq_handler+0x204>
10000f46:	1c63      	adds	r3, r4, #1
10000f48:	d000      	beq.n	10000f4c <alarm_pool_irq_handler+0x27c>
10000f4a:	e6f7      	b.n	10000d3c <alarm_pool_irq_handler+0x6c>
10000f4c:	e705      	b.n	10000d5a <alarm_pool_irq_handler+0x8a>
10000f4e:	4653      	mov	r3, sl
10000f50:	4650      	mov	r0, sl
10000f52:	691b      	ldr	r3, [r3, #16]
10000f54:	4798      	blx	r3
10000f56:	2800      	cmp	r0, #0
10000f58:	d123      	bne.n	10000fa2 <alarm_pool_irq_handler+0x2d2>
10000f5a:	464b      	mov	r3, r9
10000f5c:	881b      	ldrh	r3, [r3, #0]
10000f5e:	693a      	ldr	r2, [r7, #16]
10000f60:	813b      	strh	r3, [r7, #8]
10000f62:	f3ef 8310 	mrs	r3, PRIMASK
10000f66:	b672      	cpsid	i
10000f68:	6811      	ldr	r1, [r2, #0]
10000f6a:	2900      	cmp	r1, #0
10000f6c:	d0fc      	beq.n	10000f68 <alarm_pool_irq_handler+0x298>
10000f6e:	f3bf 8f5f 	dmb	sy
10000f72:	4649      	mov	r1, r9
10000f74:	887a      	ldrh	r2, [r7, #2]
10000f76:	800a      	strh	r2, [r1, #0]
10000f78:	693a      	ldr	r2, [r7, #16]
10000f7a:	807e      	strh	r6, [r7, #2]
10000f7c:	f3bf 8f5f 	dmb	sy
10000f80:	2100      	movs	r1, #0
10000f82:	6011      	str	r1, [r2, #0]
10000f84:	f383 8810 	msr	PRIMASK, r3
10000f88:	e6c1      	b.n	10000d0e <alarm_pool_irq_handler+0x3e>
10000f8a:	4284      	cmp	r4, r0
10000f8c:	d800      	bhi.n	10000f90 <alarm_pool_irq_handler+0x2c0>
10000f8e:	e705      	b.n	10000d9c <alarm_pool_irq_handler+0xcc>
10000f90:	e6bd      	b.n	10000d0e <alarm_pool_irq_handler+0x3e>
10000f92:	480b      	ldr	r0, [pc, #44]	@ (10000fc0 <alarm_pool_irq_handler+0x2f0>)
10000f94:	f000 fb3e 	bl	10001614 <timer_time_us_64>
10000f98:	9b00      	ldr	r3, [sp, #0]
10000f9a:	9c01      	ldr	r4, [sp, #4]
10000f9c:	18c0      	adds	r0, r0, r3
10000f9e:	4161      	adcs	r1, r4
10000fa0:	e721      	b.n	10000de6 <alarm_pool_irq_handler+0x116>
10000fa2:	4653      	mov	r3, sl
10000fa4:	cb0c      	ldmia	r3, {r2, r3}
10000fa6:	9200      	str	r2, [sp, #0]
10000fa8:	9301      	str	r3, [sp, #4]
10000faa:	e70d      	b.n	10000dc8 <alarm_pool_irq_handler+0xf8>
10000fac:	4582      	cmp	sl, r0
10000fae:	d800      	bhi.n	10000fb2 <alarm_pool_irq_handler+0x2e2>
10000fb0:	e747      	b.n	10000e42 <alarm_pool_irq_handler+0x172>
10000fb2:	e74c      	b.n	10000e4e <alarm_pool_irq_handler+0x17e>
10000fb4:	20001c9c 	.word	0x20001c9c
10000fb8:	4005703c 	.word	0x4005703c
10000fbc:	10000cd1 	.word	0x10000cd1
10000fc0:	40054000 	.word	0x40054000

10000fc4 <sleep_until_callback>:
10000fc4:	4807      	ldr	r0, [pc, #28]	@ (10000fe4 <sleep_until_callback+0x20>)
10000fc6:	b510      	push	{r4, lr}
10000fc8:	6802      	ldr	r2, [r0, #0]
10000fca:	f3ef 8110 	mrs	r1, PRIMASK
10000fce:	b672      	cpsid	i
10000fd0:	6813      	ldr	r3, [r2, #0]
10000fd2:	2b00      	cmp	r3, #0
10000fd4:	d0fc      	beq.n	10000fd0 <sleep_until_callback+0xc>
10000fd6:	f3bf 8f5f 	dmb	sy
10000fda:	f003 fd8f 	bl	10004afc <vPortLockInternalSpinUnlockWithNotify>
10000fde:	2000      	movs	r0, #0
10000fe0:	2100      	movs	r1, #0
10000fe2:	bd10      	pop	{r4, pc}
10000fe4:	20002060 	.word	0x20002060

10000fe8 <runtime_init_default_alarm_pool>:
10000fe8:	b570      	push	{r4, r5, r6, lr}
10000fea:	4c2d      	ldr	r4, [pc, #180]	@ (100010a0 <runtime_init_default_alarm_pool+0xb8>)
10000fec:	6925      	ldr	r5, [r4, #16]
10000fee:	2d00      	cmp	r5, #0
10000ff0:	d004      	beq.n	10000ffc <runtime_init_default_alarm_pool+0x14>
10000ff2:	210a      	movs	r1, #10
10000ff4:	482b      	ldr	r0, [pc, #172]	@ (100010a4 <runtime_init_default_alarm_pool+0xbc>)
10000ff6:	f7ff fe29 	bl	10000c4c <lock_init>
10000ffa:	bd70      	pop	{r4, r5, r6, pc}
10000ffc:	4e2a      	ldr	r6, [pc, #168]	@ (100010a8 <runtime_init_default_alarm_pool+0xc0>)
10000ffe:	2103      	movs	r1, #3
10001000:	4829      	ldr	r0, [pc, #164]	@ (100010a8 <runtime_init_default_alarm_pool+0xc0>)
10001002:	f000 fae5 	bl	100015d0 <timer_hardware_alarm_claim>
10001006:	60e6      	str	r6, [r4, #12]
10001008:	f7ff fb48 	bl	1000069c <next_striped_spin_lock_num>
1000100c:	4b27      	ldr	r3, [pc, #156]	@ (100010ac <runtime_init_default_alarm_pool+0xc4>)
1000100e:	2203      	movs	r2, #3
10001010:	18c0      	adds	r0, r0, r3
10001012:	23d0      	movs	r3, #208	@ 0xd0
10001014:	7022      	strb	r2, [r4, #0]
10001016:	061b      	lsls	r3, r3, #24
10001018:	681b      	ldr	r3, [r3, #0]
1000101a:	2101      	movs	r1, #1
1000101c:	7063      	strb	r3, [r4, #1]
1000101e:	4b24      	ldr	r3, [pc, #144]	@ (100010b0 <runtime_init_default_alarm_pool+0xc8>)
10001020:	0080      	lsls	r0, r0, #2
10001022:	60a3      	str	r3, [r4, #8]
10001024:	230f      	movs	r3, #15
10001026:	6120      	str	r0, [r4, #16]
10001028:	2002      	movs	r0, #2
1000102a:	8063      	strh	r3, [r4, #2]
1000102c:	6963      	ldr	r3, [r4, #20]
1000102e:	4249      	negs	r1, r1
10001030:	80a1      	strh	r1, [r4, #4]
10001032:	8019      	strh	r1, [r3, #0]
10001034:	3102      	adds	r1, #2
10001036:	8619      	strh	r1, [r3, #48]	@ 0x30
10001038:	3147      	adds	r1, #71	@ 0x47
1000103a:	831d      	strh	r5, [r3, #24]
1000103c:	5258      	strh	r0, [r3, r1]
1000103e:	3118      	adds	r1, #24
10001040:	525a      	strh	r2, [r3, r1]
10001042:	3275      	adds	r2, #117	@ 0x75
10001044:	395c      	subs	r1, #92	@ 0x5c
10001046:	5299      	strh	r1, [r3, r2]
10001048:	3218      	adds	r2, #24
1000104a:	3101      	adds	r1, #1
1000104c:	5299      	strh	r1, [r3, r2]
1000104e:	3218      	adds	r2, #24
10001050:	3101      	adds	r1, #1
10001052:	5299      	strh	r1, [r3, r2]
10001054:	3218      	adds	r2, #24
10001056:	3101      	adds	r1, #1
10001058:	5299      	strh	r1, [r3, r2]
1000105a:	3508      	adds	r5, #8
1000105c:	3218      	adds	r2, #24
1000105e:	529d      	strh	r5, [r3, r2]
10001060:	3102      	adds	r1, #2
10001062:	3218      	adds	r2, #24
10001064:	5299      	strh	r1, [r3, r2]
10001066:	3218      	adds	r2, #24
10001068:	3101      	adds	r1, #1
1000106a:	5299      	strh	r1, [r3, r2]
1000106c:	3218      	adds	r2, #24
1000106e:	3101      	adds	r1, #1
10001070:	5299      	strh	r1, [r3, r2]
10001072:	3218      	adds	r2, #24
10001074:	3101      	adds	r1, #1
10001076:	5299      	strh	r1, [r3, r2]
10001078:	3218      	adds	r2, #24
1000107a:	3101      	adds	r1, #1
1000107c:	5299      	strh	r1, [r3, r2]
1000107e:	3218      	adds	r2, #24
10001080:	3101      	adds	r1, #1
10001082:	5299      	strh	r1, [r3, r2]
10001084:	4b0b      	ldr	r3, [pc, #44]	@ (100010b4 <runtime_init_default_alarm_pool+0xcc>)
10001086:	490c      	ldr	r1, [pc, #48]	@ (100010b8 <runtime_init_default_alarm_pool+0xd0>)
10001088:	60dc      	str	r4, [r3, #12]
1000108a:	3001      	adds	r0, #1
1000108c:	6235      	str	r5, [r6, #32]
1000108e:	f7ff fb5d 	bl	1000074c <irq_set_exclusive_handler>
10001092:	2101      	movs	r1, #1
10001094:	2003      	movs	r0, #3
10001096:	f7ff fb3f 	bl	10000718 <irq_set_enabled>
1000109a:	4b08      	ldr	r3, [pc, #32]	@ (100010bc <runtime_init_default_alarm_pool+0xd4>)
1000109c:	601d      	str	r5, [r3, #0]
1000109e:	e7a8      	b.n	10000ff2 <runtime_init_default_alarm_pool+0xa>
100010a0:	200006f0 	.word	0x200006f0
100010a4:	20002060 	.word	0x20002060
100010a8:	40054000 	.word	0x40054000
100010ac:	34000040 	.word	0x34000040
100010b0:	0010ffff 	.word	0x0010ffff
100010b4:	20001c9c 	.word	0x20001c9c
100010b8:	10000cd1 	.word	0x10000cd1
100010bc:	40056038 	.word	0x40056038

100010c0 <alarm_pool_get_default>:
100010c0:	4800      	ldr	r0, [pc, #0]	@ (100010c4 <alarm_pool_get_default+0x4>)
100010c2:	4770      	bx	lr
100010c4:	200006f0 	.word	0x200006f0

100010c8 <alarm_pool_create_on_timer_with_unused_hardware_alarm>:
100010c8:	b5f8      	push	{r3, r4, r5, r6, r7, lr}
100010ca:	0005      	movs	r5, r0
100010cc:	2018      	movs	r0, #24
100010ce:	000f      	movs	r7, r1
100010d0:	f001 fa4a 	bl	10002568 <__wrap_malloc>
100010d4:	1e04      	subs	r4, r0, #0
100010d6:	d041      	beq.n	1000115c <alarm_pool_create_on_timer_with_unused_hardware_alarm+0x94>
100010d8:	2118      	movs	r1, #24
100010da:	0038      	movs	r0, r7
100010dc:	f001 fa62 	bl	100025a4 <__wrap_calloc>
100010e0:	6160      	str	r0, [r4, #20]
100010e2:	2800      	cmp	r0, #0
100010e4:	d037      	beq.n	10001156 <alarm_pool_create_on_timer_with_unused_hardware_alarm+0x8e>
100010e6:	2101      	movs	r1, #1
100010e8:	0028      	movs	r0, r5
100010ea:	f000 fa83 	bl	100015f4 <timer_hardware_alarm_claim_unused>
100010ee:	60e5      	str	r5, [r4, #12]
100010f0:	0006      	movs	r6, r0
100010f2:	f7ff fad3 	bl	1000069c <next_striped_spin_lock_num>
100010f6:	4b1a      	ldr	r3, [pc, #104]	@ (10001160 <alarm_pool_create_on_timer_with_unused_hardware_alarm+0x98>)
100010f8:	7026      	strb	r6, [r4, #0]
100010fa:	18c0      	adds	r0, r0, r3
100010fc:	23d0      	movs	r3, #208	@ 0xd0
100010fe:	061b      	lsls	r3, r3, #24
10001100:	681b      	ldr	r3, [r3, #0]
10001102:	0080      	lsls	r0, r0, #2
10001104:	7063      	strb	r3, [r4, #1]
10001106:	2301      	movs	r3, #1
10001108:	425b      	negs	r3, r3
1000110a:	8123      	strh	r3, [r4, #8]
1000110c:	80a3      	strh	r3, [r4, #4]
1000110e:	18fb      	adds	r3, r7, r3
10001110:	6120      	str	r0, [r4, #16]
10001112:	8167      	strh	r7, [r4, #10]
10001114:	8063      	strh	r3, [r4, #2]
10001116:	2f00      	cmp	r7, #0
10001118:	d00a      	beq.n	10001130 <alarm_pool_create_on_timer_with_unused_hardware_alarm+0x68>
1000111a:	0079      	lsls	r1, r7, #1
1000111c:	6963      	ldr	r3, [r4, #20]
1000111e:	19c9      	adds	r1, r1, r7
10001120:	00c9      	lsls	r1, r1, #3
10001122:	4a10      	ldr	r2, [pc, #64]	@ (10001164 <alarm_pool_create_on_timer_with_unused_hardware_alarm+0x9c>)
10001124:	18c9      	adds	r1, r1, r3
10001126:	801a      	strh	r2, [r3, #0]
10001128:	3318      	adds	r3, #24
1000112a:	3201      	adds	r2, #1
1000112c:	428b      	cmp	r3, r1
1000112e:	d1fa      	bne.n	10001126 <alarm_pool_create_on_timer_with_unused_hardware_alarm+0x5e>
10001130:	2701      	movs	r7, #1
10001132:	40b7      	lsls	r7, r6
10001134:	4b0c      	ldr	r3, [pc, #48]	@ (10001168 <alarm_pool_create_on_timer_with_unused_hardware_alarm+0xa0>)
10001136:	00b2      	lsls	r2, r6, #2
10001138:	0030      	movs	r0, r6
1000113a:	490c      	ldr	r1, [pc, #48]	@ (1000116c <alarm_pool_create_on_timer_with_unused_hardware_alarm+0xa4>)
1000113c:	622f      	str	r7, [r5, #32]
1000113e:	50d4      	str	r4, [r2, r3]
10001140:	f7ff fb04 	bl	1000074c <irq_set_exclusive_handler>
10001144:	2101      	movs	r1, #1
10001146:	0030      	movs	r0, r6
10001148:	f7ff fae6 	bl	10000718 <irq_set_enabled>
1000114c:	4b08      	ldr	r3, [pc, #32]	@ (10001170 <alarm_pool_create_on_timer_with_unused_hardware_alarm+0xa8>)
1000114e:	18ed      	adds	r5, r5, r3
10001150:	602f      	str	r7, [r5, #0]
10001152:	0020      	movs	r0, r4
10001154:	bdf8      	pop	{r3, r4, r5, r6, r7, pc}
10001156:	0020      	movs	r0, r4
10001158:	f001 fa46 	bl	100025e8 <__wrap_free>
1000115c:	2400      	movs	r4, #0
1000115e:	e7f8      	b.n	10001152 <alarm_pool_create_on_timer_with_unused_hardware_alarm+0x8a>
10001160:	34000040 	.word	0x34000040
10001164:	0000ffff 	.word	0x0000ffff
10001168:	20001c9c 	.word	0x20001c9c
1000116c:	10000cd1 	.word	0x10000cd1
10001170:	00002038 	.word	0x00002038

10001174 <alarm_pool_destroy>:
10001174:	4b12      	ldr	r3, [pc, #72]	@ (100011c0 <alarm_pool_destroy+0x4c>)
10001176:	b570      	push	{r4, r5, r6, lr}
10001178:	0004      	movs	r4, r0
1000117a:	4298      	cmp	r0, r3
1000117c:	d01e      	beq.n	100011bc <alarm_pool_destroy+0x48>
1000117e:	2301      	movs	r3, #1
10001180:	7805      	ldrb	r5, [r0, #0]
10001182:	68c6      	ldr	r6, [r0, #12]
10001184:	40ab      	lsls	r3, r5
10001186:	4a0f      	ldr	r2, [pc, #60]	@ (100011c4 <alarm_pool_destroy+0x50>)
10001188:	6233      	str	r3, [r6, #32]
1000118a:	18b2      	adds	r2, r6, r2
1000118c:	6013      	str	r3, [r2, #0]
1000118e:	2101      	movs	r1, #1
10001190:	0028      	movs	r0, r5
10001192:	f7ff fac1 	bl	10000718 <irq_set_enabled>
10001196:	0028      	movs	r0, r5
10001198:	490b      	ldr	r1, [pc, #44]	@ (100011c8 <alarm_pool_destroy+0x54>)
1000119a:	f7ff fbdd 	bl	10000958 <irq_remove_handler>
1000119e:	0029      	movs	r1, r5
100011a0:	0030      	movs	r0, r6
100011a2:	f000 fa1f 	bl	100015e4 <timer_hardware_alarm_unclaim>
100011a6:	2100      	movs	r1, #0
100011a8:	7822      	ldrb	r2, [r4, #0]
100011aa:	4b08      	ldr	r3, [pc, #32]	@ (100011cc <alarm_pool_destroy+0x58>)
100011ac:	6960      	ldr	r0, [r4, #20]
100011ae:	0092      	lsls	r2, r2, #2
100011b0:	50d1      	str	r1, [r2, r3]
100011b2:	f001 fa19 	bl	100025e8 <__wrap_free>
100011b6:	0020      	movs	r0, r4
100011b8:	f001 fa16 	bl	100025e8 <__wrap_free>
100011bc:	bd70      	pop	{r4, r5, r6, pc}
100011be:	46c0      	nop			@ (mov r8, r8)
100011c0:	200006f0 	.word	0x200006f0
100011c4:	00003038 	.word	0x00003038
100011c8:	10000cd1 	.word	0x10000cd1
100011cc:	20001c9c 	.word	0x20001c9c

100011d0 <alarm_pool_add_alarm_at>:
100011d0:	b5f8      	push	{r3, r4, r5, r6, r7, lr}
100011d2:	001f      	movs	r7, r3
100011d4:	ab08      	add	r3, sp, #32
100011d6:	781b      	ldrb	r3, [r3, #0]
100011d8:	0004      	movs	r4, r0
100011da:	0016      	movs	r6, r2
100011dc:	2b00      	cmp	r3, #0
100011de:	d107      	bne.n	100011f0 <alarm_pool_add_alarm_at+0x20>
100011e0:	f000 fa20 	bl	10001624 <time_us_64>
100011e4:	0032      	movs	r2, r6
100011e6:	003b      	movs	r3, r7
100011e8:	1a12      	subs	r2, r2, r0
100011ea:	418b      	sbcs	r3, r1
100011ec:	2b00      	cmp	r3, #0
100011ee:	db51      	blt.n	10001294 <alarm_pool_add_alarm_at+0xc4>
100011f0:	6922      	ldr	r2, [r4, #16]
100011f2:	f3ef 8c10 	mrs	ip, PRIMASK
100011f6:	b672      	cpsid	i
100011f8:	6813      	ldr	r3, [r2, #0]
100011fa:	2b00      	cmp	r3, #0
100011fc:	d0fc      	beq.n	100011f8 <alarm_pool_add_alarm_at+0x28>
100011fe:	f3bf 8f5f 	dmb	sy
10001202:	2302      	movs	r3, #2
10001204:	5ee1      	ldrsh	r1, [r4, r3]
10001206:	6925      	ldr	r5, [r4, #16]
10001208:	2900      	cmp	r1, #0
1000120a:	db3a      	blt.n	10001282 <alarm_pool_add_alarm_at+0xb2>
1000120c:	004b      	lsls	r3, r1, #1
1000120e:	6960      	ldr	r0, [r4, #20]
10001210:	185b      	adds	r3, r3, r1
10001212:	00db      	lsls	r3, r3, #3
10001214:	18c2      	adds	r2, r0, r3
10001216:	5ac3      	ldrh	r3, [r0, r3]
10001218:	8063      	strh	r3, [r4, #2]
1000121a:	f3bf 8f5f 	dmb	sy
1000121e:	2300      	movs	r3, #0
10001220:	602b      	str	r3, [r5, #0]
10001222:	f38c 8810 	msr	PRIMASK, ip
10001226:	9b06      	ldr	r3, [sp, #24]
10001228:	6096      	str	r6, [r2, #8]
1000122a:	60d7      	str	r7, [r2, #12]
1000122c:	6113      	str	r3, [r2, #16]
1000122e:	9b07      	ldr	r3, [sp, #28]
10001230:	6153      	str	r3, [r2, #20]
10001232:	8853      	ldrh	r3, [r2, #2]
10001234:	3301      	adds	r3, #1
10001236:	045b      	lsls	r3, r3, #17
10001238:	0c5b      	lsrs	r3, r3, #17
1000123a:	1c18      	adds	r0, r3, #0
1000123c:	2b00      	cmp	r3, #0
1000123e:	d01e      	beq.n	1000127e <alarm_pool_add_alarm_at+0xae>
10001240:	b283      	uxth	r3, r0
10001242:	8050      	strh	r0, [r2, #2]
10001244:	0408      	lsls	r0, r1, #16
10001246:	4318      	orrs	r0, r3
10001248:	6925      	ldr	r5, [r4, #16]
1000124a:	f3ef 8610 	mrs	r6, PRIMASK
1000124e:	b672      	cpsid	i
10001250:	682b      	ldr	r3, [r5, #0]
10001252:	2b00      	cmp	r3, #0
10001254:	d0fc      	beq.n	10001250 <alarm_pool_add_alarm_at+0x80>
10001256:	f3bf 8f5f 	dmb	sy
1000125a:	88a3      	ldrh	r3, [r4, #4]
1000125c:	8013      	strh	r3, [r2, #0]
1000125e:	80a1      	strh	r1, [r4, #4]
10001260:	6923      	ldr	r3, [r4, #16]
10001262:	f3bf 8f5f 	dmb	sy
10001266:	2200      	movs	r2, #0
10001268:	601a      	str	r2, [r3, #0]
1000126a:	f386 8810 	msr	PRIMASK, r6
1000126e:	7823      	ldrb	r3, [r4, #0]
10001270:	3201      	adds	r2, #1
10001272:	409a      	lsls	r2, r3
10001274:	4908      	ldr	r1, [pc, #32]	@ (10001298 <alarm_pool_add_alarm_at+0xc8>)
10001276:	68e3      	ldr	r3, [r4, #12]
10001278:	185b      	adds	r3, r3, r1
1000127a:	601a      	str	r2, [r3, #0]
1000127c:	bdf8      	pop	{r3, r4, r5, r6, r7, pc}
1000127e:	2001      	movs	r0, #1
10001280:	e7de      	b.n	10001240 <alarm_pool_add_alarm_at+0x70>
10001282:	f3bf 8f5f 	dmb	sy
10001286:	2300      	movs	r3, #0
10001288:	602b      	str	r3, [r5, #0]
1000128a:	f38c 8810 	msr	PRIMASK, ip
1000128e:	2001      	movs	r0, #1
10001290:	4240      	negs	r0, r0
10001292:	e7f3      	b.n	1000127c <alarm_pool_add_alarm_at+0xac>
10001294:	2000      	movs	r0, #0
10001296:	e7f1      	b.n	1000127c <alarm_pool_add_alarm_at+0xac>
10001298:	0000203c 	.word	0x0000203c

1000129c <alarm_pool_add_alarm_at_force_in_context>:
1000129c:	b570      	push	{r4, r5, r6, lr}
1000129e:	b082      	sub	sp, #8
100012a0:	9200      	str	r2, [sp, #0]
100012a2:	9301      	str	r3, [sp, #4]
100012a4:	0001      	movs	r1, r0
100012a6:	6902      	ldr	r2, [r0, #16]
100012a8:	f3ef 8410 	mrs	r4, PRIMASK
100012ac:	b672      	cpsid	i
100012ae:	6813      	ldr	r3, [r2, #0]
100012b0:	2b00      	cmp	r3, #0
100012b2:	d0fc      	beq.n	100012ae <alarm_pool_add_alarm_at_force_in_context+0x12>
100012b4:	f3bf 8f5f 	dmb	sy
100012b8:	2302      	movs	r3, #2
100012ba:	5ec8      	ldrsh	r0, [r1, r3]
100012bc:	690d      	ldr	r5, [r1, #16]
100012be:	2800      	cmp	r0, #0
100012c0:	db3f      	blt.n	10001342 <alarm_pool_add_alarm_at_force_in_context+0xa6>
100012c2:	694a      	ldr	r2, [r1, #20]
100012c4:	0043      	lsls	r3, r0, #1
100012c6:	0016      	movs	r6, r2
100012c8:	181b      	adds	r3, r3, r0
100012ca:	00db      	lsls	r3, r3, #3
100012cc:	18d2      	adds	r2, r2, r3
100012ce:	5af3      	ldrh	r3, [r6, r3]
100012d0:	804b      	strh	r3, [r1, #2]
100012d2:	f3bf 8f5f 	dmb	sy
100012d6:	2300      	movs	r3, #0
100012d8:	602b      	str	r3, [r5, #0]
100012da:	f384 8810 	msr	PRIMASK, r4
100012de:	9b06      	ldr	r3, [sp, #24]
100012e0:	6113      	str	r3, [r2, #16]
100012e2:	9b07      	ldr	r3, [sp, #28]
100012e4:	6153      	str	r3, [r2, #20]
100012e6:	9b00      	ldr	r3, [sp, #0]
100012e8:	9c01      	ldr	r4, [sp, #4]
100012ea:	6093      	str	r3, [r2, #8]
100012ec:	60d4      	str	r4, [r2, #12]
100012ee:	8853      	ldrh	r3, [r2, #2]
100012f0:	3301      	adds	r3, #1
100012f2:	045b      	lsls	r3, r3, #17
100012f4:	0c5b      	lsrs	r3, r3, #17
100012f6:	1c1d      	adds	r5, r3, #0
100012f8:	2b00      	cmp	r3, #0
100012fa:	d020      	beq.n	1000133e <alarm_pool_add_alarm_at_force_in_context+0xa2>
100012fc:	b2ac      	uxth	r4, r5
100012fe:	0403      	lsls	r3, r0, #16
10001300:	8055      	strh	r5, [r2, #2]
10001302:	4323      	orrs	r3, r4
10001304:	690d      	ldr	r5, [r1, #16]
10001306:	f3ef 8c10 	mrs	ip, PRIMASK
1000130a:	b672      	cpsid	i
1000130c:	682c      	ldr	r4, [r5, #0]
1000130e:	2c00      	cmp	r4, #0
10001310:	d0fc      	beq.n	1000130c <alarm_pool_add_alarm_at_force_in_context+0x70>
10001312:	f3bf 8f5f 	dmb	sy
10001316:	888c      	ldrh	r4, [r1, #4]
10001318:	8014      	strh	r4, [r2, #0]
1000131a:	8088      	strh	r0, [r1, #4]
1000131c:	690a      	ldr	r2, [r1, #16]
1000131e:	f3bf 8f5f 	dmb	sy
10001322:	2000      	movs	r0, #0
10001324:	6010      	str	r0, [r2, #0]
10001326:	f38c 8810 	msr	PRIMASK, ip
1000132a:	780a      	ldrb	r2, [r1, #0]
1000132c:	3001      	adds	r0, #1
1000132e:	4090      	lsls	r0, r2
10001330:	68ca      	ldr	r2, [r1, #12]
10001332:	4908      	ldr	r1, [pc, #32]	@ (10001354 <alarm_pool_add_alarm_at_force_in_context+0xb8>)
10001334:	1852      	adds	r2, r2, r1
10001336:	6010      	str	r0, [r2, #0]
10001338:	0018      	movs	r0, r3
1000133a:	b002      	add	sp, #8
1000133c:	bd70      	pop	{r4, r5, r6, pc}
1000133e:	2501      	movs	r5, #1
10001340:	e7dc      	b.n	100012fc <alarm_pool_add_alarm_at_force_in_context+0x60>
10001342:	f3bf 8f5f 	dmb	sy
10001346:	2300      	movs	r3, #0
10001348:	602b      	str	r3, [r5, #0]
1000134a:	f384 8810 	msr	PRIMASK, r4
1000134e:	3b01      	subs	r3, #1
10001350:	e7f2      	b.n	10001338 <alarm_pool_add_alarm_at_force_in_context+0x9c>
10001352:	46c0      	nop			@ (mov r8, r8)
10001354:	0000203c 	.word	0x0000203c

10001358 <alarm_pool_cancel_alarm>:
10001358:	b510      	push	{r4, lr}
1000135a:	8943      	ldrh	r3, [r0, #10]
1000135c:	140a      	asrs	r2, r1, #16
1000135e:	4293      	cmp	r3, r2
10001360:	dd1a      	ble.n	10001398 <alarm_pool_cancel_alarm+0x40>
10001362:	0053      	lsls	r3, r2, #1
10001364:	189b      	adds	r3, r3, r2
10001366:	6942      	ldr	r2, [r0, #20]
10001368:	00db      	lsls	r3, r3, #3
1000136a:	18d3      	adds	r3, r2, r3
1000136c:	6904      	ldr	r4, [r0, #16]
1000136e:	f3ef 8c10 	mrs	ip, PRIMASK
10001372:	b672      	cpsid	i
10001374:	6822      	ldr	r2, [r4, #0]
10001376:	2a00      	cmp	r2, #0
10001378:	d0fc      	beq.n	10001374 <alarm_pool_cancel_alarm+0x1c>
1000137a:	f3bf 8f5f 	dmb	sy
1000137e:	885a      	ldrh	r2, [r3, #2]
10001380:	0409      	lsls	r1, r1, #16
10001382:	b294      	uxth	r4, r2
10001384:	0c09      	lsrs	r1, r1, #16
10001386:	428a      	cmp	r2, r1
10001388:	d008      	beq.n	1000139c <alarm_pool_cancel_alarm+0x44>
1000138a:	6903      	ldr	r3, [r0, #16]
1000138c:	f3bf 8f5f 	dmb	sy
10001390:	2200      	movs	r2, #0
10001392:	601a      	str	r2, [r3, #0]
10001394:	f38c 8810 	msr	PRIMASK, ip
10001398:	2000      	movs	r0, #0
1000139a:	bd10      	pop	{r4, pc}
1000139c:	4a09      	ldr	r2, [pc, #36]	@ (100013c4 <alarm_pool_cancel_alarm+0x6c>)
1000139e:	4322      	orrs	r2, r4
100013a0:	805a      	strh	r2, [r3, #2]
100013a2:	2301      	movs	r3, #1
100013a4:	6902      	ldr	r2, [r0, #16]
100013a6:	7183      	strb	r3, [r0, #6]
100013a8:	f3bf 8f5f 	dmb	sy
100013ac:	2100      	movs	r1, #0
100013ae:	6011      	str	r1, [r2, #0]
100013b0:	f38c 8810 	msr	PRIMASK, ip
100013b4:	7802      	ldrb	r2, [r0, #0]
100013b6:	4904      	ldr	r1, [pc, #16]	@ (100013c8 <alarm_pool_cancel_alarm+0x70>)
100013b8:	4093      	lsls	r3, r2
100013ba:	68c2      	ldr	r2, [r0, #12]
100013bc:	2001      	movs	r0, #1
100013be:	1852      	adds	r2, r2, r1
100013c0:	6013      	str	r3, [r2, #0]
100013c2:	e7ea      	b.n	1000139a <alarm_pool_cancel_alarm+0x42>
100013c4:	ffff8000 	.word	0xffff8000
100013c8:	0000203c 	.word	0x0000203c

100013cc <alarm_pool_core_num>:
100013cc:	7840      	ldrb	r0, [r0, #1]
100013ce:	4770      	bx	lr

100013d0 <sleep_until>:
100013d0:	b5f0      	push	{r4, r5, r6, r7, lr}
100013d2:	4647      	mov	r7, r8
100013d4:	46ce      	mov	lr, r9
100013d6:	0006      	movs	r6, r0
100013d8:	b580      	push	{r7, lr}
100013da:	2496      	movs	r4, #150	@ 0x96
100013dc:	4264      	negs	r4, r4
100013de:	17e5      	asrs	r5, r4, #31
100013e0:	000f      	movs	r7, r1
100013e2:	19a4      	adds	r4, r4, r6
100013e4:	417d      	adcs	r5, r7
100013e6:	b083      	sub	sp, #12
100013e8:	428d      	cmp	r5, r1
100013ea:	d815      	bhi.n	10001418 <sleep_until+0x48>
100013ec:	d012      	beq.n	10001414 <sleep_until+0x44>
100013ee:	f000 f919 	bl	10001624 <time_us_64>
100013f2:	0022      	movs	r2, r4
100013f4:	002b      	movs	r3, r5
100013f6:	1a12      	subs	r2, r2, r0
100013f8:	418b      	sbcs	r3, r1
100013fa:	2b00      	cmp	r3, #0
100013fc:	dc16      	bgt.n	1000142c <sleep_until+0x5c>
100013fe:	2b00      	cmp	r3, #0
10001400:	d040      	beq.n	10001484 <sleep_until+0xb4>
10001402:	0030      	movs	r0, r6
10001404:	0039      	movs	r1, r7
10001406:	f000 f94d 	bl	100016a4 <busy_wait_until>
1000140a:	b003      	add	sp, #12
1000140c:	bcc0      	pop	{r6, r7}
1000140e:	46b9      	mov	r9, r7
10001410:	46b0      	mov	r8, r6
10001412:	bdf0      	pop	{r4, r5, r6, r7, pc}
10001414:	4284      	cmp	r4, r0
10001416:	d9ea      	bls.n	100013ee <sleep_until+0x1e>
10001418:	2400      	movs	r4, #0
1000141a:	2500      	movs	r5, #0
1000141c:	f000 f902 	bl	10001624 <time_us_64>
10001420:	0022      	movs	r2, r4
10001422:	002b      	movs	r3, r5
10001424:	1a12      	subs	r2, r2, r0
10001426:	418b      	sbcs	r3, r1
10001428:	2b00      	cmp	r3, #0
1000142a:	dde8      	ble.n	100013fe <sleep_until+0x2e>
1000142c:	f000 f8fa 	bl	10001624 <time_us_64>
10001430:	0022      	movs	r2, r4
10001432:	002b      	movs	r3, r5
10001434:	1a12      	subs	r2, r2, r0
10001436:	418b      	sbcs	r3, r1
10001438:	2b00      	cmp	r3, #0
1000143a:	db0a      	blt.n	10001452 <sleep_until+0x82>
1000143c:	2300      	movs	r3, #0
1000143e:	9301      	str	r3, [sp, #4]
10001440:	4b12      	ldr	r3, [pc, #72]	@ (1000148c <sleep_until+0xbc>)
10001442:	0022      	movs	r2, r4
10001444:	9300      	str	r3, [sp, #0]
10001446:	4812      	ldr	r0, [pc, #72]	@ (10001490 <sleep_until+0xc0>)
10001448:	002b      	movs	r3, r5
1000144a:	f7ff ff27 	bl	1000129c <alarm_pool_add_alarm_at_force_in_context>
1000144e:	3001      	adds	r0, #1
10001450:	d0d7      	beq.n	10001402 <sleep_until+0x32>
10001452:	46a8      	mov	r8, r5
10001454:	46a1      	mov	r9, r4
10001456:	4d0f      	ldr	r5, [pc, #60]	@ (10001494 <sleep_until+0xc4>)
10001458:	4c0f      	ldr	r4, [pc, #60]	@ (10001498 <sleep_until+0xc8>)
1000145a:	6a6b      	ldr	r3, [r5, #36]	@ 0x24
1000145c:	4598      	cmp	r8, r3
1000145e:	d804      	bhi.n	1000146a <sleep_until+0x9a>
10001460:	6aaa      	ldr	r2, [r5, #40]	@ 0x28
10001462:	454a      	cmp	r2, r9
10001464:	d2cd      	bcs.n	10001402 <sleep_until+0x32>
10001466:	4598      	cmp	r8, r3
10001468:	d1cb      	bne.n	10001402 <sleep_until+0x32>
1000146a:	6822      	ldr	r2, [r4, #0]
1000146c:	f3ef 8110 	mrs	r1, PRIMASK
10001470:	b672      	cpsid	i
10001472:	6813      	ldr	r3, [r2, #0]
10001474:	2b00      	cmp	r3, #0
10001476:	d0fc      	beq.n	10001472 <sleep_until+0xa2>
10001478:	f3bf 8f5f 	dmb	sy
1000147c:	0020      	movs	r0, r4
1000147e:	f003 fb0b 	bl	10004a98 <vPortLockInternalSpinUnlockWithWait>
10001482:	e7ea      	b.n	1000145a <sleep_until+0x8a>
10001484:	2a00      	cmp	r2, #0
10001486:	d0bc      	beq.n	10001402 <sleep_until+0x32>
10001488:	e7d0      	b.n	1000142c <sleep_until+0x5c>
1000148a:	46c0      	nop			@ (mov r8, r8)
1000148c:	10000fc5 	.word	0x10000fc5
10001490:	200006f0 	.word	0x200006f0
10001494:	40054000 	.word	0x40054000
10001498:	20002060 	.word	0x20002060

1000149c <best_effort_wfe_or_timeout>:
1000149c:	b5f0      	push	{r4, r5, r6, r7, lr}
1000149e:	46ce      	mov	lr, r9
100014a0:	4647      	mov	r7, r8
100014a2:	b580      	push	{r7, lr}
100014a4:	0004      	movs	r4, r0
100014a6:	000d      	movs	r5, r1
100014a8:	b085      	sub	sp, #20
100014aa:	f3ef 8305 	mrs	r3, IPSR
100014ae:	4689      	mov	r9, r1
100014b0:	2b00      	cmp	r3, #0
100014b2:	d132      	bne.n	1000151a <best_effort_wfe_or_timeout+0x7e>
100014b4:	4e40      	ldr	r6, [pc, #256]	@ (100015b8 <best_effort_wfe_or_timeout+0x11c>)
100014b6:	6833      	ldr	r3, [r6, #0]
100014b8:	4283      	cmp	r3, r0
100014ba:	d02a      	beq.n	10001512 <best_effort_wfe_or_timeout+0x76>
100014bc:	4f3f      	ldr	r7, [pc, #252]	@ (100015bc <best_effort_wfe_or_timeout+0x120>)
100014be:	68fb      	ldr	r3, [r7, #12]
100014c0:	783a      	ldrb	r2, [r7, #0]
100014c2:	4698      	mov	r8, r3
100014c4:	0018      	movs	r0, r3
100014c6:	9203      	str	r2, [sp, #12]
100014c8:	f000 f8a4 	bl	10001614 <timer_time_us_64>
100014cc:	9a03      	ldr	r2, [sp, #12]
100014ce:	1d13      	adds	r3, r2, #4
100014d0:	4642      	mov	r2, r8
100014d2:	009b      	lsls	r3, r3, #2
100014d4:	589b      	ldr	r3, [r3, r2]
100014d6:	0022      	movs	r2, r4
100014d8:	1a1b      	subs	r3, r3, r0
100014da:	469c      	mov	ip, r3
100014dc:	002b      	movs	r3, r5
100014de:	1a12      	subs	r2, r2, r0
100014e0:	418b      	sbcs	r3, r1
100014e2:	0019      	movs	r1, r3
100014e4:	2300      	movs	r3, #0
100014e6:	0010      	movs	r0, r2
100014e8:	428b      	cmp	r3, r1
100014ea:	dc25      	bgt.n	10001538 <best_effort_wfe_or_timeout+0x9c>
100014ec:	d022      	beq.n	10001534 <best_effort_wfe_or_timeout+0x98>
100014ee:	bf20      	wfe
100014f0:	4b33      	ldr	r3, [pc, #204]	@ (100015c0 <best_effort_wfe_or_timeout+0x124>)
100014f2:	6a58      	ldr	r0, [r3, #36]	@ 0x24
100014f4:	4548      	cmp	r0, r9
100014f6:	d32b      	bcc.n	10001550 <best_effort_wfe_or_timeout+0xb4>
100014f8:	1b40      	subs	r0, r0, r5
100014fa:	6a9a      	ldr	r2, [r3, #40]	@ 0x28
100014fc:	1e43      	subs	r3, r0, #1
100014fe:	4198      	sbcs	r0, r3
10001500:	2300      	movs	r3, #0
10001502:	42a2      	cmp	r2, r4
10001504:	415b      	adcs	r3, r3
10001506:	4318      	orrs	r0, r3
10001508:	b005      	add	sp, #20
1000150a:	bcc0      	pop	{r6, r7}
1000150c:	46b9      	mov	r9, r7
1000150e:	46b0      	mov	r8, r6
10001510:	bdf0      	pop	{r4, r5, r6, r7, pc}
10001512:	6873      	ldr	r3, [r6, #4]
10001514:	428b      	cmp	r3, r1
10001516:	d1d1      	bne.n	100014bc <best_effort_wfe_or_timeout+0x20>
10001518:	e7e9      	b.n	100014ee <best_effort_wfe_or_timeout+0x52>
1000151a:	4929      	ldr	r1, [pc, #164]	@ (100015c0 <best_effort_wfe_or_timeout+0x124>)
1000151c:	2000      	movs	r0, #0
1000151e:	6a4b      	ldr	r3, [r1, #36]	@ 0x24
10001520:	42ab      	cmp	r3, r5
10001522:	d3f1      	bcc.n	10001508 <best_effort_wfe_or_timeout+0x6c>
10001524:	6a8a      	ldr	r2, [r1, #40]	@ 0x28
10001526:	1b5b      	subs	r3, r3, r5
10001528:	1e59      	subs	r1, r3, #1
1000152a:	418b      	sbcs	r3, r1
1000152c:	42a2      	cmp	r2, r4
1000152e:	4140      	adcs	r0, r0
10001530:	4318      	orrs	r0, r3
10001532:	e7e9      	b.n	10001508 <best_effort_wfe_or_timeout+0x6c>
10001534:	4584      	cmp	ip, r0
10001536:	d9da      	bls.n	100014ee <best_effort_wfe_or_timeout+0x52>
10001538:	f000 f874 	bl	10001624 <time_us_64>
1000153c:	0022      	movs	r2, r4
1000153e:	002b      	movs	r3, r5
10001540:	1a12      	subs	r2, r2, r0
10001542:	418b      	sbcs	r3, r1
10001544:	2b00      	cmp	r3, #0
10001546:	da05      	bge.n	10001554 <best_effort_wfe_or_timeout+0xb8>
10001548:	4a1d      	ldr	r2, [pc, #116]	@ (100015c0 <best_effort_wfe_or_timeout+0x124>)
1000154a:	6a53      	ldr	r3, [r2, #36]	@ 0x24
1000154c:	454b      	cmp	r3, r9
1000154e:	d229      	bcs.n	100015a4 <best_effort_wfe_or_timeout+0x108>
10001550:	2000      	movs	r0, #0
10001552:	e7d9      	b.n	10001508 <best_effort_wfe_or_timeout+0x6c>
10001554:	2300      	movs	r3, #0
10001556:	9301      	str	r3, [sp, #4]
10001558:	4b1a      	ldr	r3, [pc, #104]	@ (100015c4 <best_effort_wfe_or_timeout+0x128>)
1000155a:	0022      	movs	r2, r4
1000155c:	9300      	str	r3, [sp, #0]
1000155e:	0038      	movs	r0, r7
10001560:	002b      	movs	r3, r5
10001562:	f7ff fe9b 	bl	1000129c <alarm_pool_add_alarm_at_force_in_context>
10001566:	2800      	cmp	r0, #0
10001568:	ddee      	ble.n	10001548 <best_effort_wfe_or_timeout+0xac>
1000156a:	4b15      	ldr	r3, [pc, #84]	@ (100015c0 <best_effort_wfe_or_timeout+0x124>)
1000156c:	c630      	stmia	r6!, {r4, r5}
1000156e:	6a5a      	ldr	r2, [r3, #36]	@ 0x24
10001570:	454a      	cmp	r2, r9
10001572:	d315      	bcc.n	100015a0 <best_effort_wfe_or_timeout+0x104>
10001574:	6a9b      	ldr	r3, [r3, #40]	@ 0x28
10001576:	42a3      	cmp	r3, r4
10001578:	d310      	bcc.n	1000159c <best_effort_wfe_or_timeout+0x100>
1000157a:	0001      	movs	r1, r0
1000157c:	0038      	movs	r0, r7
1000157e:	f7ff feeb 	bl	10001358 <alarm_pool_cancel_alarm>
10001582:	4a0f      	ldr	r2, [pc, #60]	@ (100015c0 <best_effort_wfe_or_timeout+0x124>)
10001584:	2000      	movs	r0, #0
10001586:	6a53      	ldr	r3, [r2, #36]	@ 0x24
10001588:	454b      	cmp	r3, r9
1000158a:	d3bd      	bcc.n	10001508 <best_effort_wfe_or_timeout+0x6c>
1000158c:	6a92      	ldr	r2, [r2, #40]	@ 0x28
1000158e:	1b5b      	subs	r3, r3, r5
10001590:	1e59      	subs	r1, r3, #1
10001592:	418b      	sbcs	r3, r1
10001594:	42a2      	cmp	r2, r4
10001596:	4140      	adcs	r0, r0
10001598:	4318      	orrs	r0, r3
1000159a:	e7b5      	b.n	10001508 <best_effort_wfe_or_timeout+0x6c>
1000159c:	454a      	cmp	r2, r9
1000159e:	d1ec      	bne.n	1000157a <best_effort_wfe_or_timeout+0xde>
100015a0:	bf20      	wfe
100015a2:	e7ea      	b.n	1000157a <best_effort_wfe_or_timeout+0xde>
100015a4:	2000      	movs	r0, #0
100015a6:	6a92      	ldr	r2, [r2, #40]	@ 0x28
100015a8:	1b5b      	subs	r3, r3, r5
100015aa:	42a2      	cmp	r2, r4
100015ac:	4140      	adcs	r0, r0
100015ae:	1e5a      	subs	r2, r3, #1
100015b0:	4193      	sbcs	r3, r2
100015b2:	4318      	orrs	r0, r3
100015b4:	e7a8      	b.n	10001508 <best_effort_wfe_or_timeout+0x6c>
100015b6:	46c0      	nop			@ (mov r8, r8)
100015b8:	200006e8 	.word	0x200006e8
100015bc:	200006f0 	.word	0x200006f0
100015c0:	40054000 	.word	0x40054000
100015c4:	10000fc5 	.word	0x10000fc5

100015c8 <alarm_pool_get_default_timer>:
100015c8:	4800      	ldr	r0, [pc, #0]	@ (100015cc <alarm_pool_get_default_timer+0x4>)
100015ca:	4770      	bx	lr
100015cc:	40054000 	.word	0x40054000

100015d0 <timer_hardware_alarm_claim>:
100015d0:	b510      	push	{r4, lr}
100015d2:	4a02      	ldr	r2, [pc, #8]	@ (100015dc <timer_hardware_alarm_claim+0xc>)
100015d4:	4802      	ldr	r0, [pc, #8]	@ (100015e0 <timer_hardware_alarm_claim+0x10>)
100015d6:	f7fe ffd5 	bl	10000584 <hw_claim_or_assert>
100015da:	bd10      	pop	{r4, pc}
100015dc:	1000b3a4 	.word	0x1000b3a4
100015e0:	20001364 	.word	0x20001364

100015e4 <timer_hardware_alarm_unclaim>:
100015e4:	b510      	push	{r4, lr}
100015e6:	4802      	ldr	r0, [pc, #8]	@ (100015f0 <timer_hardware_alarm_unclaim+0xc>)
100015e8:	f7ff f838 	bl	1000065c <hw_claim_clear>
100015ec:	bd10      	pop	{r4, pc}
100015ee:	46c0      	nop			@ (mov r8, r8)
100015f0:	20001364 	.word	0x20001364

100015f4 <timer_hardware_alarm_claim_unused>:
100015f4:	b500      	push	{lr}
100015f6:	4b05      	ldr	r3, [pc, #20]	@ (1000160c <timer_hardware_alarm_claim_unused+0x18>)
100015f8:	b083      	sub	sp, #12
100015fa:	9300      	str	r3, [sp, #0]
100015fc:	2200      	movs	r2, #0
100015fe:	2303      	movs	r3, #3
10001600:	4803      	ldr	r0, [pc, #12]	@ (10001610 <timer_hardware_alarm_claim_unused+0x1c>)
10001602:	f7fe ffe7 	bl	100005d4 <hw_claim_unused_from_range>
10001606:	b003      	add	sp, #12
10001608:	bd00      	pop	{pc}
1000160a:	46c0      	nop			@ (mov r8, r8)
1000160c:	1000b3c8 	.word	0x1000b3c8
10001610:	20001364 	.word	0x20001364

10001614 <timer_time_us_64>:
10001614:	0003      	movs	r3, r0
10001616:	6a41      	ldr	r1, [r0, #36]	@ 0x24
10001618:	000a      	movs	r2, r1
1000161a:	6a98      	ldr	r0, [r3, #40]	@ 0x28
1000161c:	6a59      	ldr	r1, [r3, #36]	@ 0x24
1000161e:	428a      	cmp	r2, r1
10001620:	d1fa      	bne.n	10001618 <timer_time_us_64+0x4>
10001622:	4770      	bx	lr

10001624 <time_us_64>:
10001624:	4b03      	ldr	r3, [pc, #12]	@ (10001634 <time_us_64+0x10>)
10001626:	6a59      	ldr	r1, [r3, #36]	@ 0x24
10001628:	000a      	movs	r2, r1
1000162a:	6a98      	ldr	r0, [r3, #40]	@ 0x28
1000162c:	6a59      	ldr	r1, [r3, #36]	@ 0x24
1000162e:	4291      	cmp	r1, r2
10001630:	d1fa      	bne.n	10001628 <time_us_64+0x4>
10001632:	4770      	bx	lr
10001634:	40054000 	.word	0x40054000

10001638 <busy_wait_us>:
10001638:	b570      	push	{r4, r5, r6, lr}
1000163a:	0005      	movs	r5, r0
1000163c:	000e      	movs	r6, r1
1000163e:	4a18      	ldr	r2, [pc, #96]	@ (100016a0 <busy_wait_us+0x68>)
10001640:	6a53      	ldr	r3, [r2, #36]	@ 0x24
10001642:	0019      	movs	r1, r3
10001644:	6a94      	ldr	r4, [r2, #40]	@ 0x28
10001646:	6a53      	ldr	r3, [r2, #36]	@ 0x24
10001648:	428b      	cmp	r3, r1
1000164a:	d1fa      	bne.n	10001642 <busy_wait_us+0xa>
1000164c:	0020      	movs	r0, r4
1000164e:	0019      	movs	r1, r3
10001650:	002c      	movs	r4, r5
10001652:	0035      	movs	r5, r6
10001654:	1824      	adds	r4, r4, r0
10001656:	414d      	adcs	r5, r1
10001658:	42ab      	cmp	r3, r5
1000165a:	d816      	bhi.n	1000168a <busy_wait_us+0x52>
1000165c:	d013      	beq.n	10001686 <busy_wait_us+0x4e>
1000165e:	4b10      	ldr	r3, [pc, #64]	@ (100016a0 <busy_wait_us+0x68>)
10001660:	002a      	movs	r2, r5
10001662:	6a5b      	ldr	r3, [r3, #36]	@ 0x24
10001664:	429d      	cmp	r5, r3
10001666:	d903      	bls.n	10001670 <busy_wait_us+0x38>
10001668:	490d      	ldr	r1, [pc, #52]	@ (100016a0 <busy_wait_us+0x68>)
1000166a:	6a4b      	ldr	r3, [r1, #36]	@ 0x24
1000166c:	4293      	cmp	r3, r2
1000166e:	d3fc      	bcc.n	1000166a <busy_wait_us+0x32>
10001670:	4293      	cmp	r3, r2
10001672:	d107      	bne.n	10001684 <busy_wait_us+0x4c>
10001674:	4a0a      	ldr	r2, [pc, #40]	@ (100016a0 <busy_wait_us+0x68>)
10001676:	e002      	b.n	1000167e <busy_wait_us+0x46>
10001678:	6a51      	ldr	r1, [r2, #36]	@ 0x24
1000167a:	4299      	cmp	r1, r3
1000167c:	d102      	bne.n	10001684 <busy_wait_us+0x4c>
1000167e:	6a91      	ldr	r1, [r2, #40]	@ 0x28
10001680:	42a1      	cmp	r1, r4
10001682:	d3f9      	bcc.n	10001678 <busy_wait_us+0x40>
10001684:	bd70      	pop	{r4, r5, r6, pc}
10001686:	42a0      	cmp	r0, r4
10001688:	d9e9      	bls.n	1000165e <busy_wait_us+0x26>
1000168a:	4b05      	ldr	r3, [pc, #20]	@ (100016a0 <busy_wait_us+0x68>)
1000168c:	6a5b      	ldr	r3, [r3, #36]	@ 0x24
1000168e:	001c      	movs	r4, r3
10001690:	1c5a      	adds	r2, r3, #1
10001692:	d0ef      	beq.n	10001674 <busy_wait_us+0x3c>
10001694:	2201      	movs	r2, #1
10001696:	2401      	movs	r4, #1
10001698:	4264      	negs	r4, r4
1000169a:	17e5      	asrs	r5, r4, #31
1000169c:	4252      	negs	r2, r2
1000169e:	e7e3      	b.n	10001668 <busy_wait_us+0x30>
100016a0:	40054000 	.word	0x40054000

100016a4 <busy_wait_until>:
100016a4:	4a06      	ldr	r2, [pc, #24]	@ (100016c0 <busy_wait_until+0x1c>)
100016a6:	6a53      	ldr	r3, [r2, #36]	@ 0x24
100016a8:	4299      	cmp	r1, r3
100016aa:	d8fc      	bhi.n	100016a6 <busy_wait_until+0x2>
100016ac:	d107      	bne.n	100016be <busy_wait_until+0x1a>
100016ae:	4b04      	ldr	r3, [pc, #16]	@ (100016c0 <busy_wait_until+0x1c>)
100016b0:	e002      	b.n	100016b8 <busy_wait_until+0x14>
100016b2:	6a5a      	ldr	r2, [r3, #36]	@ 0x24
100016b4:	4291      	cmp	r1, r2
100016b6:	d102      	bne.n	100016be <busy_wait_until+0x1a>
100016b8:	6a9a      	ldr	r2, [r3, #40]	@ 0x28
100016ba:	4290      	cmp	r0, r2
100016bc:	d8f9      	bhi.n	100016b2 <busy_wait_until+0xe>
100016be:	4770      	bx	lr
100016c0:	40054000 	.word	0x40054000

100016c4 <uart_init>:
100016c4:	b5f8      	push	{r3, r4, r5, r6, r7, lr}
100016c6:	0004      	movs	r4, r0
100016c8:	2006      	movs	r0, #6
100016ca:	000d      	movs	r5, r1
100016cc:	f000 f96e 	bl	100019ac <clock_get_hz>
100016d0:	2800      	cmp	r0, #0
100016d2:	d043      	beq.n	1000175c <uart_init+0x98>
100016d4:	4b36      	ldr	r3, [pc, #216]	@ (100017b0 <uart_init+0xec>)
100016d6:	4937      	ldr	r1, [pc, #220]	@ (100017b4 <uart_init+0xf0>)
100016d8:	18e3      	adds	r3, r4, r3
100016da:	1e5a      	subs	r2, r3, #1
100016dc:	4193      	sbcs	r3, r2
100016de:	2280      	movs	r2, #128	@ 0x80
100016e0:	425b      	negs	r3, r3
100016e2:	0d9b      	lsrs	r3, r3, #22
100016e4:	0412      	lsls	r2, r2, #16
100016e6:	059b      	lsls	r3, r3, #22
100016e8:	189b      	adds	r3, r3, r2
100016ea:	4a33      	ldr	r2, [pc, #204]	@ (100017b8 <uart_init+0xf4>)
100016ec:	6013      	str	r3, [r2, #0]
100016ee:	4a33      	ldr	r2, [pc, #204]	@ (100017bc <uart_init+0xf8>)
100016f0:	6013      	str	r3, [r2, #0]
100016f2:	0018      	movs	r0, r3
100016f4:	680a      	ldr	r2, [r1, #0]
100016f6:	4390      	bics	r0, r2
100016f8:	d1fb      	bne.n	100016f2 <uart_init+0x2e>
100016fa:	4b2d      	ldr	r3, [pc, #180]	@ (100017b0 <uart_init+0xec>)
100016fc:	4a30      	ldr	r2, [pc, #192]	@ (100017c0 <uart_init+0xfc>)
100016fe:	18e3      	adds	r3, r4, r3
10001700:	4259      	negs	r1, r3
10001702:	414b      	adcs	r3, r1
10001704:	2180      	movs	r1, #128	@ 0x80
10001706:	005b      	lsls	r3, r3, #1
10001708:	0049      	lsls	r1, r1, #1
1000170a:	2006      	movs	r0, #6
1000170c:	5299      	strh	r1, [r3, r2]
1000170e:	f000 f94d 	bl	100019ac <clock_get_hz>
10001712:	0029      	movs	r1, r5
10001714:	00c0      	lsls	r0, r0, #3
10001716:	f000 fb5d 	bl	10001dd4 <__wrap___aeabi_uidiv>
1000171a:	3001      	adds	r0, #1
1000171c:	09c3      	lsrs	r3, r0, #7
1000171e:	d11e      	bne.n	1000175e <uart_init+0x9a>
10001720:	2740      	movs	r7, #64	@ 0x40
10001722:	2201      	movs	r2, #1
10001724:	6262      	str	r2, [r4, #36]	@ 0x24
10001726:	62a3      	str	r3, [r4, #40]	@ 0x28
10001728:	6b26      	ldr	r6, [r4, #48]	@ 0x30
1000172a:	07f3      	lsls	r3, r6, #31
1000172c:	d422      	bmi.n	10001774 <uart_init+0xb0>
1000172e:	6ae3      	ldr	r3, [r4, #44]	@ 0x2c
10001730:	4b24      	ldr	r3, [pc, #144]	@ (100017c4 <uart_init+0x100>)
10001732:	2006      	movs	r0, #6
10001734:	18e5      	adds	r5, r4, r3
10001736:	2300      	movs	r3, #0
10001738:	602b      	str	r3, [r5, #0]
1000173a:	6326      	str	r6, [r4, #48]	@ 0x30
1000173c:	f000 f936 	bl	100019ac <clock_get_hz>
10001740:	0039      	movs	r1, r7
10001742:	0080      	lsls	r0, r0, #2
10001744:	f000 fb46 	bl	10001dd4 <__wrap___aeabi_uidiv>
10001748:	2370      	movs	r3, #112	@ 0x70
1000174a:	6ae2      	ldr	r2, [r4, #44]	@ 0x2c
1000174c:	405a      	eors	r2, r3
1000174e:	330e      	adds	r3, #14
10001750:	4013      	ands	r3, r2
10001752:	602b      	str	r3, [r5, #0]
10001754:	4b1c      	ldr	r3, [pc, #112]	@ (100017c8 <uart_init+0x104>)
10001756:	6323      	str	r3, [r4, #48]	@ 0x30
10001758:	2303      	movs	r3, #3
1000175a:	64a3      	str	r3, [r4, #72]	@ 0x48
1000175c:	bdf8      	pop	{r3, r4, r5, r6, r7, pc}
1000175e:	4a1b      	ldr	r2, [pc, #108]	@ (100017cc <uart_init+0x108>)
10001760:	4293      	cmp	r3, r2
10001762:	d91d      	bls.n	100017a0 <uart_init+0xdc>
10001764:	2300      	movs	r3, #0
10001766:	4a1a      	ldr	r2, [pc, #104]	@ (100017d0 <uart_init+0x10c>)
10001768:	4f1a      	ldr	r7, [pc, #104]	@ (100017d4 <uart_init+0x110>)
1000176a:	6262      	str	r2, [r4, #36]	@ 0x24
1000176c:	62a3      	str	r3, [r4, #40]	@ 0x28
1000176e:	6b26      	ldr	r6, [r4, #48]	@ 0x30
10001770:	07f3      	lsls	r3, r6, #31
10001772:	d5dc      	bpl.n	1000172e <uart_init+0x6a>
10001774:	4b18      	ldr	r3, [pc, #96]	@ (100017d8 <uart_init+0x114>)
10001776:	4a14      	ldr	r2, [pc, #80]	@ (100017c8 <uart_init+0x104>)
10001778:	18e3      	adds	r3, r4, r3
1000177a:	601a      	str	r2, [r3, #0]
1000177c:	6a65      	ldr	r5, [r4, #36]	@ 0x24
1000177e:	6aa3      	ldr	r3, [r4, #40]	@ 0x28
10001780:	2006      	movs	r0, #6
10001782:	01ad      	lsls	r5, r5, #6
10001784:	18ed      	adds	r5, r5, r3
10001786:	f000 f911 	bl	100019ac <clock_get_hz>
1000178a:	4914      	ldr	r1, [pc, #80]	@ (100017dc <uart_init+0x118>)
1000178c:	f000 fb22 	bl	10001dd4 <__wrap___aeabi_uidiv>
10001790:	0001      	movs	r1, r0
10001792:	02a8      	lsls	r0, r5, #10
10001794:	f000 fb1e 	bl	10001dd4 <__wrap___aeabi_uidiv>
10001798:	2100      	movs	r1, #0
1000179a:	f7ff ff4d 	bl	10001638 <busy_wait_us>
1000179e:	e7c6      	b.n	1000172e <uart_init+0x6a>
100017a0:	0640      	lsls	r0, r0, #25
100017a2:	019a      	lsls	r2, r3, #6
100017a4:	0e80      	lsrs	r0, r0, #26
100017a6:	1817      	adds	r7, r2, r0
100017a8:	001a      	movs	r2, r3
100017aa:	0003      	movs	r3, r0
100017ac:	e7ba      	b.n	10001724 <uart_init+0x60>
100017ae:	46c0      	nop			@ (mov r8, r8)
100017b0:	bffc8000 	.word	0xbffc8000
100017b4:	4000c008 	.word	0x4000c008
100017b8:	4000e000 	.word	0x4000e000
100017bc:	4000f000 	.word	0x4000f000
100017c0:	20002064 	.word	0x20002064
100017c4:	0000102c 	.word	0x0000102c
100017c8:	00000301 	.word	0x00000301
100017cc:	0000fffe 	.word	0x0000fffe
100017d0:	0000ffff 	.word	0x0000ffff
100017d4:	003fffc0 	.word	0x003fffc0
100017d8:	00003030 	.word	0x00003030
100017dc:	00000e4e 	.word	0x00000e4e

100017e0 <clock_configure_int_divider>:
100017e0:	b5f8      	push	{r3, r4, r5, r6, r7, lr}
100017e2:	46de      	mov	lr, fp
100017e4:	464e      	mov	r6, r9
100017e6:	4645      	mov	r5, r8
100017e8:	4657      	mov	r7, sl
100017ea:	b5e0      	push	{r5, r6, r7, lr}
100017ec:	0005      	movs	r5, r0
100017ee:	468b      	mov	fp, r1
100017f0:	0018      	movs	r0, r3
100017f2:	990a      	ldr	r1, [sp, #40]	@ 0x28
100017f4:	4691      	mov	r9, r2
100017f6:	f000 faed 	bl	10001dd4 <__wrap___aeabi_uidiv>
100017fa:	9b0a      	ldr	r3, [sp, #40]	@ 0x28
100017fc:	006c      	lsls	r4, r5, #1
100017fe:	021e      	lsls	r6, r3, #8
10001800:	1964      	adds	r4, r4, r5
10001802:	4b30      	ldr	r3, [pc, #192]	@ (100018c4 <clock_configure_int_divider+0xe4>)
10001804:	00a4      	lsls	r4, r4, #2
10001806:	18e4      	adds	r4, r4, r3
10001808:	6863      	ldr	r3, [r4, #4]
1000180a:	4680      	mov	r8, r0
1000180c:	429e      	cmp	r6, r3
1000180e:	d900      	bls.n	10001812 <clock_configure_int_divider+0x32>
10001810:	6066      	str	r6, [r4, #4]
10001812:	1f2f      	subs	r7, r5, #4
10001814:	b2fb      	uxtb	r3, r7
10001816:	469a      	mov	sl, r3
10001818:	2b01      	cmp	r3, #1
1000181a:	d92f      	bls.n	1000187c <clock_configure_int_divider+0x9c>
1000181c:	23c0      	movs	r3, #192	@ 0xc0
1000181e:	2280      	movs	r2, #128	@ 0x80
10001820:	4f29      	ldr	r7, [pc, #164]	@ (100018c8 <clock_configure_int_divider+0xe8>)
10001822:	00ad      	lsls	r5, r5, #2
10001824:	019b      	lsls	r3, r3, #6
10001826:	5979      	ldr	r1, [r7, r5]
10001828:	0112      	lsls	r2, r2, #4
1000182a:	18e3      	adds	r3, r4, r3
1000182c:	601a      	str	r2, [r3, #0]
1000182e:	2900      	cmp	r1, #0
10001830:	d11b      	bne.n	1000186a <clock_configure_int_divider+0x8a>
10001832:	464b      	mov	r3, r9
10001834:	6822      	ldr	r2, [r4, #0]
10001836:	015b      	lsls	r3, r3, #5
10001838:	4053      	eors	r3, r2
1000183a:	22e0      	movs	r2, #224	@ 0xe0
1000183c:	4013      	ands	r3, r2
1000183e:	2280      	movs	r2, #128	@ 0x80
10001840:	0152      	lsls	r2, r2, #5
10001842:	18a2      	adds	r2, r4, r2
10001844:	6013      	str	r3, [r2, #0]
10001846:	4653      	mov	r3, sl
10001848:	2b01      	cmp	r3, #1
1000184a:	d92f      	bls.n	100018ac <clock_configure_int_divider+0xcc>
1000184c:	2380      	movs	r3, #128	@ 0x80
1000184e:	2280      	movs	r2, #128	@ 0x80
10001850:	019b      	lsls	r3, r3, #6
10001852:	18e3      	adds	r3, r4, r3
10001854:	0112      	lsls	r2, r2, #4
10001856:	601a      	str	r2, [r3, #0]
10001858:	4643      	mov	r3, r8
1000185a:	6066      	str	r6, [r4, #4]
1000185c:	517b      	str	r3, [r7, r5]
1000185e:	bcf0      	pop	{r4, r5, r6, r7}
10001860:	46bb      	mov	fp, r7
10001862:	46b2      	mov	sl, r6
10001864:	46a9      	mov	r9, r5
10001866:	46a0      	mov	r8, r4
10001868:	bdf8      	pop	{r3, r4, r5, r6, r7, pc}
1000186a:	6978      	ldr	r0, [r7, #20]
1000186c:	f000 fab2 	bl	10001dd4 <__wrap___aeabi_uidiv>
10001870:	3001      	adds	r0, #1
10001872:	0043      	lsls	r3, r0, #1
10001874:	181b      	adds	r3, r3, r0
10001876:	3b03      	subs	r3, #3
10001878:	d2fd      	bcs.n	10001876 <clock_configure_int_divider+0x96>
1000187a:	e7da      	b.n	10001832 <clock_configure_int_divider+0x52>
1000187c:	465b      	mov	r3, fp
1000187e:	2b01      	cmp	r3, #1
10001880:	d1cc      	bne.n	1000181c <clock_configure_int_divider+0x3c>
10001882:	23c0      	movs	r3, #192	@ 0xc0
10001884:	2203      	movs	r2, #3
10001886:	019b      	lsls	r3, r3, #6
10001888:	18e3      	adds	r3, r4, r3
1000188a:	601a      	str	r2, [r3, #0]
1000188c:	3a02      	subs	r2, #2
1000188e:	68a3      	ldr	r3, [r4, #8]
10001890:	421a      	tst	r2, r3
10001892:	d0fc      	beq.n	1000188e <clock_configure_int_divider+0xae>
10001894:	464a      	mov	r2, r9
10001896:	6823      	ldr	r3, [r4, #0]
10001898:	0152      	lsls	r2, r2, #5
1000189a:	405a      	eors	r2, r3
1000189c:	23e0      	movs	r3, #224	@ 0xe0
1000189e:	4013      	ands	r3, r2
100018a0:	2280      	movs	r2, #128	@ 0x80
100018a2:	0152      	lsls	r2, r2, #5
100018a4:	18a2      	adds	r2, r4, r2
100018a6:	4f08      	ldr	r7, [pc, #32]	@ (100018c8 <clock_configure_int_divider+0xe8>)
100018a8:	6013      	str	r3, [r2, #0]
100018aa:	00ad      	lsls	r5, r5, #2
100018ac:	4658      	mov	r0, fp
100018ae:	2303      	movs	r3, #3
100018b0:	6821      	ldr	r1, [r4, #0]
100018b2:	4041      	eors	r1, r0
100018b4:	400b      	ands	r3, r1
100018b6:	6013      	str	r3, [r2, #0]
100018b8:	2201      	movs	r2, #1
100018ba:	4082      	lsls	r2, r0
100018bc:	68a3      	ldr	r3, [r4, #8]
100018be:	421a      	tst	r2, r3
100018c0:	d0fc      	beq.n	100018bc <clock_configure_int_divider+0xdc>
100018c2:	e7c3      	b.n	1000184c <clock_configure_int_divider+0x6c>
100018c4:	40008000 	.word	0x40008000
100018c8:	2000136c 	.word	0x2000136c

100018cc <clock_configure_undivided>:
100018cc:	b5f0      	push	{r4, r5, r6, r7, lr}
100018ce:	46d6      	mov	lr, sl
100018d0:	464f      	mov	r7, r9
100018d2:	4646      	mov	r6, r8
100018d4:	0044      	lsls	r4, r0, #1
100018d6:	4698      	mov	r8, r3
100018d8:	1824      	adds	r4, r4, r0
100018da:	4b32      	ldr	r3, [pc, #200]	@ (100019a4 <clock_configure_undivided+0xd8>)
100018dc:	00a4      	lsls	r4, r4, #2
100018de:	18e4      	adds	r4, r4, r3
100018e0:	6863      	ldr	r3, [r4, #4]
100018e2:	468a      	mov	sl, r1
100018e4:	4691      	mov	r9, r2
100018e6:	b5c0      	push	{r6, r7, lr}
100018e8:	2bff      	cmp	r3, #255	@ 0xff
100018ea:	d802      	bhi.n	100018f2 <clock_configure_undivided+0x26>
100018ec:	2380      	movs	r3, #128	@ 0x80
100018ee:	005b      	lsls	r3, r3, #1
100018f0:	6063      	str	r3, [r4, #4]
100018f2:	1f06      	subs	r6, r0, #4
100018f4:	b2f6      	uxtb	r6, r6
100018f6:	2e01      	cmp	r6, #1
100018f8:	d92f      	bls.n	1000195a <clock_configure_undivided+0x8e>
100018fa:	23c0      	movs	r3, #192	@ 0xc0
100018fc:	2280      	movs	r2, #128	@ 0x80
100018fe:	4f2a      	ldr	r7, [pc, #168]	@ (100019a8 <clock_configure_undivided+0xdc>)
10001900:	0085      	lsls	r5, r0, #2
10001902:	019b      	lsls	r3, r3, #6
10001904:	5979      	ldr	r1, [r7, r5]
10001906:	0112      	lsls	r2, r2, #4
10001908:	18e3      	adds	r3, r4, r3
1000190a:	601a      	str	r2, [r3, #0]
1000190c:	2900      	cmp	r1, #0
1000190e:	d11b      	bne.n	10001948 <clock_configure_undivided+0x7c>
10001910:	464b      	mov	r3, r9
10001912:	6822      	ldr	r2, [r4, #0]
10001914:	015b      	lsls	r3, r3, #5
10001916:	4053      	eors	r3, r2
10001918:	22e0      	movs	r2, #224	@ 0xe0
1000191a:	4013      	ands	r3, r2
1000191c:	2280      	movs	r2, #128	@ 0x80
1000191e:	0152      	lsls	r2, r2, #5
10001920:	18a2      	adds	r2, r4, r2
10001922:	6013      	str	r3, [r2, #0]
10001924:	2e01      	cmp	r6, #1
10001926:	d930      	bls.n	1000198a <clock_configure_undivided+0xbe>
10001928:	2380      	movs	r3, #128	@ 0x80
1000192a:	2280      	movs	r2, #128	@ 0x80
1000192c:	019b      	lsls	r3, r3, #6
1000192e:	18e3      	adds	r3, r4, r3
10001930:	0112      	lsls	r2, r2, #4
10001932:	601a      	str	r2, [r3, #0]
10001934:	2380      	movs	r3, #128	@ 0x80
10001936:	005b      	lsls	r3, r3, #1
10001938:	6063      	str	r3, [r4, #4]
1000193a:	4643      	mov	r3, r8
1000193c:	517b      	str	r3, [r7, r5]
1000193e:	bce0      	pop	{r5, r6, r7}
10001940:	46ba      	mov	sl, r7
10001942:	46b1      	mov	r9, r6
10001944:	46a8      	mov	r8, r5
10001946:	bdf0      	pop	{r4, r5, r6, r7, pc}
10001948:	6978      	ldr	r0, [r7, #20]
1000194a:	f000 fa43 	bl	10001dd4 <__wrap___aeabi_uidiv>
1000194e:	3001      	adds	r0, #1
10001950:	0043      	lsls	r3, r0, #1
10001952:	181b      	adds	r3, r3, r0
10001954:	3b03      	subs	r3, #3
10001956:	d2fd      	bcs.n	10001954 <clock_configure_undivided+0x88>
10001958:	e7da      	b.n	10001910 <clock_configure_undivided+0x44>
1000195a:	4653      	mov	r3, sl
1000195c:	2b01      	cmp	r3, #1
1000195e:	d1cc      	bne.n	100018fa <clock_configure_undivided+0x2e>
10001960:	23c0      	movs	r3, #192	@ 0xc0
10001962:	2203      	movs	r2, #3
10001964:	019b      	lsls	r3, r3, #6
10001966:	18e3      	adds	r3, r4, r3
10001968:	601a      	str	r2, [r3, #0]
1000196a:	3a02      	subs	r2, #2
1000196c:	68a3      	ldr	r3, [r4, #8]
1000196e:	421a      	tst	r2, r3
10001970:	d0fc      	beq.n	1000196c <clock_configure_undivided+0xa0>
10001972:	464a      	mov	r2, r9
10001974:	6823      	ldr	r3, [r4, #0]
10001976:	0152      	lsls	r2, r2, #5
10001978:	405a      	eors	r2, r3
1000197a:	23e0      	movs	r3, #224	@ 0xe0
1000197c:	4013      	ands	r3, r2
1000197e:	2280      	movs	r2, #128	@ 0x80
10001980:	0152      	lsls	r2, r2, #5
10001982:	18a2      	adds	r2, r4, r2
10001984:	4f08      	ldr	r7, [pc, #32]	@ (100019a8 <clock_configure_undivided+0xdc>)
10001986:	6013      	str	r3, [r2, #0]
10001988:	0085      	lsls	r5, r0, #2
1000198a:	4650      	mov	r0, sl
1000198c:	2303      	movs	r3, #3
1000198e:	6821      	ldr	r1, [r4, #0]
10001990:	4041      	eors	r1, r0
10001992:	400b      	ands	r3, r1
10001994:	6013      	str	r3, [r2, #0]
10001996:	2201      	movs	r2, #1
10001998:	4082      	lsls	r2, r0
1000199a:	68a3      	ldr	r3, [r4, #8]
1000199c:	421a      	tst	r2, r3
1000199e:	d0fc      	beq.n	1000199a <clock_configure_undivided+0xce>
100019a0:	e7c2      	b.n	10001928 <clock_configure_undivided+0x5c>
100019a2:	46c0      	nop			@ (mov r8, r8)
100019a4:	40008000 	.word	0x40008000
100019a8:	2000136c 	.word	0x2000136c

100019ac <clock_get_hz>:
100019ac:	4b01      	ldr	r3, [pc, #4]	@ (100019b4 <clock_get_hz+0x8>)
100019ae:	0080      	lsls	r0, r0, #2
100019b0:	58c0      	ldr	r0, [r0, r3]
100019b2:	4770      	bx	lr
100019b4:	2000136c 	.word	0x2000136c

100019b8 <pll_init>:
100019b8:	b5f0      	push	{r4, r5, r6, r7, lr}
100019ba:	46c6      	mov	lr, r8
100019bc:	0004      	movs	r4, r0
100019be:	b500      	push	{lr}
100019c0:	4823      	ldr	r0, [pc, #140]	@ (10001a50 <pll_init+0x98>)
100019c2:	0016      	movs	r6, r2
100019c4:	4698      	mov	r8, r3
100019c6:	000d      	movs	r5, r1
100019c8:	f000 fa04 	bl	10001dd4 <__wrap___aeabi_uidiv>
100019cc:	0001      	movs	r1, r0
100019ce:	0030      	movs	r0, r6
100019d0:	f000 fa00 	bl	10001dd4 <__wrap___aeabi_uidiv>
100019d4:	4643      	mov	r3, r8
100019d6:	9a06      	ldr	r2, [sp, #24]
100019d8:	041b      	lsls	r3, r3, #16
100019da:	0312      	lsls	r2, r2, #12
100019dc:	4313      	orrs	r3, r2
100019de:	469c      	mov	ip, r3
100019e0:	6823      	ldr	r3, [r4, #0]
100019e2:	0006      	movs	r6, r0
100019e4:	2b00      	cmp	r3, #0
100019e6:	db22      	blt.n	10001a2e <pll_init+0x76>
100019e8:	4b1a      	ldr	r3, [pc, #104]	@ (10001a54 <pll_init+0x9c>)
100019ea:	481b      	ldr	r0, [pc, #108]	@ (10001a58 <pll_init+0xa0>)
100019ec:	18e2      	adds	r2, r4, r3
100019ee:	1e53      	subs	r3, r2, #1
100019f0:	419a      	sbcs	r2, r3
100019f2:	2380      	movs	r3, #128	@ 0x80
100019f4:	4252      	negs	r2, r2
100019f6:	0b12      	lsrs	r2, r2, #12
100019f8:	019b      	lsls	r3, r3, #6
100019fa:	0312      	lsls	r2, r2, #12
100019fc:	18d2      	adds	r2, r2, r3
100019fe:	4b17      	ldr	r3, [pc, #92]	@ (10001a5c <pll_init+0xa4>)
10001a00:	601a      	str	r2, [r3, #0]
10001a02:	4b17      	ldr	r3, [pc, #92]	@ (10001a60 <pll_init+0xa8>)
10001a04:	601a      	str	r2, [r3, #0]
10001a06:	0013      	movs	r3, r2
10001a08:	6801      	ldr	r1, [r0, #0]
10001a0a:	438b      	bics	r3, r1
10001a0c:	d1fb      	bne.n	10001a06 <pll_init+0x4e>
10001a0e:	2221      	movs	r2, #33	@ 0x21
10001a10:	4b14      	ldr	r3, [pc, #80]	@ (10001a64 <pll_init+0xac>)
10001a12:	6025      	str	r5, [r4, #0]
10001a14:	18e3      	adds	r3, r4, r3
10001a16:	60a6      	str	r6, [r4, #8]
10001a18:	601a      	str	r2, [r3, #0]
10001a1a:	6822      	ldr	r2, [r4, #0]
10001a1c:	2a00      	cmp	r2, #0
10001a1e:	dafc      	bge.n	10001a1a <pll_init+0x62>
10001a20:	4662      	mov	r2, ip
10001a22:	60e2      	str	r2, [r4, #12]
10001a24:	2208      	movs	r2, #8
10001a26:	601a      	str	r2, [r3, #0]
10001a28:	bc80      	pop	{r7}
10001a2a:	46b8      	mov	r8, r7
10001a2c:	bdf0      	pop	{r4, r5, r6, r7, pc}
10001a2e:	233f      	movs	r3, #63	@ 0x3f
10001a30:	6822      	ldr	r2, [r4, #0]
10001a32:	4013      	ands	r3, r2
10001a34:	42ab      	cmp	r3, r5
10001a36:	d1d7      	bne.n	100019e8 <pll_init+0x30>
10001a38:	68a3      	ldr	r3, [r4, #8]
10001a3a:	051b      	lsls	r3, r3, #20
10001a3c:	0d1b      	lsrs	r3, r3, #20
10001a3e:	4283      	cmp	r3, r0
10001a40:	d1d2      	bne.n	100019e8 <pll_init+0x30>
10001a42:	22ee      	movs	r2, #238	@ 0xee
10001a44:	68e3      	ldr	r3, [r4, #12]
10001a46:	02d2      	lsls	r2, r2, #11
10001a48:	4013      	ands	r3, r2
10001a4a:	4563      	cmp	r3, ip
10001a4c:	d1cc      	bne.n	100019e8 <pll_init+0x30>
10001a4e:	e7eb      	b.n	10001a28 <pll_init+0x70>
10001a50:	00b71b00 	.word	0x00b71b00
10001a54:	bffd4000 	.word	0xbffd4000
10001a58:	4000c008 	.word	0x4000c008
10001a5c:	4000e000 	.word	0x4000e000
10001a60:	4000f000 	.word	0x4000f000
10001a64:	00003004 	.word	0x00003004

10001a68 <tick_start>:
10001a68:	2380      	movs	r3, #128	@ 0x80
10001a6a:	4a02      	ldr	r2, [pc, #8]	@ (10001a74 <tick_start+0xc>)
10001a6c:	009b      	lsls	r3, r3, #2
10001a6e:	430b      	orrs	r3, r1
10001a70:	62d3      	str	r3, [r2, #44]	@ 0x2c
10001a72:	4770      	bx	lr
10001a74:	40058000 	.word	0x40058000

10001a78 <rom_func_lookup>:
10001a78:	2300      	movs	r3, #0
10001a7a:	b510      	push	{r4, lr}
10001a7c:	0001      	movs	r1, r0
10001a7e:	8a98      	ldrh	r0, [r3, #20]
10001a80:	8b1b      	ldrh	r3, [r3, #24]
10001a82:	4798      	blx	r3
10001a84:	bd10      	pop	{r4, pc}
10001a86:	46c0      	nop			@ (mov r8, r8)

10001a88 <rom_data_lookup>:
10001a88:	2316      	movs	r3, #22
10001a8a:	b510      	push	{r4, lr}
10001a8c:	0001      	movs	r1, r0
10001a8e:	8818      	ldrh	r0, [r3, #0]
10001a90:	885b      	ldrh	r3, [r3, #2]
10001a92:	4798      	blx	r3
10001a94:	bd10      	pop	{r4, pc}
10001a96:	46c0      	nop			@ (mov r8, r8)

10001a98 <rom_funcs_lookup>:
10001a98:	b5f8      	push	{r3, r4, r5, r6, r7, lr}
10001a9a:	4647      	mov	r7, r8
10001a9c:	46ce      	mov	lr, r9
10001a9e:	b580      	push	{r7, lr}
10001aa0:	1e0f      	subs	r7, r1, #0
10001aa2:	d018      	beq.n	10001ad6 <rom_funcs_lookup+0x3e>
10001aa4:	2314      	movs	r3, #20
10001aa6:	4699      	mov	r9, r3
10001aa8:	3304      	adds	r3, #4
10001aaa:	0004      	movs	r4, r0
10001aac:	2500      	movs	r5, #0
10001aae:	2601      	movs	r6, #1
10001ab0:	4698      	mov	r8, r3
10001ab2:	464b      	mov	r3, r9
10001ab4:	8818      	ldrh	r0, [r3, #0]
10001ab6:	4643      	mov	r3, r8
10001ab8:	6821      	ldr	r1, [r4, #0]
10001aba:	881b      	ldrh	r3, [r3, #0]
10001abc:	4798      	blx	r3
10001abe:	c401      	stmia	r4!, {r0}
10001ac0:	1e43      	subs	r3, r0, #1
10001ac2:	4198      	sbcs	r0, r3
10001ac4:	3501      	adds	r5, #1
10001ac6:	4006      	ands	r6, r0
10001ac8:	42af      	cmp	r7, r5
10001aca:	d1f2      	bne.n	10001ab2 <rom_funcs_lookup+0x1a>
10001acc:	0030      	movs	r0, r6
10001ace:	bcc0      	pop	{r6, r7}
10001ad0:	46b9      	mov	r9, r7
10001ad2:	46b0      	mov	r8, r6
10001ad4:	bdf8      	pop	{r3, r4, r5, r6, r7, pc}
10001ad6:	2601      	movs	r6, #1
10001ad8:	e7f8      	b.n	10001acc <rom_funcs_lookup+0x34>
10001ada:	46c0      	nop			@ (mov r8, r8)

10001adc <rom_reset_usb_boot>:
10001adc:	2300      	movs	r3, #0
10001ade:	b570      	push	{r4, r5, r6, lr}
10001ae0:	0004      	movs	r4, r0
10001ae2:	000d      	movs	r5, r1
10001ae4:	8a98      	ldrh	r0, [r3, #20]
10001ae6:	4903      	ldr	r1, [pc, #12]	@ (10001af4 <rom_reset_usb_boot+0x18>)
10001ae8:	8b1b      	ldrh	r3, [r3, #24]
10001aea:	4798      	blx	r3
10001aec:	0029      	movs	r1, r5
10001aee:	0003      	movs	r3, r0
10001af0:	0020      	movs	r0, r4
10001af2:	4798      	blx	r3
10001af4:	00004255 	.word	0x00004255

10001af8 <xosc_init>:
10001af8:	23aa      	movs	r3, #170	@ 0xaa
10001afa:	4a06      	ldr	r2, [pc, #24]	@ (10001b14 <xosc_init+0x1c>)
10001afc:	011b      	lsls	r3, r3, #4
10001afe:	6013      	str	r3, [r2, #0]
10001b00:	238d      	movs	r3, #141	@ 0x8d
10001b02:	005b      	lsls	r3, r3, #1
10001b04:	60d3      	str	r3, [r2, #12]
10001b06:	4904      	ldr	r1, [pc, #16]	@ (10001b18 <xosc_init+0x20>)
10001b08:	4b04      	ldr	r3, [pc, #16]	@ (10001b1c <xosc_init+0x24>)
10001b0a:	6019      	str	r1, [r3, #0]
10001b0c:	6853      	ldr	r3, [r2, #4]
10001b0e:	2b00      	cmp	r3, #0
10001b10:	dafc      	bge.n	10001b0c <xosc_init+0x14>
10001b12:	4770      	bx	lr
10001b14:	40024000 	.word	0x40024000
10001b18:	00fab000 	.word	0x00fab000
10001b1c:	40026000 	.word	0x40026000

10001b20 <first_per_core_initializer>:
10001b20:	4770      	bx	lr
10001b22:	46c0      	nop			@ (mov r8, r8)

10001b24 <hard_assertion_failure>:
10001b24:	b510      	push	{r4, lr}
10001b26:	4801      	ldr	r0, [pc, #4]	@ (10001b2c <hard_assertion_failure+0x8>)
10001b28:	f7fe fcf8 	bl	1000051c <panic>
10001b2c:	1000b3dc 	.word	0x1000b3dc

10001b30 <runtime_run_initializers>:
10001b30:	b570      	push	{r4, r5, r6, lr}
10001b32:	4d07      	ldr	r5, [pc, #28]	@ (10001b50 <runtime_run_initializers+0x20>)
10001b34:	4e07      	ldr	r6, [pc, #28]	@ (10001b54 <runtime_run_initializers+0x24>)
10001b36:	42b5      	cmp	r5, r6
10001b38:	d209      	bcs.n	10001b4e <runtime_run_initializers+0x1e>
10001b3a:	2400      	movs	r4, #0
10001b3c:	3e01      	subs	r6, #1
10001b3e:	1b76      	subs	r6, r6, r5
10001b40:	08b6      	lsrs	r6, r6, #2
10001b42:	3601      	adds	r6, #1
10001b44:	cd08      	ldmia	r5!, {r3}
10001b46:	3401      	adds	r4, #1
10001b48:	4798      	blx	r3
10001b4a:	42b4      	cmp	r4, r6
10001b4c:	d1fa      	bne.n	10001b44 <runtime_run_initializers+0x14>
10001b4e:	bd70      	pop	{r4, r5, r6, pc}
10001b50:	1000b2d8 	.word	0x1000b2d8
10001b54:	1000b318 	.word	0x1000b318

10001b58 <runtime_init_early_resets>:
10001b58:	4b05      	ldr	r3, [pc, #20]	@ (10001b70 <runtime_init_early_resets+0x18>)
10001b5a:	4a06      	ldr	r2, [pc, #24]	@ (10001b74 <runtime_init_early_resets+0x1c>)
10001b5c:	4906      	ldr	r1, [pc, #24]	@ (10001b78 <runtime_init_early_resets+0x20>)
10001b5e:	601a      	str	r2, [r3, #0]
10001b60:	4a06      	ldr	r2, [pc, #24]	@ (10001b7c <runtime_init_early_resets+0x24>)
10001b62:	4b07      	ldr	r3, [pc, #28]	@ (10001b80 <runtime_init_early_resets+0x28>)
10001b64:	601a      	str	r2, [r3, #0]
10001b66:	0010      	movs	r0, r2
10001b68:	680b      	ldr	r3, [r1, #0]
10001b6a:	4398      	bics	r0, r3
10001b6c:	d1fb      	bne.n	10001b66 <runtime_init_early_resets+0xe>
10001b6e:	4770      	bx	lr
10001b70:	4000e000 	.word	0x4000e000
10001b74:	fefbcdbf 	.word	0xfefbcdbf
10001b78:	4000c008 	.word	0x4000c008
10001b7c:	003c7ffe 	.word	0x003c7ffe
10001b80:	4000f000 	.word	0x4000f000

10001b84 <runtime_init_usb_power_down>:
10001b84:	4b04      	ldr	r3, [pc, #16]	@ (10001b98 <runtime_init_usb_power_down+0x14>)
10001b86:	6cdb      	ldr	r3, [r3, #76]	@ 0x4c
10001b88:	2b00      	cmp	r3, #0
10001b8a:	d103      	bne.n	10001b94 <runtime_init_usb_power_down+0x10>
10001b8c:	2280      	movs	r2, #128	@ 0x80
10001b8e:	4b03      	ldr	r3, [pc, #12]	@ (10001b9c <runtime_init_usb_power_down+0x18>)
10001b90:	02d2      	lsls	r2, r2, #11
10001b92:	601a      	str	r2, [r3, #0]
10001b94:	4770      	bx	lr
10001b96:	46c0      	nop			@ (mov r8, r8)
10001b98:	50110000 	.word	0x50110000
10001b9c:	5011204c 	.word	0x5011204c

10001ba0 <runtime_init_post_clock_resets>:
10001ba0:	4a04      	ldr	r2, [pc, #16]	@ (10001bb4 <runtime_init_post_clock_resets+0x14>)
10001ba2:	4b05      	ldr	r3, [pc, #20]	@ (10001bb8 <runtime_init_post_clock_resets+0x18>)
10001ba4:	601a      	str	r2, [r3, #0]
10001ba6:	4a05      	ldr	r2, [pc, #20]	@ (10001bbc <runtime_init_post_clock_resets+0x1c>)
10001ba8:	6813      	ldr	r3, [r2, #0]
10001baa:	01db      	lsls	r3, r3, #7
10001bac:	3380      	adds	r3, #128	@ 0x80
10001bae:	d1fb      	bne.n	10001ba8 <runtime_init_post_clock_resets+0x8>
10001bb0:	4770      	bx	lr
10001bb2:	46c0      	nop			@ (mov r8, r8)
10001bb4:	01ffffff 	.word	0x01ffffff
10001bb8:	4000f000 	.word	0x4000f000
10001bbc:	4000c008 	.word	0x4000c008

10001bc0 <runtime_init_rp2040_gpio_ie_disable>:
10001bc0:	2240      	movs	r2, #64	@ 0x40
10001bc2:	4b03      	ldr	r3, [pc, #12]	@ (10001bd0 <runtime_init_rp2040_gpio_ie_disable+0x10>)
10001bc4:	679a      	str	r2, [r3, #120]	@ 0x78
10001bc6:	675a      	str	r2, [r3, #116]	@ 0x74
10001bc8:	671a      	str	r2, [r3, #112]	@ 0x70
10001bca:	66da      	str	r2, [r3, #108]	@ 0x6c
10001bcc:	4770      	bx	lr
10001bce:	46c0      	nop			@ (mov r8, r8)
10001bd0:	4001f000 	.word	0x4001f000

10001bd4 <runtime_init_spin_locks_reset>:
10001bd4:	b510      	push	{r4, lr}
10001bd6:	f7fe fd6d 	bl	100006b4 <spin_locks_reset>
10001bda:	bd10      	pop	{r4, pc}

10001bdc <runtime_init_install_ram_vector_table>:
10001bdc:	b570      	push	{r4, r5, r6, lr}
10001bde:	4927      	ldr	r1, [pc, #156]	@ (10001c7c <runtime_init_install_ram_vector_table+0xa0>)
10001be0:	4e27      	ldr	r6, [pc, #156]	@ (10001c80 <runtime_init_install_ram_vector_table+0xa4>)
10001be2:	4d28      	ldr	r5, [pc, #160]	@ (10001c84 <runtime_init_install_ram_vector_table+0xa8>)
10001be4:	1a76      	subs	r6, r6, r1
10001be6:	08b4      	lsrs	r4, r6, #2
10001be8:	0022      	movs	r2, r4
10001bea:	2c30      	cmp	r4, #48	@ 0x30
10001bec:	d900      	bls.n	10001bf0 <runtime_init_install_ram_vector_table+0x14>
10001bee:	2230      	movs	r2, #48	@ 0x30
10001bf0:	0028      	movs	r0, r5
10001bf2:	0092      	lsls	r2, r2, #2
10001bf4:	f000 fd16 	bl	10002624 <__wrap___aeabi_memcpy>
10001bf8:	2c2f      	cmp	r4, #47	@ 0x2f
10001bfa:	d83b      	bhi.n	10001c74 <runtime_init_install_ram_vector_table+0x98>
10001bfc:	0023      	movs	r3, r4
10001bfe:	3b2a      	subs	r3, #42	@ 0x2a
10001c00:	4a21      	ldr	r2, [pc, #132]	@ (10001c88 <runtime_init_install_ram_vector_table+0xac>)
10001c02:	2b05      	cmp	r3, #5
10001c04:	d91b      	bls.n	10001c3e <runtime_init_install_ram_vector_table+0x62>
10001c06:	2030      	movs	r0, #48	@ 0x30
10001c08:	19ae      	adds	r6, r5, r6
10001c0a:	0771      	lsls	r1, r6, #29
10001c0c:	1b00      	subs	r0, r0, r4
10001c0e:	0026      	movs	r6, r4
10001c10:	0fcb      	lsrs	r3, r1, #31
10001c12:	2900      	cmp	r1, #0
10001c14:	da02      	bge.n	10001c1c <runtime_init_install_ram_vector_table+0x40>
10001c16:	00a1      	lsls	r1, r4, #2
10001c18:	506a      	str	r2, [r5, r1]
10001c1a:	1c66      	adds	r6, r4, #1
10001c1c:	1ac0      	subs	r0, r0, r3
10001c1e:	18e3      	adds	r3, r4, r3
10001c20:	009b      	lsls	r3, r3, #2
10001c22:	0841      	lsrs	r1, r0, #1
10001c24:	18eb      	adds	r3, r5, r3
10001c26:	00c9      	lsls	r1, r1, #3
10001c28:	18c9      	adds	r1, r1, r3
10001c2a:	601a      	str	r2, [r3, #0]
10001c2c:	605a      	str	r2, [r3, #4]
10001c2e:	3308      	adds	r3, #8
10001c30:	428b      	cmp	r3, r1
10001c32:	d1fa      	bne.n	10001c2a <runtime_init_install_ram_vector_table+0x4e>
10001c34:	2301      	movs	r3, #1
10001c36:	4203      	tst	r3, r0
10001c38:	d01c      	beq.n	10001c74 <runtime_init_install_ram_vector_table+0x98>
10001c3a:	4398      	bics	r0, r3
10001c3c:	1984      	adds	r4, r0, r6
10001c3e:	00a3      	lsls	r3, r4, #2
10001c40:	50ea      	str	r2, [r5, r3]
10001c42:	1c63      	adds	r3, r4, #1
10001c44:	2c2f      	cmp	r4, #47	@ 0x2f
10001c46:	d015      	beq.n	10001c74 <runtime_init_install_ram_vector_table+0x98>
10001c48:	009b      	lsls	r3, r3, #2
10001c4a:	50ea      	str	r2, [r5, r3]
10001c4c:	1ca3      	adds	r3, r4, #2
10001c4e:	2c2e      	cmp	r4, #46	@ 0x2e
10001c50:	d010      	beq.n	10001c74 <runtime_init_install_ram_vector_table+0x98>
10001c52:	009b      	lsls	r3, r3, #2
10001c54:	50ea      	str	r2, [r5, r3]
10001c56:	1ce3      	adds	r3, r4, #3
10001c58:	2c2d      	cmp	r4, #45	@ 0x2d
10001c5a:	d00b      	beq.n	10001c74 <runtime_init_install_ram_vector_table+0x98>
10001c5c:	009b      	lsls	r3, r3, #2
10001c5e:	50ea      	str	r2, [r5, r3]
10001c60:	1d23      	adds	r3, r4, #4
10001c62:	2c2c      	cmp	r4, #44	@ 0x2c
10001c64:	d006      	beq.n	10001c74 <runtime_init_install_ram_vector_table+0x98>
10001c66:	009b      	lsls	r3, r3, #2
10001c68:	50ea      	str	r2, [r5, r3]
10001c6a:	1d63      	adds	r3, r4, #5
10001c6c:	2c2b      	cmp	r4, #43	@ 0x2b
10001c6e:	d001      	beq.n	10001c74 <runtime_init_install_ram_vector_table+0x98>
10001c70:	009b      	lsls	r3, r3, #2
10001c72:	50ea      	str	r2, [r5, r3]
10001c74:	4b05      	ldr	r3, [pc, #20]	@ (10001c8c <runtime_init_install_ram_vector_table+0xb0>)
10001c76:	609d      	str	r5, [r3, #8]
10001c78:	bd70      	pop	{r4, r5, r6, pc}
10001c7a:	46c0      	nop			@ (mov r8, r8)
10001c7c:	10000100 	.word	0x10000100
10001c80:	100001c0 	.word	0x100001c0
10001c84:	20000000 	.word	0x20000000
10001c88:	100001c1 	.word	0x100001c1
10001c8c:	e000ed00 	.word	0xe000ed00

10001c90 <runtime_init_clocks>:
10001c90:	2300      	movs	r3, #0
10001c92:	b510      	push	{r4, lr}
10001c94:	4c29      	ldr	r4, [pc, #164]	@ (10001d3c <runtime_init_clocks+0xac>)
10001c96:	b082      	sub	sp, #8
10001c98:	67a3      	str	r3, [r4, #120]	@ 0x78
10001c9a:	f7ff ff2d 	bl	10001af8 <xosc_init>
10001c9e:	2201      	movs	r2, #1
10001ca0:	4b27      	ldr	r3, [pc, #156]	@ (10001d40 <runtime_init_clocks+0xb0>)
10001ca2:	601a      	str	r2, [r3, #0]
10001ca4:	6c63      	ldr	r3, [r4, #68]	@ 0x44
10001ca6:	2b01      	cmp	r3, #1
10001ca8:	d1fc      	bne.n	10001ca4 <runtime_init_clocks+0x14>
10001caa:	2203      	movs	r2, #3
10001cac:	4b25      	ldr	r3, [pc, #148]	@ (10001d44 <runtime_init_clocks+0xb4>)
10001cae:	601a      	str	r2, [r3, #0]
10001cb0:	4a22      	ldr	r2, [pc, #136]	@ (10001d3c <runtime_init_clocks+0xac>)
10001cb2:	6b93      	ldr	r3, [r2, #56]	@ 0x38
10001cb4:	2b01      	cmp	r3, #1
10001cb6:	d1fc      	bne.n	10001cb2 <runtime_init_clocks+0x22>
10001cb8:	3301      	adds	r3, #1
10001cba:	9300      	str	r3, [sp, #0]
10001cbc:	2101      	movs	r1, #1
10001cbe:	4a22      	ldr	r2, [pc, #136]	@ (10001d48 <runtime_init_clocks+0xb8>)
10001cc0:	4822      	ldr	r0, [pc, #136]	@ (10001d4c <runtime_init_clocks+0xbc>)
10001cc2:	3304      	adds	r3, #4
10001cc4:	f7ff fe78 	bl	100019b8 <pll_init>
10001cc8:	2305      	movs	r3, #5
10001cca:	2101      	movs	r1, #1
10001ccc:	9300      	str	r3, [sp, #0]
10001cce:	4a20      	ldr	r2, [pc, #128]	@ (10001d50 <runtime_init_clocks+0xc0>)
10001cd0:	4820      	ldr	r0, [pc, #128]	@ (10001d54 <runtime_init_clocks+0xc4>)
10001cd2:	f7ff fe71 	bl	100019b8 <pll_init>
10001cd6:	2200      	movs	r2, #0
10001cd8:	2102      	movs	r1, #2
10001cda:	2004      	movs	r0, #4
10001cdc:	4b1e      	ldr	r3, [pc, #120]	@ (10001d58 <runtime_init_clocks+0xc8>)
10001cde:	f7ff fdf5 	bl	100018cc <clock_configure_undivided>
10001ce2:	2200      	movs	r2, #0
10001ce4:	2101      	movs	r1, #1
10001ce6:	2005      	movs	r0, #5
10001ce8:	4b1c      	ldr	r3, [pc, #112]	@ (10001d5c <runtime_init_clocks+0xcc>)
10001cea:	f7ff fdef 	bl	100018cc <clock_configure_undivided>
10001cee:	2200      	movs	r2, #0
10001cf0:	2100      	movs	r1, #0
10001cf2:	2007      	movs	r0, #7
10001cf4:	4b1a      	ldr	r3, [pc, #104]	@ (10001d60 <runtime_init_clocks+0xd0>)
10001cf6:	f7ff fde9 	bl	100018cc <clock_configure_undivided>
10001cfa:	2200      	movs	r2, #0
10001cfc:	2100      	movs	r1, #0
10001cfe:	2008      	movs	r0, #8
10001d00:	4b17      	ldr	r3, [pc, #92]	@ (10001d60 <runtime_init_clocks+0xd0>)
10001d02:	f7ff fde3 	bl	100018cc <clock_configure_undivided>
10001d06:	2380      	movs	r3, #128	@ 0x80
10001d08:	00db      	lsls	r3, r3, #3
10001d0a:	9300      	str	r3, [sp, #0]
10001d0c:	2200      	movs	r2, #0
10001d0e:	2100      	movs	r1, #0
10001d10:	2009      	movs	r0, #9
10001d12:	4b13      	ldr	r3, [pc, #76]	@ (10001d60 <runtime_init_clocks+0xd0>)
10001d14:	f7ff fd64 	bl	100017e0 <clock_configure_int_divider>
10001d18:	2200      	movs	r2, #0
10001d1a:	4b10      	ldr	r3, [pc, #64]	@ (10001d5c <runtime_init_clocks+0xcc>)
10001d1c:	2100      	movs	r1, #0
10001d1e:	2006      	movs	r0, #6
10001d20:	f7ff fdd4 	bl	100018cc <clock_configure_undivided>
10001d24:	2004      	movs	r0, #4
10001d26:	f7ff fe41 	bl	100019ac <clock_get_hz>
10001d2a:	490e      	ldr	r1, [pc, #56]	@ (10001d64 <runtime_init_clocks+0xd4>)
10001d2c:	f000 f852 	bl	10001dd4 <__wrap___aeabi_uidiv>
10001d30:	0001      	movs	r1, r0
10001d32:	2000      	movs	r0, #0
10001d34:	f7ff fe98 	bl	10001a68 <tick_start>
10001d38:	b002      	add	sp, #8
10001d3a:	bd10      	pop	{r4, pc}
10001d3c:	40008000 	.word	0x40008000
10001d40:	4000b03c 	.word	0x4000b03c
10001d44:	4000b030 	.word	0x4000b030
10001d48:	59682f00 	.word	0x59682f00
10001d4c:	40028000 	.word	0x40028000
10001d50:	47868c00 	.word	0x47868c00
10001d54:	4002c000 	.word	0x4002c000
10001d58:	00b71b00 	.word	0x00b71b00
10001d5c:	07735940 	.word	0x07735940
10001d60:	02dc6c00 	.word	0x02dc6c00
10001d64:	000f4240 	.word	0x000f4240

10001d68 <__aeabi_bits_init>:
10001d68:	4801      	ldr	r0, [pc, #4]	@ (10001d70 <__aeabi_bits_init+0x8>)
10001d6a:	2104      	movs	r1, #4
10001d6c:	4b01      	ldr	r3, [pc, #4]	@ (10001d74 <__aeabi_bits_init+0xc>)
10001d6e:	4718      	bx	r3
10001d70:	20000710 	.word	0x20000710
10001d74:	10001a99 	.word	0x10001a99

10001d78 <__wrap___ctzsi2>:
10001d78:	4b01      	ldr	r3, [pc, #4]	@ (10001d80 <__wrap___ctzsi2+0x8>)
10001d7a:	689b      	ldr	r3, [r3, #8]
10001d7c:	4718      	bx	r3
10001d7e:	0000      	.short	0x0000
10001d80:	20000710 	.word	0x20000710

10001d84 <__wrap___aeabi_idiv>:
10001d84:	4a12      	ldr	r2, [pc, #72]	@ (10001dd0 <divmod_s32s32_savestate+0x18>)
10001d86:	6f93      	ldr	r3, [r2, #120]	@ 0x78
10001d88:	089b      	lsrs	r3, r3, #2
10001d8a:	d215      	bcs.n	10001db8 <divmod_s32s32_savestate>

10001d8c <divmod_s32s32_core>:
10001d8c:	6690      	str	r0, [r2, #104]	@ 0x68
10001d8e:	66d1      	str	r1, [r2, #108]	@ 0x6c
10001d90:	2900      	cmp	r1, #0
10001d92:	d005      	beq.n	10001da0 <divmod_s32s32_core+0x14>
10001d94:	e7ff      	b.n	10001d96 <divmod_s32s32_core+0xa>
10001d96:	e7ff      	b.n	10001d98 <divmod_s32s32_core+0xc>
10001d98:	e7ff      	b.n	10001d9a <divmod_s32s32_core+0xe>
10001d9a:	6f51      	ldr	r1, [r2, #116]	@ 0x74
10001d9c:	6f10      	ldr	r0, [r2, #112]	@ 0x70
10001d9e:	4770      	bx	lr
10001da0:	b504      	push	{r2, lr}
10001da2:	2180      	movs	r1, #128	@ 0x80
10001da4:	0609      	lsls	r1, r1, #24
10001da6:	17c2      	asrs	r2, r0, #31
10001da8:	4051      	eors	r1, r2
10001daa:	2800      	cmp	r0, #0
10001dac:	d000      	beq.n	10001db0 <divmod_s32s32_core+0x24>
10001dae:	43c8      	mvns	r0, r1
10001db0:	f009 fa4a 	bl	1000b248 <____aeabi_idiv0_veneer>
10001db4:	2100      	movs	r1, #0
10001db6:	bd04      	pop	{r2, pc}

10001db8 <divmod_s32s32_savestate>:
10001db8:	b5f0      	push	{r4, r5, r6, r7, lr}
10001dba:	6e14      	ldr	r4, [r2, #96]	@ 0x60
10001dbc:	6e55      	ldr	r5, [r2, #100]	@ 0x64
10001dbe:	6f57      	ldr	r7, [r2, #116]	@ 0x74
10001dc0:	6f16      	ldr	r6, [r2, #112]	@ 0x70
10001dc2:	f7ff ffe3 	bl	10001d8c <divmod_s32s32_core>
10001dc6:	6614      	str	r4, [r2, #96]	@ 0x60
10001dc8:	6655      	str	r5, [r2, #100]	@ 0x64
10001dca:	6757      	str	r7, [r2, #116]	@ 0x74
10001dcc:	6716      	str	r6, [r2, #112]	@ 0x70
10001dce:	bdf0      	pop	{r4, r5, r6, r7, pc}
10001dd0:	d0000000 	.word	0xd0000000

10001dd4 <__wrap___aeabi_uidiv>:
10001dd4:	4a11      	ldr	r2, [pc, #68]	@ (10001e1c <divmod_u32u32_savestate+0x18>)
10001dd6:	6f93      	ldr	r3, [r2, #120]	@ 0x78
10001dd8:	089b      	lsrs	r3, r3, #2
10001dda:	d213      	bcs.n	10001e04 <divmod_u32u32_savestate>

10001ddc <divmod_u32u32_core>:
10001ddc:	6610      	str	r0, [r2, #96]	@ 0x60
10001dde:	6651      	str	r1, [r2, #100]	@ 0x64
10001de0:	2900      	cmp	r1, #0
10001de2:	d005      	beq.n	10001df0 <divmod_u32u32_core+0x14>
10001de4:	e7ff      	b.n	10001de6 <divmod_u32u32_core+0xa>
10001de6:	e7ff      	b.n	10001de8 <divmod_u32u32_core+0xc>
10001de8:	e7ff      	b.n	10001dea <divmod_u32u32_core+0xe>
10001dea:	6f51      	ldr	r1, [r2, #116]	@ 0x74
10001dec:	6f10      	ldr	r0, [r2, #112]	@ 0x70
10001dee:	4770      	bx	lr
10001df0:	b504      	push	{r2, lr}
10001df2:	2800      	cmp	r0, #0
10001df4:	d001      	beq.n	10001dfa <divmod_u32u32_core+0x1e>
10001df6:	2000      	movs	r0, #0
10001df8:	43c0      	mvns	r0, r0
10001dfa:	f009 fa25 	bl	1000b248 <____aeabi_idiv0_veneer>
10001dfe:	2100      	movs	r1, #0
10001e00:	bd04      	pop	{r2, pc}
10001e02:	46c0      	nop			@ (mov r8, r8)

10001e04 <divmod_u32u32_savestate>:
10001e04:	b5f0      	push	{r4, r5, r6, r7, lr}
10001e06:	6e14      	ldr	r4, [r2, #96]	@ 0x60
10001e08:	6e55      	ldr	r5, [r2, #100]	@ 0x64
10001e0a:	6f57      	ldr	r7, [r2, #116]	@ 0x74
10001e0c:	6f16      	ldr	r6, [r2, #112]	@ 0x70
10001e0e:	f7ff ffe5 	bl	10001ddc <divmod_u32u32_core>
10001e12:	6614      	str	r4, [r2, #96]	@ 0x60
10001e14:	6655      	str	r5, [r2, #100]	@ 0x64
10001e16:	6757      	str	r7, [r2, #116]	@ 0x74
10001e18:	6716      	str	r6, [r2, #112]	@ 0x70
10001e1a:	bdf0      	pop	{r4, r5, r6, r7, pc}
10001e1c:	d0000000 	.word	0xd0000000

10001e20 <__wrap___aeabi_ldivmod>:
10001e20:	4694      	mov	ip, r2
10001e22:	4a4a      	ldr	r2, [pc, #296]	@ (10001f4c <udiv0+0x1a>)
10001e24:	6f92      	ldr	r2, [r2, #120]	@ 0x78
10001e26:	0892      	lsrs	r2, r2, #2
10001e28:	4662      	mov	r2, ip
10001e2a:	d201      	bcs.n	10001e30 <divmod_s64s64_savestate>
10001e2c:	e028      	b.n	10001e80 <divmod_s64s64_unsafe>
10001e2e:	46c0      	nop			@ (mov r8, r8)

10001e30 <divmod_s64s64_savestate>:
10001e30:	b5f0      	push	{r4, r5, r6, r7, lr}
10001e32:	4e46      	ldr	r6, [pc, #280]	@ (10001f4c <udiv0+0x1a>)
10001e34:	6e34      	ldr	r4, [r6, #96]	@ 0x60
10001e36:	6e75      	ldr	r5, [r6, #100]	@ 0x64
10001e38:	6f77      	ldr	r7, [r6, #116]	@ 0x74
10001e3a:	6f36      	ldr	r6, [r6, #112]	@ 0x70
10001e3c:	f000 f820 	bl	10001e80 <divmod_s64s64_unsafe>
10001e40:	4694      	mov	ip, r2
10001e42:	4a42      	ldr	r2, [pc, #264]	@ (10001f4c <udiv0+0x1a>)
10001e44:	6614      	str	r4, [r2, #96]	@ 0x60
10001e46:	6655      	str	r5, [r2, #100]	@ 0x64
10001e48:	6757      	str	r7, [r2, #116]	@ 0x74
10001e4a:	6716      	str	r6, [r2, #112]	@ 0x70
10001e4c:	4662      	mov	r2, ip
10001e4e:	bdf0      	pop	{r4, r5, r6, r7, pc}

10001e50 <__wrap___aeabi_uldivmod>:
10001e50:	4694      	mov	ip, r2
10001e52:	4a3e      	ldr	r2, [pc, #248]	@ (10001f4c <udiv0+0x1a>)
10001e54:	6f92      	ldr	r2, [r2, #120]	@ 0x78
10001e56:	0892      	lsrs	r2, r2, #2
10001e58:	4662      	mov	r2, ip
10001e5a:	d201      	bcs.n	10001e60 <divmod_u64u64_savestate>
10001e5c:	e054      	b.n	10001f08 <divmod_u64u64_unsafe>
10001e5e:	46c0      	nop			@ (mov r8, r8)

10001e60 <divmod_u64u64_savestate>:
10001e60:	b5f0      	push	{r4, r5, r6, r7, lr}
10001e62:	4e3a      	ldr	r6, [pc, #232]	@ (10001f4c <udiv0+0x1a>)
10001e64:	6e34      	ldr	r4, [r6, #96]	@ 0x60
10001e66:	6e75      	ldr	r5, [r6, #100]	@ 0x64
10001e68:	6f77      	ldr	r7, [r6, #116]	@ 0x74
10001e6a:	6f36      	ldr	r6, [r6, #112]	@ 0x70
10001e6c:	f000 f84c 	bl	10001f08 <divmod_u64u64_unsafe>
10001e70:	4694      	mov	ip, r2
10001e72:	4a36      	ldr	r2, [pc, #216]	@ (10001f4c <udiv0+0x1a>)
10001e74:	6614      	str	r4, [r2, #96]	@ 0x60
10001e76:	6655      	str	r5, [r2, #100]	@ 0x64
10001e78:	6757      	str	r7, [r2, #116]	@ 0x74
10001e7a:	6716      	str	r6, [r2, #112]	@ 0x70
10001e7c:	4662      	mov	r2, ip
10001e7e:	bdf0      	pop	{r4, r5, r6, r7, pc}

10001e80 <divmod_s64s64_unsafe>:
10001e80:	2b00      	cmp	r3, #0
10001e82:	db24      	blt.n	10001ece <l46_1+0x26>
10001e84:	d011      	beq.n	10001eaa <l46_1+0x2>
10001e86:	2900      	cmp	r1, #0
10001e88:	da3e      	bge.n	10001f08 <divmod_u64u64_unsafe>
10001e8a:	b500      	push	{lr}
10001e8c:	43c9      	mvns	r1, r1
10001e8e:	4240      	negs	r0, r0
10001e90:	d100      	bne.n	10001e94 <l44_1>
10001e92:	3101      	adds	r1, #1

10001e94 <l44_1>:
10001e94:	f000 f838 	bl	10001f08 <divmod_u64u64_unsafe>
10001e98:	43c9      	mvns	r1, r1
10001e9a:	4240      	negs	r0, r0
10001e9c:	d100      	bne.n	10001ea0 <l45_1>
10001e9e:	3101      	adds	r1, #1

10001ea0 <l45_1>:
10001ea0:	43db      	mvns	r3, r3
10001ea2:	4252      	negs	r2, r2
10001ea4:	d100      	bne.n	10001ea8 <l46_1>
10001ea6:	3301      	adds	r3, #1

10001ea8 <l46_1>:
10001ea8:	bd00      	pop	{pc}
10001eaa:	2a00      	cmp	r2, #0
10001eac:	d1eb      	bne.n	10001e86 <divmod_s64s64_unsafe+0x6>
10001eae:	2800      	cmp	r0, #0
10001eb0:	d101      	bne.n	10001eb6 <l46_1+0xe>
10001eb2:	2900      	cmp	r1, #0
10001eb4:	d005      	beq.n	10001ec2 <l46_1+0x1a>
10001eb6:	2000      	movs	r0, #0
10001eb8:	0fc9      	lsrs	r1, r1, #31
10001eba:	07c9      	lsls	r1, r1, #31
10001ebc:	d101      	bne.n	10001ec2 <l46_1+0x1a>
10001ebe:	43c0      	mvns	r0, r0
10001ec0:	0841      	lsrs	r1, r0, #1
10001ec2:	b500      	push	{lr}
10001ec4:	f009 f9f0 	bl	1000b2a8 <____aeabi_ldiv0_veneer>
10001ec8:	2200      	movs	r2, #0
10001eca:	2300      	movs	r3, #0
10001ecc:	bd00      	pop	{pc}
10001ece:	b500      	push	{lr}
10001ed0:	2900      	cmp	r1, #0
10001ed2:	db0a      	blt.n	10001eea <l48_1+0x2>
10001ed4:	43db      	mvns	r3, r3
10001ed6:	4252      	negs	r2, r2
10001ed8:	d100      	bne.n	10001edc <l47_1>
10001eda:	3301      	adds	r3, #1

10001edc <l47_1>:
10001edc:	f000 f814 	bl	10001f08 <divmod_u64u64_unsafe>
10001ee0:	43c9      	mvns	r1, r1
10001ee2:	4240      	negs	r0, r0
10001ee4:	d100      	bne.n	10001ee8 <l48_1>
10001ee6:	3101      	adds	r1, #1

10001ee8 <l48_1>:
10001ee8:	bd00      	pop	{pc}
10001eea:	43c9      	mvns	r1, r1
10001eec:	4240      	negs	r0, r0
10001eee:	d100      	bne.n	10001ef2 <l49_1>
10001ef0:	3101      	adds	r1, #1

10001ef2 <l49_1>:
10001ef2:	43db      	mvns	r3, r3
10001ef4:	4252      	negs	r2, r2
10001ef6:	d100      	bne.n	10001efa <l50_1>
10001ef8:	3301      	adds	r3, #1

10001efa <l50_1>:
10001efa:	f000 f805 	bl	10001f08 <divmod_u64u64_unsafe>
10001efe:	43db      	mvns	r3, r3
10001f00:	4252      	negs	r2, r2
10001f02:	d100      	bne.n	10001f06 <l51_1>
10001f04:	3301      	adds	r3, #1

10001f06 <l51_1>:
10001f06:	bd00      	pop	{pc}

10001f08 <divmod_u64u64_unsafe>:
10001f08:	2900      	cmp	r1, #0
10001f0a:	d123      	bne.n	10001f54 <y64>
10001f0c:	2b00      	cmp	r3, #0
10001f0e:	d118      	bne.n	10001f42 <udiv0+0x10>
10001f10:	2a00      	cmp	r2, #0
10001f12:	d00c      	beq.n	10001f2e <divmod_u64u64_unsafe+0x26>
10001f14:	46bc      	mov	ip, r7
10001f16:	4f0d      	ldr	r7, [pc, #52]	@ (10001f4c <udiv0+0x1a>)
10001f18:	6638      	str	r0, [r7, #96]	@ 0x60
10001f1a:	667a      	str	r2, [r7, #100]	@ 0x64
10001f1c:	2100      	movs	r1, #0
10001f1e:	2300      	movs	r3, #0
10001f20:	e7ff      	b.n	10001f22 <divmod_u64u64_unsafe+0x1a>
10001f22:	e7ff      	b.n	10001f24 <divmod_u64u64_unsafe+0x1c>
10001f24:	e7ff      	b.n	10001f26 <divmod_u64u64_unsafe+0x1e>
10001f26:	6f7a      	ldr	r2, [r7, #116]	@ 0x74
10001f28:	6f38      	ldr	r0, [r7, #112]	@ 0x70
10001f2a:	4667      	mov	r7, ip
10001f2c:	4770      	bx	lr
10001f2e:	2800      	cmp	r0, #0
10001f30:	d001      	beq.n	10001f36 <udiv0+0x4>

10001f32 <udiv0>:
10001f32:	4807      	ldr	r0, [pc, #28]	@ (10001f50 <udiv0+0x1e>)
10001f34:	0001      	movs	r1, r0
10001f36:	b500      	push	{lr}
10001f38:	f009 f9b6 	bl	1000b2a8 <____aeabi_ldiv0_veneer>
10001f3c:	2200      	movs	r2, #0
10001f3e:	2300      	movs	r3, #0
10001f40:	bd00      	pop	{pc}
10001f42:	0002      	movs	r2, r0
10001f44:	000b      	movs	r3, r1
10001f46:	2000      	movs	r0, #0
10001f48:	2100      	movs	r1, #0
10001f4a:	4770      	bx	lr
10001f4c:	d0000000 	.word	0xd0000000
10001f50:	ffffffff 	.word	0xffffffff

10001f54 <y64>:
10001f54:	2b00      	cmp	r3, #0
10001f56:	d000      	beq.n	10001f5a <y64+0x6>
10001f58:	e0bf      	b.n	100020da <y64_x48>
10001f5a:	0c13      	lsrs	r3, r2, #16
10001f5c:	d128      	bne.n	10001fb0 <y64_x32>
10001f5e:	2a00      	cmp	r2, #0
10001f60:	d0e7      	beq.n	10001f32 <udiv0>
10001f62:	b480      	push	{r7}
10001f64:	4f11      	ldr	r7, [pc, #68]	@ (10001fac <y64+0x58>)
10001f66:	6639      	str	r1, [r7, #96]	@ 0x60
10001f68:	667a      	str	r2, [r7, #100]	@ 0x64
10001f6a:	e7ff      	b.n	10001f6c <y64+0x18>
10001f6c:	e7ff      	b.n	10001f6e <y64+0x1a>
10001f6e:	b430      	push	{r4, r5}
10001f70:	0c04      	lsrs	r4, r0, #16
10001f72:	6f7b      	ldr	r3, [r7, #116]	@ 0x74
10001f74:	6f39      	ldr	r1, [r7, #112]	@ 0x70
10001f76:	041b      	lsls	r3, r3, #16
10001f78:	4323      	orrs	r3, r4
10001f7a:	663b      	str	r3, [r7, #96]	@ 0x60
10001f7c:	667a      	str	r2, [r7, #100]	@ 0x64
10001f7e:	e7ff      	b.n	10001f80 <y64+0x2c>
10001f80:	e7ff      	b.n	10001f82 <y64+0x2e>
10001f82:	e7ff      	b.n	10001f84 <y64+0x30>
10001f84:	46c0      	nop			@ (mov r8, r8)
10001f86:	b284      	uxth	r4, r0
10001f88:	6f7b      	ldr	r3, [r7, #116]	@ 0x74
10001f8a:	6f3d      	ldr	r5, [r7, #112]	@ 0x70
10001f8c:	041b      	lsls	r3, r3, #16
10001f8e:	4323      	orrs	r3, r4
10001f90:	663b      	str	r3, [r7, #96]	@ 0x60
10001f92:	667a      	str	r2, [r7, #100]	@ 0x64
10001f94:	e7ff      	b.n	10001f96 <y64+0x42>
10001f96:	e7ff      	b.n	10001f98 <y64+0x44>
10001f98:	46c0      	nop			@ (mov r8, r8)
10001f9a:	2300      	movs	r3, #0
10001f9c:	042c      	lsls	r4, r5, #16
10001f9e:	0c2d      	lsrs	r5, r5, #16
10001fa0:	6f7a      	ldr	r2, [r7, #116]	@ 0x74
10001fa2:	6f38      	ldr	r0, [r7, #112]	@ 0x70
10001fa4:	1900      	adds	r0, r0, r4
10001fa6:	4169      	adcs	r1, r5
10001fa8:	bcb0      	pop	{r4, r5, r7}
10001faa:	4770      	bx	lr
10001fac:	d0000000 	.word	0xd0000000

10001fb0 <y64_x32>:
10001fb0:	b5f0      	push	{r4, r5, r6, r7, lr}
10001fb2:	4694      	mov	ip, r2
10001fb4:	2500      	movs	r5, #0
10001fb6:	0e14      	lsrs	r4, r2, #24
10001fb8:	d101      	bne.n	10001fbe <y64_x32+0xe>
10001fba:	0212      	lsls	r2, r2, #8
10001fbc:	3508      	adds	r5, #8
10001fbe:	0f14      	lsrs	r4, r2, #28
10001fc0:	d101      	bne.n	10001fc6 <y64_x32+0x16>
10001fc2:	0112      	lsls	r2, r2, #4
10001fc4:	3504      	adds	r5, #4
10001fc6:	0f94      	lsrs	r4, r2, #30
10001fc8:	d101      	bne.n	10001fce <y64_x32+0x1e>
10001fca:	0092      	lsls	r2, r2, #2
10001fcc:	3502      	adds	r5, #2
10001fce:	0fd4      	lsrs	r4, r2, #31
10001fd0:	d101      	bne.n	10001fd6 <y64_x32+0x26>
10001fd2:	0052      	lsls	r2, r2, #1
10001fd4:	3501      	adds	r5, #1
10001fd6:	0bd4      	lsrs	r4, r2, #15
10001fd8:	3401      	adds	r4, #1
10001fda:	4f25      	ldr	r7, [pc, #148]	@ (10002070 <y64_x32+0xc0>)
10001fdc:	667c      	str	r4, [r7, #100]	@ 0x64
10001fde:	4c25      	ldr	r4, [pc, #148]	@ (10002074 <y64_x32+0xc4>)
10001fe0:	663c      	str	r4, [r7, #96]	@ 0x60
10001fe2:	0c0e      	lsrs	r6, r1, #16
10001fe4:	b293      	uxth	r3, r2
10001fe6:	e7ff      	b.n	10001fe8 <y64_x32+0x38>
10001fe8:	e7ff      	b.n	10001fea <y64_x32+0x3a>
10001fea:	e7ff      	b.n	10001fec <y64_x32+0x3c>
10001fec:	6f3c      	ldr	r4, [r7, #112]	@ 0x70
10001fee:	4366      	muls	r6, r4
10001ff0:	0c36      	lsrs	r6, r6, #16
10001ff2:	0377      	lsls	r7, r6, #13
10001ff4:	46be      	mov	lr, r7
10001ff6:	4373      	muls	r3, r6
10001ff8:	0bdf      	lsrs	r7, r3, #15
10001ffa:	045b      	lsls	r3, r3, #17
10001ffc:	1ac0      	subs	r0, r0, r3
10001ffe:	41b9      	sbcs	r1, r7
10002000:	0c13      	lsrs	r3, r2, #16
10002002:	4373      	muls	r3, r6
10002004:	18db      	adds	r3, r3, r3
10002006:	1ac9      	subs	r1, r1, r3
10002008:	08ce      	lsrs	r6, r1, #3
1000200a:	4366      	muls	r6, r4
1000200c:	0c36      	lsrs	r6, r6, #16
1000200e:	44b6      	add	lr, r6
10002010:	b293      	uxth	r3, r2
10002012:	4373      	muls	r3, r6
10002014:	0f1f      	lsrs	r7, r3, #28
10002016:	011b      	lsls	r3, r3, #4
10002018:	1ac0      	subs	r0, r0, r3
1000201a:	41b9      	sbcs	r1, r7
1000201c:	0c13      	lsrs	r3, r2, #16
1000201e:	4373      	muls	r3, r6
10002020:	0b1f      	lsrs	r7, r3, #12
10002022:	051b      	lsls	r3, r3, #20
10002024:	1ac0      	subs	r0, r0, r3
10002026:	41b9      	sbcs	r1, r7
10002028:	0d86      	lsrs	r6, r0, #22
1000202a:	028f      	lsls	r7, r1, #10
1000202c:	433e      	orrs	r6, r7
1000202e:	4366      	muls	r6, r4
10002030:	0c36      	lsrs	r6, r6, #16
10002032:	2d09      	cmp	r5, #9
10002034:	db24      	blt.n	10002080 <last0>
10002036:	0a52      	lsrs	r2, r2, #9
10002038:	4372      	muls	r2, r6
1000203a:	1a80      	subs	r0, r0, r2
1000203c:	0377      	lsls	r7, r6, #13
1000203e:	0a46      	lsrs	r6, r0, #9
10002040:	4366      	muls	r6, r4
10002042:	0c36      	lsrs	r6, r6, #16
10002044:	2316      	movs	r3, #22
10002046:	1b5b      	subs	r3, r3, r5
10002048:	40de      	lsrs	r6, r3
1000204a:	40df      	lsrs	r7, r3
1000204c:	19bf      	adds	r7, r7, r6
1000204e:	4664      	mov	r4, ip
10002050:	4366      	muls	r6, r4
10002052:	1b82      	subs	r2, r0, r6
10002054:	4670      	mov	r0, lr
10002056:	3504      	adds	r5, #4
10002058:	3306      	adds	r3, #6
1000205a:	0001      	movs	r1, r0
1000205c:	40d9      	lsrs	r1, r3
1000205e:	40a8      	lsls	r0, r5
10002060:	19c0      	adds	r0, r0, r7
10002062:	d300      	bcc.n	10002066 <y64_x32+0xb6>
10002064:	3101      	adds	r1, #1
10002066:	42a2      	cmp	r2, r4
10002068:	d206      	bcs.n	10002078 <y64_x32+0xc8>
1000206a:	2300      	movs	r3, #0
1000206c:	bdf0      	pop	{r4, r5, r6, r7, pc}
1000206e:	0000      	.short	0x0000
10002070:	d0000000 	.word	0xd0000000
10002074:	ffffffff 	.word	0xffffffff
10002078:	1b12      	subs	r2, r2, r4
1000207a:	3001      	adds	r0, #1
1000207c:	d3f3      	bcc.n	10002066 <y64_x32+0xb6>
1000207e:	e7f1      	b.n	10002064 <y64_x32+0xb4>

10002080 <last0>:
10002080:	2709      	movs	r7, #9
10002082:	1b7f      	subs	r7, r7, r5
10002084:	40fe      	lsrs	r6, r7
10002086:	4664      	mov	r4, ip
10002088:	b2a2      	uxth	r2, r4
1000208a:	4372      	muls	r2, r6
1000208c:	1a80      	subs	r0, r0, r2
1000208e:	d200      	bcs.n	10002092 <last0+0x12>
10002090:	3901      	subs	r1, #1
10002092:	0c22      	lsrs	r2, r4, #16
10002094:	4372      	muls	r2, r6
10002096:	0c13      	lsrs	r3, r2, #16
10002098:	0412      	lsls	r2, r2, #16
1000209a:	1a82      	subs	r2, r0, r2
1000209c:	4199      	sbcs	r1, r3
1000209e:	000b      	movs	r3, r1
100020a0:	4670      	mov	r0, lr
100020a2:	3504      	adds	r5, #4
100020a4:	3713      	adds	r7, #19
100020a6:	0001      	movs	r1, r0
100020a8:	40f9      	lsrs	r1, r7
100020aa:	40a8      	lsls	r0, r5
100020ac:	1980      	adds	r0, r0, r6
100020ae:	d300      	bcc.n	100020b2 <last0+0x32>
100020b0:	3101      	adds	r1, #1
100020b2:	2b00      	cmp	r3, #0
100020b4:	d102      	bne.n	100020bc <last0+0x3c>
100020b6:	42a2      	cmp	r2, r4
100020b8:	d20a      	bcs.n	100020d0 <last0+0x50>
100020ba:	bdf0      	pop	{r4, r5, r6, r7, pc}
100020bc:	3001      	adds	r0, #1
100020be:	d300      	bcc.n	100020c2 <last0+0x42>
100020c0:	3101      	adds	r1, #1
100020c2:	1b12      	subs	r2, r2, r4
100020c4:	d2fa      	bcs.n	100020bc <last0+0x3c>
100020c6:	3b01      	subs	r3, #1
100020c8:	d1f8      	bne.n	100020bc <last0+0x3c>
100020ca:	42a2      	cmp	r2, r4
100020cc:	d200      	bcs.n	100020d0 <last0+0x50>
100020ce:	bdf0      	pop	{r4, r5, r6, r7, pc}
100020d0:	3001      	adds	r0, #1
100020d2:	d300      	bcc.n	100020d6 <last0+0x56>
100020d4:	3101      	adds	r1, #1
100020d6:	1b12      	subs	r2, r2, r4
100020d8:	e7f7      	b.n	100020ca <last0+0x4a>

100020da <y64_x48>:
100020da:	b5f0      	push	{r4, r5, r6, r7, lr}
100020dc:	0c1c      	lsrs	r4, r3, #16
100020de:	d000      	beq.n	100020e2 <y64_x48+0x8>
100020e0:	e080      	b.n	100021e4 <y64_x64>
100020e2:	b40c      	push	{r2, r3}
100020e4:	2500      	movs	r5, #0
100020e6:	0a1c      	lsrs	r4, r3, #8
100020e8:	d104      	bne.n	100020f4 <y64_x48+0x1a>
100020ea:	021b      	lsls	r3, r3, #8
100020ec:	0e16      	lsrs	r6, r2, #24
100020ee:	4333      	orrs	r3, r6
100020f0:	0212      	lsls	r2, r2, #8
100020f2:	3508      	adds	r5, #8
100020f4:	0b1c      	lsrs	r4, r3, #12
100020f6:	d104      	bne.n	10002102 <y64_x48+0x28>
100020f8:	011b      	lsls	r3, r3, #4
100020fa:	0f16      	lsrs	r6, r2, #28
100020fc:	4333      	orrs	r3, r6
100020fe:	0112      	lsls	r2, r2, #4
10002100:	3504      	adds	r5, #4
10002102:	0b9c      	lsrs	r4, r3, #14
10002104:	d104      	bne.n	10002110 <y64_x48+0x36>
10002106:	009b      	lsls	r3, r3, #2
10002108:	0f96      	lsrs	r6, r2, #30
1000210a:	4333      	orrs	r3, r6
1000210c:	0092      	lsls	r2, r2, #2
1000210e:	3502      	adds	r5, #2
10002110:	0bdc      	lsrs	r4, r3, #15
10002112:	d102      	bne.n	1000211a <y64_x48+0x40>
10002114:	1892      	adds	r2, r2, r2
10002116:	415b      	adcs	r3, r3
10002118:	3501      	adds	r5, #1
1000211a:	001c      	movs	r4, r3
1000211c:	1897      	adds	r7, r2, r2
1000211e:	4164      	adcs	r4, r4
10002120:	3401      	adds	r4, #1
10002122:	4f46      	ldr	r7, [pc, #280]	@ (1000223c <y64_x64+0x58>)
10002124:	667c      	str	r4, [r7, #100]	@ 0x64
10002126:	4c46      	ldr	r4, [pc, #280]	@ (10002240 <y64_x64+0x5c>)
10002128:	663c      	str	r4, [r7, #96]	@ 0x60
1000212a:	0c0e      	lsrs	r6, r1, #16
1000212c:	e7ff      	b.n	1000212e <y64_x48+0x54>
1000212e:	e7ff      	b.n	10002130 <y64_x48+0x56>
10002130:	e7ff      	b.n	10002132 <y64_x48+0x58>
10002132:	46c0      	nop			@ (mov r8, r8)
10002134:	6f3c      	ldr	r4, [r7, #112]	@ 0x70
10002136:	4366      	muls	r6, r4
10002138:	0c36      	lsrs	r6, r6, #16
1000213a:	0377      	lsls	r7, r6, #13
1000213c:	46be      	mov	lr, r7
1000213e:	b297      	uxth	r7, r2
10002140:	4377      	muls	r7, r6
10002142:	1bc0      	subs	r0, r0, r7
10002144:	d200      	bcs.n	10002148 <y64_x48+0x6e>
10002146:	3901      	subs	r1, #1
10002148:	1bc0      	subs	r0, r0, r7
1000214a:	d200      	bcs.n	1000214e <y64_x48+0x74>
1000214c:	3901      	subs	r1, #1
1000214e:	b29f      	uxth	r7, r3
10002150:	4377      	muls	r7, r6
10002152:	1bc9      	subs	r1, r1, r7
10002154:	1bc9      	subs	r1, r1, r7
10002156:	0c17      	lsrs	r7, r2, #16
10002158:	4377      	muls	r7, r6
1000215a:	047e      	lsls	r6, r7, #17
1000215c:	0bff      	lsrs	r7, r7, #15
1000215e:	1b80      	subs	r0, r0, r6
10002160:	41b9      	sbcs	r1, r7
10002162:	08ce      	lsrs	r6, r1, #3
10002164:	4366      	muls	r6, r4
10002166:	0c36      	lsrs	r6, r6, #16
10002168:	2d0c      	cmp	r5, #12
1000216a:	db33      	blt.n	100021d4 <last1>
1000216c:	44b6      	add	lr, r6
1000216e:	0b12      	lsrs	r2, r2, #12
10002170:	051f      	lsls	r7, r3, #20
10002172:	433a      	orrs	r2, r7
10002174:	0b1b      	lsrs	r3, r3, #12
10002176:	b297      	uxth	r7, r2
10002178:	4377      	muls	r7, r6
1000217a:	1bc0      	subs	r0, r0, r7
1000217c:	d200      	bcs.n	10002180 <y64_x48+0xa6>
1000217e:	3901      	subs	r1, #1
10002180:	b29f      	uxth	r7, r3
10002182:	4377      	muls	r7, r6
10002184:	1bc9      	subs	r1, r1, r7
10002186:	0c17      	lsrs	r7, r2, #16
10002188:	4377      	muls	r7, r6
1000218a:	043e      	lsls	r6, r7, #16
1000218c:	0c3f      	lsrs	r7, r7, #16
1000218e:	1b80      	subs	r0, r0, r6
10002190:	41b9      	sbcs	r1, r7
10002192:	0d86      	lsrs	r6, r0, #22
10002194:	028f      	lsls	r7, r1, #10
10002196:	433e      	orrs	r6, r7
10002198:	4366      	muls	r6, r4
1000219a:	2729      	movs	r7, #41	@ 0x29
1000219c:	1b7f      	subs	r7, r7, r5
1000219e:	40fe      	lsrs	r6, r7
100021a0:	3d0c      	subs	r5, #12
100021a2:	4677      	mov	r7, lr
100021a4:	40af      	lsls	r7, r5
100021a6:	19bf      	adds	r7, r7, r6
100021a8:	bc30      	pop	{r4, r5}
100021aa:	b2a2      	uxth	r2, r4
100021ac:	b2ab      	uxth	r3, r5
100021ae:	4372      	muls	r2, r6
100021b0:	4373      	muls	r3, r6
100021b2:	1a80      	subs	r0, r0, r2
100021b4:	4199      	sbcs	r1, r3
100021b6:	0c22      	lsrs	r2, r4, #16
100021b8:	4372      	muls	r2, r6
100021ba:	0c13      	lsrs	r3, r2, #16
100021bc:	0412      	lsls	r2, r2, #16
100021be:	1a80      	subs	r0, r0, r2
100021c0:	4199      	sbcs	r1, r3
100021c2:	0002      	movs	r2, r0
100021c4:	000b      	movs	r3, r1
100021c6:	3701      	adds	r7, #1
100021c8:	1b00      	subs	r0, r0, r4
100021ca:	41a9      	sbcs	r1, r5
100021cc:	d2f9      	bcs.n	100021c2 <y64_x48+0xe8>
100021ce:	1e78      	subs	r0, r7, #1
100021d0:	2100      	movs	r1, #0
100021d2:	bdf0      	pop	{r4, r5, r6, r7, pc}

100021d4 <last1>:
100021d4:	270c      	movs	r7, #12
100021d6:	1b7f      	subs	r7, r7, r5
100021d8:	40fe      	lsrs	r6, r7
100021da:	4677      	mov	r7, lr
100021dc:	0b7f      	lsrs	r7, r7, #13
100021de:	40af      	lsls	r7, r5
100021e0:	19ff      	adds	r7, r7, r7
100021e2:	e7e0      	b.n	100021a6 <y64_x48+0xcc>

100021e4 <y64_x64>:
100021e4:	2400      	movs	r4, #0
100021e6:	1c5d      	adds	r5, r3, #1
100021e8:	d007      	beq.n	100021fa <y64_x64+0x16>
100021ea:	4f14      	ldr	r7, [pc, #80]	@ (1000223c <y64_x64+0x58>)
100021ec:	667d      	str	r5, [r7, #100]	@ 0x64
100021ee:	6639      	str	r1, [r7, #96]	@ 0x60
100021f0:	e7ff      	b.n	100021f2 <y64_x64+0xe>
100021f2:	e7ff      	b.n	100021f4 <y64_x64+0x10>
100021f4:	e7ff      	b.n	100021f6 <y64_x64+0x12>
100021f6:	e7ff      	b.n	100021f8 <y64_x64+0x14>
100021f8:	6f3c      	ldr	r4, [r7, #112]	@ 0x70
100021fa:	b295      	uxth	r5, r2
100021fc:	b29e      	uxth	r6, r3
100021fe:	4365      	muls	r5, r4
10002200:	4366      	muls	r6, r4
10002202:	1b40      	subs	r0, r0, r5
10002204:	41b1      	sbcs	r1, r6
10002206:	0c15      	lsrs	r5, r2, #16
10002208:	0c1e      	lsrs	r6, r3, #16
1000220a:	4365      	muls	r5, r4
1000220c:	4366      	muls	r6, r4
1000220e:	0436      	lsls	r6, r6, #16
10002210:	0c2f      	lsrs	r7, r5, #16
10002212:	433e      	orrs	r6, r7
10002214:	042d      	lsls	r5, r5, #16
10002216:	1b40      	subs	r0, r0, r5
10002218:	41b1      	sbcs	r1, r6
1000221a:	4299      	cmp	r1, r3
1000221c:	d204      	bcs.n	10002228 <y64_x64+0x44>
1000221e:	0002      	movs	r2, r0
10002220:	000b      	movs	r3, r1
10002222:	0020      	movs	r0, r4
10002224:	2100      	movs	r1, #0
10002226:	bdf0      	pop	{r4, r5, r6, r7, pc}
10002228:	d101      	bne.n	1000222e <y64_x64+0x4a>
1000222a:	4290      	cmp	r0, r2
1000222c:	d3f7      	bcc.n	1000221e <y64_x64+0x3a>
1000222e:	1a80      	subs	r0, r0, r2
10002230:	4199      	sbcs	r1, r3
10002232:	3401      	adds	r4, #1
10002234:	4299      	cmp	r1, r3
10002236:	d3f2      	bcc.n	1000221e <y64_x64+0x3a>
10002238:	e7f6      	b.n	10002228 <y64_x64+0x44>
1000223a:	0000      	.short	0x0000
1000223c:	d0000000 	.word	0xd0000000
10002240:	ffffffff 	.word	0xffffffff

10002244 <__wrap___aeabi_drsub>:
10002244:	4048      	eors	r0, r1
10002246:	4041      	eors	r1, r0
10002248:	4048      	eors	r0, r1

1000224a <__wrap___aeabi_dsub>:
1000224a:	b418      	push	{r3, r4}
1000224c:	4b13      	ldr	r3, [pc, #76]	@ (1000229c <__wrap___aeabi_dmul+0xa>)
1000224e:	685b      	ldr	r3, [r3, #4]
10002250:	9301      	str	r3, [sp, #4]
10002252:	bd08      	pop	{r3, pc}

10002254 <__wrap___aeabi_dadd>:
10002254:	b418      	push	{r3, r4}
10002256:	4b11      	ldr	r3, [pc, #68]	@ (1000229c <__wrap___aeabi_dmul+0xa>)
10002258:	681b      	ldr	r3, [r3, #0]
1000225a:	9301      	str	r3, [sp, #4]
1000225c:	bd08      	pop	{r3, pc}

1000225e <__wrap___aeabi_ddiv>:
1000225e:	4694      	mov	ip, r2
10002260:	4a0f      	ldr	r2, [pc, #60]	@ (100022a0 <__wrap___aeabi_dmul+0xe>)
10002262:	6f92      	ldr	r2, [r2, #120]	@ 0x78
10002264:	0892      	lsrs	r2, r2, #2
10002266:	d205      	bcs.n	10002274 <ddiv_save_state>
10002268:	4662      	mov	r2, ip

1000226a <ddiv_shim_call>:
1000226a:	b418      	push	{r3, r4}
1000226c:	4b0b      	ldr	r3, [pc, #44]	@ (1000229c <__wrap___aeabi_dmul+0xa>)
1000226e:	68db      	ldr	r3, [r3, #12]
10002270:	9301      	str	r3, [sp, #4]
10002272:	bd08      	pop	{r3, pc}

10002274 <ddiv_save_state>:
10002274:	4a0a      	ldr	r2, [pc, #40]	@ (100022a0 <__wrap___aeabi_dmul+0xe>)
10002276:	b5f0      	push	{r4, r5, r6, r7, lr}
10002278:	6e14      	ldr	r4, [r2, #96]	@ 0x60
1000227a:	6e55      	ldr	r5, [r2, #100]	@ 0x64
1000227c:	6f57      	ldr	r7, [r2, #116]	@ 0x74
1000227e:	6f16      	ldr	r6, [r2, #112]	@ 0x70
10002280:	4662      	mov	r2, ip
10002282:	f7ff fff2 	bl	1000226a <ddiv_shim_call>
10002286:	4a06      	ldr	r2, [pc, #24]	@ (100022a0 <__wrap___aeabi_dmul+0xe>)
10002288:	6614      	str	r4, [r2, #96]	@ 0x60
1000228a:	6655      	str	r5, [r2, #100]	@ 0x64
1000228c:	6757      	str	r7, [r2, #116]	@ 0x74
1000228e:	6716      	str	r6, [r2, #112]	@ 0x70
10002290:	bdf0      	pop	{r4, r5, r6, r7, pc}

10002292 <__wrap___aeabi_dmul>:
10002292:	b418      	push	{r3, r4}
10002294:	4b01      	ldr	r3, [pc, #4]	@ (1000229c <__wrap___aeabi_dmul+0xa>)
10002296:	689b      	ldr	r3, [r3, #8]
10002298:	9301      	str	r3, [sp, #4]
1000229a:	bd08      	pop	{r3, pc}
1000229c:	20000f70 	.word	0x20000f70
100022a0:	d0000000 	.word	0xd0000000

100022a4 <__wrap___aeabi_cdrcmple>:
100022a4:	b5ff      	push	{r0, r1, r2, r3, r4, r5, r6, r7, lr}
100022a6:	4050      	eors	r0, r2
100022a8:	4042      	eors	r2, r0
100022aa:	4050      	eors	r0, r2
100022ac:	4059      	eors	r1, r3
100022ae:	404b      	eors	r3, r1
100022b0:	4059      	eors	r1, r3
100022b2:	e000      	b.n	100022b6 <__aeabi_dfcmple_guts>

100022b4 <__wrap___aeabi_cdcmpeq>:
100022b4:	b5ff      	push	{r0, r1, r2, r3, r4, r5, r6, r7, lr}

100022b6 <__aeabi_dfcmple_guts>:
100022b6:	4f15      	ldr	r7, [pc, #84]	@ (1000230c <__aeabi_dfcmple_guts+0x56>)
100022b8:	004c      	lsls	r4, r1, #1
100022ba:	0d64      	lsrs	r4, r4, #21
100022bc:	d003      	beq.n	100022c6 <__aeabi_dfcmple_guts+0x10>
100022be:	42bc      	cmp	r4, r7
100022c0:	d104      	bne.n	100022cc <__aeabi_dfcmple_guts+0x16>
100022c2:	030c      	lsls	r4, r1, #12
100022c4:	d814      	bhi.n	100022f0 <__aeabi_dfcmple_guts+0x3a>
100022c6:	2000      	movs	r0, #0
100022c8:	0d09      	lsrs	r1, r1, #20
100022ca:	0509      	lsls	r1, r1, #20
100022cc:	005c      	lsls	r4, r3, #1
100022ce:	0d64      	lsrs	r4, r4, #21
100022d0:	d003      	beq.n	100022da <__aeabi_dfcmple_guts+0x24>
100022d2:	42bc      	cmp	r4, r7
100022d4:	d104      	bne.n	100022e0 <__aeabi_dfcmple_guts+0x2a>
100022d6:	031c      	lsls	r4, r3, #12
100022d8:	d80a      	bhi.n	100022f0 <__aeabi_dfcmple_guts+0x3a>
100022da:	2200      	movs	r2, #0
100022dc:	0d1b      	lsrs	r3, r3, #20
100022de:	051b      	lsls	r3, r3, #20
100022e0:	2601      	movs	r6, #1
100022e2:	404b      	eors	r3, r1
100022e4:	d409      	bmi.n	100022fa <__aeabi_dfcmple_guts+0x44>
100022e6:	404b      	eors	r3, r1
100022e8:	d503      	bpl.n	100022f2 <__aeabi_dfcmple_guts+0x3c>
100022ea:	428b      	cmp	r3, r1
100022ec:	d100      	bne.n	100022f0 <__aeabi_dfcmple_guts+0x3a>
100022ee:	4282      	cmp	r2, r0
100022f0:	bdff      	pop	{r0, r1, r2, r3, r4, r5, r6, r7, pc}
100022f2:	4299      	cmp	r1, r3
100022f4:	d1fc      	bne.n	100022f0 <__aeabi_dfcmple_guts+0x3a>
100022f6:	4290      	cmp	r0, r2
100022f8:	bdff      	pop	{r0, r1, r2, r3, r4, r5, r6, r7, pc}
100022fa:	430b      	orrs	r3, r1
100022fc:	18db      	adds	r3, r3, r3
100022fe:	4303      	orrs	r3, r0
10002300:	4313      	orrs	r3, r2
10002302:	d0f5      	beq.n	100022f0 <__aeabi_dfcmple_guts+0x3a>
10002304:	43c9      	mvns	r1, r1
10002306:	1849      	adds	r1, r1, r1
10002308:	bdff      	pop	{r0, r1, r2, r3, r4, r5, r6, r7, pc}
1000230a:	0000      	.short	0x0000
1000230c:	000007ff 	.word	0x000007ff

10002310 <__wrap___aeabi_dcmplt>:
10002310:	b500      	push	{lr}
10002312:	f7ff ffcf 	bl	100022b4 <__wrap___aeabi_cdcmpeq>
10002316:	4180      	sbcs	r0, r0
10002318:	bd00      	pop	{pc}
1000231a:	46c0      	nop			@ (mov r8, r8)

1000231c <__wrap___aeabi_dcmple>:
1000231c:	b500      	push	{lr}
1000231e:	f7ff ffc9 	bl	100022b4 <__wrap___aeabi_cdcmpeq>
10002322:	d901      	bls.n	10002328 <__wrap___aeabi_dcmple+0xc>
10002324:	2000      	movs	r0, #0
10002326:	bd00      	pop	{pc}
10002328:	2001      	movs	r0, #1
1000232a:	bd00      	pop	{pc}

1000232c <__wrap___aeabi_dcmpge>:
1000232c:	b500      	push	{lr}
1000232e:	f7ff ffb9 	bl	100022a4 <__wrap___aeabi_cdrcmple>
10002332:	d901      	bls.n	10002338 <__wrap___aeabi_dcmpge+0xc>
10002334:	2000      	movs	r0, #0
10002336:	bd00      	pop	{pc}
10002338:	2001      	movs	r0, #1
1000233a:	bd00      	pop	{pc}

1000233c <__wrap___aeabi_dcmpgt>:
1000233c:	b500      	push	{lr}
1000233e:	f7ff ffb1 	bl	100022a4 <__wrap___aeabi_cdrcmple>
10002342:	4180      	sbcs	r0, r0
10002344:	bd00      	pop	{pc}

10002346 <__wrap___aeabi_dcmpun>:
10002346:	2001      	movs	r0, #1
10002348:	0540      	lsls	r0, r0, #21
1000234a:	004a      	lsls	r2, r1, #1
1000234c:	1812      	adds	r2, r2, r0
1000234e:	d804      	bhi.n	1000235a <__wrap___aeabi_dcmpun+0x14>
10002350:	005a      	lsls	r2, r3, #1
10002352:	1812      	adds	r2, r2, r0
10002354:	d801      	bhi.n	1000235a <__wrap___aeabi_dcmpun+0x14>
10002356:	2000      	movs	r0, #0
10002358:	4770      	bx	lr
1000235a:	2001      	movs	r0, #1
1000235c:	4770      	bx	lr
	...

10002360 <__wrap___aeabi_ui2d>:
10002360:	2100      	movs	r1, #0
10002362:	2800      	cmp	r0, #0
10002364:	d105      	bne.n	10002372 <__wrap___aeabi_i2d+0xa>
10002366:	4770      	bx	lr

10002368 <__wrap___aeabi_i2d>:
10002368:	17c1      	asrs	r1, r0, #31
1000236a:	4048      	eors	r0, r1
1000236c:	1a40      	subs	r0, r0, r1
1000236e:	d0fa      	beq.n	10002366 <__wrap___aeabi_ui2d+0x6>
10002370:	07c9      	lsls	r1, r1, #31
10002372:	b513      	push	{r0, r1, r4, lr}
10002374:	4b06      	ldr	r3, [pc, #24]	@ (10002390 <__wrap___aeabi_i2d+0x28>)
10002376:	681b      	ldr	r3, [r3, #0]
10002378:	4798      	blx	r3
1000237a:	bc0c      	pop	{r2, r3}
1000237c:	1c44      	adds	r4, r0, #1
1000237e:	40a2      	lsls	r2, r4
10002380:	0510      	lsls	r0, r2, #20
10002382:	0b12      	lsrs	r2, r2, #12
10002384:	4903      	ldr	r1, [pc, #12]	@ (10002394 <__wrap___aeabi_i2d+0x2c>)
10002386:	1b09      	subs	r1, r1, r4
10002388:	0509      	lsls	r1, r1, #20
1000238a:	4319      	orrs	r1, r3
1000238c:	4311      	orrs	r1, r2
1000238e:	bd10      	pop	{r4, pc}
10002390:	20001f5c 	.word	0x20001f5c
10002394:	0000041f 	.word	0x0000041f

10002398 <__wrap___aeabi_d2iz>:
10002398:	b510      	push	{r4, lr}
1000239a:	004c      	lsls	r4, r1, #1
1000239c:	0d62      	lsrs	r2, r4, #21
1000239e:	2380      	movs	r3, #128	@ 0x80
100023a0:	18d2      	adds	r2, r2, r3
100023a2:	00db      	lsls	r3, r3, #3
100023a4:	1ad2      	subs	r2, r2, r3
100023a6:	055b      	lsls	r3, r3, #21
100023a8:	2a7e      	cmp	r2, #126	@ 0x7e
100023aa:	dd10      	ble.n	100023ce <__wrap___aeabi_d2iz+0x36>
100023ac:	3a9e      	subs	r2, #158	@ 0x9e
100023ae:	da13      	bge.n	100023d8 <__wrap___aeabi_d2iz+0x40>
100023b0:	17cc      	asrs	r4, r1, #31
100023b2:	0309      	lsls	r1, r1, #12
100023b4:	0849      	lsrs	r1, r1, #1
100023b6:	4319      	orrs	r1, r3
100023b8:	4252      	negs	r2, r2
100023ba:	40d1      	lsrs	r1, r2
100023bc:	0064      	lsls	r4, r4, #1
100023be:	3401      	adds	r4, #1
100023c0:	3215      	adds	r2, #21
100023c2:	2a20      	cmp	r2, #32
100023c4:	da05      	bge.n	100023d2 <__wrap___aeabi_d2iz+0x3a>
100023c6:	40d0      	lsrs	r0, r2
100023c8:	4308      	orrs	r0, r1
100023ca:	4360      	muls	r0, r4
100023cc:	bd10      	pop	{r4, pc}
100023ce:	2000      	movs	r0, #0
100023d0:	bd10      	pop	{r4, pc}
100023d2:	4608      	mov	r0, r1
100023d4:	4360      	muls	r0, r4
100023d6:	bd10      	pop	{r4, pc}
100023d8:	0fc8      	lsrs	r0, r1, #31
100023da:	18c0      	adds	r0, r0, r3
100023dc:	3801      	subs	r0, #1
100023de:	bd10      	pop	{r4, pc}

100023e0 <__wrap___aeabi_d2uiz>:
100023e0:	b418      	push	{r3, r4}
100023e2:	4b02      	ldr	r3, [pc, #8]	@ (100023ec <__wrap___aeabi_d2uiz+0xc>)
100023e4:	6a5b      	ldr	r3, [r3, #36]	@ 0x24
100023e6:	9301      	str	r3, [sp, #4]
100023e8:	bd08      	pop	{r3, pc}
100023ea:	0000      	.short	0x0000
100023ec:	20000f70 	.word	0x20000f70

100023f0 <missing_double_func_shim>:
100023f0:	b510      	push	{r4, lr}
100023f2:	4801      	ldr	r0, [pc, #4]	@ (100023f8 <missing_double_func_shim+0x8>)
100023f4:	f7fe f892 	bl	1000051c <panic>
100023f8:	1000b3e8 	.word	0x1000b3e8

100023fc <__aeabi_double_init>:
100023fc:	2313      	movs	r3, #19
100023fe:	b570      	push	{r4, r5, r6, lr}
10002400:	781d      	ldrb	r5, [r3, #0]
10002402:	2d01      	cmp	r5, #1
10002404:	d019      	beq.n	1000243a <__aeabi_double_init+0x3e>
10002406:	dd14      	ble.n	10002432 <__aeabi_double_init+0x36>
10002408:	481d      	ldr	r0, [pc, #116]	@ (10002480 <__aeabi_double_init+0x84>)
1000240a:	f7ff fb3d 	bl	10001a88 <rom_data_lookup>
1000240e:	0006      	movs	r6, r0
10002410:	481c      	ldr	r0, [pc, #112]	@ (10002484 <__aeabi_double_init+0x88>)
10002412:	f7ff fb39 	bl	10001a88 <rom_data_lookup>
10002416:	4c1c      	ldr	r4, [pc, #112]	@ (10002488 <__aeabi_double_init+0x8c>)
10002418:	2280      	movs	r2, #128	@ 0x80
1000241a:	0031      	movs	r1, r6
1000241c:	0020      	movs	r0, r4
1000241e:	f000 f901 	bl	10002624 <__wrap___aeabi_memcpy>
10002422:	2d02      	cmp	r5, #2
10002424:	d006      	beq.n	10002434 <__aeabi_double_init+0x38>
10002426:	4819      	ldr	r0, [pc, #100]	@ (1000248c <__aeabi_double_init+0x90>)
10002428:	f7ff fb26 	bl	10001a78 <rom_func_lookup>
1000242c:	4b18      	ldr	r3, [pc, #96]	@ (10002490 <__aeabi_double_init+0x94>)
1000242e:	6018      	str	r0, [r3, #0]
10002430:	bd70      	pop	{r4, r5, r6, pc}
10002432:	4c15      	ldr	r4, [pc, #84]	@ (10002488 <__aeabi_double_init+0x8c>)
10002434:	4b17      	ldr	r3, [pc, #92]	@ (10002494 <__aeabi_double_init+0x98>)
10002436:	64a3      	str	r3, [r4, #72]	@ 0x48
10002438:	e7f5      	b.n	10002426 <__aeabi_double_init+0x2a>
1000243a:	4b17      	ldr	r3, [pc, #92]	@ (10002498 <__aeabi_double_init+0x9c>)
1000243c:	4c12      	ldr	r4, [pc, #72]	@ (10002488 <__aeabi_double_init+0x8c>)
1000243e:	6023      	str	r3, [r4, #0]
10002440:	6063      	str	r3, [r4, #4]
10002442:	60a3      	str	r3, [r4, #8]
10002444:	60e3      	str	r3, [r4, #12]
10002446:	6123      	str	r3, [r4, #16]
10002448:	6163      	str	r3, [r4, #20]
1000244a:	61a3      	str	r3, [r4, #24]
1000244c:	61e3      	str	r3, [r4, #28]
1000244e:	6223      	str	r3, [r4, #32]
10002450:	6263      	str	r3, [r4, #36]	@ 0x24
10002452:	62a3      	str	r3, [r4, #40]	@ 0x28
10002454:	62e3      	str	r3, [r4, #44]	@ 0x2c
10002456:	6323      	str	r3, [r4, #48]	@ 0x30
10002458:	6363      	str	r3, [r4, #52]	@ 0x34
1000245a:	63a3      	str	r3, [r4, #56]	@ 0x38
1000245c:	63e3      	str	r3, [r4, #60]	@ 0x3c
1000245e:	6423      	str	r3, [r4, #64]	@ 0x40
10002460:	6463      	str	r3, [r4, #68]	@ 0x44
10002462:	64a3      	str	r3, [r4, #72]	@ 0x48
10002464:	64e3      	str	r3, [r4, #76]	@ 0x4c
10002466:	6523      	str	r3, [r4, #80]	@ 0x50
10002468:	6563      	str	r3, [r4, #84]	@ 0x54
1000246a:	65a3      	str	r3, [r4, #88]	@ 0x58
1000246c:	65e3      	str	r3, [r4, #92]	@ 0x5c
1000246e:	6623      	str	r3, [r4, #96]	@ 0x60
10002470:	6663      	str	r3, [r4, #100]	@ 0x64
10002472:	66a3      	str	r3, [r4, #104]	@ 0x68
10002474:	66e3      	str	r3, [r4, #108]	@ 0x6c
10002476:	6723      	str	r3, [r4, #112]	@ 0x70
10002478:	6763      	str	r3, [r4, #116]	@ 0x74
1000247a:	67a3      	str	r3, [r4, #120]	@ 0x78
1000247c:	67e3      	str	r3, [r4, #124]	@ 0x7c
1000247e:	e7d9      	b.n	10002434 <__aeabi_double_init+0x38>
10002480:	00004453 	.word	0x00004453
10002484:	00004653 	.word	0x00004653
10002488:	20000f70 	.word	0x20000f70
1000248c:	0000334c 	.word	0x0000334c
10002490:	20001f5c 	.word	0x20001f5c
10002494:	1000249d 	.word	0x1000249d
10002498:	100023f1 	.word	0x100023f1

1000249c <double_table_shim_on_use_helper>:
1000249c:	b507      	push	{r0, r1, r2, lr}
1000249e:	4660      	mov	r0, ip
100024a0:	8801      	ldrh	r1, [r0, #0]
100024a2:	0a0a      	lsrs	r2, r1, #8
100024a4:	3002      	adds	r0, #2
100024a6:	2adf      	cmp	r2, #223	@ 0xdf
100024a8:	d1fa      	bne.n	100024a0 <double_table_shim_on_use_helper+0x4>
100024aa:	b2c9      	uxtb	r1, r1
100024ac:	0882      	lsrs	r2, r0, #2
100024ae:	d304      	bcc.n	100024ba <double_table_shim_on_use_helper+0x1e>
100024b0:	8802      	ldrh	r2, [r0, #0]
100024b2:	8840      	ldrh	r0, [r0, #2]
100024b4:	0400      	lsls	r0, r0, #16
100024b6:	4310      	orrs	r0, r2
100024b8:	e000      	b.n	100024bc <double_table_shim_on_use_helper+0x20>
100024ba:	6800      	ldr	r0, [r0, #0]
100024bc:	4a01      	ldr	r2, [pc, #4]	@ (100024c4 <double_table_shim_on_use_helper+0x28>)
100024be:	5050      	str	r0, [r2, r1]
100024c0:	9003      	str	r0, [sp, #12]
100024c2:	bd07      	pop	{r0, r1, r2, pc}
100024c4:	20000f70 	.word	0x20000f70

100024c8 <__wrap___aeabi_lmul>:
100024c8:	4351      	muls	r1, r2
100024ca:	4343      	muls	r3, r0
100024cc:	18c9      	adds	r1, r1, r3
100024ce:	468c      	mov	ip, r1
100024d0:	0c11      	lsrs	r1, r2, #16
100024d2:	b283      	uxth	r3, r0
100024d4:	434b      	muls	r3, r1
100024d6:	b410      	push	{r4}
100024d8:	0c04      	lsrs	r4, r0, #16
100024da:	4361      	muls	r1, r4
100024dc:	b292      	uxth	r2, r2
100024de:	b280      	uxth	r0, r0
100024e0:	4350      	muls	r0, r2
100024e2:	4362      	muls	r2, r4
100024e4:	041c      	lsls	r4, r3, #16
100024e6:	0c1b      	lsrs	r3, r3, #16
100024e8:	1900      	adds	r0, r0, r4
100024ea:	bc10      	pop	{r4}
100024ec:	4159      	adcs	r1, r3
100024ee:	0413      	lsls	r3, r2, #16
100024f0:	0c12      	lsrs	r2, r2, #16
100024f2:	18c0      	adds	r0, r0, r3
100024f4:	4151      	adcs	r1, r2
100024f6:	4461      	add	r1, ip
100024f8:	4770      	bx	lr
	...

100024fc <missing_float_func_shim>:
100024fc:	b510      	push	{r4, lr}
100024fe:	4801      	ldr	r0, [pc, #4]	@ (10002504 <missing_float_func_shim+0x8>)
10002500:	f7fe f80c 	bl	1000051c <panic>
10002504:	1000b538 	.word	0x1000b538

10002508 <__aeabi_float_init>:
10002508:	2313      	movs	r3, #19
1000250a:	b510      	push	{r4, lr}
1000250c:	781c      	ldrb	r4, [r3, #0]
1000250e:	4811      	ldr	r0, [pc, #68]	@ (10002554 <__aeabi_float_init+0x4c>)
10002510:	f7ff faba 	bl	10001a88 <rom_data_lookup>
10002514:	2c01      	cmp	r4, #1
10002516:	d00b      	beq.n	10002530 <__aeabi_float_init+0x28>
10002518:	dd04      	ble.n	10002524 <__aeabi_float_init+0x1c>
1000251a:	0001      	movs	r1, r0
1000251c:	2280      	movs	r2, #128	@ 0x80
1000251e:	480e      	ldr	r0, [pc, #56]	@ (10002558 <__aeabi_float_init+0x50>)
10002520:	f000 f880 	bl	10002624 <__wrap___aeabi_memcpy>
10002524:	480d      	ldr	r0, [pc, #52]	@ (1000255c <__aeabi_float_init+0x54>)
10002526:	f7ff faa7 	bl	10001a78 <rom_func_lookup>
1000252a:	4b0d      	ldr	r3, [pc, #52]	@ (10002560 <__aeabi_float_init+0x58>)
1000252c:	6018      	str	r0, [r3, #0]
1000252e:	bd10      	pop	{r4, pc}
10002530:	4c09      	ldr	r4, [pc, #36]	@ (10002558 <__aeabi_float_init+0x50>)
10002532:	0001      	movs	r1, r0
10002534:	2254      	movs	r2, #84	@ 0x54
10002536:	0020      	movs	r0, r4
10002538:	f000 f874 	bl	10002624 <__wrap___aeabi_memcpy>
1000253c:	0022      	movs	r2, r4
1000253e:	0020      	movs	r0, r4
10002540:	4908      	ldr	r1, [pc, #32]	@ (10002564 <__aeabi_float_init+0x5c>)
10002542:	3280      	adds	r2, #128	@ 0x80
10002544:	6803      	ldr	r3, [r0, #0]
10002546:	2b00      	cmp	r3, #0
10002548:	d100      	bne.n	1000254c <__aeabi_float_init+0x44>
1000254a:	6001      	str	r1, [r0, #0]
1000254c:	3004      	adds	r0, #4
1000254e:	4290      	cmp	r0, r2
10002550:	d1f8      	bne.n	10002544 <__aeabi_float_init+0x3c>
10002552:	e7e7      	b.n	10002524 <__aeabi_float_init+0x1c>
10002554:	00004653 	.word	0x00004653
10002558:	20001f60 	.word	0x20001f60
1000255c:	0000334c 	.word	0x0000334c
10002560:	20001f5c 	.word	0x20001f5c
10002564:	100024fd 	.word	0x100024fd

10002568 <__wrap_malloc>:
10002568:	b570      	push	{r4, r5, r6, lr}
1000256a:	0004      	movs	r4, r0
1000256c:	4e0a      	ldr	r6, [pc, #40]	@ (10002598 <__wrap_malloc+0x30>)
1000256e:	0030      	movs	r0, r6
10002570:	f008 fe62 	bl	1000b238 <__mutex_enter_blocking_veneer>
10002574:	0020      	movs	r0, r4
10002576:	f008 f99d 	bl	1000a8b4 <malloc>
1000257a:	0005      	movs	r5, r0
1000257c:	0030      	movs	r0, r6
1000257e:	f008 fe43 	bl	1000b208 <__mutex_exit_veneer>
10002582:	2d00      	cmp	r5, #0
10002584:	d005      	beq.n	10002592 <__wrap_malloc+0x2a>
10002586:	4b05      	ldr	r3, [pc, #20]	@ (1000259c <__wrap_malloc+0x34>)
10002588:	192c      	adds	r4, r5, r4
1000258a:	429c      	cmp	r4, r3
1000258c:	d801      	bhi.n	10002592 <__wrap_malloc+0x2a>
1000258e:	0028      	movs	r0, r5
10002590:	bd70      	pop	{r4, r5, r6, pc}
10002592:	4803      	ldr	r0, [pc, #12]	@ (100025a0 <__wrap_malloc+0x38>)
10002594:	f7fd ffc2 	bl	1000051c <panic>
10002598:	20000d90 	.word	0x20000d90
1000259c:	20040000 	.word	0x20040000
100025a0:	1000b400 	.word	0x1000b400

100025a4 <__wrap_calloc>:
100025a4:	b5f8      	push	{r3, r4, r5, r6, r7, lr}
100025a6:	0007      	movs	r7, r0
100025a8:	000c      	movs	r4, r1
100025aa:	4e0c      	ldr	r6, [pc, #48]	@ (100025dc <__wrap_calloc+0x38>)
100025ac:	0030      	movs	r0, r6
100025ae:	f008 fe43 	bl	1000b238 <__mutex_enter_blocking_veneer>
100025b2:	0021      	movs	r1, r4
100025b4:	0038      	movs	r0, r7
100025b6:	f008 f917 	bl	1000a7e8 <calloc>
100025ba:	0005      	movs	r5, r0
100025bc:	0030      	movs	r0, r6
100025be:	f008 fe23 	bl	1000b208 <__mutex_exit_veneer>
100025c2:	2d00      	cmp	r5, #0
100025c4:	d006      	beq.n	100025d4 <__wrap_calloc+0x30>
100025c6:	437c      	muls	r4, r7
100025c8:	4b05      	ldr	r3, [pc, #20]	@ (100025e0 <__wrap_calloc+0x3c>)
100025ca:	192c      	adds	r4, r5, r4
100025cc:	429c      	cmp	r4, r3
100025ce:	d801      	bhi.n	100025d4 <__wrap_calloc+0x30>
100025d0:	0028      	movs	r0, r5
100025d2:	bdf8      	pop	{r3, r4, r5, r6, r7, pc}
100025d4:	4803      	ldr	r0, [pc, #12]	@ (100025e4 <__wrap_calloc+0x40>)
100025d6:	f7fd ffa1 	bl	1000051c <panic>
100025da:	46c0      	nop			@ (mov r8, r8)
100025dc:	20000d90 	.word	0x20000d90
100025e0:	20040000 	.word	0x20040000
100025e4:	1000b400 	.word	0x1000b400

100025e8 <__wrap_free>:
100025e8:	b570      	push	{r4, r5, r6, lr}
100025ea:	0005      	movs	r5, r0
100025ec:	4c05      	ldr	r4, [pc, #20]	@ (10002604 <__wrap_free+0x1c>)
100025ee:	0020      	movs	r0, r4
100025f0:	f008 fe22 	bl	1000b238 <__mutex_enter_blocking_veneer>
100025f4:	0028      	movs	r0, r5
100025f6:	f008 f967 	bl	1000a8c8 <free>
100025fa:	0020      	movs	r0, r4
100025fc:	f008 fe04 	bl	1000b208 <__mutex_exit_veneer>
10002600:	bd70      	pop	{r4, r5, r6, pc}
10002602:	46c0      	nop			@ (mov r8, r8)
10002604:	20000d90 	.word	0x20000d90

10002608 <__aeabi_mem_init>:
10002608:	4801      	ldr	r0, [pc, #4]	@ (10002610 <__aeabi_mem_init+0x8>)
1000260a:	2104      	movs	r1, #4
1000260c:	4b01      	ldr	r3, [pc, #4]	@ (10002614 <__aeabi_mem_init+0xc>)
1000260e:	4718      	bx	r3
10002610:	20000720 	.word	0x20000720
10002614:	10001a99 	.word	0x10001a99

10002618 <__wrap_memset>:
10002618:	4b01      	ldr	r3, [pc, #4]	@ (10002620 <__wrap_memset+0x8>)
1000261a:	681b      	ldr	r3, [r3, #0]
1000261c:	4718      	bx	r3
1000261e:	0000      	.short	0x0000
10002620:	20000720 	.word	0x20000720

10002624 <__wrap___aeabi_memcpy>:
10002624:	4b01      	ldr	r3, [pc, #4]	@ (1000262c <__wrap___aeabi_memcpy+0x8>)
10002626:	685b      	ldr	r3, [r3, #4]
10002628:	4718      	bx	r3
1000262a:	0000      	.short	0x0000
1000262c:	20000720 	.word	0x20000720

10002630 <_out_null>:
10002630:	4770      	bx	lr
10002632:	46c0      	nop			@ (mov r8, r8)

10002634 <_out_rev>:
10002634:	b5f8      	push	{r3, r4, r5, r6, r7, lr}
10002636:	46de      	mov	lr, fp
10002638:	4657      	mov	r7, sl
1000263a:	464e      	mov	r6, r9
1000263c:	4645      	mov	r5, r8
1000263e:	b5e0      	push	{r5, r6, r7, lr}
10002640:	4699      	mov	r9, r3
10002642:	9b0d      	ldr	r3, [sp, #52]	@ 0x34
10002644:	0007      	movs	r7, r0
10002646:	4688      	mov	r8, r1
10002648:	4693      	mov	fp, r2
1000264a:	079b      	lsls	r3, r3, #30
1000264c:	d028      	beq.n	100026a0 <_out_rev+0x6c>
1000264e:	9b0b      	ldr	r3, [sp, #44]	@ 0x2c
10002650:	2b00      	cmp	r3, #0
10002652:	d03c      	beq.n	100026ce <_out_rev+0x9a>
10002654:	0016      	movs	r6, r2
10002656:	9c0b      	ldr	r4, [sp, #44]	@ 0x2c
10002658:	9d0a      	ldr	r5, [sp, #40]	@ 0x28
1000265a:	1936      	adds	r6, r6, r4
1000265c:	1b32      	subs	r2, r6, r4
1000265e:	3c01      	subs	r4, #1
10002660:	464b      	mov	r3, r9
10002662:	4641      	mov	r1, r8
10002664:	5d28      	ldrb	r0, [r5, r4]
10002666:	47b8      	blx	r7
10002668:	2c00      	cmp	r4, #0
1000266a:	d1f7      	bne.n	1000265c <_out_rev+0x28>
1000266c:	0035      	movs	r5, r6
1000266e:	9b0d      	ldr	r3, [sp, #52]	@ 0x34
10002670:	079b      	lsls	r3, r3, #30
10002672:	d50e      	bpl.n	10002692 <_out_rev+0x5e>
10002674:	465b      	mov	r3, fp
10002676:	1aec      	subs	r4, r5, r3
10002678:	9b0c      	ldr	r3, [sp, #48]	@ 0x30
1000267a:	42a3      	cmp	r3, r4
1000267c:	d909      	bls.n	10002692 <_out_rev+0x5e>
1000267e:	001e      	movs	r6, r3
10002680:	002a      	movs	r2, r5
10002682:	464b      	mov	r3, r9
10002684:	4641      	mov	r1, r8
10002686:	2020      	movs	r0, #32
10002688:	3401      	adds	r4, #1
1000268a:	47b8      	blx	r7
1000268c:	3501      	adds	r5, #1
1000268e:	42b4      	cmp	r4, r6
10002690:	d3f6      	bcc.n	10002680 <_out_rev+0x4c>
10002692:	0028      	movs	r0, r5
10002694:	bcf0      	pop	{r4, r5, r6, r7}
10002696:	46bb      	mov	fp, r7
10002698:	46b2      	mov	sl, r6
1000269a:	46a9      	mov	r9, r5
1000269c:	46a0      	mov	r8, r4
1000269e:	bdf8      	pop	{r3, r4, r5, r6, r7, pc}
100026a0:	9b0b      	ldr	r3, [sp, #44]	@ 0x2c
100026a2:	9a0c      	ldr	r2, [sp, #48]	@ 0x30
100026a4:	4293      	cmp	r3, r2
100026a6:	d214      	bcs.n	100026d2 <_out_rev+0x9e>
100026a8:	0013      	movs	r3, r2
100026aa:	465d      	mov	r5, fp
100026ac:	000c      	movs	r4, r1
100026ae:	9a0b      	ldr	r2, [sp, #44]	@ 0x2c
100026b0:	1a9e      	subs	r6, r3, r2
100026b2:	1976      	adds	r6, r6, r5
100026b4:	002a      	movs	r2, r5
100026b6:	464b      	mov	r3, r9
100026b8:	3501      	adds	r5, #1
100026ba:	0021      	movs	r1, r4
100026bc:	2020      	movs	r0, #32
100026be:	47b8      	blx	r7
100026c0:	42b5      	cmp	r5, r6
100026c2:	d1f7      	bne.n	100026b4 <_out_rev+0x80>
100026c4:	9b0b      	ldr	r3, [sp, #44]	@ 0x2c
100026c6:	46a0      	mov	r8, r4
100026c8:	2b00      	cmp	r3, #0
100026ca:	d1c4      	bne.n	10002656 <_out_rev+0x22>
100026cc:	e7e1      	b.n	10002692 <_out_rev+0x5e>
100026ce:	0015      	movs	r5, r2
100026d0:	e7cd      	b.n	1000266e <_out_rev+0x3a>
100026d2:	465e      	mov	r6, fp
100026d4:	2b00      	cmp	r3, #0
100026d6:	d1be      	bne.n	10002656 <_out_rev+0x22>
100026d8:	465d      	mov	r5, fp
100026da:	e7da      	b.n	10002692 <_out_rev+0x5e>

100026dc <_ntoa_format>:
100026dc:	b5f0      	push	{r4, r5, r6, r7, lr}
100026de:	464f      	mov	r7, r9
100026e0:	46d6      	mov	lr, sl
100026e2:	4646      	mov	r6, r8
100026e4:	b5c0      	push	{r6, r7, lr}
100026e6:	b084      	sub	sp, #16
100026e8:	469c      	mov	ip, r3
100026ea:	ab0e      	add	r3, sp, #56	@ 0x38
100026ec:	781f      	ldrb	r7, [r3, #0]
100026ee:	9b12      	ldr	r3, [sp, #72]	@ 0x48
100026f0:	4691      	mov	r9, r2
100026f2:	46ba      	mov	sl, r7
100026f4:	9c0d      	ldr	r4, [sp, #52]	@ 0x34
100026f6:	9e10      	ldr	r6, [sp, #64]	@ 0x40
100026f8:	9d11      	ldr	r5, [sp, #68]	@ 0x44
100026fa:	079b      	lsls	r3, r3, #30
100026fc:	d44c      	bmi.n	10002798 <_ntoa_format+0xbc>
100026fe:	2d00      	cmp	r5, #0
10002700:	d141      	bne.n	10002786 <_ntoa_format+0xaa>
10002702:	42b4      	cmp	r4, r6
10002704:	d248      	bcs.n	10002798 <_ntoa_format+0xbc>
10002706:	2301      	movs	r3, #1
10002708:	9f12      	ldr	r7, [sp, #72]	@ 0x48
1000270a:	401f      	ands	r7, r3
1000270c:	46b8      	mov	r8, r7
1000270e:	9b0c      	ldr	r3, [sp, #48]	@ 0x30
10002710:	1e5f      	subs	r7, r3, #1
10002712:	2330      	movs	r3, #48	@ 0x30
10002714:	e003      	b.n	1000271e <_ntoa_format+0x42>
10002716:	3401      	adds	r4, #1
10002718:	553b      	strb	r3, [r7, r4]
1000271a:	42a6      	cmp	r6, r4
1000271c:	d901      	bls.n	10002722 <_ntoa_format+0x46>
1000271e:	2c20      	cmp	r4, #32
10002720:	d1f9      	bne.n	10002716 <_ntoa_format+0x3a>
10002722:	4643      	mov	r3, r8
10002724:	2b00      	cmp	r3, #0
10002726:	d100      	bne.n	1000272a <_ntoa_format+0x4e>
10002728:	e087      	b.n	1000283a <_ntoa_format+0x15e>
1000272a:	9b0c      	ldr	r3, [sp, #48]	@ 0x30
1000272c:	1e5f      	subs	r7, r3, #1
1000272e:	2330      	movs	r3, #48	@ 0x30
10002730:	42a5      	cmp	r5, r4
10002732:	d804      	bhi.n	1000273e <_ntoa_format+0x62>
10002734:	e030      	b.n	10002798 <_ntoa_format+0xbc>
10002736:	3401      	adds	r4, #1
10002738:	553b      	strb	r3, [r7, r4]
1000273a:	42ac      	cmp	r4, r5
1000273c:	d02c      	beq.n	10002798 <_ntoa_format+0xbc>
1000273e:	2c20      	cmp	r4, #32
10002740:	d1f9      	bne.n	10002736 <_ntoa_format+0x5a>
10002742:	9b12      	ldr	r3, [sp, #72]	@ 0x48
10002744:	06db      	lsls	r3, r3, #27
10002746:	d50d      	bpl.n	10002764 <_ntoa_format+0x88>
10002748:	9b12      	ldr	r3, [sp, #72]	@ 0x48
1000274a:	055b      	lsls	r3, r3, #21
1000274c:	d457      	bmi.n	100027fe <_ntoa_format+0x122>
1000274e:	42a6      	cmp	r6, r4
10002750:	d067      	beq.n	10002822 <_ntoa_format+0x146>
10002752:	42a5      	cmp	r5, r4
10002754:	d065      	beq.n	10002822 <_ntoa_format+0x146>
10002756:	9b0f      	ldr	r3, [sp, #60]	@ 0x3c
10002758:	2b10      	cmp	r3, #16
1000275a:	d053      	beq.n	10002804 <_ntoa_format+0x128>
1000275c:	2b02      	cmp	r3, #2
1000275e:	d05b      	beq.n	10002818 <_ntoa_format+0x13c>
10002760:	2c20      	cmp	r4, #32
10002762:	d136      	bne.n	100027d2 <_ntoa_format+0xf6>
10002764:	2320      	movs	r3, #32
10002766:	9c12      	ldr	r4, [sp, #72]	@ 0x48
10002768:	9301      	str	r3, [sp, #4]
1000276a:	9b0c      	ldr	r3, [sp, #48]	@ 0x30
1000276c:	464a      	mov	r2, r9
1000276e:	9300      	str	r3, [sp, #0]
10002770:	9403      	str	r4, [sp, #12]
10002772:	4663      	mov	r3, ip
10002774:	9502      	str	r5, [sp, #8]
10002776:	f7ff ff5d 	bl	10002634 <_out_rev>
1000277a:	b004      	add	sp, #16
1000277c:	bce0      	pop	{r5, r6, r7}
1000277e:	46ba      	mov	sl, r7
10002780:	46b1      	mov	r9, r6
10002782:	46a8      	mov	r8, r5
10002784:	bdf0      	pop	{r4, r5, r6, r7, pc}
10002786:	2301      	movs	r3, #1
10002788:	9a12      	ldr	r2, [sp, #72]	@ 0x48
1000278a:	4013      	ands	r3, r2
1000278c:	4698      	mov	r8, r3
1000278e:	2301      	movs	r3, #1
10002790:	4213      	tst	r3, r2
10002792:	d12d      	bne.n	100027f0 <_ntoa_format+0x114>
10002794:	42b4      	cmp	r4, r6
10002796:	d3ba      	bcc.n	1000270e <_ntoa_format+0x32>
10002798:	9b12      	ldr	r3, [sp, #72]	@ 0x48
1000279a:	06db      	lsls	r3, r3, #27
1000279c:	d51e      	bpl.n	100027dc <_ntoa_format+0x100>
1000279e:	9b12      	ldr	r3, [sp, #72]	@ 0x48
100027a0:	055b      	lsls	r3, r3, #21
100027a2:	d4d8      	bmi.n	10002756 <_ntoa_format+0x7a>
100027a4:	2c00      	cmp	r4, #0
100027a6:	d1d2      	bne.n	1000274e <_ntoa_format+0x72>
100027a8:	9b0f      	ldr	r3, [sp, #60]	@ 0x3c
100027aa:	2b10      	cmp	r3, #16
100027ac:	d060      	beq.n	10002870 <_ntoa_format+0x194>
100027ae:	9b0f      	ldr	r3, [sp, #60]	@ 0x3c
100027b0:	2b02      	cmp	r3, #2
100027b2:	d071      	beq.n	10002898 <_ntoa_format+0x1bc>
100027b4:	2330      	movs	r3, #48	@ 0x30
100027b6:	2401      	movs	r4, #1
100027b8:	9a0c      	ldr	r2, [sp, #48]	@ 0x30
100027ba:	7013      	strb	r3, [r2, #0]
100027bc:	4653      	mov	r3, sl
100027be:	2b00      	cmp	r3, #0
100027c0:	d111      	bne.n	100027e6 <_ntoa_format+0x10a>
100027c2:	9b12      	ldr	r3, [sp, #72]	@ 0x48
100027c4:	075b      	lsls	r3, r3, #29
100027c6:	d540      	bpl.n	1000284a <_ntoa_format+0x16e>
100027c8:	262b      	movs	r6, #43	@ 0x2b
100027ca:	9a0c      	ldr	r2, [sp, #48]	@ 0x30
100027cc:	1c63      	adds	r3, r4, #1
100027ce:	5516      	strb	r6, [r2, r4]
100027d0:	e7c9      	b.n	10002766 <_ntoa_format+0x8a>
100027d2:	0023      	movs	r3, r4
100027d4:	3401      	adds	r4, #1
100027d6:	2630      	movs	r6, #48	@ 0x30
100027d8:	9a0c      	ldr	r2, [sp, #48]	@ 0x30
100027da:	54d6      	strb	r6, [r2, r3]
100027dc:	2c20      	cmp	r4, #32
100027de:	d0c1      	beq.n	10002764 <_ntoa_format+0x88>
100027e0:	4653      	mov	r3, sl
100027e2:	2b00      	cmp	r3, #0
100027e4:	d0ed      	beq.n	100027c2 <_ntoa_format+0xe6>
100027e6:	262d      	movs	r6, #45	@ 0x2d
100027e8:	9a0c      	ldr	r2, [sp, #48]	@ 0x30
100027ea:	1c63      	adds	r3, r4, #1
100027ec:	5516      	strb	r6, [r2, r4]
100027ee:	e7ba      	b.n	10002766 <_ntoa_format+0x8a>
100027f0:	2f00      	cmp	r7, #0
100027f2:	d034      	beq.n	1000285e <_ntoa_format+0x182>
100027f4:	3d01      	subs	r5, #1
100027f6:	42b4      	cmp	r4, r6
100027f8:	d200      	bcs.n	100027fc <_ntoa_format+0x120>
100027fa:	e788      	b.n	1000270e <_ntoa_format+0x32>
100027fc:	e795      	b.n	1000272a <_ntoa_format+0x4e>
100027fe:	9b0f      	ldr	r3, [sp, #60]	@ 0x3c
10002800:	2b10      	cmp	r3, #16
10002802:	d1af      	bne.n	10002764 <_ntoa_format+0x88>
10002804:	9b12      	ldr	r3, [sp, #72]	@ 0x48
10002806:	069b      	lsls	r3, r3, #26
10002808:	d53c      	bpl.n	10002884 <_ntoa_format+0x1a8>
1000280a:	2c20      	cmp	r4, #32
1000280c:	d0aa      	beq.n	10002764 <_ntoa_format+0x88>
1000280e:	2358      	movs	r3, #88	@ 0x58
10002810:	9a0c      	ldr	r2, [sp, #48]	@ 0x30
10002812:	5513      	strb	r3, [r2, r4]
10002814:	3401      	adds	r4, #1
10002816:	e7a3      	b.n	10002760 <_ntoa_format+0x84>
10002818:	2c20      	cmp	r4, #32
1000281a:	d0a3      	beq.n	10002764 <_ntoa_format+0x88>
1000281c:	0023      	movs	r3, r4
1000281e:	3401      	adds	r4, #1
10002820:	e007      	b.n	10002832 <_ntoa_format+0x156>
10002822:	1e63      	subs	r3, r4, #1
10002824:	2c01      	cmp	r4, #1
10002826:	d0bf      	beq.n	100027a8 <_ntoa_format+0xcc>
10002828:	9a0f      	ldr	r2, [sp, #60]	@ 0x3c
1000282a:	2a10      	cmp	r2, #16
1000282c:	d036      	beq.n	1000289c <_ntoa_format+0x1c0>
1000282e:	2a02      	cmp	r2, #2
10002830:	d1d1      	bne.n	100027d6 <_ntoa_format+0xfa>
10002832:	2662      	movs	r6, #98	@ 0x62
10002834:	9a0c      	ldr	r2, [sp, #48]	@ 0x30
10002836:	54d6      	strb	r6, [r2, r3]
10002838:	e792      	b.n	10002760 <_ntoa_format+0x84>
1000283a:	9b12      	ldr	r3, [sp, #72]	@ 0x48
1000283c:	06db      	lsls	r3, r3, #27
1000283e:	d5cd      	bpl.n	100027dc <_ntoa_format+0x100>
10002840:	9b12      	ldr	r3, [sp, #72]	@ 0x48
10002842:	055b      	lsls	r3, r3, #21
10002844:	d400      	bmi.n	10002848 <_ntoa_format+0x16c>
10002846:	e782      	b.n	1000274e <_ntoa_format+0x72>
10002848:	e785      	b.n	10002756 <_ntoa_format+0x7a>
1000284a:	9a12      	ldr	r2, [sp, #72]	@ 0x48
1000284c:	0023      	movs	r3, r4
1000284e:	0716      	lsls	r6, r2, #28
10002850:	d400      	bmi.n	10002854 <_ntoa_format+0x178>
10002852:	e788      	b.n	10002766 <_ntoa_format+0x8a>
10002854:	2620      	movs	r6, #32
10002856:	9a0c      	ldr	r2, [sp, #48]	@ 0x30
10002858:	3301      	adds	r3, #1
1000285a:	5516      	strb	r6, [r2, r4]
1000285c:	e783      	b.n	10002766 <_ntoa_format+0x8a>
1000285e:	230c      	movs	r3, #12
10002860:	4013      	ands	r3, r2
10002862:	1e5f      	subs	r7, r3, #1
10002864:	41bb      	sbcs	r3, r7
10002866:	1aed      	subs	r5, r5, r3
10002868:	42b4      	cmp	r4, r6
1000286a:	d200      	bcs.n	1000286e <_ntoa_format+0x192>
1000286c:	e74f      	b.n	1000270e <_ntoa_format+0x32>
1000286e:	e75c      	b.n	1000272a <_ntoa_format+0x4e>
10002870:	9b12      	ldr	r3, [sp, #72]	@ 0x48
10002872:	069b      	lsls	r3, r3, #26
10002874:	d40e      	bmi.n	10002894 <_ntoa_format+0x1b8>
10002876:	2378      	movs	r3, #120	@ 0x78
10002878:	9a0c      	ldr	r2, [sp, #48]	@ 0x30
1000287a:	2402      	movs	r4, #2
1000287c:	7013      	strb	r3, [r2, #0]
1000287e:	2330      	movs	r3, #48	@ 0x30
10002880:	7053      	strb	r3, [r2, #1]
10002882:	e79b      	b.n	100027bc <_ntoa_format+0xe0>
10002884:	2c20      	cmp	r4, #32
10002886:	d100      	bne.n	1000288a <_ntoa_format+0x1ae>
10002888:	e76c      	b.n	10002764 <_ntoa_format+0x88>
1000288a:	2378      	movs	r3, #120	@ 0x78
1000288c:	9a0c      	ldr	r2, [sp, #48]	@ 0x30
1000288e:	5513      	strb	r3, [r2, r4]
10002890:	3401      	adds	r4, #1
10002892:	e765      	b.n	10002760 <_ntoa_format+0x84>
10002894:	2358      	movs	r3, #88	@ 0x58
10002896:	e7ef      	b.n	10002878 <_ntoa_format+0x19c>
10002898:	3360      	adds	r3, #96	@ 0x60
1000289a:	e7ed      	b.n	10002878 <_ntoa_format+0x19c>
1000289c:	9a0c      	ldr	r2, [sp, #48]	@ 0x30
1000289e:	1ea6      	subs	r6, r4, #2
100028a0:	18b6      	adds	r6, r6, r2
100028a2:	9a12      	ldr	r2, [sp, #72]	@ 0x48
100028a4:	0692      	lsls	r2, r2, #26
100028a6:	d502      	bpl.n	100028ae <_ntoa_format+0x1d2>
100028a8:	2258      	movs	r2, #88	@ 0x58
100028aa:	7032      	strb	r2, [r6, #0]
100028ac:	e793      	b.n	100027d6 <_ntoa_format+0xfa>
100028ae:	2278      	movs	r2, #120	@ 0x78
100028b0:	7032      	strb	r2, [r6, #0]
100028b2:	e790      	b.n	100027d6 <_ntoa_format+0xfa>

100028b4 <_out_char>:
100028b4:	b510      	push	{r4, lr}
100028b6:	2800      	cmp	r0, #0
100028b8:	d100      	bne.n	100028bc <_out_char+0x8>
100028ba:	bd10      	pop	{r4, pc}
100028bc:	f001 fbc8 	bl	10004050 <__wrap_putchar>
100028c0:	e7fb      	b.n	100028ba <_out_char+0x6>
100028c2:	46c0      	nop			@ (mov r8, r8)

100028c4 <_out_fct>:
100028c4:	b510      	push	{r4, lr}
100028c6:	2800      	cmp	r0, #0
100028c8:	d003      	beq.n	100028d2 <_out_fct+0xe>
100028ca:	684a      	ldr	r2, [r1, #4]
100028cc:	680b      	ldr	r3, [r1, #0]
100028ce:	0011      	movs	r1, r2
100028d0:	4798      	blx	r3
100028d2:	bd10      	pop	{r4, pc}

100028d4 <_ftoa>:
100028d4:	b5f0      	push	{r4, r5, r6, r7, lr}
100028d6:	464e      	mov	r6, r9
100028d8:	46de      	mov	lr, fp
100028da:	4657      	mov	r7, sl
100028dc:	4645      	mov	r5, r8
100028de:	b5e0      	push	{r5, r6, r7, lr}
100028e0:	b095      	sub	sp, #84	@ 0x54
100028e2:	4683      	mov	fp, r0
100028e4:	4689      	mov	r9, r1
100028e6:	4692      	mov	sl, r2
100028e8:	4698      	mov	r8, r3
100028ea:	9a1e      	ldr	r2, [sp, #120]	@ 0x78
100028ec:	9b1f      	ldr	r3, [sp, #124]	@ 0x7c
100028ee:	0010      	movs	r0, r2
100028f0:	0019      	movs	r1, r3
100028f2:	9e20      	ldr	r6, [sp, #128]	@ 0x80
100028f4:	f7ff fd27 	bl	10002346 <__wrap___aeabi_dcmpun>
100028f8:	2800      	cmp	r0, #0
100028fa:	d000      	beq.n	100028fe <_ftoa+0x2a>
100028fc:	e1d2      	b.n	10002ca4 <_ftoa+0x3d0>
100028fe:	981e      	ldr	r0, [sp, #120]	@ 0x78
10002900:	991f      	ldr	r1, [sp, #124]	@ 0x7c
10002902:	2201      	movs	r2, #1
10002904:	4bc4      	ldr	r3, [pc, #784]	@ (10002c18 <_ftoa+0x344>)
10002906:	4252      	negs	r2, r2
10002908:	f7ff fd02 	bl	10002310 <__wrap___aeabi_dcmplt>
1000290c:	2800      	cmp	r0, #0
1000290e:	d000      	beq.n	10002912 <_ftoa+0x3e>
10002910:	e101      	b.n	10002b16 <_ftoa+0x242>
10002912:	981e      	ldr	r0, [sp, #120]	@ 0x78
10002914:	991f      	ldr	r1, [sp, #124]	@ 0x7c
10002916:	2201      	movs	r2, #1
10002918:	4bc0      	ldr	r3, [pc, #768]	@ (10002c1c <_ftoa+0x348>)
1000291a:	4252      	negs	r2, r2
1000291c:	f7ff fd0e 	bl	1000233c <__wrap___aeabi_dcmpgt>
10002920:	2800      	cmp	r0, #0
10002922:	d000      	beq.n	10002926 <_ftoa+0x52>
10002924:	e0d6      	b.n	10002ad4 <_ftoa+0x200>
10002926:	981e      	ldr	r0, [sp, #120]	@ 0x78
10002928:	991f      	ldr	r1, [sp, #124]	@ 0x7c
1000292a:	2200      	movs	r2, #0
1000292c:	4bbc      	ldr	r3, [pc, #752]	@ (10002c20 <_ftoa+0x34c>)
1000292e:	f7ff fd05 	bl	1000233c <__wrap___aeabi_dcmpgt>
10002932:	2800      	cmp	r0, #0
10002934:	d000      	beq.n	10002938 <_ftoa+0x64>
10002936:	e0b5      	b.n	10002aa4 <_ftoa+0x1d0>
10002938:	981e      	ldr	r0, [sp, #120]	@ 0x78
1000293a:	991f      	ldr	r1, [sp, #124]	@ 0x7c
1000293c:	2200      	movs	r2, #0
1000293e:	4bb9      	ldr	r3, [pc, #740]	@ (10002c24 <_ftoa+0x350>)
10002940:	f7ff fce6 	bl	10002310 <__wrap___aeabi_dcmplt>
10002944:	2800      	cmp	r0, #0
10002946:	d000      	beq.n	1000294a <_ftoa+0x76>
10002948:	e0ac      	b.n	10002aa4 <_ftoa+0x1d0>
1000294a:	981e      	ldr	r0, [sp, #120]	@ 0x78
1000294c:	991f      	ldr	r1, [sp, #124]	@ 0x7c
1000294e:	2200      	movs	r2, #0
10002950:	2300      	movs	r3, #0
10002952:	f7ff fcdd 	bl	10002310 <__wrap___aeabi_dcmplt>
10002956:	2800      	cmp	r0, #0
10002958:	d000      	beq.n	1000295c <_ftoa+0x88>
1000295a:	e0d1      	b.n	10002b00 <_ftoa+0x22c>
1000295c:	2300      	movs	r3, #0
1000295e:	930b      	str	r3, [sp, #44]	@ 0x2c
10002960:	9b22      	ldr	r3, [sp, #136]	@ 0x88
10002962:	055b      	lsls	r3, r3, #21
10002964:	d400      	bmi.n	10002968 <_ftoa+0x94>
10002966:	2606      	movs	r6, #6
10002968:	2400      	movs	r4, #0
1000296a:	2330      	movs	r3, #48	@ 0x30
1000296c:	e006      	b.n	1000297c <_ftoa+0xa8>
1000296e:	aa06      	add	r2, sp, #24
10002970:	3401      	adds	r4, #1
10002972:	3217      	adds	r2, #23
10002974:	5513      	strb	r3, [r2, r4]
10002976:	3e01      	subs	r6, #1
10002978:	2c20      	cmp	r4, #32
1000297a:	d001      	beq.n	10002980 <_ftoa+0xac>
1000297c:	2e09      	cmp	r6, #9
1000297e:	d8f6      	bhi.n	1000296e <_ftoa+0x9a>
10002980:	981e      	ldr	r0, [sp, #120]	@ 0x78
10002982:	991f      	ldr	r1, [sp, #124]	@ 0x7c
10002984:	f7ff fd08 	bl	10002398 <__wrap___aeabi_d2iz>
10002988:	4ba7      	ldr	r3, [pc, #668]	@ (10002c28 <_ftoa+0x354>)
1000298a:	00f2      	lsls	r2, r6, #3
1000298c:	189b      	adds	r3, r3, r2
1000298e:	cb0c      	ldmia	r3, {r2, r3}
10002990:	0005      	movs	r5, r0
10002992:	9208      	str	r2, [sp, #32]
10002994:	9309      	str	r3, [sp, #36]	@ 0x24
10002996:	f7ff fce7 	bl	10002368 <__wrap___aeabi_i2d>
1000299a:	0002      	movs	r2, r0
1000299c:	000b      	movs	r3, r1
1000299e:	981e      	ldr	r0, [sp, #120]	@ 0x78
100029a0:	991f      	ldr	r1, [sp, #124]	@ 0x7c
100029a2:	f7ff fc52 	bl	1000224a <__wrap___aeabi_dsub>
100029a6:	9a08      	ldr	r2, [sp, #32]
100029a8:	9b09      	ldr	r3, [sp, #36]	@ 0x24
100029aa:	f7ff fc72 	bl	10002292 <__wrap___aeabi_dmul>
100029ae:	9006      	str	r0, [sp, #24]
100029b0:	9107      	str	r1, [sp, #28]
100029b2:	f7ff fd15 	bl	100023e0 <__wrap___aeabi_d2uiz>
100029b6:	0007      	movs	r7, r0
100029b8:	f7ff fcd2 	bl	10002360 <__wrap___aeabi_ui2d>
100029bc:	0002      	movs	r2, r0
100029be:	000b      	movs	r3, r1
100029c0:	9806      	ldr	r0, [sp, #24]
100029c2:	9907      	ldr	r1, [sp, #28]
100029c4:	f7ff fc41 	bl	1000224a <__wrap___aeabi_dsub>
100029c8:	2200      	movs	r2, #0
100029ca:	4b98      	ldr	r3, [pc, #608]	@ (10002c2c <_ftoa+0x358>)
100029cc:	9006      	str	r0, [sp, #24]
100029ce:	9107      	str	r1, [sp, #28]
100029d0:	f7ff fcb4 	bl	1000233c <__wrap___aeabi_dcmpgt>
100029d4:	2800      	cmp	r0, #0
100029d6:	d100      	bne.n	100029da <_ftoa+0x106>
100029d8:	e0e9      	b.n	10002bae <_ftoa+0x2da>
100029da:	3701      	adds	r7, #1
100029dc:	0038      	movs	r0, r7
100029de:	f7ff fcbf 	bl	10002360 <__wrap___aeabi_ui2d>
100029e2:	0002      	movs	r2, r0
100029e4:	000b      	movs	r3, r1
100029e6:	9808      	ldr	r0, [sp, #32]
100029e8:	9909      	ldr	r1, [sp, #36]	@ 0x24
100029ea:	f7ff fc97 	bl	1000231c <__wrap___aeabi_dcmple>
100029ee:	2800      	cmp	r0, #0
100029f0:	d001      	beq.n	100029f6 <_ftoa+0x122>
100029f2:	2700      	movs	r7, #0
100029f4:	3501      	adds	r5, #1
100029f6:	2e00      	cmp	r6, #0
100029f8:	d100      	bne.n	100029fc <_ftoa+0x128>
100029fa:	e0b7      	b.n	10002b6c <_ftoa+0x298>
100029fc:	9506      	str	r5, [sp, #24]
100029fe:	e013      	b.n	10002a28 <_ftoa+0x154>
10002a00:	2317      	movs	r3, #23
10002a02:	aa06      	add	r2, sp, #24
10002a04:	189b      	adds	r3, r3, r2
10002a06:	210a      	movs	r1, #10
10002a08:	0038      	movs	r0, r7
10002a0a:	3401      	adds	r4, #1
10002a0c:	191d      	adds	r5, r3, r4
10002a0e:	f7ff f9e1 	bl	10001dd4 <__wrap___aeabi_uidiv>
10002a12:	3130      	adds	r1, #48	@ 0x30
10002a14:	7029      	strb	r1, [r5, #0]
10002a16:	0038      	movs	r0, r7
10002a18:	210a      	movs	r1, #10
10002a1a:	3e01      	subs	r6, #1
10002a1c:	f7ff f9da 	bl	10001dd4 <__wrap___aeabi_uidiv>
10002a20:	2f09      	cmp	r7, #9
10002a22:	d800      	bhi.n	10002a26 <_ftoa+0x152>
10002a24:	e0e1      	b.n	10002bea <_ftoa+0x316>
10002a26:	0007      	movs	r7, r0
10002a28:	2c20      	cmp	r4, #32
10002a2a:	d1e9      	bne.n	10002a00 <_ftoa+0x12c>
10002a2c:	9d06      	ldr	r5, [sp, #24]
10002a2e:	2420      	movs	r4, #32
10002a30:	ab0c      	add	r3, sp, #48	@ 0x30
10002a32:	9306      	str	r3, [sp, #24]
10002a34:	2717      	movs	r7, #23
10002a36:	ab06      	add	r3, sp, #24
10002a38:	18ff      	adds	r7, r7, r3
10002a3a:	e00d      	b.n	10002a58 <_ftoa+0x184>
10002a3c:	0028      	movs	r0, r5
10002a3e:	210a      	movs	r1, #10
10002a40:	f7ff f9a0 	bl	10001d84 <__wrap___aeabi_idiv>
10002a44:	3401      	adds	r4, #1
10002a46:	3130      	adds	r1, #48	@ 0x30
10002a48:	0028      	movs	r0, r5
10002a4a:	5539      	strb	r1, [r7, r4]
10002a4c:	210a      	movs	r1, #10
10002a4e:	f7ff f999 	bl	10001d84 <__wrap___aeabi_idiv>
10002a52:	1e05      	subs	r5, r0, #0
10002a54:	d100      	bne.n	10002a58 <_ftoa+0x184>
10002a56:	e0b7      	b.n	10002bc8 <_ftoa+0x2f4>
10002a58:	2c20      	cmp	r4, #32
10002a5a:	d1ef      	bne.n	10002a3c <_ftoa+0x168>
10002a5c:	2303      	movs	r3, #3
10002a5e:	9a22      	ldr	r2, [sp, #136]	@ 0x88
10002a60:	4013      	ands	r3, r2
10002a62:	2b01      	cmp	r3, #1
10002a64:	d117      	bne.n	10002a96 <_ftoa+0x1c2>
10002a66:	9b21      	ldr	r3, [sp, #132]	@ 0x84
10002a68:	2b00      	cmp	r3, #0
10002a6a:	d014      	beq.n	10002a96 <_ftoa+0x1c2>
10002a6c:	9b0b      	ldr	r3, [sp, #44]	@ 0x2c
10002a6e:	2b00      	cmp	r3, #0
10002a70:	d100      	bne.n	10002a74 <_ftoa+0x1a0>
10002a72:	e0e3      	b.n	10002c3c <_ftoa+0x368>
10002a74:	9b21      	ldr	r3, [sp, #132]	@ 0x84
10002a76:	3b01      	subs	r3, #1
10002a78:	9321      	str	r3, [sp, #132]	@ 0x84
10002a7a:	2b20      	cmp	r3, #32
10002a7c:	d90b      	bls.n	10002a96 <_ftoa+0x1c2>
10002a7e:	2330      	movs	r3, #48	@ 0x30
10002a80:	9a21      	ldr	r2, [sp, #132]	@ 0x84
10002a82:	e006      	b.n	10002a92 <_ftoa+0x1be>
10002a84:	a906      	add	r1, sp, #24
10002a86:	3401      	adds	r4, #1
10002a88:	3117      	adds	r1, #23
10002a8a:	550b      	strb	r3, [r1, r4]
10002a8c:	4294      	cmp	r4, r2
10002a8e:	d300      	bcc.n	10002a92 <_ftoa+0x1be>
10002a90:	e0a0      	b.n	10002bd4 <_ftoa+0x300>
10002a92:	2c20      	cmp	r4, #32
10002a94:	d1f6      	bne.n	10002a84 <_ftoa+0x1b0>
10002a96:	9b22      	ldr	r3, [sp, #136]	@ 0x88
10002a98:	9401      	str	r4, [sp, #4]
10002a9a:	9303      	str	r3, [sp, #12]
10002a9c:	9b21      	ldr	r3, [sp, #132]	@ 0x84
10002a9e:	9302      	str	r3, [sp, #8]
10002aa0:	9b06      	ldr	r3, [sp, #24]
10002aa2:	e021      	b.n	10002ae8 <_ftoa+0x214>
10002aa4:	9b22      	ldr	r3, [sp, #136]	@ 0x88
10002aa6:	4652      	mov	r2, sl
10002aa8:	9304      	str	r3, [sp, #16]
10002aaa:	9b21      	ldr	r3, [sp, #132]	@ 0x84
10002aac:	4649      	mov	r1, r9
10002aae:	9303      	str	r3, [sp, #12]
10002ab0:	4658      	mov	r0, fp
10002ab2:	9b1e      	ldr	r3, [sp, #120]	@ 0x78
10002ab4:	9c1f      	ldr	r4, [sp, #124]	@ 0x7c
10002ab6:	9602      	str	r6, [sp, #8]
10002ab8:	9300      	str	r3, [sp, #0]
10002aba:	9401      	str	r4, [sp, #4]
10002abc:	4643      	mov	r3, r8
10002abe:	f000 f943 	bl	10002d48 <_etoa>
10002ac2:	0004      	movs	r4, r0
10002ac4:	0020      	movs	r0, r4
10002ac6:	b015      	add	sp, #84	@ 0x54
10002ac8:	bcf0      	pop	{r4, r5, r6, r7}
10002aca:	46bb      	mov	fp, r7
10002acc:	46b2      	mov	sl, r6
10002ace:	46a9      	mov	r9, r5
10002ad0:	46a0      	mov	r8, r4
10002ad2:	bdf0      	pop	{r4, r5, r6, r7, pc}
10002ad4:	9b22      	ldr	r3, [sp, #136]	@ 0x88
10002ad6:	075b      	lsls	r3, r3, #29
10002ad8:	d40f      	bmi.n	10002afa <_ftoa+0x226>
10002ada:	2203      	movs	r2, #3
10002adc:	4b54      	ldr	r3, [pc, #336]	@ (10002c30 <_ftoa+0x35c>)
10002ade:	9922      	ldr	r1, [sp, #136]	@ 0x88
10002ae0:	9201      	str	r2, [sp, #4]
10002ae2:	9103      	str	r1, [sp, #12]
10002ae4:	9921      	ldr	r1, [sp, #132]	@ 0x84
10002ae6:	9102      	str	r1, [sp, #8]
10002ae8:	9300      	str	r3, [sp, #0]
10002aea:	4652      	mov	r2, sl
10002aec:	4643      	mov	r3, r8
10002aee:	4649      	mov	r1, r9
10002af0:	4658      	mov	r0, fp
10002af2:	f7ff fd9f 	bl	10002634 <_out_rev>
10002af6:	0004      	movs	r4, r0
10002af8:	e7e4      	b.n	10002ac4 <_ftoa+0x1f0>
10002afa:	2204      	movs	r2, #4
10002afc:	4b4d      	ldr	r3, [pc, #308]	@ (10002c34 <_ftoa+0x360>)
10002afe:	e7ee      	b.n	10002ade <_ftoa+0x20a>
10002b00:	9a1e      	ldr	r2, [sp, #120]	@ 0x78
10002b02:	9b1f      	ldr	r3, [sp, #124]	@ 0x7c
10002b04:	2000      	movs	r0, #0
10002b06:	2100      	movs	r1, #0
10002b08:	f7ff fb9f 	bl	1000224a <__wrap___aeabi_dsub>
10002b0c:	2301      	movs	r3, #1
10002b0e:	901e      	str	r0, [sp, #120]	@ 0x78
10002b10:	911f      	str	r1, [sp, #124]	@ 0x7c
10002b12:	930b      	str	r3, [sp, #44]	@ 0x2c
10002b14:	e724      	b.n	10002960 <_ftoa+0x8c>
10002b16:	2302      	movs	r3, #2
10002b18:	9a22      	ldr	r2, [sp, #136]	@ 0x88
10002b1a:	4654      	mov	r4, sl
10002b1c:	401a      	ands	r2, r3
10002b1e:	9b22      	ldr	r3, [sp, #136]	@ 0x88
10002b20:	9206      	str	r2, [sp, #24]
10002b22:	079b      	lsls	r3, r3, #30
10002b24:	d100      	bne.n	10002b28 <_ftoa+0x254>
10002b26:	e0ac      	b.n	10002c82 <_ftoa+0x3ae>
10002b28:	0026      	movs	r6, r4
10002b2a:	4d43      	ldr	r5, [pc, #268]	@ (10002c38 <_ftoa+0x364>)
10002b2c:	9408      	str	r4, [sp, #32]
10002b2e:	1f2f      	subs	r7, r5, #4
10002b30:	0032      	movs	r2, r6
10002b32:	78e8      	ldrb	r0, [r5, #3]
10002b34:	4643      	mov	r3, r8
10002b36:	4649      	mov	r1, r9
10002b38:	3d01      	subs	r5, #1
10002b3a:	47d8      	blx	fp
10002b3c:	3601      	adds	r6, #1
10002b3e:	42bd      	cmp	r5, r7
10002b40:	d1f6      	bne.n	10002b30 <_ftoa+0x25c>
10002b42:	9c08      	ldr	r4, [sp, #32]
10002b44:	9b06      	ldr	r3, [sp, #24]
10002b46:	3404      	adds	r4, #4
10002b48:	2b00      	cmp	r3, #0
10002b4a:	d0bb      	beq.n	10002ac4 <_ftoa+0x1f0>
10002b4c:	4657      	mov	r7, sl
10002b4e:	9a21      	ldr	r2, [sp, #132]	@ 0x84
10002b50:	1be3      	subs	r3, r4, r7
10002b52:	429a      	cmp	r2, r3
10002b54:	d9b6      	bls.n	10002ac4 <_ftoa+0x1f0>
10002b56:	0015      	movs	r5, r2
10002b58:	0022      	movs	r2, r4
10002b5a:	4643      	mov	r3, r8
10002b5c:	4649      	mov	r1, r9
10002b5e:	2020      	movs	r0, #32
10002b60:	3401      	adds	r4, #1
10002b62:	47d8      	blx	fp
10002b64:	1be3      	subs	r3, r4, r7
10002b66:	42ab      	cmp	r3, r5
10002b68:	d3f6      	bcc.n	10002b58 <_ftoa+0x284>
10002b6a:	e7ab      	b.n	10002ac4 <_ftoa+0x1f0>
10002b6c:	0028      	movs	r0, r5
10002b6e:	f7ff fbfb 	bl	10002368 <__wrap___aeabi_i2d>
10002b72:	0002      	movs	r2, r0
10002b74:	000b      	movs	r3, r1
10002b76:	981e      	ldr	r0, [sp, #120]	@ 0x78
10002b78:	991f      	ldr	r1, [sp, #124]	@ 0x7c
10002b7a:	f7ff fb66 	bl	1000224a <__wrap___aeabi_dsub>
10002b7e:	4b2b      	ldr	r3, [pc, #172]	@ (10002c2c <_ftoa+0x358>)
10002b80:	2200      	movs	r2, #0
10002b82:	0006      	movs	r6, r0
10002b84:	000f      	movs	r7, r1
10002b86:	f7ff fbc3 	bl	10002310 <__wrap___aeabi_dcmplt>
10002b8a:	ab0c      	add	r3, sp, #48	@ 0x30
10002b8c:	9306      	str	r3, [sp, #24]
10002b8e:	2800      	cmp	r0, #0
10002b90:	d000      	beq.n	10002b94 <_ftoa+0x2c0>
10002b92:	e74f      	b.n	10002a34 <_ftoa+0x160>
10002b94:	2200      	movs	r2, #0
10002b96:	0030      	movs	r0, r6
10002b98:	0039      	movs	r1, r7
10002b9a:	4b24      	ldr	r3, [pc, #144]	@ (10002c2c <_ftoa+0x358>)
10002b9c:	f7ff fbce 	bl	1000233c <__wrap___aeabi_dcmpgt>
10002ba0:	2800      	cmp	r0, #0
10002ba2:	d000      	beq.n	10002ba6 <_ftoa+0x2d2>
10002ba4:	e746      	b.n	10002a34 <_ftoa+0x160>
10002ba6:	2301      	movs	r3, #1
10002ba8:	3501      	adds	r5, #1
10002baa:	439d      	bics	r5, r3
10002bac:	e742      	b.n	10002a34 <_ftoa+0x160>
10002bae:	2200      	movs	r2, #0
10002bb0:	9806      	ldr	r0, [sp, #24]
10002bb2:	9907      	ldr	r1, [sp, #28]
10002bb4:	4b1d      	ldr	r3, [pc, #116]	@ (10002c2c <_ftoa+0x358>)
10002bb6:	f7ff fbab 	bl	10002310 <__wrap___aeabi_dcmplt>
10002bba:	2800      	cmp	r0, #0
10002bbc:	d000      	beq.n	10002bc0 <_ftoa+0x2ec>
10002bbe:	e71a      	b.n	100029f6 <_ftoa+0x122>
10002bc0:	2f00      	cmp	r7, #0
10002bc2:	d159      	bne.n	10002c78 <_ftoa+0x3a4>
10002bc4:	3701      	adds	r7, #1
10002bc6:	e716      	b.n	100029f6 <_ftoa+0x122>
10002bc8:	2303      	movs	r3, #3
10002bca:	9a22      	ldr	r2, [sp, #136]	@ 0x88
10002bcc:	4013      	ands	r3, r2
10002bce:	2b01      	cmp	r3, #1
10002bd0:	d100      	bne.n	10002bd4 <_ftoa+0x300>
10002bd2:	e0a6      	b.n	10002d22 <_ftoa+0x44e>
10002bd4:	2c20      	cmp	r4, #32
10002bd6:	d100      	bne.n	10002bda <_ftoa+0x306>
10002bd8:	e75d      	b.n	10002a96 <_ftoa+0x1c2>
10002bda:	9b0b      	ldr	r3, [sp, #44]	@ 0x2c
10002bdc:	2b00      	cmp	r3, #0
10002bde:	d03a      	beq.n	10002c56 <_ftoa+0x382>
10002be0:	232d      	movs	r3, #45	@ 0x2d
10002be2:	9a06      	ldr	r2, [sp, #24]
10002be4:	5513      	strb	r3, [r2, r4]
10002be6:	3401      	adds	r4, #1
10002be8:	e755      	b.n	10002a96 <_ftoa+0x1c2>
10002bea:	9d06      	ldr	r5, [sp, #24]
10002bec:	2c20      	cmp	r4, #32
10002bee:	d100      	bne.n	10002bf2 <_ftoa+0x31e>
10002bf0:	e71d      	b.n	10002a2e <_ftoa+0x15a>
10002bf2:	2330      	movs	r3, #48	@ 0x30
10002bf4:	1936      	adds	r6, r6, r4
10002bf6:	e006      	b.n	10002c06 <_ftoa+0x332>
10002bf8:	aa06      	add	r2, sp, #24
10002bfa:	3401      	adds	r4, #1
10002bfc:	3217      	adds	r2, #23
10002bfe:	5513      	strb	r3, [r2, r4]
10002c00:	2c20      	cmp	r4, #32
10002c02:	d100      	bne.n	10002c06 <_ftoa+0x332>
10002c04:	e713      	b.n	10002a2e <_ftoa+0x15a>
10002c06:	42a6      	cmp	r6, r4
10002c08:	d1f6      	bne.n	10002bf8 <_ftoa+0x324>
10002c0a:	232e      	movs	r3, #46	@ 0x2e
10002c0c:	aa0c      	add	r2, sp, #48	@ 0x30
10002c0e:	3401      	adds	r4, #1
10002c10:	9206      	str	r2, [sp, #24]
10002c12:	5593      	strb	r3, [r2, r6]
10002c14:	e70e      	b.n	10002a34 <_ftoa+0x160>
10002c16:	46c0      	nop			@ (mov r8, r8)
10002c18:	ffefffff 	.word	0xffefffff
10002c1c:	7fefffff 	.word	0x7fefffff
10002c20:	41cdcd65 	.word	0x41cdcd65
10002c24:	c1cdcd65 	.word	0xc1cdcd65
10002c28:	1000ba70 	.word	0x1000ba70
10002c2c:	3fe00000 	.word	0x3fe00000
10002c30:	1000b458 	.word	0x1000b458
10002c34:	1000b450 	.word	0x1000b450
10002c38:	1000b460 	.word	0x1000b460
10002c3c:	230c      	movs	r3, #12
10002c3e:	9a22      	ldr	r2, [sp, #136]	@ 0x88
10002c40:	4213      	tst	r3, r2
10002c42:	d057      	beq.n	10002cf4 <_ftoa+0x420>
10002c44:	9b21      	ldr	r3, [sp, #132]	@ 0x84
10002c46:	3b01      	subs	r3, #1
10002c48:	9321      	str	r3, [sp, #132]	@ 0x84
10002c4a:	42a3      	cmp	r3, r4
10002c4c:	d900      	bls.n	10002c50 <_ftoa+0x37c>
10002c4e:	e716      	b.n	10002a7e <_ftoa+0x1aa>
10002c50:	2c20      	cmp	r4, #32
10002c52:	d100      	bne.n	10002c56 <_ftoa+0x382>
10002c54:	e71f      	b.n	10002a96 <_ftoa+0x1c2>
10002c56:	9b22      	ldr	r3, [sp, #136]	@ 0x88
10002c58:	075b      	lsls	r3, r3, #29
10002c5a:	d504      	bpl.n	10002c66 <_ftoa+0x392>
10002c5c:	232b      	movs	r3, #43	@ 0x2b
10002c5e:	9a06      	ldr	r2, [sp, #24]
10002c60:	5513      	strb	r3, [r2, r4]
10002c62:	3401      	adds	r4, #1
10002c64:	e717      	b.n	10002a96 <_ftoa+0x1c2>
10002c66:	9b22      	ldr	r3, [sp, #136]	@ 0x88
10002c68:	071b      	lsls	r3, r3, #28
10002c6a:	d400      	bmi.n	10002c6e <_ftoa+0x39a>
10002c6c:	e713      	b.n	10002a96 <_ftoa+0x1c2>
10002c6e:	2320      	movs	r3, #32
10002c70:	9a06      	ldr	r2, [sp, #24]
10002c72:	5513      	strb	r3, [r2, r4]
10002c74:	3401      	adds	r4, #1
10002c76:	e70e      	b.n	10002a96 <_ftoa+0x1c2>
10002c78:	07fb      	lsls	r3, r7, #31
10002c7a:	d400      	bmi.n	10002c7e <_ftoa+0x3aa>
10002c7c:	e6bb      	b.n	100029f6 <_ftoa+0x122>
10002c7e:	3701      	adds	r7, #1
10002c80:	e6b9      	b.n	100029f6 <_ftoa+0x122>
10002c82:	9b21      	ldr	r3, [sp, #132]	@ 0x84
10002c84:	2b04      	cmp	r3, #4
10002c86:	d800      	bhi.n	10002c8a <_ftoa+0x3b6>
10002c88:	e74e      	b.n	10002b28 <_ftoa+0x254>
10002c8a:	4655      	mov	r5, sl
10002c8c:	464f      	mov	r7, r9
10002c8e:	3c04      	subs	r4, #4
10002c90:	18e4      	adds	r4, r4, r3
10002c92:	002a      	movs	r2, r5
10002c94:	4643      	mov	r3, r8
10002c96:	3501      	adds	r5, #1
10002c98:	0039      	movs	r1, r7
10002c9a:	2020      	movs	r0, #32
10002c9c:	47d8      	blx	fp
10002c9e:	42ac      	cmp	r4, r5
10002ca0:	d1f7      	bne.n	10002c92 <_ftoa+0x3be>
10002ca2:	e741      	b.n	10002b28 <_ftoa+0x254>
10002ca4:	2702      	movs	r7, #2
10002ca6:	9b22      	ldr	r3, [sp, #136]	@ 0x88
10002ca8:	4655      	mov	r5, sl
10002caa:	401f      	ands	r7, r3
10002cac:	079b      	lsls	r3, r3, #30
10002cae:	d026      	beq.n	10002cfe <_ftoa+0x42a>
10002cb0:	9706      	str	r7, [sp, #24]
10002cb2:	465f      	mov	r7, fp
10002cb4:	4e23      	ldr	r6, [pc, #140]	@ (10002d44 <_ftoa+0x470>)
10002cb6:	1cec      	adds	r4, r5, #3
10002cb8:	002a      	movs	r2, r5
10002cba:	78b0      	ldrb	r0, [r6, #2]
10002cbc:	4643      	mov	r3, r8
10002cbe:	4649      	mov	r1, r9
10002cc0:	3501      	adds	r5, #1
10002cc2:	47b8      	blx	r7
10002cc4:	3e01      	subs	r6, #1
10002cc6:	42ac      	cmp	r4, r5
10002cc8:	d1f6      	bne.n	10002cb8 <_ftoa+0x3e4>
10002cca:	9f06      	ldr	r7, [sp, #24]
10002ccc:	2f00      	cmp	r7, #0
10002cce:	d100      	bne.n	10002cd2 <_ftoa+0x3fe>
10002cd0:	e6f8      	b.n	10002ac4 <_ftoa+0x1f0>
10002cd2:	4657      	mov	r7, sl
10002cd4:	9a21      	ldr	r2, [sp, #132]	@ 0x84
10002cd6:	1be3      	subs	r3, r4, r7
10002cd8:	429a      	cmp	r2, r3
10002cda:	d800      	bhi.n	10002cde <_ftoa+0x40a>
10002cdc:	e6f2      	b.n	10002ac4 <_ftoa+0x1f0>
10002cde:	0015      	movs	r5, r2
10002ce0:	0022      	movs	r2, r4
10002ce2:	4643      	mov	r3, r8
10002ce4:	4649      	mov	r1, r9
10002ce6:	2020      	movs	r0, #32
10002ce8:	3401      	adds	r4, #1
10002cea:	47d8      	blx	fp
10002cec:	1be3      	subs	r3, r4, r7
10002cee:	42ab      	cmp	r3, r5
10002cf0:	d3f6      	bcc.n	10002ce0 <_ftoa+0x40c>
10002cf2:	e6e7      	b.n	10002ac4 <_ftoa+0x1f0>
10002cf4:	9b21      	ldr	r3, [sp, #132]	@ 0x84
10002cf6:	42a3      	cmp	r3, r4
10002cf8:	d900      	bls.n	10002cfc <_ftoa+0x428>
10002cfa:	e6c0      	b.n	10002a7e <_ftoa+0x1aa>
10002cfc:	e6cb      	b.n	10002a96 <_ftoa+0x1c2>
10002cfe:	9b21      	ldr	r3, [sp, #132]	@ 0x84
10002d00:	2b03      	cmp	r3, #3
10002d02:	d9d5      	bls.n	10002cb0 <_ftoa+0x3dc>
10002d04:	9706      	str	r7, [sp, #24]
10002d06:	4654      	mov	r4, sl
10002d08:	464f      	mov	r7, r9
10002d0a:	3d03      	subs	r5, #3
10002d0c:	18ed      	adds	r5, r5, r3
10002d0e:	0022      	movs	r2, r4
10002d10:	4643      	mov	r3, r8
10002d12:	3401      	adds	r4, #1
10002d14:	0039      	movs	r1, r7
10002d16:	2020      	movs	r0, #32
10002d18:	47d8      	blx	fp
10002d1a:	42a5      	cmp	r5, r4
10002d1c:	d1f7      	bne.n	10002d0e <_ftoa+0x43a>
10002d1e:	9f06      	ldr	r7, [sp, #24]
10002d20:	e7c6      	b.n	10002cb0 <_ftoa+0x3dc>
10002d22:	9b21      	ldr	r3, [sp, #132]	@ 0x84
10002d24:	2b00      	cmp	r3, #0
10002d26:	d100      	bne.n	10002d2a <_ftoa+0x456>
10002d28:	e754      	b.n	10002bd4 <_ftoa+0x300>
10002d2a:	9b0b      	ldr	r3, [sp, #44]	@ 0x2c
10002d2c:	2b00      	cmp	r3, #0
10002d2e:	d085      	beq.n	10002c3c <_ftoa+0x368>
10002d30:	9b21      	ldr	r3, [sp, #132]	@ 0x84
10002d32:	3b01      	subs	r3, #1
10002d34:	9321      	str	r3, [sp, #132]	@ 0x84
10002d36:	429c      	cmp	r4, r3
10002d38:	d200      	bcs.n	10002d3c <_ftoa+0x468>
10002d3a:	e6a0      	b.n	10002a7e <_ftoa+0x1aa>
10002d3c:	2c20      	cmp	r4, #32
10002d3e:	d000      	beq.n	10002d42 <_ftoa+0x46e>
10002d40:	e74e      	b.n	10002be0 <_ftoa+0x30c>
10002d42:	e6a8      	b.n	10002a96 <_ftoa+0x1c2>
10002d44:	1000b45c 	.word	0x1000b45c

10002d48 <_etoa>:
10002d48:	b5f0      	push	{r4, r5, r6, r7, lr}
10002d4a:	4645      	mov	r5, r8
10002d4c:	46de      	mov	lr, fp
10002d4e:	4657      	mov	r7, sl
10002d50:	464e      	mov	r6, r9
10002d52:	b5e0      	push	{r5, r6, r7, lr}
10002d54:	b09b      	sub	sp, #108	@ 0x6c
10002d56:	9c24      	ldr	r4, [sp, #144]	@ 0x90
10002d58:	9d25      	ldr	r5, [sp, #148]	@ 0x94
10002d5a:	4682      	mov	sl, r0
10002d5c:	4688      	mov	r8, r1
10002d5e:	4693      	mov	fp, r2
10002d60:	4699      	mov	r9, r3
10002d62:	0022      	movs	r2, r4
10002d64:	002b      	movs	r3, r5
10002d66:	0020      	movs	r0, r4
10002d68:	0029      	movs	r1, r5
10002d6a:	f7ff faec 	bl	10002346 <__wrap___aeabi_dcmpun>
10002d6e:	2800      	cmp	r0, #0
10002d70:	d000      	beq.n	10002d74 <_etoa+0x2c>
10002d72:	e0c1      	b.n	10002ef8 <_etoa+0x1b0>
10002d74:	2201      	movs	r2, #1
10002d76:	0020      	movs	r0, r4
10002d78:	0029      	movs	r1, r5
10002d7a:	4b7c      	ldr	r3, [pc, #496]	@ (10002f6c <_etoa+0x224>)
10002d7c:	4252      	negs	r2, r2
10002d7e:	f7ff fadd 	bl	1000233c <__wrap___aeabi_dcmpgt>
10002d82:	2800      	cmp	r0, #0
10002d84:	d000      	beq.n	10002d88 <_etoa+0x40>
10002d86:	e0b7      	b.n	10002ef8 <_etoa+0x1b0>
10002d88:	2201      	movs	r2, #1
10002d8a:	0020      	movs	r0, r4
10002d8c:	0029      	movs	r1, r5
10002d8e:	4b78      	ldr	r3, [pc, #480]	@ (10002f70 <_etoa+0x228>)
10002d90:	4252      	negs	r2, r2
10002d92:	f7ff fabd 	bl	10002310 <__wrap___aeabi_dcmplt>
10002d96:	2800      	cmp	r0, #0
10002d98:	d000      	beq.n	10002d9c <_etoa+0x54>
10002d9a:	e0ad      	b.n	10002ef8 <_etoa+0x1b0>
10002d9c:	2200      	movs	r2, #0
10002d9e:	2300      	movs	r3, #0
10002da0:	0020      	movs	r0, r4
10002da2:	0029      	movs	r1, r5
10002da4:	f7ff fab4 	bl	10002310 <__wrap___aeabi_dcmplt>
10002da8:	2800      	cmp	r0, #0
10002daa:	d000      	beq.n	10002dae <_etoa+0x66>
10002dac:	e1bb      	b.n	10003126 <_etoa+0x3de>
10002dae:	9408      	str	r4, [sp, #32]
10002db0:	9509      	str	r5, [sp, #36]	@ 0x24
10002db2:	9808      	ldr	r0, [sp, #32]
10002db4:	9909      	ldr	r1, [sp, #36]	@ 0x24
10002db6:	2380      	movs	r3, #128	@ 0x80
10002db8:	9a28      	ldr	r2, [sp, #160]	@ 0xa0
10002dba:	00db      	lsls	r3, r3, #3
10002dbc:	401a      	ands	r2, r3
10002dbe:	920f      	str	r2, [sp, #60]	@ 0x3c
10002dc0:	2280      	movs	r2, #128	@ 0x80
10002dc2:	9e28      	ldr	r6, [sp, #160]	@ 0xa0
10002dc4:	0112      	lsls	r2, r2, #4
10002dc6:	4016      	ands	r6, r2
10002dc8:	0032      	movs	r2, r6
10002dca:	960e      	str	r6, [sp, #56]	@ 0x38
10002dcc:	9e28      	ldr	r6, [sp, #160]	@ 0xa0
10002dce:	000f      	movs	r7, r1
10002dd0:	900a      	str	r0, [sp, #40]	@ 0x28
10002dd2:	421e      	tst	r6, r3
10002dd4:	d000      	beq.n	10002dd8 <_etoa+0x90>
10002dd6:	e0a4      	b.n	10002f22 <_etoa+0x1da>
10002dd8:	000b      	movs	r3, r1
10002dda:	4303      	orrs	r3, r0
10002ddc:	d000      	beq.n	10002de0 <_etoa+0x98>
10002dde:	e0cb      	b.n	10002f78 <_etoa+0x230>
10002de0:	2a00      	cmp	r2, #0
10002de2:	d000      	beq.n	10002de6 <_etoa+0x9e>
10002de4:	e212      	b.n	1000320c <_etoa+0x4c4>
10002de6:	0032      	movs	r2, r6
10002de8:	3306      	adds	r3, #6
10002dea:	9326      	str	r3, [sp, #152]	@ 0x98
10002dec:	2302      	movs	r3, #2
10002dee:	4013      	ands	r3, r2
10002df0:	930c      	str	r3, [sp, #48]	@ 0x30
10002df2:	2302      	movs	r3, #2
10002df4:	4213      	tst	r3, r2
10002df6:	d000      	beq.n	10002dfa <_etoa+0xb2>
10002df8:	e20a      	b.n	10003210 <_etoa+0x4c8>
10002dfa:	9b27      	ldr	r3, [sp, #156]	@ 0x9c
10002dfc:	2b04      	cmp	r3, #4
10002dfe:	d200      	bcs.n	10002e02 <_etoa+0xba>
10002e00:	e215      	b.n	1000322e <_etoa+0x4e6>
10002e02:	2700      	movs	r7, #0
10002e04:	2604      	movs	r6, #4
10002e06:	3b04      	subs	r3, #4
10002e08:	930e      	str	r3, [sp, #56]	@ 0x38
10002e0a:	2200      	movs	r2, #0
10002e0c:	2300      	movs	r3, #0
10002e0e:	0020      	movs	r0, r4
10002e10:	0029      	movs	r1, r5
10002e12:	f7ff fa7d 	bl	10002310 <__wrap___aeabi_dcmplt>
10002e16:	2800      	cmp	r0, #0
10002e18:	d000      	beq.n	10002e1c <_etoa+0xd4>
10002e1a:	e1c8      	b.n	100031ae <_etoa+0x466>
10002e1c:	4b55      	ldr	r3, [pc, #340]	@ (10002f74 <_etoa+0x22c>)
10002e1e:	9a28      	ldr	r2, [sp, #160]	@ 0xa0
10002e20:	4013      	ands	r3, r2
10002e22:	9304      	str	r3, [sp, #16]
10002e24:	9b0e      	ldr	r3, [sp, #56]	@ 0x38
10002e26:	9303      	str	r3, [sp, #12]
10002e28:	9b26      	ldr	r3, [sp, #152]	@ 0x98
10002e2a:	9302      	str	r3, [sp, #8]
10002e2c:	9b08      	ldr	r3, [sp, #32]
10002e2e:	9c09      	ldr	r4, [sp, #36]	@ 0x24
10002e30:	9300      	str	r3, [sp, #0]
10002e32:	9401      	str	r4, [sp, #4]
10002e34:	4641      	mov	r1, r8
10002e36:	464b      	mov	r3, r9
10002e38:	465a      	mov	r2, fp
10002e3a:	4650      	mov	r0, sl
10002e3c:	f7ff fd4a 	bl	100028d4 <_ftoa>
10002e40:	0002      	movs	r2, r0
10002e42:	2020      	movs	r0, #32
10002e44:	9b28      	ldr	r3, [sp, #160]	@ 0xa0
10002e46:	2500      	movs	r5, #0
10002e48:	4003      	ands	r3, r0
10002e4a:	4259      	negs	r1, r3
10002e4c:	414b      	adcs	r3, r1
10002e4e:	425b      	negs	r3, r3
10002e50:	4018      	ands	r0, r3
10002e52:	1c53      	adds	r3, r2, #1
10002e54:	9308      	str	r3, [sp, #32]
10002e56:	4641      	mov	r1, r8
10002e58:	464b      	mov	r3, r9
10002e5a:	3045      	adds	r0, #69	@ 0x45
10002e5c:	47d0      	blx	sl
10002e5e:	17fb      	asrs	r3, r7, #31
10002e60:	18fc      	adds	r4, r7, r3
10002e62:	405c      	eors	r4, r3
10002e64:	0ffb      	lsrs	r3, r7, #31
10002e66:	271f      	movs	r7, #31
10002e68:	930a      	str	r3, [sp, #40]	@ 0x28
10002e6a:	1e73      	subs	r3, r6, #1
10002e6c:	930e      	str	r3, [sp, #56]	@ 0x38
10002e6e:	ab0a      	add	r3, sp, #40	@ 0x28
10002e70:	18ff      	adds	r7, r7, r3
10002e72:	e006      	b.n	10002e82 <_etoa+0x13a>
10002e74:	0020      	movs	r0, r4
10002e76:	210a      	movs	r1, #10
10002e78:	f7fe ffac 	bl	10001dd4 <__wrap___aeabi_uidiv>
10002e7c:	0004      	movs	r4, r0
10002e7e:	2d20      	cmp	r5, #32
10002e80:	d008      	beq.n	10002e94 <_etoa+0x14c>
10002e82:	210a      	movs	r1, #10
10002e84:	0020      	movs	r0, r4
10002e86:	f7fe ffa5 	bl	10001dd4 <__wrap___aeabi_uidiv>
10002e8a:	3501      	adds	r5, #1
10002e8c:	3130      	adds	r1, #48	@ 0x30
10002e8e:	5579      	strb	r1, [r7, r5]
10002e90:	2c09      	cmp	r4, #9
10002e92:	d8ef      	bhi.n	10002e74 <_etoa+0x12c>
10002e94:	2305      	movs	r3, #5
10002e96:	9306      	str	r3, [sp, #24]
10002e98:	9b0e      	ldr	r3, [sp, #56]	@ 0x38
10002e9a:	4656      	mov	r6, sl
10002e9c:	9305      	str	r3, [sp, #20]
10002e9e:	2300      	movs	r3, #0
10002ea0:	9304      	str	r3, [sp, #16]
10002ea2:	330a      	adds	r3, #10
10002ea4:	9303      	str	r3, [sp, #12]
10002ea6:	9b0a      	ldr	r3, [sp, #40]	@ 0x28
10002ea8:	4641      	mov	r1, r8
10002eaa:	9302      	str	r3, [sp, #8]
10002eac:	ab12      	add	r3, sp, #72	@ 0x48
10002eae:	9300      	str	r3, [sp, #0]
10002eb0:	0030      	movs	r0, r6
10002eb2:	464b      	mov	r3, r9
10002eb4:	9a08      	ldr	r2, [sp, #32]
10002eb6:	9501      	str	r5, [sp, #4]
10002eb8:	f7ff fc10 	bl	100026dc <_ntoa_format>
10002ebc:	9b0c      	ldr	r3, [sp, #48]	@ 0x30
10002ebe:	2b00      	cmp	r3, #0
10002ec0:	d028      	beq.n	10002f14 <_etoa+0x1cc>
10002ec2:	465f      	mov	r7, fp
10002ec4:	9b27      	ldr	r3, [sp, #156]	@ 0x9c
10002ec6:	1bc4      	subs	r4, r0, r7
10002ec8:	42a3      	cmp	r3, r4
10002eca:	d923      	bls.n	10002f14 <_etoa+0x1cc>
10002ecc:	4682      	mov	sl, r0
10002ece:	001d      	movs	r5, r3
10002ed0:	193a      	adds	r2, r7, r4
10002ed2:	464b      	mov	r3, r9
10002ed4:	4641      	mov	r1, r8
10002ed6:	2020      	movs	r0, #32
10002ed8:	3401      	adds	r4, #1
10002eda:	47b0      	blx	r6
10002edc:	42a5      	cmp	r5, r4
10002ede:	d8f7      	bhi.n	10002ed0 <_etoa+0x188>
10002ee0:	4650      	mov	r0, sl
10002ee2:	4659      	mov	r1, fp
10002ee4:	9c27      	ldr	r4, [sp, #156]	@ 0x9c
10002ee6:	1a42      	subs	r2, r0, r1
10002ee8:	3201      	adds	r2, #1
10002eea:	2300      	movs	r3, #0
10002eec:	4294      	cmp	r4, r2
10002eee:	d300      	bcc.n	10002ef2 <_etoa+0x1aa>
10002ef0:	e195      	b.n	1000321e <_etoa+0x4d6>
10002ef2:	3001      	adds	r0, #1
10002ef4:	1818      	adds	r0, r3, r0
10002ef6:	e00d      	b.n	10002f14 <_etoa+0x1cc>
10002ef8:	9b28      	ldr	r3, [sp, #160]	@ 0xa0
10002efa:	9400      	str	r4, [sp, #0]
10002efc:	9501      	str	r5, [sp, #4]
10002efe:	9304      	str	r3, [sp, #16]
10002f00:	9b27      	ldr	r3, [sp, #156]	@ 0x9c
10002f02:	9303      	str	r3, [sp, #12]
10002f04:	9b26      	ldr	r3, [sp, #152]	@ 0x98
10002f06:	9302      	str	r3, [sp, #8]
10002f08:	464b      	mov	r3, r9
10002f0a:	465a      	mov	r2, fp
10002f0c:	4641      	mov	r1, r8
10002f0e:	4650      	mov	r0, sl
10002f10:	f7ff fce0 	bl	100028d4 <_ftoa>
10002f14:	b01b      	add	sp, #108	@ 0x6c
10002f16:	bcf0      	pop	{r4, r5, r6, r7}
10002f18:	46bb      	mov	fp, r7
10002f1a:	46b2      	mov	sl, r6
10002f1c:	46a9      	mov	r9, r5
10002f1e:	46a0      	mov	r8, r4
10002f20:	bdf0      	pop	{r4, r5, r6, r7, pc}
10002f22:	4301      	orrs	r1, r0
10002f24:	d12a      	bne.n	10002f7c <_etoa+0x234>
10002f26:	9b0e      	ldr	r3, [sp, #56]	@ 0x38
10002f28:	0032      	movs	r2, r6
10002f2a:	2b00      	cmp	r3, #0
10002f2c:	d100      	bne.n	10002f30 <_etoa+0x1e8>
10002f2e:	e75d      	b.n	10002dec <_etoa+0xa4>
10002f30:	2700      	movs	r7, #0
10002f32:	9b26      	ldr	r3, [sp, #152]	@ 0x98
10002f34:	2600      	movs	r6, #0
10002f36:	42bb      	cmp	r3, r7
10002f38:	dd00      	ble.n	10002f3c <_etoa+0x1f4>
10002f3a:	e182      	b.n	10003242 <_etoa+0x4fa>
10002f3c:	2200      	movs	r2, #0
10002f3e:	2300      	movs	r3, #0
10002f40:	0020      	movs	r0, r4
10002f42:	0029      	movs	r1, r5
10002f44:	f7ff f9e4 	bl	10002310 <__wrap___aeabi_dcmplt>
10002f48:	2800      	cmp	r0, #0
10002f4a:	d000      	beq.n	10002f4e <_etoa+0x206>
10002f4c:	e14b      	b.n	100031e6 <_etoa+0x49e>
10002f4e:	9b28      	ldr	r3, [sp, #160]	@ 0xa0
10002f50:	4a08      	ldr	r2, [pc, #32]	@ (10002f74 <_etoa+0x22c>)
10002f52:	9602      	str	r6, [sp, #8]
10002f54:	401a      	ands	r2, r3
10002f56:	2380      	movs	r3, #128	@ 0x80
10002f58:	00db      	lsls	r3, r3, #3
10002f5a:	4313      	orrs	r3, r2
10002f5c:	9304      	str	r3, [sp, #16]
10002f5e:	9b27      	ldr	r3, [sp, #156]	@ 0x9c
10002f60:	9303      	str	r3, [sp, #12]
10002f62:	9b08      	ldr	r3, [sp, #32]
10002f64:	9c09      	ldr	r4, [sp, #36]	@ 0x24
10002f66:	9300      	str	r3, [sp, #0]
10002f68:	9401      	str	r4, [sp, #4]
10002f6a:	e7cd      	b.n	10002f08 <_etoa+0x1c0>
10002f6c:	7fefffff 	.word	0x7fefffff
10002f70:	ffefffff 	.word	0xffefffff
10002f74:	fffff7ff 	.word	0xfffff7ff
10002f78:	2306      	movs	r3, #6
10002f7a:	9326      	str	r3, [sp, #152]	@ 0x98
10002f7c:	4bb2      	ldr	r3, [pc, #712]	@ (10003248 <_etoa+0x500>)
10002f7e:	0078      	lsls	r0, r7, #1
10002f80:	0d40      	lsrs	r0, r0, #21
10002f82:	18c0      	adds	r0, r0, r3
10002f84:	f7ff f9f0 	bl	10002368 <__wrap___aeabi_i2d>
10002f88:	4ab0      	ldr	r2, [pc, #704]	@ (1000324c <_etoa+0x504>)
10002f8a:	4bb1      	ldr	r3, [pc, #708]	@ (10003250 <_etoa+0x508>)
10002f8c:	f7ff f981 	bl	10002292 <__wrap___aeabi_dmul>
10002f90:	4ab0      	ldr	r2, [pc, #704]	@ (10003254 <_etoa+0x50c>)
10002f92:	4bb1      	ldr	r3, [pc, #708]	@ (10003258 <_etoa+0x510>)
10002f94:	f7ff f95e 	bl	10002254 <__wrap___aeabi_dadd>
10002f98:	033f      	lsls	r7, r7, #12
10002f9a:	4bb0      	ldr	r3, [pc, #704]	@ (1000325c <_etoa+0x514>)
10002f9c:	0b3f      	lsrs	r7, r7, #12
10002f9e:	433b      	orrs	r3, r7
10002fa0:	900c      	str	r0, [sp, #48]	@ 0x30
10002fa2:	910d      	str	r1, [sp, #52]	@ 0x34
10002fa4:	2200      	movs	r2, #0
10002fa6:	980a      	ldr	r0, [sp, #40]	@ 0x28
10002fa8:	0019      	movs	r1, r3
10002faa:	4bad      	ldr	r3, [pc, #692]	@ (10003260 <_etoa+0x518>)
10002fac:	f7ff f94d 	bl	1000224a <__wrap___aeabi_dsub>
10002fb0:	4aac      	ldr	r2, [pc, #688]	@ (10003264 <_etoa+0x51c>)
10002fb2:	4bad      	ldr	r3, [pc, #692]	@ (10003268 <_etoa+0x520>)
10002fb4:	f7ff f96d 	bl	10002292 <__wrap___aeabi_dmul>
10002fb8:	0002      	movs	r2, r0
10002fba:	000b      	movs	r3, r1
10002fbc:	980c      	ldr	r0, [sp, #48]	@ 0x30
10002fbe:	990d      	ldr	r1, [sp, #52]	@ 0x34
10002fc0:	f7ff f948 	bl	10002254 <__wrap___aeabi_dadd>
10002fc4:	f7ff f9e8 	bl	10002398 <__wrap___aeabi_d2iz>
10002fc8:	0007      	movs	r7, r0
10002fca:	f7ff f9cd 	bl	10002368 <__wrap___aeabi_i2d>
10002fce:	4aa7      	ldr	r2, [pc, #668]	@ (1000326c <_etoa+0x524>)
10002fd0:	4ba7      	ldr	r3, [pc, #668]	@ (10003270 <_etoa+0x528>)
10002fd2:	900a      	str	r0, [sp, #40]	@ 0x28
10002fd4:	910b      	str	r1, [sp, #44]	@ 0x2c
10002fd6:	f7ff f95c 	bl	10002292 <__wrap___aeabi_dmul>
10002fda:	2200      	movs	r2, #0
10002fdc:	4ba5      	ldr	r3, [pc, #660]	@ (10003274 <_etoa+0x52c>)
10002fde:	f7ff f939 	bl	10002254 <__wrap___aeabi_dadd>
10002fe2:	f7ff f9d9 	bl	10002398 <__wrap___aeabi_d2iz>
10002fe6:	4aa4      	ldr	r2, [pc, #656]	@ (10003278 <_etoa+0x530>)
10002fe8:	0006      	movs	r6, r0
10002fea:	980a      	ldr	r0, [sp, #40]	@ 0x28
10002fec:	990b      	ldr	r1, [sp, #44]	@ 0x2c
10002fee:	4ba3      	ldr	r3, [pc, #652]	@ (1000327c <_etoa+0x534>)
10002ff0:	f7ff f94f 	bl	10002292 <__wrap___aeabi_dmul>
10002ff4:	900a      	str	r0, [sp, #40]	@ 0x28
10002ff6:	910b      	str	r1, [sp, #44]	@ 0x2c
10002ff8:	0030      	movs	r0, r6
10002ffa:	f7ff f9b5 	bl	10002368 <__wrap___aeabi_i2d>
10002ffe:	4aa0      	ldr	r2, [pc, #640]	@ (10003280 <_etoa+0x538>)
10003000:	4ba0      	ldr	r3, [pc, #640]	@ (10003284 <_etoa+0x53c>)
10003002:	f7ff f946 	bl	10002292 <__wrap___aeabi_dmul>
10003006:	0002      	movs	r2, r0
10003008:	000b      	movs	r3, r1
1000300a:	980a      	ldr	r0, [sp, #40]	@ 0x28
1000300c:	990b      	ldr	r1, [sp, #44]	@ 0x2c
1000300e:	f7ff f91c 	bl	1000224a <__wrap___aeabi_dsub>
10003012:	0002      	movs	r2, r0
10003014:	000b      	movs	r3, r1
10003016:	900a      	str	r0, [sp, #40]	@ 0x28
10003018:	910b      	str	r1, [sp, #44]	@ 0x2c
1000301a:	f7ff f93a 	bl	10002292 <__wrap___aeabi_dmul>
1000301e:	900c      	str	r0, [sp, #48]	@ 0x30
10003020:	910d      	str	r1, [sp, #52]	@ 0x34
10003022:	980a      	ldr	r0, [sp, #40]	@ 0x28
10003024:	990b      	ldr	r1, [sp, #44]	@ 0x2c
10003026:	0002      	movs	r2, r0
10003028:	000b      	movs	r3, r1
1000302a:	f7ff f913 	bl	10002254 <__wrap___aeabi_dadd>
1000302e:	2200      	movs	r2, #0
10003030:	9010      	str	r0, [sp, #64]	@ 0x40
10003032:	9111      	str	r1, [sp, #68]	@ 0x44
10003034:	980c      	ldr	r0, [sp, #48]	@ 0x30
10003036:	990d      	ldr	r1, [sp, #52]	@ 0x34
10003038:	4b93      	ldr	r3, [pc, #588]	@ (10003288 <_etoa+0x540>)
1000303a:	f7ff f910 	bl	1000225e <__wrap___aeabi_ddiv>
1000303e:	2200      	movs	r2, #0
10003040:	4b92      	ldr	r3, [pc, #584]	@ (1000328c <_etoa+0x544>)
10003042:	f7ff f907 	bl	10002254 <__wrap___aeabi_dadd>
10003046:	0002      	movs	r2, r0
10003048:	000b      	movs	r3, r1
1000304a:	980c      	ldr	r0, [sp, #48]	@ 0x30
1000304c:	990d      	ldr	r1, [sp, #52]	@ 0x34
1000304e:	f7ff f906 	bl	1000225e <__wrap___aeabi_ddiv>
10003052:	2200      	movs	r2, #0
10003054:	4b8e      	ldr	r3, [pc, #568]	@ (10003290 <_etoa+0x548>)
10003056:	f7ff f8fd 	bl	10002254 <__wrap___aeabi_dadd>
1000305a:	0002      	movs	r2, r0
1000305c:	000b      	movs	r3, r1
1000305e:	980c      	ldr	r0, [sp, #48]	@ 0x30
10003060:	990d      	ldr	r1, [sp, #52]	@ 0x34
10003062:	f7ff f8fc 	bl	1000225e <__wrap___aeabi_ddiv>
10003066:	9a0a      	ldr	r2, [sp, #40]	@ 0x28
10003068:	9b0b      	ldr	r3, [sp, #44]	@ 0x2c
1000306a:	900c      	str	r0, [sp, #48]	@ 0x30
1000306c:	910d      	str	r1, [sp, #52]	@ 0x34
1000306e:	2180      	movs	r1, #128	@ 0x80
10003070:	2000      	movs	r0, #0
10003072:	05c9      	lsls	r1, r1, #23
10003074:	f7ff f8e9 	bl	1000224a <__wrap___aeabi_dsub>
10003078:	0002      	movs	r2, r0
1000307a:	000b      	movs	r3, r1
1000307c:	980c      	ldr	r0, [sp, #48]	@ 0x30
1000307e:	990d      	ldr	r1, [sp, #52]	@ 0x34
10003080:	f7ff f8e8 	bl	10002254 <__wrap___aeabi_dadd>
10003084:	0002      	movs	r2, r0
10003086:	000b      	movs	r3, r1
10003088:	9810      	ldr	r0, [sp, #64]	@ 0x40
1000308a:	9911      	ldr	r1, [sp, #68]	@ 0x44
1000308c:	f7ff f8e7 	bl	1000225e <__wrap___aeabi_ddiv>
10003090:	2200      	movs	r2, #0
10003092:	4b72      	ldr	r3, [pc, #456]	@ (1000325c <_etoa+0x514>)
10003094:	f7ff f8de 	bl	10002254 <__wrap___aeabi_dadd>
10003098:	4b7e      	ldr	r3, [pc, #504]	@ (10003294 <_etoa+0x54c>)
1000309a:	2200      	movs	r2, #0
1000309c:	18f6      	adds	r6, r6, r3
1000309e:	0533      	lsls	r3, r6, #20
100030a0:	f7ff f8f7 	bl	10002292 <__wrap___aeabi_dmul>
100030a4:	0002      	movs	r2, r0
100030a6:	000b      	movs	r3, r1
100030a8:	900a      	str	r0, [sp, #40]	@ 0x28
100030aa:	910b      	str	r1, [sp, #44]	@ 0x2c
100030ac:	9808      	ldr	r0, [sp, #32]
100030ae:	9909      	ldr	r1, [sp, #36]	@ 0x24
100030b0:	f7ff f92e 	bl	10002310 <__wrap___aeabi_dcmplt>
100030b4:	2800      	cmp	r0, #0
100030b6:	d008      	beq.n	100030ca <_etoa+0x382>
100030b8:	980a      	ldr	r0, [sp, #40]	@ 0x28
100030ba:	990b      	ldr	r1, [sp, #44]	@ 0x2c
100030bc:	2200      	movs	r2, #0
100030be:	4b73      	ldr	r3, [pc, #460]	@ (1000328c <_etoa+0x544>)
100030c0:	f7ff f8cd 	bl	1000225e <__wrap___aeabi_ddiv>
100030c4:	900a      	str	r0, [sp, #40]	@ 0x28
100030c6:	910b      	str	r1, [sp, #44]	@ 0x2c
100030c8:	3f01      	subs	r7, #1
100030ca:	990a      	ldr	r1, [sp, #40]	@ 0x28
100030cc:	9a0b      	ldr	r2, [sp, #44]	@ 0x2c
100030ce:	000b      	movs	r3, r1
100030d0:	0011      	movs	r1, r2
100030d2:	003a      	movs	r2, r7
100030d4:	3263      	adds	r2, #99	@ 0x63
100030d6:	2ac6      	cmp	r2, #198	@ 0xc6
100030d8:	d812      	bhi.n	10003100 <_etoa+0x3b8>
100030da:	2202      	movs	r2, #2
100030dc:	9828      	ldr	r0, [sp, #160]	@ 0xa0
100030de:	2604      	movs	r6, #4
100030e0:	4010      	ands	r0, r2
100030e2:	9a0e      	ldr	r2, [sp, #56]	@ 0x38
100030e4:	900c      	str	r0, [sp, #48]	@ 0x30
100030e6:	2a00      	cmp	r2, #0
100030e8:	d126      	bne.n	10003138 <_etoa+0x3f0>
100030ea:	9b27      	ldr	r3, [sp, #156]	@ 0x9c
100030ec:	2b04      	cmp	r3, #4
100030ee:	d905      	bls.n	100030fc <_etoa+0x3b4>
100030f0:	2800      	cmp	r0, #0
100030f2:	d000      	beq.n	100030f6 <_etoa+0x3ae>
100030f4:	e0a1      	b.n	1000323a <_etoa+0x4f2>
100030f6:	9b27      	ldr	r3, [sp, #156]	@ 0x9c
100030f8:	3b04      	subs	r3, #4
100030fa:	930e      	str	r3, [sp, #56]	@ 0x38
100030fc:	2604      	movs	r6, #4
100030fe:	e042      	b.n	10003186 <_etoa+0x43e>
10003100:	2202      	movs	r2, #2
10003102:	9828      	ldr	r0, [sp, #160]	@ 0xa0
10003104:	4010      	ands	r0, r2
10003106:	9a0e      	ldr	r2, [sp, #56]	@ 0x38
10003108:	900c      	str	r0, [sp, #48]	@ 0x30
1000310a:	2a00      	cmp	r2, #0
1000310c:	d113      	bne.n	10003136 <_etoa+0x3ee>
1000310e:	9b27      	ldr	r3, [sp, #156]	@ 0x9c
10003110:	2b05      	cmp	r3, #5
10003112:	d800      	bhi.n	10003116 <_etoa+0x3ce>
10003114:	e089      	b.n	1000322a <_etoa+0x4e2>
10003116:	2800      	cmp	r0, #0
10003118:	d000      	beq.n	1000311c <_etoa+0x3d4>
1000311a:	e084      	b.n	10003226 <_etoa+0x4de>
1000311c:	9b27      	ldr	r3, [sp, #156]	@ 0x9c
1000311e:	2605      	movs	r6, #5
10003120:	3b05      	subs	r3, #5
10003122:	930e      	str	r3, [sp, #56]	@ 0x38
10003124:	e032      	b.n	1000318c <_etoa+0x444>
10003126:	2380      	movs	r3, #128	@ 0x80
10003128:	061b      	lsls	r3, r3, #24
1000312a:	469c      	mov	ip, r3
1000312c:	44ac      	add	ip, r5
1000312e:	4663      	mov	r3, ip
10003130:	9408      	str	r4, [sp, #32]
10003132:	9309      	str	r3, [sp, #36]	@ 0x24
10003134:	e63d      	b.n	10002db2 <_etoa+0x6a>
10003136:	2605      	movs	r6, #5
10003138:	430b      	orrs	r3, r1
1000313a:	d100      	bne.n	1000313e <_etoa+0x3f6>
1000313c:	e6f9      	b.n	10002f32 <_etoa+0x1ea>
1000313e:	9808      	ldr	r0, [sp, #32]
10003140:	9909      	ldr	r1, [sp, #36]	@ 0x24
10003142:	4a55      	ldr	r2, [pc, #340]	@ (10003298 <_etoa+0x550>)
10003144:	4b55      	ldr	r3, [pc, #340]	@ (1000329c <_etoa+0x554>)
10003146:	f7ff f8f1 	bl	1000232c <__wrap___aeabi_dcmpge>
1000314a:	2800      	cmp	r0, #0
1000314c:	d008      	beq.n	10003160 <_etoa+0x418>
1000314e:	9808      	ldr	r0, [sp, #32]
10003150:	9909      	ldr	r1, [sp, #36]	@ 0x24
10003152:	2200      	movs	r2, #0
10003154:	4b52      	ldr	r3, [pc, #328]	@ (100032a0 <_etoa+0x558>)
10003156:	f7ff f8db 	bl	10002310 <__wrap___aeabi_dcmplt>
1000315a:	2800      	cmp	r0, #0
1000315c:	d000      	beq.n	10003160 <_etoa+0x418>
1000315e:	e6e8      	b.n	10002f32 <_etoa+0x1ea>
10003160:	9b26      	ldr	r3, [sp, #152]	@ 0x98
10003162:	2b00      	cmp	r3, #0
10003164:	d034      	beq.n	100031d0 <_etoa+0x488>
10003166:	9b0f      	ldr	r3, [sp, #60]	@ 0x3c
10003168:	2b00      	cmp	r3, #0
1000316a:	d031      	beq.n	100031d0 <_etoa+0x488>
1000316c:	9b26      	ldr	r3, [sp, #152]	@ 0x98
1000316e:	3b01      	subs	r3, #1
10003170:	9326      	str	r3, [sp, #152]	@ 0x98
10003172:	9b27      	ldr	r3, [sp, #156]	@ 0x9c
10003174:	42b3      	cmp	r3, r6
10003176:	d904      	bls.n	10003182 <_etoa+0x43a>
10003178:	9b0c      	ldr	r3, [sp, #48]	@ 0x30
1000317a:	2b00      	cmp	r3, #0
1000317c:	d059      	beq.n	10003232 <_etoa+0x4ea>
1000317e:	2302      	movs	r3, #2
10003180:	930c      	str	r3, [sp, #48]	@ 0x30
10003182:	2300      	movs	r3, #0
10003184:	930e      	str	r3, [sp, #56]	@ 0x38
10003186:	2f00      	cmp	r7, #0
10003188:	d100      	bne.n	1000318c <_etoa+0x444>
1000318a:	e63e      	b.n	10002e0a <_etoa+0xc2>
1000318c:	9a0a      	ldr	r2, [sp, #40]	@ 0x28
1000318e:	9b0b      	ldr	r3, [sp, #44]	@ 0x2c
10003190:	9808      	ldr	r0, [sp, #32]
10003192:	9909      	ldr	r1, [sp, #36]	@ 0x24
10003194:	f7ff f863 	bl	1000225e <__wrap___aeabi_ddiv>
10003198:	2200      	movs	r2, #0
1000319a:	9008      	str	r0, [sp, #32]
1000319c:	9109      	str	r1, [sp, #36]	@ 0x24
1000319e:	2300      	movs	r3, #0
100031a0:	0020      	movs	r0, r4
100031a2:	0029      	movs	r1, r5
100031a4:	f7ff f8b4 	bl	10002310 <__wrap___aeabi_dcmplt>
100031a8:	2800      	cmp	r0, #0
100031aa:	d100      	bne.n	100031ae <_etoa+0x466>
100031ac:	e636      	b.n	10002e1c <_etoa+0xd4>
100031ae:	9c08      	ldr	r4, [sp, #32]
100031b0:	9d09      	ldr	r5, [sp, #36]	@ 0x24
100031b2:	9a28      	ldr	r2, [sp, #160]	@ 0xa0
100031b4:	2080      	movs	r0, #128	@ 0x80
100031b6:	4b3b      	ldr	r3, [pc, #236]	@ (100032a4 <_etoa+0x55c>)
100031b8:	0600      	lsls	r0, r0, #24
100031ba:	4013      	ands	r3, r2
100031bc:	0022      	movs	r2, r4
100031be:	9304      	str	r3, [sp, #16]
100031c0:	9b0e      	ldr	r3, [sp, #56]	@ 0x38
100031c2:	9303      	str	r3, [sp, #12]
100031c4:	9b26      	ldr	r3, [sp, #152]	@ 0x98
100031c6:	9302      	str	r3, [sp, #8]
100031c8:	182b      	adds	r3, r5, r0
100031ca:	9200      	str	r2, [sp, #0]
100031cc:	9301      	str	r3, [sp, #4]
100031ce:	e631      	b.n	10002e34 <_etoa+0xec>
100031d0:	9b27      	ldr	r3, [sp, #156]	@ 0x9c
100031d2:	42b3      	cmp	r3, r6
100031d4:	d9d5      	bls.n	10003182 <_etoa+0x43a>
100031d6:	9b0c      	ldr	r3, [sp, #48]	@ 0x30
100031d8:	2b00      	cmp	r3, #0
100031da:	d02a      	beq.n	10003232 <_etoa+0x4ea>
100031dc:	2300      	movs	r3, #0
100031de:	930e      	str	r3, [sp, #56]	@ 0x38
100031e0:	3302      	adds	r3, #2
100031e2:	930c      	str	r3, [sp, #48]	@ 0x30
100031e4:	e7cf      	b.n	10003186 <_etoa+0x43e>
100031e6:	9b28      	ldr	r3, [sp, #160]	@ 0xa0
100031e8:	4a2e      	ldr	r2, [pc, #184]	@ (100032a4 <_etoa+0x55c>)
100031ea:	2080      	movs	r0, #128	@ 0x80
100031ec:	9c08      	ldr	r4, [sp, #32]
100031ee:	9d09      	ldr	r5, [sp, #36]	@ 0x24
100031f0:	401a      	ands	r2, r3
100031f2:	2380      	movs	r3, #128	@ 0x80
100031f4:	00db      	lsls	r3, r3, #3
100031f6:	4313      	orrs	r3, r2
100031f8:	0022      	movs	r2, r4
100031fa:	9304      	str	r3, [sp, #16]
100031fc:	9b27      	ldr	r3, [sp, #156]	@ 0x9c
100031fe:	0600      	lsls	r0, r0, #24
10003200:	9303      	str	r3, [sp, #12]
10003202:	182b      	adds	r3, r5, r0
10003204:	9200      	str	r2, [sp, #0]
10003206:	9301      	str	r3, [sp, #4]
10003208:	9602      	str	r6, [sp, #8]
1000320a:	e67d      	b.n	10002f08 <_etoa+0x1c0>
1000320c:	2605      	movs	r6, #5
1000320e:	e695      	b.n	10002f3c <_etoa+0x1f4>
10003210:	2300      	movs	r3, #0
10003212:	930e      	str	r3, [sp, #56]	@ 0x38
10003214:	3302      	adds	r3, #2
10003216:	2700      	movs	r7, #0
10003218:	2604      	movs	r6, #4
1000321a:	930c      	str	r3, [sp, #48]	@ 0x30
1000321c:	e5f5      	b.n	10002e0a <_etoa+0xc2>
1000321e:	1e4b      	subs	r3, r1, #1
10003220:	191b      	adds	r3, r3, r4
10003222:	1a1b      	subs	r3, r3, r0
10003224:	e665      	b.n	10002ef2 <_etoa+0x1aa>
10003226:	2302      	movs	r3, #2
10003228:	930c      	str	r3, [sp, #48]	@ 0x30
1000322a:	2605      	movs	r6, #5
1000322c:	e7ae      	b.n	1000318c <_etoa+0x444>
1000322e:	2304      	movs	r3, #4
10003230:	e5e7      	b.n	10002e02 <_etoa+0xba>
10003232:	9b27      	ldr	r3, [sp, #156]	@ 0x9c
10003234:	1b9b      	subs	r3, r3, r6
10003236:	930e      	str	r3, [sp, #56]	@ 0x38
10003238:	e7a5      	b.n	10003186 <_etoa+0x43e>
1000323a:	2302      	movs	r3, #2
1000323c:	2604      	movs	r6, #4
1000323e:	930c      	str	r3, [sp, #48]	@ 0x30
10003240:	e7a1      	b.n	10003186 <_etoa+0x43e>
10003242:	1bdb      	subs	r3, r3, r7
10003244:	1e5e      	subs	r6, r3, #1
10003246:	e679      	b.n	10002f3c <_etoa+0x1f4>
10003248:	fffffc01 	.word	0xfffffc01
1000324c:	509f79fb 	.word	0x509f79fb
10003250:	3fd34413 	.word	0x3fd34413
10003254:	8b60c8b3 	.word	0x8b60c8b3
10003258:	3fc68a28 	.word	0x3fc68a28
1000325c:	3ff00000 	.word	0x3ff00000
10003260:	3ff80000 	.word	0x3ff80000
10003264:	636f4361 	.word	0x636f4361
10003268:	3fd287a7 	.word	0x3fd287a7
1000326c:	0979a371 	.word	0x0979a371
10003270:	400a934f 	.word	0x400a934f
10003274:	3fe00000 	.word	0x3fe00000
10003278:	bbb55516 	.word	0xbbb55516
1000327c:	40026bb1 	.word	0x40026bb1
10003280:	fefa39ef 	.word	0xfefa39ef
10003284:	3fe62e42 	.word	0x3fe62e42
10003288:	402c0000 	.word	0x402c0000
1000328c:	40240000 	.word	0x40240000
10003290:	40180000 	.word	0x40180000
10003294:	000003ff 	.word	0x000003ff
10003298:	eb1c432d 	.word	0xeb1c432d
1000329c:	3f1a36e2 	.word	0x3f1a36e2
100032a0:	412e8480 	.word	0x412e8480
100032a4:	fffff7ff 	.word	0xfffff7ff

100032a8 <_vsnprintf>:
100032a8:	b5f0      	push	{r4, r5, r6, r7, lr}
100032aa:	4657      	mov	r7, sl
100032ac:	46de      	mov	lr, fp
100032ae:	464e      	mov	r6, r9
100032b0:	4645      	mov	r5, r8
100032b2:	b5e0      	push	{r5, r6, r7, lr}
100032b4:	b0a3      	sub	sp, #140	@ 0x8c
100032b6:	001f      	movs	r7, r3
100032b8:	9b2c      	ldr	r3, [sp, #176]	@ 0xb0
100032ba:	4692      	mov	sl, r2
100032bc:	930c      	str	r3, [sp, #48]	@ 0x30
100032be:	4ac9      	ldr	r2, [pc, #804]	@ (100035e4 <_vsnprintf+0x33c>)
100032c0:	4bc9      	ldr	r3, [pc, #804]	@ (100035e8 <_vsnprintf+0x340>)
100032c2:	468b      	mov	fp, r1
100032c4:	900b      	str	r0, [sp, #44]	@ 0x2c
100032c6:	601a      	str	r2, [r3, #0]
100032c8:	2900      	cmp	r1, #0
100032ca:	d100      	bne.n	100032ce <_vsnprintf+0x26>
100032cc:	e1bf      	b.n	1000364e <_vsnprintf+0x3a6>
100032ce:	2300      	movs	r3, #0
100032d0:	7838      	ldrb	r0, [r7, #0]
100032d2:	4699      	mov	r9, r3
100032d4:	2800      	cmp	r0, #0
100032d6:	d100      	bne.n	100032da <_vsnprintf+0x32>
100032d8:	e1c1      	b.n	1000365e <_vsnprintf+0x3b6>
100032da:	4bc4      	ldr	r3, [pc, #784]	@ (100035ec <_vsnprintf+0x344>)
100032dc:	464c      	mov	r4, r9
100032de:	9309      	str	r3, [sp, #36]	@ 0x24
100032e0:	4bc3      	ldr	r3, [pc, #780]	@ (100035f0 <_vsnprintf+0x348>)
100032e2:	930e      	str	r3, [sp, #56]	@ 0x38
100032e4:	465b      	mov	r3, fp
100032e6:	930a      	str	r3, [sp, #40]	@ 0x28
100032e8:	e008      	b.n	100032fc <_vsnprintf+0x54>
100032ea:	0022      	movs	r2, r4
100032ec:	4653      	mov	r3, sl
100032ee:	990a      	ldr	r1, [sp, #40]	@ 0x28
100032f0:	9d0b      	ldr	r5, [sp, #44]	@ 0x2c
100032f2:	47a8      	blx	r5
100032f4:	3401      	adds	r4, #1
100032f6:	7838      	ldrb	r0, [r7, #0]
100032f8:	2800      	cmp	r0, #0
100032fa:	d076      	beq.n	100033ea <_vsnprintf+0x142>
100032fc:	3701      	adds	r7, #1
100032fe:	2825      	cmp	r0, #37	@ 0x25
10003300:	d1f3      	bne.n	100032ea <_vsnprintf+0x42>
10003302:	2310      	movs	r3, #16
10003304:	469b      	mov	fp, r3
10003306:	3b08      	subs	r3, #8
10003308:	4699      	mov	r9, r3
1000330a:	3b04      	subs	r3, #4
1000330c:	4698      	mov	r8, r3
1000330e:	3b03      	subs	r3, #3
10003310:	2600      	movs	r6, #0
10003312:	2502      	movs	r5, #2
10003314:	469c      	mov	ip, r3
10003316:	7838      	ldrb	r0, [r7, #0]
10003318:	1c79      	adds	r1, r7, #1
1000331a:	0003      	movs	r3, r0
1000331c:	3b20      	subs	r3, #32
1000331e:	b2db      	uxtb	r3, r3
10003320:	2b10      	cmp	r3, #16
10003322:	d803      	bhi.n	1000332c <_vsnprintf+0x84>
10003324:	9a09      	ldr	r2, [sp, #36]	@ 0x24
10003326:	009b      	lsls	r3, r3, #2
10003328:	58d3      	ldr	r3, [r2, r3]
1000332a:	469f      	mov	pc, r3
1000332c:	0003      	movs	r3, r0
1000332e:	3b30      	subs	r3, #48	@ 0x30
10003330:	2b09      	cmp	r3, #9
10003332:	d936      	bls.n	100033a2 <_vsnprintf+0xfa>
10003334:	2500      	movs	r5, #0
10003336:	282a      	cmp	r0, #42	@ 0x2a
10003338:	d100      	bne.n	1000333c <_vsnprintf+0x94>
1000333a:	e0a7      	b.n	1000348c <_vsnprintf+0x1e4>
1000333c:	2300      	movs	r3, #0
1000333e:	930d      	str	r3, [sp, #52]	@ 0x34
10003340:	282e      	cmp	r0, #46	@ 0x2e
10003342:	d03f      	beq.n	100033c4 <_vsnprintf+0x11c>
10003344:	0003      	movs	r3, r0
10003346:	3b68      	subs	r3, #104	@ 0x68
10003348:	b2db      	uxtb	r3, r3
1000334a:	2b12      	cmp	r3, #18
1000334c:	d81b      	bhi.n	10003386 <_vsnprintf+0xde>
1000334e:	9a0e      	ldr	r2, [sp, #56]	@ 0x38
10003350:	009b      	lsls	r3, r3, #2
10003352:	58d3      	ldr	r3, [r2, r3]
10003354:	469f      	mov	pc, r3
10003356:	4663      	mov	r3, ip
10003358:	000f      	movs	r7, r1
1000335a:	431e      	orrs	r6, r3
1000335c:	e7db      	b.n	10003316 <_vsnprintf+0x6e>
1000335e:	000f      	movs	r7, r1
10003360:	432e      	orrs	r6, r5
10003362:	e7d8      	b.n	10003316 <_vsnprintf+0x6e>
10003364:	4643      	mov	r3, r8
10003366:	000f      	movs	r7, r1
10003368:	431e      	orrs	r6, r3
1000336a:	e7d4      	b.n	10003316 <_vsnprintf+0x6e>
1000336c:	465b      	mov	r3, fp
1000336e:	000f      	movs	r7, r1
10003370:	431e      	orrs	r6, r3
10003372:	e7d0      	b.n	10003316 <_vsnprintf+0x6e>
10003374:	464b      	mov	r3, r9
10003376:	000f      	movs	r7, r1
10003378:	431e      	orrs	r6, r3
1000337a:	e7cc      	b.n	10003316 <_vsnprintf+0x6e>
1000337c:	2380      	movs	r3, #128	@ 0x80
1000337e:	7878      	ldrb	r0, [r7, #1]
10003380:	005b      	lsls	r3, r3, #1
10003382:	431e      	orrs	r6, r3
10003384:	3101      	adds	r1, #1
10003386:	000f      	movs	r7, r1
10003388:	2867      	cmp	r0, #103	@ 0x67
1000338a:	d845      	bhi.n	10003418 <_vsnprintf+0x170>
1000338c:	2824      	cmp	r0, #36	@ 0x24
1000338e:	d9ac      	bls.n	100032ea <_vsnprintf+0x42>
10003390:	0003      	movs	r3, r0
10003392:	3b25      	subs	r3, #37	@ 0x25
10003394:	b2db      	uxtb	r3, r3
10003396:	2b42      	cmp	r3, #66	@ 0x42
10003398:	d8a7      	bhi.n	100032ea <_vsnprintf+0x42>
1000339a:	4996      	ldr	r1, [pc, #600]	@ (100035f4 <_vsnprintf+0x34c>)
1000339c:	009b      	lsls	r3, r3, #2
1000339e:	58cb      	ldr	r3, [r1, r3]
100033a0:	469f      	mov	pc, r3
100033a2:	2500      	movs	r5, #0
100033a4:	00ab      	lsls	r3, r5, #2
100033a6:	195d      	adds	r5, r3, r5
100033a8:	006d      	lsls	r5, r5, #1
100033aa:	182d      	adds	r5, r5, r0
100033ac:	7808      	ldrb	r0, [r1, #0]
100033ae:	000f      	movs	r7, r1
100033b0:	0003      	movs	r3, r0
100033b2:	3b30      	subs	r3, #48	@ 0x30
100033b4:	3d30      	subs	r5, #48	@ 0x30
100033b6:	3101      	adds	r1, #1
100033b8:	2b09      	cmp	r3, #9
100033ba:	d9f3      	bls.n	100033a4 <_vsnprintf+0xfc>
100033bc:	2300      	movs	r3, #0
100033be:	930d      	str	r3, [sp, #52]	@ 0x34
100033c0:	282e      	cmp	r0, #46	@ 0x2e
100033c2:	d1bf      	bne.n	10003344 <_vsnprintf+0x9c>
100033c4:	2230      	movs	r2, #48	@ 0x30
100033c6:	2080      	movs	r0, #128	@ 0x80
100033c8:	4252      	negs	r2, r2
100033ca:	4690      	mov	r8, r2
100033cc:	00c0      	lsls	r0, r0, #3
100033ce:	4306      	orrs	r6, r0
100033d0:	7878      	ldrb	r0, [r7, #1]
100033d2:	000b      	movs	r3, r1
100033d4:	4480      	add	r8, r0
100033d6:	4642      	mov	r2, r8
100033d8:	2a09      	cmp	r2, #9
100033da:	d800      	bhi.n	100033de <_vsnprintf+0x136>
100033dc:	e151      	b.n	10003682 <_vsnprintf+0x3da>
100033de:	282a      	cmp	r0, #42	@ 0x2a
100033e0:	d100      	bne.n	100033e4 <_vsnprintf+0x13c>
100033e2:	e15e      	b.n	100036a2 <_vsnprintf+0x3fa>
100033e4:	000f      	movs	r7, r1
100033e6:	3101      	adds	r1, #1
100033e8:	e7ac      	b.n	10003344 <_vsnprintf+0x9c>
100033ea:	9b0a      	ldr	r3, [sp, #40]	@ 0x28
100033ec:	46a1      	mov	r9, r4
100033ee:	469b      	mov	fp, r3
100033f0:	45ca      	cmp	sl, r9
100033f2:	d803      	bhi.n	100033fc <_vsnprintf+0x154>
100033f4:	2301      	movs	r3, #1
100033f6:	425b      	negs	r3, r3
100033f8:	4453      	add	r3, sl
100033fa:	4699      	mov	r9, r3
100033fc:	4653      	mov	r3, sl
100033fe:	464a      	mov	r2, r9
10003400:	4659      	mov	r1, fp
10003402:	2000      	movs	r0, #0
10003404:	9d0b      	ldr	r5, [sp, #44]	@ 0x2c
10003406:	47a8      	blx	r5
10003408:	0020      	movs	r0, r4
1000340a:	b023      	add	sp, #140	@ 0x8c
1000340c:	bcf0      	pop	{r4, r5, r6, r7}
1000340e:	46bb      	mov	fp, r7
10003410:	46b2      	mov	sl, r6
10003412:	46a9      	mov	r9, r5
10003414:	46a0      	mov	r8, r4
10003416:	bdf0      	pop	{r4, r5, r6, r7, pc}
10003418:	0003      	movs	r3, r0
1000341a:	3b69      	subs	r3, #105	@ 0x69
1000341c:	b2db      	uxtb	r3, r3
1000341e:	2b0f      	cmp	r3, #15
10003420:	d900      	bls.n	10003424 <_vsnprintf+0x17c>
10003422:	e762      	b.n	100032ea <_vsnprintf+0x42>
10003424:	2101      	movs	r1, #1
10003426:	4099      	lsls	r1, r3
10003428:	4688      	mov	r8, r1
1000342a:	4a73      	ldr	r2, [pc, #460]	@ (100035f8 <_vsnprintf+0x350>)
1000342c:	4011      	ands	r1, r2
1000342e:	468b      	mov	fp, r1
10003430:	0011      	movs	r1, r2
10003432:	4642      	mov	r2, r8
10003434:	420a      	tst	r2, r1
10003436:	d000      	beq.n	1000343a <_vsnprintf+0x192>
10003438:	e113      	b.n	10003662 <_vsnprintf+0x3ba>
1000343a:	2b0a      	cmp	r3, #10
1000343c:	d02f      	beq.n	1000349e <_vsnprintf+0x1f6>
1000343e:	2b07      	cmp	r3, #7
10003440:	d000      	beq.n	10003444 <_vsnprintf+0x19c>
10003442:	e752      	b.n	100032ea <_vsnprintf+0x42>
10003444:	9d0c      	ldr	r5, [sp, #48]	@ 0x30
10003446:	cd01      	ldmia	r5!, {r0}
10003448:	2800      	cmp	r0, #0
1000344a:	d100      	bne.n	1000344e <_vsnprintf+0x1a6>
1000344c:	e134      	b.n	100036b8 <_vsnprintf+0x410>
1000344e:	2321      	movs	r3, #33	@ 0x21
10003450:	431e      	orrs	r6, r3
10003452:	46b0      	mov	r8, r6
10003454:	261f      	movs	r6, #31
10003456:	9a0d      	ldr	r2, [sp, #52]	@ 0x34
10003458:	ab12      	add	r3, sp, #72	@ 0x48
1000345a:	18f6      	adds	r6, r6, r3
1000345c:	46a1      	mov	r9, r4
1000345e:	4694      	mov	ip, r2
10003460:	4659      	mov	r1, fp
10003462:	0034      	movs	r4, r6
10003464:	e002      	b.n	1000346c <_vsnprintf+0x1c4>
10003466:	0900      	lsrs	r0, r0, #4
10003468:	2920      	cmp	r1, #32
1000346a:	d00a      	beq.n	10003482 <_vsnprintf+0x1da>
1000346c:	260f      	movs	r6, #15
1000346e:	4006      	ands	r6, r0
10003470:	0032      	movs	r2, r6
10003472:	3237      	adds	r2, #55	@ 0x37
10003474:	2e09      	cmp	r6, #9
10003476:	d800      	bhi.n	1000347a <_vsnprintf+0x1d2>
10003478:	3a07      	subs	r2, #7
1000347a:	3101      	adds	r1, #1
1000347c:	5462      	strb	r2, [r4, r1]
1000347e:	280f      	cmp	r0, #15
10003480:	d8f1      	bhi.n	10003466 <_vsnprintf+0x1be>
10003482:	4663      	mov	r3, ip
10003484:	464c      	mov	r4, r9
10003486:	468b      	mov	fp, r1
10003488:	930d      	str	r3, [sp, #52]	@ 0x34
1000348a:	e122      	b.n	100036d2 <_vsnprintf+0x42a>
1000348c:	9b0c      	ldr	r3, [sp, #48]	@ 0x30
1000348e:	cb20      	ldmia	r3!, {r5}
10003490:	2d00      	cmp	r5, #0
10003492:	db52      	blt.n	1000353a <_vsnprintf+0x292>
10003494:	7878      	ldrb	r0, [r7, #1]
10003496:	930c      	str	r3, [sp, #48]	@ 0x30
10003498:	000f      	movs	r7, r1
1000349a:	3101      	adds	r1, #1
1000349c:	e74e      	b.n	1000333c <_vsnprintf+0x94>
1000349e:	9b0c      	ldr	r3, [sp, #48]	@ 0x30
100034a0:	990d      	ldr	r1, [sp, #52]	@ 0x34
100034a2:	cb04      	ldmia	r3!, {r2}
100034a4:	4690      	mov	r8, r2
100034a6:	469b      	mov	fp, r3
100034a8:	2900      	cmp	r1, #0
100034aa:	d100      	bne.n	100034ae <_vsnprintf+0x206>
100034ac:	e128      	b.n	10003700 <_vsnprintf+0x458>
100034ae:	4643      	mov	r3, r8
100034b0:	7818      	ldrb	r0, [r3, #0]
100034b2:	4441      	add	r1, r8
100034b4:	2800      	cmp	r0, #0
100034b6:	d101      	bne.n	100034bc <_vsnprintf+0x214>
100034b8:	f000 fc29 	bl	10003d0e <_vsnprintf+0xa66>
100034bc:	9a0d      	ldr	r2, [sp, #52]	@ 0x34
100034be:	4694      	mov	ip, r2
100034c0:	000a      	movs	r2, r1
100034c2:	e004      	b.n	100034ce <_vsnprintf+0x226>
100034c4:	7859      	ldrb	r1, [r3, #1]
100034c6:	3301      	adds	r3, #1
100034c8:	2900      	cmp	r1, #0
100034ca:	d100      	bne.n	100034ce <_vsnprintf+0x226>
100034cc:	e195      	b.n	100037fa <_vsnprintf+0x552>
100034ce:	429a      	cmp	r2, r3
100034d0:	d1f8      	bne.n	100034c4 <_vsnprintf+0x21c>
100034d2:	4663      	mov	r3, ip
100034d4:	930d      	str	r3, [sp, #52]	@ 0x34
100034d6:	4643      	mov	r3, r8
100034d8:	1ad3      	subs	r3, r2, r3
100034da:	930f      	str	r3, [sp, #60]	@ 0x3c
100034dc:	0573      	lsls	r3, r6, #21
100034de:	d400      	bmi.n	100034e2 <_vsnprintf+0x23a>
100034e0:	e16c      	b.n	100037bc <_vsnprintf+0x514>
100034e2:	9b0f      	ldr	r3, [sp, #60]	@ 0x3c
100034e4:	9a0d      	ldr	r2, [sp, #52]	@ 0x34
100034e6:	4293      	cmp	r3, r2
100034e8:	d900      	bls.n	100034ec <_vsnprintf+0x244>
100034ea:	920f      	str	r2, [sp, #60]	@ 0x3c
100034ec:	2302      	movs	r3, #2
100034ee:	001a      	movs	r2, r3
100034f0:	4032      	ands	r2, r6
100034f2:	920c      	str	r2, [sp, #48]	@ 0x30
100034f4:	4233      	tst	r3, r6
100034f6:	d100      	bne.n	100034fa <_vsnprintf+0x252>
100034f8:	e291      	b.n	10003a1e <_vsnprintf+0x776>
100034fa:	930c      	str	r3, [sp, #48]	@ 0x30
100034fc:	9b0d      	ldr	r3, [sp, #52]	@ 0x34
100034fe:	46b9      	mov	r9, r7
10003500:	191e      	adds	r6, r3, r4
10003502:	4643      	mov	r3, r8
10003504:	1b1b      	subs	r3, r3, r4
10003506:	46a8      	mov	r8, r5
10003508:	0022      	movs	r2, r4
1000350a:	001f      	movs	r7, r3
1000350c:	9d0b      	ldr	r5, [sp, #44]	@ 0x2c
1000350e:	e008      	b.n	10003522 <_vsnprintf+0x27a>
10003510:	1c54      	adds	r4, r2, #1
10003512:	4653      	mov	r3, sl
10003514:	990a      	ldr	r1, [sp, #40]	@ 0x28
10003516:	47a8      	blx	r5
10003518:	5d38      	ldrb	r0, [r7, r4]
1000351a:	2800      	cmp	r0, #0
1000351c:	d100      	bne.n	10003520 <_vsnprintf+0x278>
1000351e:	e163      	b.n	100037e8 <_vsnprintf+0x540>
10003520:	0022      	movs	r2, r4
10003522:	4296      	cmp	r6, r2
10003524:	d1f4      	bne.n	10003510 <_vsnprintf+0x268>
10003526:	4645      	mov	r5, r8
10003528:	464f      	mov	r7, r9
1000352a:	0034      	movs	r4, r6
1000352c:	9b0c      	ldr	r3, [sp, #48]	@ 0x30
1000352e:	2b00      	cmp	r3, #0
10003530:	d000      	beq.n	10003534 <_vsnprintf+0x28c>
10003532:	e197      	b.n	10003864 <_vsnprintf+0x5bc>
10003534:	465b      	mov	r3, fp
10003536:	930c      	str	r3, [sp, #48]	@ 0x30
10003538:	e6dd      	b.n	100032f6 <_vsnprintf+0x4e>
1000353a:	2202      	movs	r2, #2
1000353c:	7878      	ldrb	r0, [r7, #1]
1000353e:	4316      	orrs	r6, r2
10003540:	000f      	movs	r7, r1
10003542:	426d      	negs	r5, r5
10003544:	930c      	str	r3, [sp, #48]	@ 0x30
10003546:	3101      	adds	r1, #1
10003548:	e6f8      	b.n	1000333c <_vsnprintf+0x94>
1000354a:	7878      	ldrb	r0, [r7, #1]
1000354c:	286c      	cmp	r0, #108	@ 0x6c
1000354e:	d100      	bne.n	10003552 <_vsnprintf+0x2aa>
10003550:	e159      	b.n	10003806 <_vsnprintf+0x55e>
10003552:	2380      	movs	r3, #128	@ 0x80
10003554:	005b      	lsls	r3, r3, #1
10003556:	431e      	orrs	r6, r3
10003558:	3101      	adds	r1, #1
1000355a:	e714      	b.n	10003386 <_vsnprintf+0xde>
1000355c:	2380      	movs	r3, #128	@ 0x80
1000355e:	009b      	lsls	r3, r3, #2
10003560:	7878      	ldrb	r0, [r7, #1]
10003562:	431e      	orrs	r6, r3
10003564:	3101      	adds	r1, #1
10003566:	e70e      	b.n	10003386 <_vsnprintf+0xde>
10003568:	7878      	ldrb	r0, [r7, #1]
1000356a:	2868      	cmp	r0, #104	@ 0x68
1000356c:	d100      	bne.n	10003570 <_vsnprintf+0x2c8>
1000356e:	e150      	b.n	10003812 <_vsnprintf+0x56a>
10003570:	2380      	movs	r3, #128	@ 0x80
10003572:	3101      	adds	r1, #1
10003574:	431e      	orrs	r6, r3
10003576:	e706      	b.n	10003386 <_vsnprintf+0xde>
10003578:	2867      	cmp	r0, #103	@ 0x67
1000357a:	d100      	bne.n	1000357e <_vsnprintf+0x2d6>
1000357c:	e0c2      	b.n	10003704 <_vsnprintf+0x45c>
1000357e:	2847      	cmp	r0, #71	@ 0x47
10003580:	d100      	bne.n	10003584 <_vsnprintf+0x2dc>
10003582:	e134      	b.n	100037ee <_vsnprintf+0x546>
10003584:	2845      	cmp	r0, #69	@ 0x45
10003586:	d100      	bne.n	1000358a <_vsnprintf+0x2e2>
10003588:	e134      	b.n	100037f4 <_vsnprintf+0x54c>
1000358a:	2107      	movs	r1, #7
1000358c:	9b0c      	ldr	r3, [sp, #48]	@ 0x30
1000358e:	9a0d      	ldr	r2, [sp, #52]	@ 0x34
10003590:	3307      	adds	r3, #7
10003592:	438b      	bics	r3, r1
10003594:	0019      	movs	r1, r3
10003596:	9604      	str	r6, [sp, #16]
10003598:	9503      	str	r5, [sp, #12]
1000359a:	9202      	str	r2, [sp, #8]
1000359c:	c90c      	ldmia	r1!, {r2, r3}
1000359e:	980b      	ldr	r0, [sp, #44]	@ 0x2c
100035a0:	9200      	str	r2, [sp, #0]
100035a2:	9301      	str	r3, [sp, #4]
100035a4:	910c      	str	r1, [sp, #48]	@ 0x30
100035a6:	0022      	movs	r2, r4
100035a8:	4653      	mov	r3, sl
100035aa:	990a      	ldr	r1, [sp, #40]	@ 0x28
100035ac:	f7ff fbcc 	bl	10002d48 <_etoa>
100035b0:	0004      	movs	r4, r0
100035b2:	e6a0      	b.n	100032f6 <_vsnprintf+0x4e>
100035b4:	2846      	cmp	r0, #70	@ 0x46
100035b6:	d100      	bne.n	100035ba <_vsnprintf+0x312>
100035b8:	e0a8      	b.n	1000370c <_vsnprintf+0x464>
100035ba:	2107      	movs	r1, #7
100035bc:	9b0c      	ldr	r3, [sp, #48]	@ 0x30
100035be:	9a0d      	ldr	r2, [sp, #52]	@ 0x34
100035c0:	3307      	adds	r3, #7
100035c2:	438b      	bics	r3, r1
100035c4:	0019      	movs	r1, r3
100035c6:	9604      	str	r6, [sp, #16]
100035c8:	9503      	str	r5, [sp, #12]
100035ca:	9202      	str	r2, [sp, #8]
100035cc:	c90c      	ldmia	r1!, {r2, r3}
100035ce:	980b      	ldr	r0, [sp, #44]	@ 0x2c
100035d0:	9200      	str	r2, [sp, #0]
100035d2:	9301      	str	r3, [sp, #4]
100035d4:	910c      	str	r1, [sp, #48]	@ 0x30
100035d6:	0022      	movs	r2, r4
100035d8:	4653      	mov	r3, sl
100035da:	990a      	ldr	r1, [sp, #40]	@ 0x28
100035dc:	f7ff f97a 	bl	100028d4 <_ftoa>
100035e0:	0004      	movs	r4, r0
100035e2:	e688      	b.n	100032f6 <_vsnprintf+0x4e>
100035e4:	100032a9 	.word	0x100032a9
100035e8:	20001c8c 	.word	0x20001c8c
100035ec:	1000b8d0 	.word	0x1000b8d0
100035f0:	1000b914 	.word	0x1000b914
100035f4:	1000b960 	.word	0x1000b960
100035f8:	00009041 	.word	0x00009041
100035fc:	0022      	movs	r2, r4
100035fe:	4653      	mov	r3, sl
10003600:	2025      	movs	r0, #37	@ 0x25
10003602:	990a      	ldr	r1, [sp, #40]	@ 0x28
10003604:	9d0b      	ldr	r5, [sp, #44]	@ 0x2c
10003606:	47a8      	blx	r5
10003608:	3401      	adds	r4, #1
1000360a:	e674      	b.n	100032f6 <_vsnprintf+0x4e>
1000360c:	9b0c      	ldr	r3, [sp, #48]	@ 0x30
1000360e:	3304      	adds	r3, #4
10003610:	469b      	mov	fp, r3
10003612:	1c63      	adds	r3, r4, #1
10003614:	4698      	mov	r8, r3
10003616:	07b6      	lsls	r6, r6, #30
10003618:	d400      	bmi.n	1000361c <_vsnprintf+0x374>
1000361a:	e0ff      	b.n	1000381c <_vsnprintf+0x574>
1000361c:	9b0c      	ldr	r3, [sp, #48]	@ 0x30
1000361e:	0022      	movs	r2, r4
10003620:	7818      	ldrb	r0, [r3, #0]
10003622:	990a      	ldr	r1, [sp, #40]	@ 0x28
10003624:	4653      	mov	r3, sl
10003626:	9e0b      	ldr	r6, [sp, #44]	@ 0x2c
10003628:	47b0      	blx	r6
1000362a:	1964      	adds	r4, r4, r5
1000362c:	2d01      	cmp	r5, #1
1000362e:	d800      	bhi.n	10003632 <_vsnprintf+0x38a>
10003630:	e249      	b.n	10003ac6 <_vsnprintf+0x81e>
10003632:	4645      	mov	r5, r8
10003634:	9e0b      	ldr	r6, [sp, #44]	@ 0x2c
10003636:	46b8      	mov	r8, r7
10003638:	9f0a      	ldr	r7, [sp, #40]	@ 0x28
1000363a:	002a      	movs	r2, r5
1000363c:	4653      	mov	r3, sl
1000363e:	3501      	adds	r5, #1
10003640:	0039      	movs	r1, r7
10003642:	2020      	movs	r0, #32
10003644:	47b0      	blx	r6
10003646:	42a5      	cmp	r5, r4
10003648:	d1f7      	bne.n	1000363a <_vsnprintf+0x392>
1000364a:	4647      	mov	r7, r8
1000364c:	e772      	b.n	10003534 <_vsnprintf+0x28c>
1000364e:	4bdb      	ldr	r3, [pc, #876]	@ (100039bc <_vsnprintf+0x714>)
10003650:	7838      	ldrb	r0, [r7, #0]
10003652:	930b      	str	r3, [sp, #44]	@ 0x2c
10003654:	2300      	movs	r3, #0
10003656:	4699      	mov	r9, r3
10003658:	2800      	cmp	r0, #0
1000365a:	d000      	beq.n	1000365e <_vsnprintf+0x3b6>
1000365c:	e63d      	b.n	100032da <_vsnprintf+0x32>
1000365e:	2400      	movs	r4, #0
10003660:	e6c6      	b.n	100033f0 <_vsnprintf+0x148>
10003662:	286f      	cmp	r0, #111	@ 0x6f
10003664:	d055      	beq.n	10003712 <_vsnprintf+0x46a>
10003666:	d800      	bhi.n	1000366a <_vsnprintf+0x3c2>
10003668:	e2bc      	b.n	10003be4 <_vsnprintf+0x93c>
1000366a:	2310      	movs	r3, #16
1000366c:	2878      	cmp	r0, #120	@ 0x78
1000366e:	d100      	bne.n	10003672 <_vsnprintf+0x3ca>
10003670:	e09e      	b.n	100037b0 <_vsnprintf+0x508>
10003672:	439e      	bics	r6, r3
10003674:	230a      	movs	r3, #10
10003676:	469c      	mov	ip, r3
10003678:	2300      	movs	r3, #0
1000367a:	930f      	str	r3, [sp, #60]	@ 0x3c
1000367c:	330a      	adds	r3, #10
1000367e:	469b      	mov	fp, r3
10003680:	e04d      	b.n	1000371e <_vsnprintf+0x476>
10003682:	2100      	movs	r1, #0
10003684:	008a      	lsls	r2, r1, #2
10003686:	1852      	adds	r2, r2, r1
10003688:	0052      	lsls	r2, r2, #1
1000368a:	3301      	adds	r3, #1
1000368c:	1811      	adds	r1, r2, r0
1000368e:	7818      	ldrb	r0, [r3, #0]
10003690:	3930      	subs	r1, #48	@ 0x30
10003692:	0002      	movs	r2, r0
10003694:	3a30      	subs	r2, #48	@ 0x30
10003696:	2a09      	cmp	r2, #9
10003698:	d9f4      	bls.n	10003684 <_vsnprintf+0x3dc>
1000369a:	910d      	str	r1, [sp, #52]	@ 0x34
1000369c:	001f      	movs	r7, r3
1000369e:	1c59      	adds	r1, r3, #1
100036a0:	e650      	b.n	10003344 <_vsnprintf+0x9c>
100036a2:	9b0c      	ldr	r3, [sp, #48]	@ 0x30
100036a4:	78b8      	ldrb	r0, [r7, #2]
100036a6:	cb04      	ldmia	r3!, {r2}
100036a8:	3702      	adds	r7, #2
100036aa:	43d1      	mvns	r1, r2
100036ac:	17c9      	asrs	r1, r1, #31
100036ae:	400a      	ands	r2, r1
100036b0:	920d      	str	r2, [sp, #52]	@ 0x34
100036b2:	930c      	str	r3, [sp, #48]	@ 0x30
100036b4:	1c79      	adds	r1, r7, #1
100036b6:	e645      	b.n	10003344 <_vsnprintf+0x9c>
100036b8:	2310      	movs	r3, #16
100036ba:	0030      	movs	r0, r6
100036bc:	4398      	bics	r0, r3
100036be:	3311      	adds	r3, #17
100036c0:	4318      	orrs	r0, r3
100036c2:	2380      	movs	r3, #128	@ 0x80
100036c4:	4680      	mov	r8, r0
100036c6:	0030      	movs	r0, r6
100036c8:	00db      	lsls	r3, r3, #3
100036ca:	4018      	ands	r0, r3
100036cc:	421e      	tst	r6, r3
100036ce:	d100      	bne.n	100036d2 <_vsnprintf+0x42a>
100036d0:	e6c0      	b.n	10003454 <_vsnprintf+0x1ac>
100036d2:	4643      	mov	r3, r8
100036d4:	9306      	str	r3, [sp, #24]
100036d6:	2308      	movs	r3, #8
100036d8:	9305      	str	r3, [sp, #20]
100036da:	9b0d      	ldr	r3, [sp, #52]	@ 0x34
100036dc:	0022      	movs	r2, r4
100036de:	9304      	str	r3, [sp, #16]
100036e0:	2310      	movs	r3, #16
100036e2:	9303      	str	r3, [sp, #12]
100036e4:	2300      	movs	r3, #0
100036e6:	9302      	str	r3, [sp, #8]
100036e8:	465b      	mov	r3, fp
100036ea:	9301      	str	r3, [sp, #4]
100036ec:	ab1a      	add	r3, sp, #104	@ 0x68
100036ee:	9300      	str	r3, [sp, #0]
100036f0:	990a      	ldr	r1, [sp, #40]	@ 0x28
100036f2:	4653      	mov	r3, sl
100036f4:	980b      	ldr	r0, [sp, #44]	@ 0x2c
100036f6:	f7fe fff1 	bl	100026dc <_ntoa_format>
100036fa:	950c      	str	r5, [sp, #48]	@ 0x30
100036fc:	0004      	movs	r4, r0
100036fe:	e5fa      	b.n	100032f6 <_vsnprintf+0x4e>
10003700:	3901      	subs	r1, #1
10003702:	e6d4      	b.n	100034ae <_vsnprintf+0x206>
10003704:	2380      	movs	r3, #128	@ 0x80
10003706:	011b      	lsls	r3, r3, #4
10003708:	431e      	orrs	r6, r3
1000370a:	e73e      	b.n	1000358a <_vsnprintf+0x2e2>
1000370c:	2320      	movs	r3, #32
1000370e:	431e      	orrs	r6, r3
10003710:	e753      	b.n	100035ba <_vsnprintf+0x312>
10003712:	2308      	movs	r3, #8
10003714:	469c      	mov	ip, r3
10003716:	2300      	movs	r3, #0
10003718:	930f      	str	r3, [sp, #60]	@ 0x3c
1000371a:	3308      	adds	r3, #8
1000371c:	469b      	mov	fp, r3
1000371e:	2380      	movs	r3, #128	@ 0x80
10003720:	0030      	movs	r0, r6
10003722:	00db      	lsls	r3, r3, #3
10003724:	4018      	ands	r0, r3
10003726:	421e      	tst	r6, r3
10003728:	d100      	bne.n	1000372c <_vsnprintf+0x484>
1000372a:	e11a      	b.n	10003962 <_vsnprintf+0x6ba>
1000372c:	230d      	movs	r3, #13
1000372e:	0031      	movs	r1, r6
10003730:	4399      	bics	r1, r3
10003732:	2380      	movs	r3, #128	@ 0x80
10003734:	000a      	movs	r2, r1
10003736:	009b      	lsls	r3, r3, #2
10003738:	401a      	ands	r2, r3
1000373a:	4691      	mov	r9, r2
1000373c:	4219      	tst	r1, r3
1000373e:	d000      	beq.n	10003742 <_vsnprintf+0x49a>
10003740:	e1c3      	b.n	10003aca <_vsnprintf+0x822>
10003742:	2380      	movs	r3, #128	@ 0x80
10003744:	000a      	movs	r2, r1
10003746:	005b      	lsls	r3, r3, #1
10003748:	401a      	ands	r2, r3
1000374a:	4690      	mov	r8, r2
1000374c:	9a0c      	ldr	r2, [sp, #48]	@ 0x30
1000374e:	3204      	adds	r2, #4
10003750:	920f      	str	r2, [sp, #60]	@ 0x3c
10003752:	4219      	tst	r1, r3
10003754:	d000      	beq.n	10003758 <_vsnprintf+0x4b0>
10003756:	e28f      	b.n	10003c78 <_vsnprintf+0x9d0>
10003758:	064b      	lsls	r3, r1, #25
1000375a:	d500      	bpl.n	1000375e <_vsnprintf+0x4b6>
1000375c:	e197      	b.n	10003a8e <_vsnprintf+0x7e6>
1000375e:	060b      	lsls	r3, r1, #24
10003760:	d400      	bmi.n	10003764 <_vsnprintf+0x4bc>
10003762:	e2e5      	b.n	10003d30 <_vsnprintf+0xa88>
10003764:	9b0c      	ldr	r3, [sp, #48]	@ 0x30
10003766:	881b      	ldrh	r3, [r3, #0]
10003768:	4699      	mov	r9, r3
1000376a:	464b      	mov	r3, r9
1000376c:	2b00      	cmp	r3, #0
1000376e:	d000      	beq.n	10003772 <_vsnprintf+0x4ca>
10003770:	e205      	b.n	10003b7e <_vsnprintf+0x8d6>
10003772:	3310      	adds	r3, #16
10003774:	4399      	bics	r1, r3
10003776:	2800      	cmp	r0, #0
10003778:	d100      	bne.n	1000377c <_vsnprintf+0x4d4>
1000377a:	e200      	b.n	10003b7e <_vsnprintf+0x8d6>
1000377c:	2300      	movs	r3, #0
1000377e:	4698      	mov	r8, r3
10003780:	9b0d      	ldr	r3, [sp, #52]	@ 0x34
10003782:	9106      	str	r1, [sp, #24]
10003784:	9304      	str	r3, [sp, #16]
10003786:	465b      	mov	r3, fp
10003788:	9303      	str	r3, [sp, #12]
1000378a:	2300      	movs	r3, #0
1000378c:	9505      	str	r5, [sp, #20]
1000378e:	9302      	str	r3, [sp, #8]
10003790:	4643      	mov	r3, r8
10003792:	e0d9      	b.n	10003948 <_vsnprintf+0x6a0>
10003794:	2858      	cmp	r0, #88	@ 0x58
10003796:	d008      	beq.n	100037aa <_vsnprintf+0x502>
10003798:	2862      	cmp	r0, #98	@ 0x62
1000379a:	d178      	bne.n	1000388e <_vsnprintf+0x5e6>
1000379c:	2302      	movs	r3, #2
1000379e:	469c      	mov	ip, r3
100037a0:	2300      	movs	r3, #0
100037a2:	930f      	str	r3, [sp, #60]	@ 0x3c
100037a4:	3302      	adds	r3, #2
100037a6:	469b      	mov	fp, r3
100037a8:	e7b9      	b.n	1000371e <_vsnprintf+0x476>
100037aa:	2320      	movs	r3, #32
100037ac:	431e      	orrs	r6, r3
100037ae:	3b10      	subs	r3, #16
100037b0:	469c      	mov	ip, r3
100037b2:	2300      	movs	r3, #0
100037b4:	930f      	str	r3, [sp, #60]	@ 0x3c
100037b6:	3310      	adds	r3, #16
100037b8:	469b      	mov	fp, r3
100037ba:	e7b0      	b.n	1000371e <_vsnprintf+0x476>
100037bc:	2302      	movs	r3, #2
100037be:	001a      	movs	r2, r3
100037c0:	4032      	ands	r2, r6
100037c2:	920c      	str	r2, [sp, #48]	@ 0x30
100037c4:	4233      	tst	r3, r6
100037c6:	d100      	bne.n	100037ca <_vsnprintf+0x522>
100037c8:	e205      	b.n	10003bd6 <_vsnprintf+0x92e>
100037ca:	930c      	str	r3, [sp, #48]	@ 0x30
100037cc:	4643      	mov	r3, r8
100037ce:	46b9      	mov	r9, r7
100037d0:	9e0b      	ldr	r6, [sp, #44]	@ 0x2c
100037d2:	9f0a      	ldr	r7, [sp, #40]	@ 0x28
100037d4:	46a8      	mov	r8, r5
100037d6:	1b1d      	subs	r5, r3, r4
100037d8:	0022      	movs	r2, r4
100037da:	4653      	mov	r3, sl
100037dc:	0039      	movs	r1, r7
100037de:	3401      	adds	r4, #1
100037e0:	47b0      	blx	r6
100037e2:	5d28      	ldrb	r0, [r5, r4]
100037e4:	2800      	cmp	r0, #0
100037e6:	d1f7      	bne.n	100037d8 <_vsnprintf+0x530>
100037e8:	4645      	mov	r5, r8
100037ea:	464f      	mov	r7, r9
100037ec:	e69e      	b.n	1000352c <_vsnprintf+0x284>
100037ee:	2380      	movs	r3, #128	@ 0x80
100037f0:	011b      	lsls	r3, r3, #4
100037f2:	431e      	orrs	r6, r3
100037f4:	2320      	movs	r3, #32
100037f6:	431e      	orrs	r6, r3
100037f8:	e6c7      	b.n	1000358a <_vsnprintf+0x2e2>
100037fa:	4662      	mov	r2, ip
100037fc:	920d      	str	r2, [sp, #52]	@ 0x34
100037fe:	4642      	mov	r2, r8
10003800:	1a9b      	subs	r3, r3, r2
10003802:	930f      	str	r3, [sp, #60]	@ 0x3c
10003804:	e66a      	b.n	100034dc <_vsnprintf+0x234>
10003806:	23c0      	movs	r3, #192	@ 0xc0
10003808:	009b      	lsls	r3, r3, #2
1000380a:	78b8      	ldrb	r0, [r7, #2]
1000380c:	431e      	orrs	r6, r3
1000380e:	1cf9      	adds	r1, r7, #3
10003810:	e5b9      	b.n	10003386 <_vsnprintf+0xde>
10003812:	23c0      	movs	r3, #192	@ 0xc0
10003814:	78b8      	ldrb	r0, [r7, #2]
10003816:	431e      	orrs	r6, r3
10003818:	1cf9      	adds	r1, r7, #3
1000381a:	e5b4      	b.n	10003386 <_vsnprintf+0xde>
1000381c:	2d01      	cmp	r5, #1
1000381e:	d800      	bhi.n	10003822 <_vsnprintf+0x57a>
10003820:	e14a      	b.n	10003ab8 <_vsnprintf+0x810>
10003822:	1e63      	subs	r3, r4, #1
10003824:	4699      	mov	r9, r3
10003826:	44a9      	add	r9, r5
10003828:	464b      	mov	r3, r9
1000382a:	4652      	mov	r2, sl
1000382c:	0026      	movs	r6, r4
1000382e:	46a1      	mov	r9, r4
10003830:	46ba      	mov	sl, r7
10003832:	001c      	movs	r4, r3
10003834:	0017      	movs	r7, r2
10003836:	46a8      	mov	r8, r5
10003838:	9d0b      	ldr	r5, [sp, #44]	@ 0x2c
1000383a:	0032      	movs	r2, r6
1000383c:	003b      	movs	r3, r7
1000383e:	3601      	adds	r6, #1
10003840:	2020      	movs	r0, #32
10003842:	990a      	ldr	r1, [sp, #40]	@ 0x28
10003844:	47a8      	blx	r5
10003846:	42a6      	cmp	r6, r4
10003848:	d1f7      	bne.n	1000383a <_vsnprintf+0x592>
1000384a:	003b      	movs	r3, r7
1000384c:	4657      	mov	r7, sl
1000384e:	469a      	mov	sl, r3
10003850:	464c      	mov	r4, r9
10003852:	9b0c      	ldr	r3, [sp, #48]	@ 0x30
10003854:	0032      	movs	r2, r6
10003856:	7818      	ldrb	r0, [r3, #0]
10003858:	990a      	ldr	r1, [sp, #40]	@ 0x28
1000385a:	4653      	mov	r3, sl
1000385c:	9d0b      	ldr	r5, [sp, #44]	@ 0x2c
1000385e:	4444      	add	r4, r8
10003860:	47a8      	blx	r5
10003862:	e667      	b.n	10003534 <_vsnprintf+0x28c>
10003864:	46a0      	mov	r8, r4
10003866:	9b0f      	ldr	r3, [sp, #60]	@ 0x3c
10003868:	429d      	cmp	r5, r3
1000386a:	d800      	bhi.n	1000386e <_vsnprintf+0x5c6>
1000386c:	e662      	b.n	10003534 <_vsnprintf+0x28c>
1000386e:	192c      	adds	r4, r5, r4
10003870:	9e0b      	ldr	r6, [sp, #44]	@ 0x2c
10003872:	4645      	mov	r5, r8
10003874:	46b8      	mov	r8, r7
10003876:	9f0a      	ldr	r7, [sp, #40]	@ 0x28
10003878:	1ae4      	subs	r4, r4, r3
1000387a:	002a      	movs	r2, r5
1000387c:	4653      	mov	r3, sl
1000387e:	3501      	adds	r5, #1
10003880:	0039      	movs	r1, r7
10003882:	2020      	movs	r0, #32
10003884:	47b0      	blx	r6
10003886:	42a5      	cmp	r5, r4
10003888:	d1f7      	bne.n	1000387a <_vsnprintf+0x5d2>
1000388a:	4647      	mov	r7, r8
1000388c:	e652      	b.n	10003534 <_vsnprintf+0x28c>
1000388e:	2380      	movs	r3, #128	@ 0x80
10003890:	0032      	movs	r2, r6
10003892:	00db      	lsls	r3, r3, #3
10003894:	401a      	ands	r2, r3
10003896:	4690      	mov	r8, r2
10003898:	421e      	tst	r6, r3
1000389a:	d100      	bne.n	1000389e <_vsnprintf+0x5f6>
1000389c:	e0f3      	b.n	10003a86 <_vsnprintf+0x7de>
1000389e:	2111      	movs	r1, #17
100038a0:	438e      	bics	r6, r1
100038a2:	46b4      	mov	ip, r6
100038a4:	4698      	mov	r8, r3
100038a6:	2380      	movs	r3, #128	@ 0x80
100038a8:	4662      	mov	r2, ip
100038aa:	009b      	lsls	r3, r3, #2
100038ac:	401a      	ands	r2, r3
100038ae:	4693      	mov	fp, r2
100038b0:	4662      	mov	r2, ip
100038b2:	421a      	tst	r2, r3
100038b4:	d159      	bne.n	1000396a <_vsnprintf+0x6c2>
100038b6:	2380      	movs	r3, #128	@ 0x80
100038b8:	005b      	lsls	r3, r3, #1
100038ba:	401a      	ands	r2, r3
100038bc:	4691      	mov	r9, r2
100038be:	9a0c      	ldr	r2, [sp, #48]	@ 0x30
100038c0:	3204      	adds	r2, #4
100038c2:	920f      	str	r2, [sp, #60]	@ 0x3c
100038c4:	4662      	mov	r2, ip
100038c6:	421a      	tst	r2, r3
100038c8:	d000      	beq.n	100038cc <_vsnprintf+0x624>
100038ca:	e1a0      	b.n	10003c0e <_vsnprintf+0x966>
100038cc:	4663      	mov	r3, ip
100038ce:	065b      	lsls	r3, r3, #25
100038d0:	d500      	bpl.n	100038d4 <_vsnprintf+0x62c>
100038d2:	e0d4      	b.n	10003a7e <_vsnprintf+0x7d6>
100038d4:	4663      	mov	r3, ip
100038d6:	061b      	lsls	r3, r3, #24
100038d8:	d400      	bmi.n	100038dc <_vsnprintf+0x634>
100038da:	e212      	b.n	10003d02 <_vsnprintf+0xa5a>
100038dc:	9b0c      	ldr	r3, [sp, #48]	@ 0x30
100038de:	2200      	movs	r2, #0
100038e0:	5e9b      	ldrsh	r3, [r3, r2]
100038e2:	17d8      	asrs	r0, r3, #31
100038e4:	1819      	adds	r1, r3, r0
100038e6:	4041      	eors	r1, r0
100038e8:	b289      	uxth	r1, r1
100038ea:	0fda      	lsrs	r2, r3, #31
100038ec:	920c      	str	r2, [sp, #48]	@ 0x30
100038ee:	2b00      	cmp	r3, #0
100038f0:	d100      	bne.n	100038f4 <_vsnprintf+0x64c>
100038f2:	e187      	b.n	10003c04 <_vsnprintf+0x95c>
100038f4:	4688      	mov	r8, r1
100038f6:	261f      	movs	r6, #31
100038f8:	ab12      	add	r3, sp, #72	@ 0x48
100038fa:	46bb      	mov	fp, r7
100038fc:	9514      	str	r5, [sp, #80]	@ 0x50
100038fe:	18f7      	adds	r7, r6, r3
10003900:	4645      	mov	r5, r8
10003902:	464e      	mov	r6, r9
10003904:	46e0      	mov	r8, ip
10003906:	46a1      	mov	r9, r4
10003908:	e006      	b.n	10003918 <_vsnprintf+0x670>
1000390a:	0028      	movs	r0, r5
1000390c:	210a      	movs	r1, #10
1000390e:	f7fe fa61 	bl	10001dd4 <__wrap___aeabi_uidiv>
10003912:	0005      	movs	r5, r0
10003914:	2e20      	cmp	r6, #32
10003916:	d008      	beq.n	1000392a <_vsnprintf+0x682>
10003918:	210a      	movs	r1, #10
1000391a:	0028      	movs	r0, r5
1000391c:	f7fe fa5a 	bl	10001dd4 <__wrap___aeabi_uidiv>
10003920:	3601      	adds	r6, #1
10003922:	3130      	adds	r1, #48	@ 0x30
10003924:	55b9      	strb	r1, [r7, r6]
10003926:	2d09      	cmp	r5, #9
10003928:	d8ef      	bhi.n	1000390a <_vsnprintf+0x662>
1000392a:	464c      	mov	r4, r9
1000392c:	46c4      	mov	ip, r8
1000392e:	46b1      	mov	r9, r6
10003930:	465f      	mov	r7, fp
10003932:	9d14      	ldr	r5, [sp, #80]	@ 0x50
10003934:	4663      	mov	r3, ip
10003936:	9306      	str	r3, [sp, #24]
10003938:	9b0d      	ldr	r3, [sp, #52]	@ 0x34
1000393a:	9505      	str	r5, [sp, #20]
1000393c:	9304      	str	r3, [sp, #16]
1000393e:	230a      	movs	r3, #10
10003940:	9303      	str	r3, [sp, #12]
10003942:	9b0c      	ldr	r3, [sp, #48]	@ 0x30
10003944:	9302      	str	r3, [sp, #8]
10003946:	464b      	mov	r3, r9
10003948:	9301      	str	r3, [sp, #4]
1000394a:	ab1a      	add	r3, sp, #104	@ 0x68
1000394c:	0022      	movs	r2, r4
1000394e:	9300      	str	r3, [sp, #0]
10003950:	990a      	ldr	r1, [sp, #40]	@ 0x28
10003952:	4653      	mov	r3, sl
10003954:	980b      	ldr	r0, [sp, #44]	@ 0x2c
10003956:	f7fe fec1 	bl	100026dc <_ntoa_format>
1000395a:	9b0f      	ldr	r3, [sp, #60]	@ 0x3c
1000395c:	0004      	movs	r4, r0
1000395e:	930c      	str	r3, [sp, #48]	@ 0x30
10003960:	e4c9      	b.n	100032f6 <_vsnprintf+0x4e>
10003962:	230c      	movs	r3, #12
10003964:	0031      	movs	r1, r6
10003966:	4399      	bics	r1, r3
10003968:	e6e3      	b.n	10003732 <_vsnprintf+0x48a>
1000396a:	2208      	movs	r2, #8
1000396c:	2107      	movs	r1, #7
1000396e:	4691      	mov	r9, r2
10003970:	9b0c      	ldr	r3, [sp, #48]	@ 0x30
10003972:	3307      	adds	r3, #7
10003974:	438b      	bics	r3, r1
10003976:	4499      	add	r9, r3
10003978:	464a      	mov	r2, r9
1000397a:	cb0a      	ldmia	r3, {r1, r3}
1000397c:	0008      	movs	r0, r1
1000397e:	920c      	str	r2, [sp, #48]	@ 0x30
10003980:	0fda      	lsrs	r2, r3, #31
10003982:	4693      	mov	fp, r2
10003984:	4318      	orrs	r0, r3
10003986:	d000      	beq.n	1000398a <_vsnprintf+0x6e2>
10003988:	e085      	b.n	10003a96 <_vsnprintf+0x7ee>
1000398a:	2300      	movs	r3, #0
1000398c:	4699      	mov	r9, r3
1000398e:	4643      	mov	r3, r8
10003990:	2b00      	cmp	r3, #0
10003992:	d12f      	bne.n	100039f4 <_vsnprintf+0x74c>
10003994:	2200      	movs	r2, #0
10003996:	2300      	movs	r3, #0
10003998:	9210      	str	r2, [sp, #64]	@ 0x40
1000399a:	9311      	str	r3, [sp, #68]	@ 0x44
1000399c:	2300      	movs	r3, #0
1000399e:	261f      	movs	r6, #31
100039a0:	4699      	mov	r9, r3
100039a2:	ab12      	add	r3, sp, #72	@ 0x48
100039a4:	18f6      	adds	r6, r6, r3
100039a6:	465b      	mov	r3, fp
100039a8:	9514      	str	r5, [sp, #80]	@ 0x50
100039aa:	46bb      	mov	fp, r7
100039ac:	46e0      	mov	r8, ip
100039ae:	0037      	movs	r7, r6
100039b0:	930f      	str	r3, [sp, #60]	@ 0x3c
100039b2:	464e      	mov	r6, r9
100039b4:	46a1      	mov	r9, r4
100039b6:	9c10      	ldr	r4, [sp, #64]	@ 0x40
100039b8:	9d11      	ldr	r5, [sp, #68]	@ 0x44
100039ba:	e005      	b.n	100039c8 <_vsnprintf+0x720>
100039bc:	10002631 	.word	0x10002631
100039c0:	0004      	movs	r4, r0
100039c2:	000d      	movs	r5, r1
100039c4:	2e20      	cmp	r6, #32
100039c6:	d00c      	beq.n	100039e2 <_vsnprintf+0x73a>
100039c8:	220a      	movs	r2, #10
100039ca:	2300      	movs	r3, #0
100039cc:	0020      	movs	r0, r4
100039ce:	0029      	movs	r1, r5
100039d0:	f7fe fa3e 	bl	10001e50 <__wrap___aeabi_uldivmod>
100039d4:	3601      	adds	r6, #1
100039d6:	3230      	adds	r2, #48	@ 0x30
100039d8:	55ba      	strb	r2, [r7, r6]
100039da:	2d00      	cmp	r5, #0
100039dc:	d1f0      	bne.n	100039c0 <_vsnprintf+0x718>
100039de:	2c09      	cmp	r4, #9
100039e0:	d8ee      	bhi.n	100039c0 <_vsnprintf+0x718>
100039e2:	9b0f      	ldr	r3, [sp, #60]	@ 0x3c
100039e4:	9410      	str	r4, [sp, #64]	@ 0x40
100039e6:	9511      	str	r5, [sp, #68]	@ 0x44
100039e8:	465f      	mov	r7, fp
100039ea:	464c      	mov	r4, r9
100039ec:	46c4      	mov	ip, r8
100039ee:	46b1      	mov	r9, r6
100039f0:	469b      	mov	fp, r3
100039f2:	9d14      	ldr	r5, [sp, #80]	@ 0x50
100039f4:	4663      	mov	r3, ip
100039f6:	9306      	str	r3, [sp, #24]
100039f8:	9b0d      	ldr	r3, [sp, #52]	@ 0x34
100039fa:	9505      	str	r5, [sp, #20]
100039fc:	9304      	str	r3, [sp, #16]
100039fe:	230a      	movs	r3, #10
10003a00:	9303      	str	r3, [sp, #12]
10003a02:	465b      	mov	r3, fp
10003a04:	9302      	str	r3, [sp, #8]
10003a06:	464b      	mov	r3, r9
10003a08:	9301      	str	r3, [sp, #4]
10003a0a:	ab1a      	add	r3, sp, #104	@ 0x68
10003a0c:	0022      	movs	r2, r4
10003a0e:	9300      	str	r3, [sp, #0]
10003a10:	990a      	ldr	r1, [sp, #40]	@ 0x28
10003a12:	4653      	mov	r3, sl
10003a14:	980b      	ldr	r0, [sp, #44]	@ 0x2c
10003a16:	f7fe fe61 	bl	100026dc <_ntoa_format>
10003a1a:	0004      	movs	r4, r0
10003a1c:	e46b      	b.n	100032f6 <_vsnprintf+0x4e>
10003a1e:	9b0f      	ldr	r3, [sp, #60]	@ 0x3c
10003a20:	429d      	cmp	r5, r3
10003a22:	d800      	bhi.n	10003a26 <_vsnprintf+0x77e>
10003a24:	e196      	b.n	10003d54 <_vsnprintf+0xaac>
10003a26:	2380      	movs	r3, #128	@ 0x80
10003a28:	00db      	lsls	r3, r3, #3
10003a2a:	930c      	str	r3, [sp, #48]	@ 0x30
10003a2c:	9b0f      	ldr	r3, [sp, #60]	@ 0x3c
10003a2e:	192e      	adds	r6, r5, r4
10003a30:	1af6      	subs	r6, r6, r3
10003a32:	4643      	mov	r3, r8
10003a34:	930f      	str	r3, [sp, #60]	@ 0x3c
10003a36:	9b0d      	ldr	r3, [sp, #52]	@ 0x34
10003a38:	46a8      	mov	r8, r5
10003a3a:	4699      	mov	r9, r3
10003a3c:	4653      	mov	r3, sl
10003a3e:	46ba      	mov	sl, r7
10003a40:	001f      	movs	r7, r3
10003a42:	9d0b      	ldr	r5, [sp, #44]	@ 0x2c
10003a44:	0022      	movs	r2, r4
10003a46:	003b      	movs	r3, r7
10003a48:	3401      	adds	r4, #1
10003a4a:	2020      	movs	r0, #32
10003a4c:	990a      	ldr	r1, [sp, #40]	@ 0x28
10003a4e:	47a8      	blx	r5
10003a50:	42b4      	cmp	r4, r6
10003a52:	d1f7      	bne.n	10003a44 <_vsnprintf+0x79c>
10003a54:	9b0f      	ldr	r3, [sp, #60]	@ 0x3c
10003a56:	4645      	mov	r5, r8
10003a58:	4698      	mov	r8, r3
10003a5a:	464b      	mov	r3, r9
10003a5c:	930d      	str	r3, [sp, #52]	@ 0x34
10003a5e:	003b      	movs	r3, r7
10003a60:	4657      	mov	r7, sl
10003a62:	469a      	mov	sl, r3
10003a64:	4643      	mov	r3, r8
10003a66:	7818      	ldrb	r0, [r3, #0]
10003a68:	2800      	cmp	r0, #0
10003a6a:	d100      	bne.n	10003a6e <_vsnprintf+0x7c6>
10003a6c:	e562      	b.n	10003534 <_vsnprintf+0x28c>
10003a6e:	1c6b      	adds	r3, r5, #1
10003a70:	930f      	str	r3, [sp, #60]	@ 0x3c
10003a72:	9b0c      	ldr	r3, [sp, #48]	@ 0x30
10003a74:	2b00      	cmp	r3, #0
10003a76:	d100      	bne.n	10003a7a <_vsnprintf+0x7d2>
10003a78:	e6a8      	b.n	100037cc <_vsnprintf+0x524>
10003a7a:	2300      	movs	r3, #0
10003a7c:	e53d      	b.n	100034fa <_vsnprintf+0x252>
10003a7e:	9b0c      	ldr	r3, [sp, #48]	@ 0x30
10003a80:	781b      	ldrb	r3, [r3, #0]
10003a82:	0019      	movs	r1, r3
10003a84:	e731      	b.n	100038ea <_vsnprintf+0x642>
10003a86:	2310      	movs	r3, #16
10003a88:	439e      	bics	r6, r3
10003a8a:	46b4      	mov	ip, r6
10003a8c:	e70b      	b.n	100038a6 <_vsnprintf+0x5fe>
10003a8e:	9b0c      	ldr	r3, [sp, #48]	@ 0x30
10003a90:	781b      	ldrb	r3, [r3, #0]
10003a92:	4699      	mov	r9, r3
10003a94:	e669      	b.n	1000376a <_vsnprintf+0x4c2>
10003a96:	17da      	asrs	r2, r3, #31
10003a98:	9212      	str	r2, [sp, #72]	@ 0x48
10003a9a:	9213      	str	r2, [sp, #76]	@ 0x4c
10003a9c:	404a      	eors	r2, r1
10003a9e:	9210      	str	r2, [sp, #64]	@ 0x40
10003aa0:	9812      	ldr	r0, [sp, #72]	@ 0x48
10003aa2:	9913      	ldr	r1, [sp, #76]	@ 0x4c
10003aa4:	000a      	movs	r2, r1
10003aa6:	405a      	eors	r2, r3
10003aa8:	9211      	str	r2, [sp, #68]	@ 0x44
10003aaa:	9a10      	ldr	r2, [sp, #64]	@ 0x40
10003aac:	9b11      	ldr	r3, [sp, #68]	@ 0x44
10003aae:	1a12      	subs	r2, r2, r0
10003ab0:	418b      	sbcs	r3, r1
10003ab2:	9210      	str	r2, [sp, #64]	@ 0x40
10003ab4:	9311      	str	r3, [sp, #68]	@ 0x44
10003ab6:	e771      	b.n	1000399c <_vsnprintf+0x6f4>
10003ab8:	9b0c      	ldr	r3, [sp, #48]	@ 0x30
10003aba:	0022      	movs	r2, r4
10003abc:	7818      	ldrb	r0, [r3, #0]
10003abe:	990a      	ldr	r1, [sp, #40]	@ 0x28
10003ac0:	4653      	mov	r3, sl
10003ac2:	9c0b      	ldr	r4, [sp, #44]	@ 0x2c
10003ac4:	47a0      	blx	r4
10003ac6:	4644      	mov	r4, r8
10003ac8:	e534      	b.n	10003534 <_vsnprintf+0x28c>
10003aca:	2208      	movs	r2, #8
10003acc:	2607      	movs	r6, #7
10003ace:	4690      	mov	r8, r2
10003ad0:	9b0c      	ldr	r3, [sp, #48]	@ 0x30
10003ad2:	3307      	adds	r3, #7
10003ad4:	43b3      	bics	r3, r6
10003ad6:	4498      	add	r8, r3
10003ad8:	4642      	mov	r2, r8
10003ada:	920c      	str	r2, [sp, #48]	@ 0x30
10003adc:	681a      	ldr	r2, [r3, #0]
10003ade:	685b      	ldr	r3, [r3, #4]
10003ae0:	9214      	str	r2, [sp, #80]	@ 0x50
10003ae2:	9308      	str	r3, [sp, #32]
10003ae4:	0013      	movs	r3, r2
10003ae6:	9a08      	ldr	r2, [sp, #32]
10003ae8:	4313      	orrs	r3, r2
10003aea:	d105      	bne.n	10003af8 <_vsnprintf+0x850>
10003aec:	3310      	adds	r3, #16
10003aee:	4399      	bics	r1, r3
10003af0:	2300      	movs	r3, #0
10003af2:	4698      	mov	r8, r3
10003af4:	2800      	cmp	r0, #0
10003af6:	d138      	bne.n	10003b6a <_vsnprintf+0x8c2>
10003af8:	2061      	movs	r0, #97	@ 0x61
10003afa:	068b      	lsls	r3, r1, #26
10003afc:	d500      	bpl.n	10003b00 <_vsnprintf+0x858>
10003afe:	2041      	movs	r0, #65	@ 0x41
10003b00:	2300      	movs	r3, #0
10003b02:	261f      	movs	r6, #31
10003b04:	4698      	mov	r8, r3
10003b06:	465a      	mov	r2, fp
10003b08:	ab12      	add	r3, sp, #72	@ 0x48
10003b0a:	18f6      	adds	r6, r6, r3
10003b0c:	0003      	movs	r3, r0
10003b0e:	9218      	str	r2, [sp, #96]	@ 0x60
10003b10:	9a0f      	ldr	r2, [sp, #60]	@ 0x3c
10003b12:	3b0a      	subs	r3, #10
10003b14:	46b1      	mov	r9, r6
10003b16:	9516      	str	r5, [sp, #88]	@ 0x58
10003b18:	9417      	str	r4, [sp, #92]	@ 0x5c
10003b1a:	9719      	str	r7, [sp, #100]	@ 0x64
10003b1c:	4644      	mov	r4, r8
10003b1e:	4666      	mov	r6, ip
10003b20:	4690      	mov	r8, r2
10003b22:	469b      	mov	fp, r3
10003b24:	9f14      	ldr	r7, [sp, #80]	@ 0x50
10003b26:	9d08      	ldr	r5, [sp, #32]
10003b28:	9115      	str	r1, [sp, #84]	@ 0x54
10003b2a:	e003      	b.n	10003b34 <_vsnprintf+0x88c>
10003b2c:	0007      	movs	r7, r0
10003b2e:	000d      	movs	r5, r1
10003b30:	2c20      	cmp	r4, #32
10003b32:	d013      	beq.n	10003b5c <_vsnprintf+0x8b4>
10003b34:	0032      	movs	r2, r6
10003b36:	2300      	movs	r3, #0
10003b38:	0038      	movs	r0, r7
10003b3a:	0029      	movs	r1, r5
10003b3c:	f7fe f988 	bl	10001e50 <__wrap___aeabi_uldivmod>
10003b40:	465b      	mov	r3, fp
10003b42:	b2d2      	uxtb	r2, r2
10003b44:	18d3      	adds	r3, r2, r3
10003b46:	2a09      	cmp	r2, #9
10003b48:	d801      	bhi.n	10003b4e <_vsnprintf+0x8a6>
10003b4a:	0013      	movs	r3, r2
10003b4c:	3330      	adds	r3, #48	@ 0x30
10003b4e:	464a      	mov	r2, r9
10003b50:	3401      	adds	r4, #1
10003b52:	5513      	strb	r3, [r2, r4]
10003b54:	45a8      	cmp	r8, r5
10003b56:	d1e9      	bne.n	10003b2c <_vsnprintf+0x884>
10003b58:	42be      	cmp	r6, r7
10003b5a:	d9e7      	bls.n	10003b2c <_vsnprintf+0x884>
10003b5c:	9b18      	ldr	r3, [sp, #96]	@ 0x60
10003b5e:	46a0      	mov	r8, r4
10003b60:	469b      	mov	fp, r3
10003b62:	9915      	ldr	r1, [sp, #84]	@ 0x54
10003b64:	9d16      	ldr	r5, [sp, #88]	@ 0x58
10003b66:	9c17      	ldr	r4, [sp, #92]	@ 0x5c
10003b68:	9f19      	ldr	r7, [sp, #100]	@ 0x64
10003b6a:	9b0d      	ldr	r3, [sp, #52]	@ 0x34
10003b6c:	9106      	str	r1, [sp, #24]
10003b6e:	9304      	str	r3, [sp, #16]
10003b70:	465b      	mov	r3, fp
10003b72:	9303      	str	r3, [sp, #12]
10003b74:	2300      	movs	r3, #0
10003b76:	9505      	str	r5, [sp, #20]
10003b78:	9302      	str	r3, [sp, #8]
10003b7a:	4643      	mov	r3, r8
10003b7c:	e744      	b.n	10003a08 <_vsnprintf+0x760>
10003b7e:	2061      	movs	r0, #97	@ 0x61
10003b80:	068b      	lsls	r3, r1, #26
10003b82:	d500      	bpl.n	10003b86 <_vsnprintf+0x8de>
10003b84:	2041      	movs	r0, #65	@ 0x41
10003b86:	261f      	movs	r6, #31
10003b88:	ab12      	add	r3, sp, #72	@ 0x48
10003b8a:	18f2      	adds	r2, r6, r3
10003b8c:	0003      	movs	r3, r0
10003b8e:	3b0a      	subs	r3, #10
10003b90:	930c      	str	r3, [sp, #48]	@ 0x30
10003b92:	464b      	mov	r3, r9
10003b94:	4646      	mov	r6, r8
10003b96:	46a1      	mov	r9, r4
10003b98:	46a8      	mov	r8, r5
10003b9a:	001c      	movs	r4, r3
10003b9c:	465d      	mov	r5, fp
10003b9e:	9114      	str	r1, [sp, #80]	@ 0x50
10003ba0:	46bb      	mov	fp, r7
10003ba2:	0017      	movs	r7, r2
10003ba4:	e002      	b.n	10003bac <_vsnprintf+0x904>
10003ba6:	0004      	movs	r4, r0
10003ba8:	2e20      	cmp	r6, #32
10003baa:	d00d      	beq.n	10003bc8 <_vsnprintf+0x920>
10003bac:	0029      	movs	r1, r5
10003bae:	0020      	movs	r0, r4
10003bb0:	f7fe f910 	bl	10001dd4 <__wrap___aeabi_uidiv>
10003bb4:	9b0c      	ldr	r3, [sp, #48]	@ 0x30
10003bb6:	18cb      	adds	r3, r1, r3
10003bb8:	2909      	cmp	r1, #9
10003bba:	d801      	bhi.n	10003bc0 <_vsnprintf+0x918>
10003bbc:	000b      	movs	r3, r1
10003bbe:	3330      	adds	r3, #48	@ 0x30
10003bc0:	3601      	adds	r6, #1
10003bc2:	55bb      	strb	r3, [r7, r6]
10003bc4:	42ac      	cmp	r4, r5
10003bc6:	d2ee      	bcs.n	10003ba6 <_vsnprintf+0x8fe>
10003bc8:	465f      	mov	r7, fp
10003bca:	464c      	mov	r4, r9
10003bcc:	46ab      	mov	fp, r5
10003bce:	9914      	ldr	r1, [sp, #80]	@ 0x50
10003bd0:	4645      	mov	r5, r8
10003bd2:	46b0      	mov	r8, r6
10003bd4:	e5d4      	b.n	10003780 <_vsnprintf+0x4d8>
10003bd6:	9b0f      	ldr	r3, [sp, #60]	@ 0x3c
10003bd8:	429d      	cmp	r5, r3
10003bda:	d900      	bls.n	10003bde <_vsnprintf+0x936>
10003bdc:	e726      	b.n	10003a2c <_vsnprintf+0x784>
10003bde:	3301      	adds	r3, #1
10003be0:	930f      	str	r3, [sp, #60]	@ 0x3c
10003be2:	e5f3      	b.n	100037cc <_vsnprintf+0x524>
10003be4:	2310      	movs	r3, #16
10003be6:	0032      	movs	r2, r6
10003be8:	439a      	bics	r2, r3
10003bea:	4694      	mov	ip, r2
10003bec:	2869      	cmp	r0, #105	@ 0x69
10003bee:	d000      	beq.n	10003bf2 <_vsnprintf+0x94a>
10003bf0:	e0a2      	b.n	10003d38 <_vsnprintf+0xa90>
10003bf2:	2380      	movs	r3, #128	@ 0x80
10003bf4:	0032      	movs	r2, r6
10003bf6:	00db      	lsls	r3, r3, #3
10003bf8:	401a      	ands	r2, r3
10003bfa:	4690      	mov	r8, r2
10003bfc:	421e      	tst	r6, r3
10003bfe:	d100      	bne.n	10003c02 <_vsnprintf+0x95a>
10003c00:	e651      	b.n	100038a6 <_vsnprintf+0x5fe>
10003c02:	e64c      	b.n	1000389e <_vsnprintf+0x5f6>
10003c04:	4643      	mov	r3, r8
10003c06:	2b00      	cmp	r3, #0
10003c08:	d000      	beq.n	10003c0c <_vsnprintf+0x964>
10003c0a:	e693      	b.n	10003934 <_vsnprintf+0x68c>
10003c0c:	e673      	b.n	100038f6 <_vsnprintf+0x64e>
10003c0e:	9b0c      	ldr	r3, [sp, #48]	@ 0x30
10003c10:	681b      	ldr	r3, [r3, #0]
10003c12:	0fda      	lsrs	r2, r3, #31
10003c14:	2b00      	cmp	r3, #0
10003c16:	d070      	beq.n	10003cfa <_vsnprintf+0xa52>
10003c18:	17d9      	asrs	r1, r3, #31
10003c1a:	185b      	adds	r3, r3, r1
10003c1c:	404b      	eors	r3, r1
10003c1e:	4698      	mov	r8, r3
10003c20:	261f      	movs	r6, #31
10003c22:	ab12      	add	r3, sp, #72	@ 0x48
10003c24:	18f6      	adds	r6, r6, r3
10003c26:	46a1      	mov	r9, r4
10003c28:	9514      	str	r5, [sp, #80]	@ 0x50
10003c2a:	465c      	mov	r4, fp
10003c2c:	4645      	mov	r5, r8
10003c2e:	46bb      	mov	fp, r7
10003c30:	46e0      	mov	r8, ip
10003c32:	0037      	movs	r7, r6
10003c34:	920c      	str	r2, [sp, #48]	@ 0x30
10003c36:	e006      	b.n	10003c46 <_vsnprintf+0x99e>
10003c38:	0028      	movs	r0, r5
10003c3a:	210a      	movs	r1, #10
10003c3c:	f7fe f8ca 	bl	10001dd4 <__wrap___aeabi_uidiv>
10003c40:	0005      	movs	r5, r0
10003c42:	2c20      	cmp	r4, #32
10003c44:	d008      	beq.n	10003c58 <_vsnprintf+0x9b0>
10003c46:	210a      	movs	r1, #10
10003c48:	0028      	movs	r0, r5
10003c4a:	f7fe f8c3 	bl	10001dd4 <__wrap___aeabi_uidiv>
10003c4e:	3401      	adds	r4, #1
10003c50:	3130      	adds	r1, #48	@ 0x30
10003c52:	5539      	strb	r1, [r7, r4]
10003c54:	2d09      	cmp	r5, #9
10003c56:	d8ef      	bhi.n	10003c38 <_vsnprintf+0x990>
10003c58:	465f      	mov	r7, fp
10003c5a:	46c4      	mov	ip, r8
10003c5c:	46a3      	mov	fp, r4
10003c5e:	464c      	mov	r4, r9
10003c60:	9d14      	ldr	r5, [sp, #80]	@ 0x50
10003c62:	9a0c      	ldr	r2, [sp, #48]	@ 0x30
10003c64:	4663      	mov	r3, ip
10003c66:	9306      	str	r3, [sp, #24]
10003c68:	9b0d      	ldr	r3, [sp, #52]	@ 0x34
10003c6a:	9505      	str	r5, [sp, #20]
10003c6c:	9304      	str	r3, [sp, #16]
10003c6e:	230a      	movs	r3, #10
10003c70:	9202      	str	r2, [sp, #8]
10003c72:	9303      	str	r3, [sp, #12]
10003c74:	465b      	mov	r3, fp
10003c76:	e667      	b.n	10003948 <_vsnprintf+0x6a0>
10003c78:	9b0c      	ldr	r3, [sp, #48]	@ 0x30
10003c7a:	681b      	ldr	r3, [r3, #0]
10003c7c:	4698      	mov	r8, r3
10003c7e:	2b00      	cmp	r3, #0
10003c80:	d103      	bne.n	10003c8a <_vsnprintf+0x9e2>
10003c82:	3310      	adds	r3, #16
10003c84:	4399      	bics	r1, r3
10003c86:	2800      	cmp	r0, #0
10003c88:	d12d      	bne.n	10003ce6 <_vsnprintf+0xa3e>
10003c8a:	2061      	movs	r0, #97	@ 0x61
10003c8c:	068b      	lsls	r3, r1, #26
10003c8e:	d500      	bpl.n	10003c92 <_vsnprintf+0x9ea>
10003c90:	2041      	movs	r0, #65	@ 0x41
10003c92:	261f      	movs	r6, #31
10003c94:	ab12      	add	r3, sp, #72	@ 0x48
10003c96:	18f6      	adds	r6, r6, r3
10003c98:	0003      	movs	r3, r0
10003c9a:	3b0a      	subs	r3, #10
10003c9c:	464a      	mov	r2, r9
10003c9e:	930c      	str	r3, [sp, #48]	@ 0x30
10003ca0:	9114      	str	r1, [sp, #80]	@ 0x50
10003ca2:	4643      	mov	r3, r8
10003ca4:	0031      	movs	r1, r6
10003ca6:	46a8      	mov	r8, r5
10003ca8:	46a1      	mov	r9, r4
10003caa:	465e      	mov	r6, fp
10003cac:	0014      	movs	r4, r2
10003cae:	46bb      	mov	fp, r7
10003cb0:	001d      	movs	r5, r3
10003cb2:	000f      	movs	r7, r1
10003cb4:	e002      	b.n	10003cbc <_vsnprintf+0xa14>
10003cb6:	0005      	movs	r5, r0
10003cb8:	2c20      	cmp	r4, #32
10003cba:	d00d      	beq.n	10003cd8 <_vsnprintf+0xa30>
10003cbc:	0031      	movs	r1, r6
10003cbe:	0028      	movs	r0, r5
10003cc0:	f7fe f888 	bl	10001dd4 <__wrap___aeabi_uidiv>
10003cc4:	9b0c      	ldr	r3, [sp, #48]	@ 0x30
10003cc6:	18cb      	adds	r3, r1, r3
10003cc8:	2909      	cmp	r1, #9
10003cca:	d801      	bhi.n	10003cd0 <_vsnprintf+0xa28>
10003ccc:	000b      	movs	r3, r1
10003cce:	3330      	adds	r3, #48	@ 0x30
10003cd0:	3401      	adds	r4, #1
10003cd2:	553b      	strb	r3, [r7, r4]
10003cd4:	42b5      	cmp	r5, r6
10003cd6:	d2ee      	bcs.n	10003cb6 <_vsnprintf+0xa0e>
10003cd8:	0023      	movs	r3, r4
10003cda:	465f      	mov	r7, fp
10003cdc:	464c      	mov	r4, r9
10003cde:	4645      	mov	r5, r8
10003ce0:	46b3      	mov	fp, r6
10003ce2:	4699      	mov	r9, r3
10003ce4:	9914      	ldr	r1, [sp, #80]	@ 0x50
10003ce6:	9b0d      	ldr	r3, [sp, #52]	@ 0x34
10003ce8:	9106      	str	r1, [sp, #24]
10003cea:	9304      	str	r3, [sp, #16]
10003cec:	465b      	mov	r3, fp
10003cee:	9303      	str	r3, [sp, #12]
10003cf0:	2300      	movs	r3, #0
10003cf2:	9505      	str	r5, [sp, #20]
10003cf4:	9302      	str	r3, [sp, #8]
10003cf6:	464b      	mov	r3, r9
10003cf8:	e626      	b.n	10003948 <_vsnprintf+0x6a0>
10003cfa:	4643      	mov	r3, r8
10003cfc:	2b00      	cmp	r3, #0
10003cfe:	d1b1      	bne.n	10003c64 <_vsnprintf+0x9bc>
10003d00:	e78e      	b.n	10003c20 <_vsnprintf+0x978>
10003d02:	9b0c      	ldr	r3, [sp, #48]	@ 0x30
10003d04:	681b      	ldr	r3, [r3, #0]
10003d06:	17d8      	asrs	r0, r3, #31
10003d08:	1819      	adds	r1, r3, r0
10003d0a:	4041      	eors	r1, r0
10003d0c:	e5ed      	b.n	100038ea <_vsnprintf+0x642>
10003d0e:	2380      	movs	r3, #128	@ 0x80
10003d10:	0032      	movs	r2, r6
10003d12:	00db      	lsls	r3, r3, #3
10003d14:	401a      	ands	r2, r3
10003d16:	920f      	str	r2, [sp, #60]	@ 0x3c
10003d18:	421e      	tst	r6, r3
10003d1a:	d00f      	beq.n	10003d3c <_vsnprintf+0xa94>
10003d1c:	3002      	adds	r0, #2
10003d1e:	0002      	movs	r2, r0
10003d20:	4032      	ands	r2, r6
10003d22:	920f      	str	r2, [sp, #60]	@ 0x3c
10003d24:	4230      	tst	r0, r6
10003d26:	d019      	beq.n	10003d5c <_vsnprintf+0xab4>
10003d28:	2300      	movs	r3, #0
10003d2a:	46a0      	mov	r8, r4
10003d2c:	930f      	str	r3, [sp, #60]	@ 0x3c
10003d2e:	e59a      	b.n	10003866 <_vsnprintf+0x5be>
10003d30:	9b0c      	ldr	r3, [sp, #48]	@ 0x30
10003d32:	681b      	ldr	r3, [r3, #0]
10003d34:	4699      	mov	r9, r3
10003d36:	e518      	b.n	1000376a <_vsnprintf+0x4c2>
10003d38:	0016      	movs	r6, r2
10003d3a:	e49b      	b.n	10003674 <_vsnprintf+0x3cc>
10003d3c:	2302      	movs	r3, #2
10003d3e:	001a      	movs	r2, r3
10003d40:	4032      	ands	r2, r6
10003d42:	920c      	str	r2, [sp, #48]	@ 0x30
10003d44:	4233      	tst	r3, r6
10003d46:	d000      	beq.n	10003d4a <_vsnprintf+0xaa2>
10003d48:	e58c      	b.n	10003864 <_vsnprintf+0x5bc>
10003d4a:	2d00      	cmp	r5, #0
10003d4c:	d000      	beq.n	10003d50 <_vsnprintf+0xaa8>
10003d4e:	e66d      	b.n	10003a2c <_vsnprintf+0x784>
10003d50:	f7ff fbf0 	bl	10003534 <_vsnprintf+0x28c>
10003d54:	3301      	adds	r3, #1
10003d56:	930f      	str	r3, [sp, #60]	@ 0x3c
10003d58:	f7ff fbd0 	bl	100034fc <_vsnprintf+0x254>
10003d5c:	930c      	str	r3, [sp, #48]	@ 0x30
10003d5e:	e7f4      	b.n	10003d4a <_vsnprintf+0xaa2>

10003d60 <vfctprintf>:
10003d60:	b500      	push	{lr}
10003d62:	b085      	sub	sp, #20
10003d64:	9103      	str	r1, [sp, #12]
10003d66:	2101      	movs	r1, #1
10003d68:	9002      	str	r0, [sp, #8]
10003d6a:	9300      	str	r3, [sp, #0]
10003d6c:	4803      	ldr	r0, [pc, #12]	@ (10003d7c <vfctprintf+0x1c>)
10003d6e:	0013      	movs	r3, r2
10003d70:	424a      	negs	r2, r1
10003d72:	a902      	add	r1, sp, #8
10003d74:	f7ff fa98 	bl	100032a8 <_vsnprintf>
10003d78:	b005      	add	sp, #20
10003d7a:	bd00      	pop	{pc}
10003d7c:	100028c5 	.word	0x100028c5

10003d80 <weak_raw_vprintf>:
10003d80:	b510      	push	{r4, lr}
10003d82:	4a09      	ldr	r2, [pc, #36]	@ (10003da8 <weak_raw_vprintf+0x28>)
10003d84:	0003      	movs	r3, r0
10003d86:	6814      	ldr	r4, [r2, #0]
10003d88:	b084      	sub	sp, #16
10003d8a:	2c00      	cmp	r4, #0
10003d8c:	d008      	beq.n	10003da0 <weak_raw_vprintf+0x20>
10003d8e:	2201      	movs	r2, #1
10003d90:	9100      	str	r1, [sp, #0]
10003d92:	4806      	ldr	r0, [pc, #24]	@ (10003dac <weak_raw_vprintf+0x2c>)
10003d94:	4252      	negs	r2, r2
10003d96:	a903      	add	r1, sp, #12
10003d98:	47a0      	blx	r4
10003d9a:	2001      	movs	r0, #1
10003d9c:	b004      	add	sp, #16
10003d9e:	bd10      	pop	{r4, pc}
10003da0:	f000 f9a0 	bl	100040e4 <__wrap_puts>
10003da4:	2000      	movs	r0, #0
10003da6:	e7f9      	b.n	10003d9c <weak_raw_vprintf+0x1c>
10003da8:	20001c8c 	.word	0x20001c8c
10003dac:	100028b5 	.word	0x100028b5

10003db0 <_exit>:
10003db0:	2100      	movs	r1, #0
10003db2:	2000      	movs	r0, #0
10003db4:	b510      	push	{r4, lr}
10003db6:	f7fd fe91 	bl	10001adc <rom_reset_usb_boot>
10003dba:	46c0      	nop			@ (mov r8, r8)

10003dbc <_fini>:
10003dbc:	4770      	bx	lr
10003dbe:	46c0      	nop			@ (mov r8, r8)

10003dc0 <_sbrk>:
10003dc0:	4a09      	ldr	r2, [pc, #36]	@ (10003de8 <_sbrk+0x28>)
10003dc2:	6813      	ldr	r3, [r2, #0]
10003dc4:	2b00      	cmp	r3, #0
10003dc6:	d006      	beq.n	10003dd6 <_sbrk+0x16>
10003dc8:	4908      	ldr	r1, [pc, #32]	@ (10003dec <_sbrk+0x2c>)
10003dca:	1818      	adds	r0, r3, r0
10003dcc:	4288      	cmp	r0, r1
10003dce:	d808      	bhi.n	10003de2 <_sbrk+0x22>
10003dd0:	6010      	str	r0, [r2, #0]
10003dd2:	0018      	movs	r0, r3
10003dd4:	4770      	bx	lr
10003dd6:	4b06      	ldr	r3, [pc, #24]	@ (10003df0 <_sbrk+0x30>)
10003dd8:	4904      	ldr	r1, [pc, #16]	@ (10003dec <_sbrk+0x2c>)
10003dda:	1818      	adds	r0, r3, r0
10003ddc:	6013      	str	r3, [r2, #0]
10003dde:	4288      	cmp	r0, r1
10003de0:	d9f6      	bls.n	10003dd0 <_sbrk+0x10>
10003de2:	2301      	movs	r3, #1
10003de4:	425b      	negs	r3, r3
10003de6:	e7f4      	b.n	10003dd2 <_sbrk+0x12>
10003de8:	20001c88 	.word	0x20001c88
10003dec:	20040000 	.word	0x20040000
10003df0:	20022164 	.word	0x20022164

10003df4 <exit>:
10003df4:	b510      	push	{r4, lr}
10003df6:	f7ff ffdb 	bl	10003db0 <_exit>
10003dfa:	46c0      	nop			@ (mov r8, r8)

10003dfc <runtime_init>:
10003dfc:	b570      	push	{r4, r5, r6, lr}
10003dfe:	f7fd fe97 	bl	10001b30 <runtime_run_initializers>
10003e02:	4d07      	ldr	r5, [pc, #28]	@ (10003e20 <runtime_init+0x24>)
10003e04:	4e07      	ldr	r6, [pc, #28]	@ (10003e24 <runtime_init+0x28>)
10003e06:	42b5      	cmp	r5, r6
10003e08:	d209      	bcs.n	10003e1e <runtime_init+0x22>
10003e0a:	2400      	movs	r4, #0
10003e0c:	3e01      	subs	r6, #1
10003e0e:	1b76      	subs	r6, r6, r5
10003e10:	08b6      	lsrs	r6, r6, #2
10003e12:	3601      	adds	r6, #1
10003e14:	cd08      	ldmia	r5!, {r3}
10003e16:	3401      	adds	r4, #1
10003e18:	4798      	blx	r3
10003e1a:	42b4      	cmp	r4, r6
10003e1c:	d1fa      	bne.n	10003e14 <runtime_init+0x18>
10003e1e:	bd70      	pop	{r4, r5, r6, pc}
10003e20:	1000b318 	.word	0x1000b318
10003e24:	1000b320 	.word	0x1000b320

10003e28 <stdio_out_chars_no_crlf>:
10003e28:	0003      	movs	r3, r0
10003e2a:	b510      	push	{r4, lr}
10003e2c:	0008      	movs	r0, r1
10003e2e:	0011      	movs	r1, r2
10003e30:	681b      	ldr	r3, [r3, #0]
10003e32:	4798      	blx	r3
10003e34:	bd10      	pop	{r4, pc}
10003e36:	46c0      	nop			@ (mov r8, r8)

10003e38 <stdio_out_chars_crlf>:
10003e38:	b5f8      	push	{r3, r4, r5, r6, r7, lr}
10003e3a:	7d43      	ldrb	r3, [r0, #21]
10003e3c:	0007      	movs	r7, r0
10003e3e:	000d      	movs	r5, r1
10003e40:	0016      	movs	r6, r2
10003e42:	2b00      	cmp	r3, #0
10003e44:	d038      	beq.n	10003eb8 <stdio_out_chars_crlf+0x80>
10003e46:	2a00      	cmp	r2, #0
10003e48:	dd1a      	ble.n	10003e80 <stdio_out_chars_crlf+0x48>
10003e4a:	780b      	ldrb	r3, [r1, #0]
10003e4c:	2b0a      	cmp	r3, #10
10003e4e:	d018      	beq.n	10003e82 <stdio_out_chars_crlf+0x4a>
10003e50:	2000      	movs	r0, #0
10003e52:	2e01      	cmp	r6, #1
10003e54:	d009      	beq.n	10003e6a <stdio_out_chars_crlf+0x32>
10003e56:	2401      	movs	r4, #1
10003e58:	0021      	movs	r1, r4
10003e5a:	5c6b      	ldrb	r3, [r5, r1]
10003e5c:	3401      	adds	r4, #1
10003e5e:	2b0a      	cmp	r3, #10
10003e60:	d01a      	beq.n	10003e98 <stdio_out_chars_crlf+0x60>
10003e62:	42b4      	cmp	r4, r6
10003e64:	d1f8      	bne.n	10003e58 <stdio_out_chars_crlf+0x20>
10003e66:	4286      	cmp	r6, r0
10003e68:	dd03      	ble.n	10003e72 <stdio_out_chars_crlf+0x3a>
10003e6a:	1a31      	subs	r1, r6, r0
10003e6c:	683b      	ldr	r3, [r7, #0]
10003e6e:	1828      	adds	r0, r5, r0
10003e70:	4798      	blx	r3
10003e72:	19ad      	adds	r5, r5, r6
10003e74:	3d01      	subs	r5, #1
10003e76:	782b      	ldrb	r3, [r5, #0]
10003e78:	3b0d      	subs	r3, #13
10003e7a:	425a      	negs	r2, r3
10003e7c:	4153      	adcs	r3, r2
10003e7e:	753b      	strb	r3, [r7, #20]
10003e80:	bdf8      	pop	{r3, r4, r5, r6, r7, pc}
10003e82:	7d03      	ldrb	r3, [r0, #20]
10003e84:	2b00      	cmp	r3, #0
10003e86:	d1e3      	bne.n	10003e50 <stdio_out_chars_crlf+0x18>
10003e88:	2102      	movs	r1, #2
10003e8a:	480e      	ldr	r0, [pc, #56]	@ (10003ec4 <stdio_out_chars_crlf+0x8c>)
10003e8c:	683b      	ldr	r3, [r7, #0]
10003e8e:	4798      	blx	r3
10003e90:	2e01      	cmp	r6, #1
10003e92:	d0ee      	beq.n	10003e72 <stdio_out_chars_crlf+0x3a>
10003e94:	2001      	movs	r0, #1
10003e96:	e7de      	b.n	10003e56 <stdio_out_chars_crlf+0x1e>
10003e98:	1e6b      	subs	r3, r5, #1
10003e9a:	5c5b      	ldrb	r3, [r3, r1]
10003e9c:	2b0d      	cmp	r3, #13
10003e9e:	d0e0      	beq.n	10003e62 <stdio_out_chars_crlf+0x2a>
10003ea0:	4288      	cmp	r0, r1
10003ea2:	da03      	bge.n	10003eac <stdio_out_chars_crlf+0x74>
10003ea4:	1a09      	subs	r1, r1, r0
10003ea6:	683b      	ldr	r3, [r7, #0]
10003ea8:	1828      	adds	r0, r5, r0
10003eaa:	4798      	blx	r3
10003eac:	4805      	ldr	r0, [pc, #20]	@ (10003ec4 <stdio_out_chars_crlf+0x8c>)
10003eae:	2102      	movs	r1, #2
10003eb0:	683b      	ldr	r3, [r7, #0]
10003eb2:	4798      	blx	r3
10003eb4:	0020      	movs	r0, r4
10003eb6:	e7d4      	b.n	10003e62 <stdio_out_chars_crlf+0x2a>
10003eb8:	6803      	ldr	r3, [r0, #0]
10003eba:	0011      	movs	r1, r2
10003ebc:	0028      	movs	r0, r5
10003ebe:	4798      	blx	r3
10003ec0:	e7de      	b.n	10003e80 <stdio_out_chars_crlf+0x48>
10003ec2:	46c0      	nop			@ (mov r8, r8)
10003ec4:	1000bac0 	.word	0x1000bac0

10003ec8 <stdio_buffered_printer>:
10003ec8:	b5f8      	push	{r3, r4, r5, r6, r7, lr}
10003eca:	680b      	ldr	r3, [r1, #0]
10003ecc:	000d      	movs	r5, r1
10003ece:	1c5a      	adds	r2, r3, #1
10003ed0:	18cb      	adds	r3, r1, r3
10003ed2:	600a      	str	r2, [r1, #0]
10003ed4:	7118      	strb	r0, [r3, #4]
10003ed6:	2a80      	cmp	r2, #128	@ 0x80
10003ed8:	d000      	beq.n	10003edc <stdio_buffered_printer+0x14>
10003eda:	bdf8      	pop	{r3, r4, r5, r6, r7, pc}
10003edc:	4b0e      	ldr	r3, [pc, #56]	@ (10003f18 <stdio_buffered_printer+0x50>)
10003ede:	681c      	ldr	r4, [r3, #0]
10003ee0:	2c00      	cmp	r4, #0
10003ee2:	d015      	beq.n	10003f10 <stdio_buffered_printer+0x48>
10003ee4:	4e0d      	ldr	r6, [pc, #52]	@ (10003f1c <stdio_buffered_printer+0x54>)
10003ee6:	1d0f      	adds	r7, r1, #4
10003ee8:	e002      	b.n	10003ef0 <stdio_buffered_printer+0x28>
10003eea:	6924      	ldr	r4, [r4, #16]
10003eec:	2c00      	cmp	r4, #0
10003eee:	d00f      	beq.n	10003f10 <stdio_buffered_printer+0x48>
10003ef0:	6823      	ldr	r3, [r4, #0]
10003ef2:	2b00      	cmp	r3, #0
10003ef4:	d0f9      	beq.n	10003eea <stdio_buffered_printer+0x22>
10003ef6:	6833      	ldr	r3, [r6, #0]
10003ef8:	2b00      	cmp	r3, #0
10003efa:	d001      	beq.n	10003f00 <stdio_buffered_printer+0x38>
10003efc:	42a3      	cmp	r3, r4
10003efe:	d1f4      	bne.n	10003eea <stdio_buffered_printer+0x22>
10003f00:	0020      	movs	r0, r4
10003f02:	0039      	movs	r1, r7
10003f04:	682a      	ldr	r2, [r5, #0]
10003f06:	f7ff ff97 	bl	10003e38 <stdio_out_chars_crlf>
10003f0a:	6924      	ldr	r4, [r4, #16]
10003f0c:	2c00      	cmp	r4, #0
10003f0e:	d1ef      	bne.n	10003ef0 <stdio_buffered_printer+0x28>
10003f10:	2300      	movs	r3, #0
10003f12:	602b      	str	r3, [r5, #0]
10003f14:	e7e1      	b.n	10003eda <stdio_buffered_printer+0x12>
10003f16:	46c0      	nop			@ (mov r8, r8)
10003f18:	20001c7c 	.word	0x20001c7c
10003f1c:	20001c84 	.word	0x20001c84

10003f20 <stdio_put_string>:
10003f20:	b5f0      	push	{r4, r5, r6, r7, lr}
10003f22:	4646      	mov	r6, r8
10003f24:	46d6      	mov	lr, sl
10003f26:	464f      	mov	r7, r9
10003f28:	b5c0      	push	{r6, r7, lr}
10003f2a:	b082      	sub	sp, #8
10003f2c:	4690      	mov	r8, r2
10003f2e:	001c      	movs	r4, r3
10003f30:	0006      	movs	r6, r0
10003f32:	000d      	movs	r5, r1
10003f34:	f7fd fb76 	bl	10001624 <time_us_64>
10003f38:	2300      	movs	r3, #0
10003f3a:	4a2f      	ldr	r2, [pc, #188]	@ (10003ff8 <stdio_put_string+0xd8>)
10003f3c:	1812      	adds	r2, r2, r0
10003f3e:	414b      	adcs	r3, r1
10003f40:	2b00      	cmp	r3, #0
10003f42:	da02      	bge.n	10003f4a <stdio_put_string+0x2a>
10003f44:	2201      	movs	r2, #1
10003f46:	4b2d      	ldr	r3, [pc, #180]	@ (10003ffc <stdio_put_string+0xdc>)
10003f48:	4252      	negs	r2, r2
10003f4a:	492d      	ldr	r1, [pc, #180]	@ (10004000 <stdio_put_string+0xe0>)
10003f4c:	0008      	movs	r0, r1
10003f4e:	468a      	mov	sl, r1
10003f50:	f007 f9a2 	bl	1000b298 <__mutex_try_enter_block_until_veneer>
10003f54:	4681      	mov	r9, r0
10003f56:	1c6b      	adds	r3, r5, #1
10003f58:	d103      	bne.n	10003f62 <stdio_put_string+0x42>
10003f5a:	0030      	movs	r0, r6
10003f5c:	f006 ffe0 	bl	1000af20 <strlen>
10003f60:	0005      	movs	r5, r0
10003f62:	2c00      	cmp	r4, #0
10003f64:	d027      	beq.n	10003fb6 <stdio_put_string+0x96>
10003f66:	4f27      	ldr	r7, [pc, #156]	@ (10004004 <stdio_put_string+0xe4>)
10003f68:	4b27      	ldr	r3, [pc, #156]	@ (10004008 <stdio_put_string+0xe8>)
10003f6a:	681c      	ldr	r4, [r3, #0]
10003f6c:	2c00      	cmp	r4, #0
10003f6e:	d018      	beq.n	10003fa2 <stdio_put_string+0x82>
10003f70:	4643      	mov	r3, r8
10003f72:	2b00      	cmp	r3, #0
10003f74:	d121      	bne.n	10003fba <stdio_put_string+0x9a>
10003f76:	4b25      	ldr	r3, [pc, #148]	@ (1000400c <stdio_put_string+0xec>)
10003f78:	4698      	mov	r8, r3
10003f7a:	e002      	b.n	10003f82 <stdio_put_string+0x62>
10003f7c:	6924      	ldr	r4, [r4, #16]
10003f7e:	2c00      	cmp	r4, #0
10003f80:	d00f      	beq.n	10003fa2 <stdio_put_string+0x82>
10003f82:	6823      	ldr	r3, [r4, #0]
10003f84:	2b00      	cmp	r3, #0
10003f86:	d0f9      	beq.n	10003f7c <stdio_put_string+0x5c>
10003f88:	4643      	mov	r3, r8
10003f8a:	681b      	ldr	r3, [r3, #0]
10003f8c:	2b00      	cmp	r3, #0
10003f8e:	d001      	beq.n	10003f94 <stdio_put_string+0x74>
10003f90:	429c      	cmp	r4, r3
10003f92:	d1f3      	bne.n	10003f7c <stdio_put_string+0x5c>
10003f94:	0020      	movs	r0, r4
10003f96:	002a      	movs	r2, r5
10003f98:	0031      	movs	r1, r6
10003f9a:	47b8      	blx	r7
10003f9c:	6924      	ldr	r4, [r4, #16]
10003f9e:	2c00      	cmp	r4, #0
10003fa0:	d1ef      	bne.n	10003f82 <stdio_put_string+0x62>
10003fa2:	464b      	mov	r3, r9
10003fa4:	2b00      	cmp	r3, #0
10003fa6:	d123      	bne.n	10003ff0 <stdio_put_string+0xd0>
10003fa8:	0028      	movs	r0, r5
10003faa:	b002      	add	sp, #8
10003fac:	bce0      	pop	{r5, r6, r7}
10003fae:	46ba      	mov	sl, r7
10003fb0:	46b1      	mov	r9, r6
10003fb2:	46a8      	mov	r8, r5
10003fb4:	bdf0      	pop	{r4, r5, r6, r7, pc}
10003fb6:	4f16      	ldr	r7, [pc, #88]	@ (10004010 <stdio_put_string+0xf0>)
10003fb8:	e7d6      	b.n	10003f68 <stdio_put_string+0x48>
10003fba:	4b14      	ldr	r3, [pc, #80]	@ (1000400c <stdio_put_string+0xec>)
10003fbc:	4698      	mov	r8, r3
10003fbe:	e002      	b.n	10003fc6 <stdio_put_string+0xa6>
10003fc0:	6924      	ldr	r4, [r4, #16]
10003fc2:	2c00      	cmp	r4, #0
10003fc4:	d0ed      	beq.n	10003fa2 <stdio_put_string+0x82>
10003fc6:	6823      	ldr	r3, [r4, #0]
10003fc8:	2b00      	cmp	r3, #0
10003fca:	d0f9      	beq.n	10003fc0 <stdio_put_string+0xa0>
10003fcc:	4643      	mov	r3, r8
10003fce:	681b      	ldr	r3, [r3, #0]
10003fd0:	2b00      	cmp	r3, #0
10003fd2:	d001      	beq.n	10003fd8 <stdio_put_string+0xb8>
10003fd4:	42a3      	cmp	r3, r4
10003fd6:	d1f3      	bne.n	10003fc0 <stdio_put_string+0xa0>
10003fd8:	002a      	movs	r2, r5
10003fda:	0031      	movs	r1, r6
10003fdc:	0020      	movs	r0, r4
10003fde:	47b8      	blx	r7
10003fe0:	466b      	mov	r3, sp
10003fe2:	220a      	movs	r2, #10
10003fe4:	0020      	movs	r0, r4
10003fe6:	71da      	strb	r2, [r3, #7]
10003fe8:	1dd9      	adds	r1, r3, #7
10003fea:	3a09      	subs	r2, #9
10003fec:	47b8      	blx	r7
10003fee:	e7e7      	b.n	10003fc0 <stdio_put_string+0xa0>
10003ff0:	4650      	mov	r0, sl
10003ff2:	f007 f909 	bl	1000b208 <__mutex_exit_veneer>
10003ff6:	e7d7      	b.n	10003fa8 <stdio_put_string+0x88>
10003ff8:	000f4240 	.word	0x000f4240
10003ffc:	7fffffff 	.word	0x7fffffff
10004000:	20000d98 	.word	0x20000d98
10004004:	10003e39 	.word	0x10003e39
10004008:	20001c7c 	.word	0x20001c7c
1000400c:	20001c84 	.word	0x20001c84
10004010:	10003e29 	.word	0x10003e29

10004014 <stdio_set_driver_enabled>:
10004014:	4a0a      	ldr	r2, [pc, #40]	@ (10004040 <stdio_set_driver_enabled+0x2c>)
10004016:	6813      	ldr	r3, [r2, #0]
10004018:	2b00      	cmp	r3, #0
1000401a:	d105      	bne.n	10004028 <stdio_set_driver_enabled+0x14>
1000401c:	e00c      	b.n	10004038 <stdio_set_driver_enabled+0x24>
1000401e:	001a      	movs	r2, r3
10004020:	691b      	ldr	r3, [r3, #16]
10004022:	3210      	adds	r2, #16
10004024:	2b00      	cmp	r3, #0
10004026:	d007      	beq.n	10004038 <stdio_set_driver_enabled+0x24>
10004028:	4283      	cmp	r3, r0
1000402a:	d1f8      	bne.n	1000401e <stdio_set_driver_enabled+0xa>
1000402c:	2900      	cmp	r1, #0
1000402e:	d102      	bne.n	10004036 <stdio_set_driver_enabled+0x22>
10004030:	6918      	ldr	r0, [r3, #16]
10004032:	6010      	str	r0, [r2, #0]
10004034:	6119      	str	r1, [r3, #16]
10004036:	4770      	bx	lr
10004038:	2900      	cmp	r1, #0
1000403a:	d0fc      	beq.n	10004036 <stdio_set_driver_enabled+0x22>
1000403c:	6010      	str	r0, [r2, #0]
1000403e:	e7fa      	b.n	10004036 <stdio_set_driver_enabled+0x22>
10004040:	20001c7c 	.word	0x20001c7c

10004044 <stdio_init_all>:
10004044:	b510      	push	{r4, lr}
10004046:	f000 f9a7 	bl	10004398 <stdio_uart_init>
1000404a:	2001      	movs	r0, #1
1000404c:	bd10      	pop	{r4, pc}
1000404e:	46c0      	nop			@ (mov r8, r8)

10004050 <__wrap_putchar>:
10004050:	b5f0      	push	{r4, r5, r6, r7, lr}
10004052:	46ce      	mov	lr, r9
10004054:	4647      	mov	r7, r8
10004056:	b580      	push	{r7, lr}
10004058:	b083      	sub	sp, #12
1000405a:	466b      	mov	r3, sp
1000405c:	0006      	movs	r6, r0
1000405e:	1ddd      	adds	r5, r3, #7
10004060:	7028      	strb	r0, [r5, #0]
10004062:	f7fd fadf 	bl	10001624 <time_us_64>
10004066:	2300      	movs	r3, #0
10004068:	4a19      	ldr	r2, [pc, #100]	@ (100040d0 <__wrap_putchar+0x80>)
1000406a:	1812      	adds	r2, r2, r0
1000406c:	414b      	adcs	r3, r1
1000406e:	2b00      	cmp	r3, #0
10004070:	da02      	bge.n	10004078 <__wrap_putchar+0x28>
10004072:	2201      	movs	r2, #1
10004074:	4b17      	ldr	r3, [pc, #92]	@ (100040d4 <__wrap_putchar+0x84>)
10004076:	4252      	negs	r2, r2
10004078:	4917      	ldr	r1, [pc, #92]	@ (100040d8 <__wrap_putchar+0x88>)
1000407a:	0008      	movs	r0, r1
1000407c:	4689      	mov	r9, r1
1000407e:	f007 f90b 	bl	1000b298 <__mutex_try_enter_block_until_veneer>
10004082:	4b16      	ldr	r3, [pc, #88]	@ (100040dc <__wrap_putchar+0x8c>)
10004084:	4680      	mov	r8, r0
10004086:	681c      	ldr	r4, [r3, #0]
10004088:	2c00      	cmp	r4, #0
1000408a:	d014      	beq.n	100040b6 <__wrap_putchar+0x66>
1000408c:	4f14      	ldr	r7, [pc, #80]	@ (100040e0 <__wrap_putchar+0x90>)
1000408e:	e002      	b.n	10004096 <__wrap_putchar+0x46>
10004090:	6924      	ldr	r4, [r4, #16]
10004092:	2c00      	cmp	r4, #0
10004094:	d00f      	beq.n	100040b6 <__wrap_putchar+0x66>
10004096:	6823      	ldr	r3, [r4, #0]
10004098:	2b00      	cmp	r3, #0
1000409a:	d0f9      	beq.n	10004090 <__wrap_putchar+0x40>
1000409c:	683b      	ldr	r3, [r7, #0]
1000409e:	2b00      	cmp	r3, #0
100040a0:	d001      	beq.n	100040a6 <__wrap_putchar+0x56>
100040a2:	429c      	cmp	r4, r3
100040a4:	d1f4      	bne.n	10004090 <__wrap_putchar+0x40>
100040a6:	0020      	movs	r0, r4
100040a8:	2201      	movs	r2, #1
100040aa:	0029      	movs	r1, r5
100040ac:	f7ff fec4 	bl	10003e38 <stdio_out_chars_crlf>
100040b0:	6924      	ldr	r4, [r4, #16]
100040b2:	2c00      	cmp	r4, #0
100040b4:	d1ef      	bne.n	10004096 <__wrap_putchar+0x46>
100040b6:	4643      	mov	r3, r8
100040b8:	2b00      	cmp	r3, #0
100040ba:	d105      	bne.n	100040c8 <__wrap_putchar+0x78>
100040bc:	0030      	movs	r0, r6
100040be:	b003      	add	sp, #12
100040c0:	bcc0      	pop	{r6, r7}
100040c2:	46b9      	mov	r9, r7
100040c4:	46b0      	mov	r8, r6
100040c6:	bdf0      	pop	{r4, r5, r6, r7, pc}
100040c8:	4648      	mov	r0, r9
100040ca:	f007 f89d 	bl	1000b208 <__mutex_exit_veneer>
100040ce:	e7f5      	b.n	100040bc <__wrap_putchar+0x6c>
100040d0:	000f4240 	.word	0x000f4240
100040d4:	7fffffff 	.word	0x7fffffff
100040d8:	20000d98 	.word	0x20000d98
100040dc:	20001c7c 	.word	0x20001c7c
100040e0:	20001c84 	.word	0x20001c84

100040e4 <__wrap_puts>:
100040e4:	b570      	push	{r4, r5, r6, lr}
100040e6:	0004      	movs	r4, r0
100040e8:	f006 ff1a 	bl	1000af20 <strlen>
100040ec:	2301      	movs	r3, #1
100040ee:	0001      	movs	r1, r0
100040f0:	0005      	movs	r5, r0
100040f2:	2201      	movs	r2, #1
100040f4:	0020      	movs	r0, r4
100040f6:	f7ff ff13 	bl	10003f20 <stdio_put_string>
100040fa:	4b08      	ldr	r3, [pc, #32]	@ (1000411c <__wrap_puts+0x38>)
100040fc:	681c      	ldr	r4, [r3, #0]
100040fe:	2c00      	cmp	r4, #0
10004100:	d006      	beq.n	10004110 <__wrap_puts+0x2c>
10004102:	6863      	ldr	r3, [r4, #4]
10004104:	2b00      	cmp	r3, #0
10004106:	d005      	beq.n	10004114 <__wrap_puts+0x30>
10004108:	4798      	blx	r3
1000410a:	6924      	ldr	r4, [r4, #16]
1000410c:	2c00      	cmp	r4, #0
1000410e:	d1f8      	bne.n	10004102 <__wrap_puts+0x1e>
10004110:	0028      	movs	r0, r5
10004112:	bd70      	pop	{r4, r5, r6, pc}
10004114:	6924      	ldr	r4, [r4, #16]
10004116:	2c00      	cmp	r4, #0
10004118:	d1f3      	bne.n	10004102 <__wrap_puts+0x1e>
1000411a:	e7f9      	b.n	10004110 <__wrap_puts+0x2c>
1000411c:	20001c7c 	.word	0x20001c7c

10004120 <__wrap_vprintf>:
10004120:	b5f0      	push	{r4, r5, r6, r7, lr}
10004122:	46ce      	mov	lr, r9
10004124:	4647      	mov	r7, r8
10004126:	b580      	push	{r7, lr}
10004128:	b0a3      	sub	sp, #140	@ 0x8c
1000412a:	0004      	movs	r4, r0
1000412c:	000e      	movs	r6, r1
1000412e:	f7fd fa79 	bl	10001624 <time_us_64>
10004132:	2300      	movs	r3, #0
10004134:	4a26      	ldr	r2, [pc, #152]	@ (100041d0 <__wrap_vprintf+0xb0>)
10004136:	1812      	adds	r2, r2, r0
10004138:	414b      	adcs	r3, r1
1000413a:	2b00      	cmp	r3, #0
1000413c:	da02      	bge.n	10004144 <__wrap_vprintf+0x24>
1000413e:	2201      	movs	r2, #1
10004140:	4b24      	ldr	r3, [pc, #144]	@ (100041d4 <__wrap_vprintf+0xb4>)
10004142:	4252      	negs	r2, r2
10004144:	4824      	ldr	r0, [pc, #144]	@ (100041d8 <__wrap_vprintf+0xb8>)
10004146:	f007 f8a7 	bl	1000b298 <__mutex_try_enter_block_until_veneer>
1000414a:	2300      	movs	r3, #0
1000414c:	0022      	movs	r2, r4
1000414e:	9301      	str	r3, [sp, #4]
10004150:	4680      	mov	r8, r0
10004152:	0033      	movs	r3, r6
10004154:	4821      	ldr	r0, [pc, #132]	@ (100041dc <__wrap_vprintf+0xbc>)
10004156:	a901      	add	r1, sp, #4
10004158:	f7ff fe02 	bl	10003d60 <vfctprintf>
1000415c:	4f20      	ldr	r7, [pc, #128]	@ (100041e0 <__wrap_vprintf+0xc0>)
1000415e:	9b01      	ldr	r3, [sp, #4]
10004160:	4681      	mov	r9, r0
10004162:	683c      	ldr	r4, [r7, #0]
10004164:	2b00      	cmp	r3, #0
10004166:	d019      	beq.n	1000419c <__wrap_vprintf+0x7c>
10004168:	2c00      	cmp	r4, #0
1000416a:	d02f      	beq.n	100041cc <__wrap_vprintf+0xac>
1000416c:	4e1d      	ldr	r6, [pc, #116]	@ (100041e4 <__wrap_vprintf+0xc4>)
1000416e:	e002      	b.n	10004176 <__wrap_vprintf+0x56>
10004170:	6924      	ldr	r4, [r4, #16]
10004172:	2c00      	cmp	r4, #0
10004174:	d00f      	beq.n	10004196 <__wrap_vprintf+0x76>
10004176:	6823      	ldr	r3, [r4, #0]
10004178:	2b00      	cmp	r3, #0
1000417a:	d0f9      	beq.n	10004170 <__wrap_vprintf+0x50>
1000417c:	6833      	ldr	r3, [r6, #0]
1000417e:	2b00      	cmp	r3, #0
10004180:	d001      	beq.n	10004186 <__wrap_vprintf+0x66>
10004182:	42a3      	cmp	r3, r4
10004184:	d1f4      	bne.n	10004170 <__wrap_vprintf+0x50>
10004186:	0020      	movs	r0, r4
10004188:	9a01      	ldr	r2, [sp, #4]
1000418a:	a902      	add	r1, sp, #8
1000418c:	f7ff fe54 	bl	10003e38 <stdio_out_chars_crlf>
10004190:	6924      	ldr	r4, [r4, #16]
10004192:	2c00      	cmp	r4, #0
10004194:	d1ef      	bne.n	10004176 <__wrap_vprintf+0x56>
10004196:	2300      	movs	r3, #0
10004198:	683c      	ldr	r4, [r7, #0]
1000419a:	9301      	str	r3, [sp, #4]
1000419c:	2c00      	cmp	r4, #0
1000419e:	d006      	beq.n	100041ae <__wrap_vprintf+0x8e>
100041a0:	6863      	ldr	r3, [r4, #4]
100041a2:	2b00      	cmp	r3, #0
100041a4:	d00c      	beq.n	100041c0 <__wrap_vprintf+0xa0>
100041a6:	4798      	blx	r3
100041a8:	6924      	ldr	r4, [r4, #16]
100041aa:	2c00      	cmp	r4, #0
100041ac:	d1f8      	bne.n	100041a0 <__wrap_vprintf+0x80>
100041ae:	4643      	mov	r3, r8
100041b0:	2b00      	cmp	r3, #0
100041b2:	d107      	bne.n	100041c4 <__wrap_vprintf+0xa4>
100041b4:	4648      	mov	r0, r9
100041b6:	b023      	add	sp, #140	@ 0x8c
100041b8:	bcc0      	pop	{r6, r7}
100041ba:	46b9      	mov	r9, r7
100041bc:	46b0      	mov	r8, r6
100041be:	bdf0      	pop	{r4, r5, r6, r7, pc}
100041c0:	6924      	ldr	r4, [r4, #16]
100041c2:	e7eb      	b.n	1000419c <__wrap_vprintf+0x7c>
100041c4:	4804      	ldr	r0, [pc, #16]	@ (100041d8 <__wrap_vprintf+0xb8>)
100041c6:	f007 f81f 	bl	1000b208 <__mutex_exit_veneer>
100041ca:	e7f3      	b.n	100041b4 <__wrap_vprintf+0x94>
100041cc:	9401      	str	r4, [sp, #4]
100041ce:	e7ee      	b.n	100041ae <__wrap_vprintf+0x8e>
100041d0:	000f4240 	.word	0x000f4240
100041d4:	7fffffff 	.word	0x7fffffff
100041d8:	20000d98 	.word	0x20000d98
100041dc:	10003ec9 	.word	0x10003ec9
100041e0:	20001c7c 	.word	0x20001c7c
100041e4:	20001c84 	.word	0x20001c84

100041e8 <__wrap_printf>:
100041e8:	b40f      	push	{r0, r1, r2, r3}
100041ea:	b500      	push	{lr}
100041ec:	b083      	sub	sp, #12
100041ee:	a904      	add	r1, sp, #16
100041f0:	c901      	ldmia	r1!, {r0}
100041f2:	9101      	str	r1, [sp, #4]
100041f4:	f7ff ff94 	bl	10004120 <__wrap_vprintf>
100041f8:	b003      	add	sp, #12
100041fa:	bc08      	pop	{r3}
100041fc:	b004      	add	sp, #16
100041fe:	4718      	bx	r3

10004200 <stdio_uart_out_chars>:
10004200:	b5f0      	push	{r4, r5, r6, r7, lr}
10004202:	2900      	cmp	r1, #0
10004204:	dd15      	ble.n	10004232 <stdio_uart_out_chars+0x32>
10004206:	4b0e      	ldr	r3, [pc, #56]	@ (10004240 <stdio_uart_out_chars+0x40>)
10004208:	270d      	movs	r7, #13
1000420a:	681a      	ldr	r2, [r3, #0]
1000420c:	4b0d      	ldr	r3, [pc, #52]	@ (10004244 <stdio_uart_out_chars+0x44>)
1000420e:	4c0e      	ldr	r4, [pc, #56]	@ (10004248 <stdio_uart_out_chars+0x48>)
10004210:	18d3      	adds	r3, r2, r3
10004212:	425d      	negs	r5, r3
10004214:	416b      	adcs	r3, r5
10004216:	1845      	adds	r5, r0, r1
10004218:	2120      	movs	r1, #32
1000421a:	005b      	lsls	r3, r3, #1
1000421c:	5f1e      	ldrsh	r6, [r3, r4]
1000421e:	7804      	ldrb	r4, [r0, #0]
10004220:	42a6      	cmp	r6, r4
10004222:	d007      	beq.n	10004234 <stdio_uart_out_chars+0x34>
10004224:	6993      	ldr	r3, [r2, #24]
10004226:	4219      	tst	r1, r3
10004228:	d1fc      	bne.n	10004224 <stdio_uart_out_chars+0x24>
1000422a:	3001      	adds	r0, #1
1000422c:	6014      	str	r4, [r2, #0]
1000422e:	42a8      	cmp	r0, r5
10004230:	d1f5      	bne.n	1000421e <stdio_uart_out_chars+0x1e>
10004232:	bdf0      	pop	{r4, r5, r6, r7, pc}
10004234:	6993      	ldr	r3, [r2, #24]
10004236:	4219      	tst	r1, r3
10004238:	d1fc      	bne.n	10004234 <stdio_uart_out_chars+0x34>
1000423a:	6017      	str	r7, [r2, #0]
1000423c:	e7f2      	b.n	10004224 <stdio_uart_out_chars+0x24>
1000423e:	46c0      	nop			@ (mov r8, r8)
10004240:	20002068 	.word	0x20002068
10004244:	bffc8000 	.word	0xbffc8000
10004248:	20002064 	.word	0x20002064

1000424c <stdio_uart_in_chars>:
1000424c:	4b1f      	ldr	r3, [pc, #124]	@ (100042cc <stdio_uart_in_chars+0x80>)
1000424e:	b530      	push	{r4, r5, lr}
10004250:	681b      	ldr	r3, [r3, #0]
10004252:	1e0d      	subs	r5, r1, #0
10004254:	469c      	mov	ip, r3
10004256:	dd2a      	ble.n	100042ae <stdio_uart_in_chars+0x62>
10004258:	1e44      	subs	r4, r0, #1
1000425a:	2110      	movs	r1, #16
1000425c:	2000      	movs	r0, #0
1000425e:	4b1c      	ldr	r3, [pc, #112]	@ (100042d0 <stdio_uart_in_chars+0x84>)
10004260:	681a      	ldr	r2, [r3, #0]
10004262:	6993      	ldr	r3, [r2, #24]
10004264:	4219      	tst	r1, r3
10004266:	d114      	bne.n	10004292 <stdio_uart_in_chars+0x46>
10004268:	3001      	adds	r0, #1
1000426a:	6993      	ldr	r3, [r2, #24]
1000426c:	4219      	tst	r1, r3
1000426e:	d1fc      	bne.n	1000426a <stdio_uart_in_chars+0x1e>
10004270:	6813      	ldr	r3, [r2, #0]
10004272:	5423      	strb	r3, [r4, r0]
10004274:	4285      	cmp	r5, r0
10004276:	d1f4      	bne.n	10004262 <stdio_uart_in_chars+0x16>
10004278:	4663      	mov	r3, ip
1000427a:	2b00      	cmp	r3, #0
1000427c:	d007      	beq.n	1000428e <stdio_uart_in_chars+0x42>
1000427e:	2350      	movs	r3, #80	@ 0x50
10004280:	6393      	str	r3, [r2, #56]	@ 0x38
10004282:	6b51      	ldr	r1, [r2, #52]	@ 0x34
10004284:	3b18      	subs	r3, #24
10004286:	400b      	ands	r3, r1
10004288:	4912      	ldr	r1, [pc, #72]	@ (100042d4 <stdio_uart_in_chars+0x88>)
1000428a:	1852      	adds	r2, r2, r1
1000428c:	6013      	str	r3, [r2, #0]
1000428e:	0028      	movs	r0, r5
10004290:	bd30      	pop	{r4, r5, pc}
10004292:	4663      	mov	r3, ip
10004294:	2b00      	cmp	r3, #0
10004296:	d007      	beq.n	100042a8 <stdio_uart_in_chars+0x5c>
10004298:	2350      	movs	r3, #80	@ 0x50
1000429a:	6393      	str	r3, [r2, #56]	@ 0x38
1000429c:	6b51      	ldr	r1, [r2, #52]	@ 0x34
1000429e:	3b18      	subs	r3, #24
100042a0:	400b      	ands	r3, r1
100042a2:	490c      	ldr	r1, [pc, #48]	@ (100042d4 <stdio_uart_in_chars+0x88>)
100042a4:	1852      	adds	r2, r2, r1
100042a6:	6013      	str	r3, [r2, #0]
100042a8:	2800      	cmp	r0, #0
100042aa:	d1f1      	bne.n	10004290 <stdio_uart_in_chars+0x44>
100042ac:	e00b      	b.n	100042c6 <stdio_uart_in_chars+0x7a>
100042ae:	2b00      	cmp	r3, #0
100042b0:	d009      	beq.n	100042c6 <stdio_uart_in_chars+0x7a>
100042b2:	2250      	movs	r2, #80	@ 0x50
100042b4:	4b06      	ldr	r3, [pc, #24]	@ (100042d0 <stdio_uart_in_chars+0x84>)
100042b6:	681b      	ldr	r3, [r3, #0]
100042b8:	639a      	str	r2, [r3, #56]	@ 0x38
100042ba:	6b59      	ldr	r1, [r3, #52]	@ 0x34
100042bc:	3a18      	subs	r2, #24
100042be:	400a      	ands	r2, r1
100042c0:	4904      	ldr	r1, [pc, #16]	@ (100042d4 <stdio_uart_in_chars+0x88>)
100042c2:	185b      	adds	r3, r3, r1
100042c4:	601a      	str	r2, [r3, #0]
100042c6:	2003      	movs	r0, #3
100042c8:	4240      	negs	r0, r0
100042ca:	e7e1      	b.n	10004290 <stdio_uart_in_chars+0x44>
100042cc:	2000135c 	.word	0x2000135c
100042d0:	20002068 	.word	0x20002068
100042d4:	00001034 	.word	0x00001034

100042d8 <on_uart_rx>:
100042d8:	4b06      	ldr	r3, [pc, #24]	@ (100042f4 <on_uart_rx+0x1c>)
100042da:	b510      	push	{r4, lr}
100042dc:	681b      	ldr	r3, [r3, #0]
100042de:	2b00      	cmp	r3, #0
100042e0:	d006      	beq.n	100042f0 <on_uart_rx+0x18>
100042e2:	2100      	movs	r1, #0
100042e4:	4a04      	ldr	r2, [pc, #16]	@ (100042f8 <on_uart_rx+0x20>)
100042e6:	6812      	ldr	r2, [r2, #0]
100042e8:	6391      	str	r1, [r2, #56]	@ 0x38
100042ea:	4a04      	ldr	r2, [pc, #16]	@ (100042fc <on_uart_rx+0x24>)
100042ec:	6810      	ldr	r0, [r2, #0]
100042ee:	4798      	blx	r3
100042f0:	bd10      	pop	{r4, pc}
100042f2:	46c0      	nop			@ (mov r8, r8)
100042f4:	2000135c 	.word	0x2000135c
100042f8:	20002068 	.word	0x20002068
100042fc:	20001360 	.word	0x20001360

10004300 <stdio_uart_out_flush>:
10004300:	2208      	movs	r2, #8
10004302:	4b03      	ldr	r3, [pc, #12]	@ (10004310 <stdio_uart_out_flush+0x10>)
10004304:	6819      	ldr	r1, [r3, #0]
10004306:	698b      	ldr	r3, [r1, #24]
10004308:	421a      	tst	r2, r3
1000430a:	d1fc      	bne.n	10004306 <stdio_uart_out_flush+0x6>
1000430c:	4770      	bx	lr
1000430e:	46c0      	nop			@ (mov r8, r8)
10004310:	20002068 	.word	0x20002068

10004314 <stdio_uart_set_chars_available_callback>:
10004314:	b570      	push	{r4, r5, r6, lr}
10004316:	4e1a      	ldr	r6, [pc, #104]	@ (10004380 <stdio_uart_set_chars_available_callback+0x6c>)
10004318:	4b1a      	ldr	r3, [pc, #104]	@ (10004384 <stdio_uart_set_chars_available_callback+0x70>)
1000431a:	6832      	ldr	r2, [r6, #0]
1000431c:	0004      	movs	r4, r0
1000431e:	18d3      	adds	r3, r2, r3
10004320:	4258      	negs	r0, r3
10004322:	4143      	adcs	r3, r0
10004324:	4d18      	ldr	r5, [pc, #96]	@ (10004388 <stdio_uart_set_chars_available_callback+0x74>)
10004326:	3314      	adds	r3, #20
10004328:	0018      	movs	r0, r3
1000432a:	682b      	ldr	r3, [r5, #0]
1000432c:	2c00      	cmp	r4, #0
1000432e:	d002      	beq.n	10004336 <stdio_uart_set_chars_available_callback+0x22>
10004330:	2b00      	cmp	r3, #0
10004332:	d00f      	beq.n	10004354 <stdio_uart_set_chars_available_callback+0x40>
10004334:	bd70      	pop	{r4, r5, r6, pc}
10004336:	2b00      	cmp	r3, #0
10004338:	d0fc      	beq.n	10004334 <stdio_uart_set_chars_available_callback+0x20>
1000433a:	0006      	movs	r6, r0
1000433c:	2100      	movs	r1, #0
1000433e:	6394      	str	r4, [r2, #56]	@ 0x38
10004340:	f7fc f9ea 	bl	10000718 <irq_set_enabled>
10004344:	0030      	movs	r0, r6
10004346:	4911      	ldr	r1, [pc, #68]	@ (1000438c <stdio_uart_set_chars_available_callback+0x78>)
10004348:	f7fc fb06 	bl	10000958 <irq_remove_handler>
1000434c:	4b10      	ldr	r3, [pc, #64]	@ (10004390 <stdio_uart_set_chars_available_callback+0x7c>)
1000434e:	602c      	str	r4, [r5, #0]
10004350:	601c      	str	r4, [r3, #0]
10004352:	e7ef      	b.n	10004334 <stdio_uart_set_chars_available_callback+0x20>
10004354:	602c      	str	r4, [r5, #0]
10004356:	0004      	movs	r4, r0
10004358:	4b0d      	ldr	r3, [pc, #52]	@ (10004390 <stdio_uart_set_chars_available_callback+0x7c>)
1000435a:	6019      	str	r1, [r3, #0]
1000435c:	490b      	ldr	r1, [pc, #44]	@ (1000438c <stdio_uart_set_chars_available_callback+0x78>)
1000435e:	f7fc f9f5 	bl	1000074c <irq_set_exclusive_handler>
10004362:	2101      	movs	r1, #1
10004364:	0020      	movs	r0, r4
10004366:	f7fc f9d7 	bl	10000718 <irq_set_enabled>
1000436a:	2250      	movs	r2, #80	@ 0x50
1000436c:	6833      	ldr	r3, [r6, #0]
1000436e:	639a      	str	r2, [r3, #56]	@ 0x38
10004370:	6b59      	ldr	r1, [r3, #52]	@ 0x34
10004372:	3a18      	subs	r2, #24
10004374:	400a      	ands	r2, r1
10004376:	4907      	ldr	r1, [pc, #28]	@ (10004394 <stdio_uart_set_chars_available_callback+0x80>)
10004378:	185b      	adds	r3, r3, r1
1000437a:	601a      	str	r2, [r3, #0]
1000437c:	e7da      	b.n	10004334 <stdio_uart_set_chars_available_callback+0x20>
1000437e:	46c0      	nop			@ (mov r8, r8)
10004380:	20002068 	.word	0x20002068
10004384:	bffc8000 	.word	0xbffc8000
10004388:	2000135c 	.word	0x2000135c
1000438c:	100042d9 	.word	0x100042d9
10004390:	20001360 	.word	0x20001360
10004394:	00001034 	.word	0x00001034

10004398 <stdio_uart_init>:
10004398:	4b0d      	ldr	r3, [pc, #52]	@ (100043d0 <stdio_uart_init+0x38>)
1000439a:	b510      	push	{r4, lr}
1000439c:	781b      	ldrb	r3, [r3, #0]
1000439e:	4b0d      	ldr	r3, [pc, #52]	@ (100043d4 <stdio_uart_init+0x3c>)
100043a0:	4c0d      	ldr	r4, [pc, #52]	@ (100043d8 <stdio_uart_init+0x40>)
100043a2:	781b      	ldrb	r3, [r3, #0]
100043a4:	4b0d      	ldr	r3, [pc, #52]	@ (100043dc <stdio_uart_init+0x44>)
100043a6:	2102      	movs	r1, #2
100043a8:	781b      	ldrb	r3, [r3, #0]
100043aa:	4b0d      	ldr	r3, [pc, #52]	@ (100043e0 <stdio_uart_init+0x48>)
100043ac:	2000      	movs	r0, #0
100043ae:	6023      	str	r3, [r4, #0]
100043b0:	f7fc f810 	bl	100003d4 <gpio_set_function>
100043b4:	2102      	movs	r1, #2
100043b6:	2001      	movs	r0, #1
100043b8:	f7fc f80c 	bl	100003d4 <gpio_set_function>
100043bc:	21e1      	movs	r1, #225	@ 0xe1
100043be:	6820      	ldr	r0, [r4, #0]
100043c0:	0249      	lsls	r1, r1, #9
100043c2:	f7fd f97f 	bl	100016c4 <uart_init>
100043c6:	2101      	movs	r1, #1
100043c8:	4806      	ldr	r0, [pc, #24]	@ (100043e4 <stdio_uart_init+0x4c>)
100043ca:	f7ff fe23 	bl	10004014 <stdio_set_driver_enabled>
100043ce:	bd10      	pop	{r4, pc}
100043d0:	100430e0 	.word	0x100430e0
100043d4:	100430dc 	.word	0x100430dc
100043d8:	20002068 	.word	0x20002068
100043dc:	100430d8 	.word	0x100430d8
100043e0:	40034000 	.word	0x40034000
100043e4:	20000730 	.word	0x20000730

100043e8 <runtime_init_per_core_tls_setup>:
100043e8:	2200      	movs	r2, #0
100043ea:	4b01      	ldr	r3, [pc, #4]	@ (100043f0 <runtime_init_per_core_tls_setup+0x8>)
100043ec:	605a      	str	r2, [r3, #4]
100043ee:	4770      	bx	lr
100043f0:	20001220 	.word	0x20001220

100043f4 <async_context_base_add_at_time_worker>:
100043f4:	6883      	ldr	r3, [r0, #8]
100043f6:	2b00      	cmp	r3, #0
100043f8:	d104      	bne.n	10004404 <async_context_base_add_at_time_worker+0x10>
100043fa:	e007      	b.n	1000440c <async_context_base_add_at_time_worker+0x18>
100043fc:	681a      	ldr	r2, [r3, #0]
100043fe:	2a00      	cmp	r2, #0
10004400:	d006      	beq.n	10004410 <async_context_base_add_at_time_worker+0x1c>
10004402:	0013      	movs	r3, r2
10004404:	428b      	cmp	r3, r1
10004406:	d1f9      	bne.n	100043fc <async_context_base_add_at_time_worker+0x8>
10004408:	2000      	movs	r0, #0
1000440a:	e005      	b.n	10004418 <async_context_base_add_at_time_worker+0x24>
1000440c:	0003      	movs	r3, r0
1000440e:	3308      	adds	r3, #8
10004410:	6019      	str	r1, [r3, #0]
10004412:	2300      	movs	r3, #0
10004414:	2001      	movs	r0, #1
10004416:	600b      	str	r3, [r1, #0]
10004418:	4770      	bx	lr
1000441a:	46c0      	nop			@ (mov r8, r8)

1000441c <async_context_base_remove_at_time_worker>:
1000441c:	6883      	ldr	r3, [r0, #8]
1000441e:	2b00      	cmp	r3, #0
10004420:	d00b      	beq.n	1000443a <async_context_base_remove_at_time_worker+0x1e>
10004422:	3008      	adds	r0, #8
10004424:	e003      	b.n	1000442e <async_context_base_remove_at_time_worker+0x12>
10004426:	0018      	movs	r0, r3
10004428:	681b      	ldr	r3, [r3, #0]
1000442a:	2b00      	cmp	r3, #0
1000442c:	d005      	beq.n	1000443a <async_context_base_remove_at_time_worker+0x1e>
1000442e:	428b      	cmp	r3, r1
10004430:	d1f9      	bne.n	10004426 <async_context_base_remove_at_time_worker+0xa>
10004432:	681b      	ldr	r3, [r3, #0]
10004434:	6003      	str	r3, [r0, #0]
10004436:	2001      	movs	r0, #1
10004438:	e000      	b.n	1000443c <async_context_base_remove_at_time_worker+0x20>
1000443a:	2000      	movs	r0, #0
1000443c:	4770      	bx	lr
1000443e:	46c0      	nop			@ (mov r8, r8)

10004440 <async_context_base_add_when_pending_worker>:
10004440:	6843      	ldr	r3, [r0, #4]
10004442:	2b00      	cmp	r3, #0
10004444:	d104      	bne.n	10004450 <async_context_base_add_when_pending_worker+0x10>
10004446:	e007      	b.n	10004458 <async_context_base_add_when_pending_worker+0x18>
10004448:	681a      	ldr	r2, [r3, #0]
1000444a:	2a00      	cmp	r2, #0
1000444c:	d005      	beq.n	1000445a <async_context_base_add_when_pending_worker+0x1a>
1000444e:	0013      	movs	r3, r2
10004450:	428b      	cmp	r3, r1
10004452:	d1f9      	bne.n	10004448 <async_context_base_add_when_pending_worker+0x8>
10004454:	2000      	movs	r0, #0
10004456:	e004      	b.n	10004462 <async_context_base_add_when_pending_worker+0x22>
10004458:	1d03      	adds	r3, r0, #4
1000445a:	6019      	str	r1, [r3, #0]
1000445c:	2300      	movs	r3, #0
1000445e:	2001      	movs	r0, #1
10004460:	600b      	str	r3, [r1, #0]
10004462:	4770      	bx	lr

10004464 <async_context_base_remove_when_pending_worker>:
10004464:	6843      	ldr	r3, [r0, #4]
10004466:	2b00      	cmp	r3, #0
10004468:	d00b      	beq.n	10004482 <async_context_base_remove_when_pending_worker+0x1e>
1000446a:	3004      	adds	r0, #4
1000446c:	e003      	b.n	10004476 <async_context_base_remove_when_pending_worker+0x12>
1000446e:	0018      	movs	r0, r3
10004470:	681b      	ldr	r3, [r3, #0]
10004472:	2b00      	cmp	r3, #0
10004474:	d005      	beq.n	10004482 <async_context_base_remove_when_pending_worker+0x1e>
10004476:	428b      	cmp	r3, r1
10004478:	d1f9      	bne.n	1000446e <async_context_base_remove_when_pending_worker+0xa>
1000447a:	681b      	ldr	r3, [r3, #0]
1000447c:	6003      	str	r3, [r0, #0]
1000447e:	2001      	movs	r0, #1
10004480:	e000      	b.n	10004484 <async_context_base_remove_when_pending_worker+0x20>
10004482:	2000      	movs	r0, #0
10004484:	4770      	bx	lr
10004486:	46c0      	nop			@ (mov r8, r8)

10004488 <async_context_base_execute_once>:
10004488:	b5f0      	push	{r4, r5, r6, r7, lr}
1000448a:	4657      	mov	r7, sl
1000448c:	46de      	mov	lr, fp
1000448e:	464e      	mov	r6, r9
10004490:	4645      	mov	r5, r8
10004492:	b5e0      	push	{r5, r6, r7, lr}
10004494:	4b3e      	ldr	r3, [pc, #248]	@ (10004590 <async_context_base_execute_once+0x108>)
10004496:	b083      	sub	sp, #12
10004498:	cb18      	ldmia	r3, {r3, r4}
1000449a:	9300      	str	r3, [sp, #0]
1000449c:	9401      	str	r4, [sp, #4]
1000449e:	6883      	ldr	r3, [r0, #8]
100044a0:	4682      	mov	sl, r0
100044a2:	2b00      	cmp	r3, #0
100044a4:	d02b      	beq.n	100044fe <async_context_base_execute_once+0x76>
100044a6:	2308      	movs	r3, #8
100044a8:	4453      	add	r3, sl
100044aa:	4698      	mov	r8, r3
100044ac:	f7fd f8ba 	bl	10001624 <time_us_64>
100044b0:	4653      	mov	r3, sl
100044b2:	689b      	ldr	r3, [r3, #8]
100044b4:	0004      	movs	r4, r0
100044b6:	000d      	movs	r5, r1
100044b8:	2b00      	cmp	r3, #0
100044ba:	d020      	beq.n	100044fe <async_context_base_execute_once+0x76>
100044bc:	2200      	movs	r2, #0
100044be:	4647      	mov	r7, r8
100044c0:	001e      	movs	r6, r3
100044c2:	4694      	mov	ip, r2
100044c4:	4699      	mov	r9, r3
100044c6:	68b2      	ldr	r2, [r6, #8]
100044c8:	68f3      	ldr	r3, [r6, #12]
100044ca:	0020      	movs	r0, r4
100044cc:	0029      	movs	r1, r5
100044ce:	1a80      	subs	r0, r0, r2
100044d0:	4199      	sbcs	r1, r3
100044d2:	2900      	cmp	r1, #0
100044d4:	db02      	blt.n	100044dc <async_context_base_execute_once+0x54>
100044d6:	0014      	movs	r4, r2
100044d8:	001d      	movs	r5, r3
100044da:	46bc      	mov	ip, r7
100044dc:	0037      	movs	r7, r6
100044de:	6836      	ldr	r6, [r6, #0]
100044e0:	2e00      	cmp	r6, #0
100044e2:	d1f0      	bne.n	100044c6 <async_context_base_execute_once+0x3e>
100044e4:	4662      	mov	r2, ip
100044e6:	2a00      	cmp	r2, #0
100044e8:	d049      	beq.n	1000457e <async_context_base_execute_once+0xf6>
100044ea:	6811      	ldr	r1, [r2, #0]
100044ec:	4650      	mov	r0, sl
100044ee:	680b      	ldr	r3, [r1, #0]
100044f0:	6013      	str	r3, [r2, #0]
100044f2:	684b      	ldr	r3, [r1, #4]
100044f4:	4798      	blx	r3
100044f6:	4653      	mov	r3, sl
100044f8:	689b      	ldr	r3, [r3, #8]
100044fa:	2b00      	cmp	r3, #0
100044fc:	d1d6      	bne.n	100044ac <async_context_base_execute_once+0x24>
100044fe:	4653      	mov	r3, sl
10004500:	685c      	ldr	r4, [r3, #4]
10004502:	2c00      	cmp	r4, #0
10004504:	d029      	beq.n	1000455a <async_context_base_execute_once+0xd2>
10004506:	2500      	movs	r5, #0
10004508:	4656      	mov	r6, sl
1000450a:	7a23      	ldrb	r3, [r4, #8]
1000450c:	2b00      	cmp	r3, #0
1000450e:	d032      	beq.n	10004576 <async_context_base_execute_once+0xee>
10004510:	0021      	movs	r1, r4
10004512:	6863      	ldr	r3, [r4, #4]
10004514:	7225      	strb	r5, [r4, #8]
10004516:	0030      	movs	r0, r6
10004518:	4798      	blx	r3
1000451a:	6824      	ldr	r4, [r4, #0]
1000451c:	2c00      	cmp	r4, #0
1000451e:	d1f4      	bne.n	1000450a <async_context_base_execute_once+0x82>
10004520:	68b3      	ldr	r3, [r6, #8]
10004522:	46b2      	mov	sl, r6
10004524:	2b00      	cmp	r3, #0
10004526:	d018      	beq.n	1000455a <async_context_base_execute_once+0xd2>
10004528:	9c00      	ldr	r4, [sp, #0]
1000452a:	9d01      	ldr	r5, [sp, #4]
1000452c:	001e      	movs	r6, r3
1000452e:	e003      	b.n	10004538 <async_context_base_execute_once+0xb0>
10004530:	0004      	movs	r4, r0
10004532:	000d      	movs	r5, r1
10004534:	2e00      	cmp	r6, #0
10004536:	d00e      	beq.n	10004556 <async_context_base_execute_once+0xce>
10004538:	0033      	movs	r3, r6
1000453a:	0022      	movs	r2, r4
1000453c:	6898      	ldr	r0, [r3, #8]
1000453e:	68d9      	ldr	r1, [r3, #12]
10004540:	002b      	movs	r3, r5
10004542:	1a12      	subs	r2, r2, r0
10004544:	418b      	sbcs	r3, r1
10004546:	6836      	ldr	r6, [r6, #0]
10004548:	2b00      	cmp	r3, #0
1000454a:	dcf1      	bgt.n	10004530 <async_context_base_execute_once+0xa8>
1000454c:	d1f2      	bne.n	10004534 <async_context_base_execute_once+0xac>
1000454e:	2a00      	cmp	r2, #0
10004550:	d1ee      	bne.n	10004530 <async_context_base_execute_once+0xa8>
10004552:	2e00      	cmp	r6, #0
10004554:	d1f0      	bne.n	10004538 <async_context_base_execute_once+0xb0>
10004556:	9400      	str	r4, [sp, #0]
10004558:	9501      	str	r5, [sp, #4]
1000455a:	9b00      	ldr	r3, [sp, #0]
1000455c:	9c01      	ldr	r4, [sp, #4]
1000455e:	4652      	mov	r2, sl
10004560:	0018      	movs	r0, r3
10004562:	0021      	movs	r1, r4
10004564:	6113      	str	r3, [r2, #16]
10004566:	6154      	str	r4, [r2, #20]
10004568:	b003      	add	sp, #12
1000456a:	bcf0      	pop	{r4, r5, r6, r7}
1000456c:	46bb      	mov	fp, r7
1000456e:	46b2      	mov	sl, r6
10004570:	46a9      	mov	r9, r5
10004572:	46a0      	mov	r8, r4
10004574:	bdf0      	pop	{r4, r5, r6, r7, pc}
10004576:	6824      	ldr	r4, [r4, #0]
10004578:	2c00      	cmp	r4, #0
1000457a:	d1c6      	bne.n	1000450a <async_context_base_execute_once+0x82>
1000457c:	e7d0      	b.n	10004520 <async_context_base_execute_once+0x98>
1000457e:	4653      	mov	r3, sl
10004580:	685c      	ldr	r4, [r3, #4]
10004582:	2c00      	cmp	r4, #0
10004584:	d1bf      	bne.n	10004506 <async_context_base_execute_once+0x7e>
10004586:	9c00      	ldr	r4, [sp, #0]
10004588:	9d01      	ldr	r5, [sp, #4]
1000458a:	464e      	mov	r6, r9
1000458c:	e7d4      	b.n	10004538 <async_context_base_execute_once+0xb0>
1000458e:	46c0      	nop			@ (mov r8, r8)
10004590:	1000b868 	.word	0x1000b868

10004594 <async_context_base_needs_servicing>:
10004594:	b5f0      	push	{r4, r5, r6, r7, lr}
10004596:	46c6      	mov	lr, r8
10004598:	4680      	mov	r8, r0
1000459a:	b500      	push	{lr}
1000459c:	f7fd f842 	bl	10001624 <time_us_64>
100045a0:	4643      	mov	r3, r8
100045a2:	689b      	ldr	r3, [r3, #8]
100045a4:	0004      	movs	r4, r0
100045a6:	000d      	movs	r5, r1
100045a8:	2b00      	cmp	r3, #0
100045aa:	d00a      	beq.n	100045c2 <async_context_base_needs_servicing+0x2e>
100045ac:	6898      	ldr	r0, [r3, #8]
100045ae:	68d9      	ldr	r1, [r3, #12]
100045b0:	0026      	movs	r6, r4
100045b2:	002f      	movs	r7, r5
100045b4:	1a36      	subs	r6, r6, r0
100045b6:	418f      	sbcs	r7, r1
100045b8:	2f00      	cmp	r7, #0
100045ba:	da10      	bge.n	100045de <async_context_base_needs_servicing+0x4a>
100045bc:	681b      	ldr	r3, [r3, #0]
100045be:	2b00      	cmp	r3, #0
100045c0:	d1f4      	bne.n	100045ac <async_context_base_needs_servicing+0x18>
100045c2:	4643      	mov	r3, r8
100045c4:	685b      	ldr	r3, [r3, #4]
100045c6:	2b00      	cmp	r3, #0
100045c8:	d103      	bne.n	100045d2 <async_context_base_needs_servicing+0x3e>
100045ca:	e00a      	b.n	100045e2 <async_context_base_needs_servicing+0x4e>
100045cc:	681b      	ldr	r3, [r3, #0]
100045ce:	2b00      	cmp	r3, #0
100045d0:	d002      	beq.n	100045d8 <async_context_base_needs_servicing+0x44>
100045d2:	7a18      	ldrb	r0, [r3, #8]
100045d4:	2800      	cmp	r0, #0
100045d6:	d0f9      	beq.n	100045cc <async_context_base_needs_servicing+0x38>
100045d8:	bc80      	pop	{r7}
100045da:	46b8      	mov	r8, r7
100045dc:	bdf0      	pop	{r4, r5, r6, r7, pc}
100045de:	2001      	movs	r0, #1
100045e0:	e7fa      	b.n	100045d8 <async_context_base_needs_servicing+0x44>
100045e2:	2000      	movs	r0, #0
100045e4:	e7f8      	b.n	100045d8 <async_context_base_needs_servicing+0x44>
100045e6:	46c0      	nop			@ (mov r8, r8)

100045e8 <pvPortMalloc>:
100045e8:	b5f0      	push	{r4, r5, r6, r7, lr}
100045ea:	46c6      	mov	lr, r8
100045ec:	1e43      	subs	r3, r0, #1
100045ee:	b500      	push	{lr}
100045f0:	330a      	adds	r3, #10
100045f2:	d840      	bhi.n	10004676 <pvPortMalloc+0x8e>
100045f4:	2307      	movs	r3, #7
100045f6:	0004      	movs	r4, r0
100045f8:	001a      	movs	r2, r3
100045fa:	3408      	adds	r4, #8
100045fc:	4022      	ands	r2, r4
100045fe:	4223      	tst	r3, r4
10004600:	d146      	bne.n	10004690 <pvPortMalloc+0xa8>
10004602:	f001 fc35 	bl	10005e70 <vTaskSuspendAll>
10004606:	4a3c      	ldr	r2, [pc, #240]	@ (100046f8 <pvPortMalloc+0x110>)
10004608:	0027      	movs	r7, r4
1000460a:	6815      	ldr	r5, [r2, #0]
1000460c:	2d00      	cmp	r5, #0
1000460e:	d051      	beq.n	100046b4 <pvPortMalloc+0xcc>
10004610:	2c00      	cmp	r4, #0
10004612:	db36      	blt.n	10004682 <pvPortMalloc+0x9a>
10004614:	4e39      	ldr	r6, [pc, #228]	@ (100046fc <pvPortMalloc+0x114>)
10004616:	6833      	ldr	r3, [r6, #0]
10004618:	4698      	mov	r8, r3
1000461a:	42a3      	cmp	r3, r4
1000461c:	d331      	bcc.n	10004682 <pvPortMalloc+0x9a>
1000461e:	4838      	ldr	r0, [pc, #224]	@ (10004700 <pvPortMalloc+0x118>)
10004620:	6803      	ldr	r3, [r0, #0]
10004622:	e004      	b.n	1000462e <pvPortMalloc+0x46>
10004624:	681a      	ldr	r2, [r3, #0]
10004626:	2a00      	cmp	r2, #0
10004628:	d004      	beq.n	10004634 <pvPortMalloc+0x4c>
1000462a:	0018      	movs	r0, r3
1000462c:	0013      	movs	r3, r2
1000462e:	6859      	ldr	r1, [r3, #4]
10004630:	42a1      	cmp	r1, r4
10004632:	d3f7      	bcc.n	10004624 <pvPortMalloc+0x3c>
10004634:	42ab      	cmp	r3, r5
10004636:	d024      	beq.n	10004682 <pvPortMalloc+0x9a>
10004638:	001d      	movs	r5, r3
1000463a:	681a      	ldr	r2, [r3, #0]
1000463c:	3508      	adds	r5, #8
1000463e:	6002      	str	r2, [r0, #0]
10004640:	1b0f      	subs	r7, r1, r4
10004642:	2f10      	cmp	r7, #16
10004644:	d904      	bls.n	10004650 <pvPortMalloc+0x68>
10004646:	1919      	adds	r1, r3, r4
10004648:	604f      	str	r7, [r1, #4]
1000464a:	600a      	str	r2, [r1, #0]
1000464c:	6001      	str	r1, [r0, #0]
1000464e:	0021      	movs	r1, r4
10004650:	4642      	mov	r2, r8
10004652:	482c      	ldr	r0, [pc, #176]	@ (10004704 <pvPortMalloc+0x11c>)
10004654:	1a52      	subs	r2, r2, r1
10004656:	6804      	ldr	r4, [r0, #0]
10004658:	6032      	str	r2, [r6, #0]
1000465a:	42a2      	cmp	r2, r4
1000465c:	d200      	bcs.n	10004660 <pvPortMalloc+0x78>
1000465e:	6002      	str	r2, [r0, #0]
10004660:	2280      	movs	r2, #128	@ 0x80
10004662:	0612      	lsls	r2, r2, #24
10004664:	430a      	orrs	r2, r1
10004666:	605a      	str	r2, [r3, #4]
10004668:	2200      	movs	r2, #0
1000466a:	601a      	str	r2, [r3, #0]
1000466c:	4a26      	ldr	r2, [pc, #152]	@ (10004708 <pvPortMalloc+0x120>)
1000466e:	6813      	ldr	r3, [r2, #0]
10004670:	3301      	adds	r3, #1
10004672:	6013      	str	r3, [r2, #0]
10004674:	e006      	b.n	10004684 <pvPortMalloc+0x9c>
10004676:	f001 fbfb 	bl	10005e70 <vTaskSuspendAll>
1000467a:	4a1f      	ldr	r2, [pc, #124]	@ (100046f8 <pvPortMalloc+0x110>)
1000467c:	6813      	ldr	r3, [r2, #0]
1000467e:	2b00      	cmp	r3, #0
10004680:	d016      	beq.n	100046b0 <pvPortMalloc+0xc8>
10004682:	2500      	movs	r5, #0
10004684:	f001 fbfc 	bl	10005e80 <xTaskResumeAll>
10004688:	0028      	movs	r0, r5
1000468a:	bc80      	pop	{r7}
1000468c:	46b8      	mov	r8, r7
1000468e:	bdf0      	pop	{r4, r5, r6, r7, pc}
10004690:	0013      	movs	r3, r2
10004692:	3b09      	subs	r3, #9
10004694:	42a3      	cmp	r3, r4
10004696:	d3ee      	bcc.n	10004676 <pvPortMalloc+0x8e>
10004698:	3010      	adds	r0, #16
1000469a:	1a84      	subs	r4, r0, r2
1000469c:	f001 fbe8 	bl	10005e70 <vTaskSuspendAll>
100046a0:	4a15      	ldr	r2, [pc, #84]	@ (100046f8 <pvPortMalloc+0x110>)
100046a2:	0027      	movs	r7, r4
100046a4:	6815      	ldr	r5, [r2, #0]
100046a6:	2d00      	cmp	r5, #0
100046a8:	d004      	beq.n	100046b4 <pvPortMalloc+0xcc>
100046aa:	2f00      	cmp	r7, #0
100046ac:	dcb2      	bgt.n	10004614 <pvPortMalloc+0x2c>
100046ae:	e7e8      	b.n	10004682 <pvPortMalloc+0x9a>
100046b0:	2700      	movs	r7, #0
100046b2:	2400      	movs	r4, #0
100046b4:	2507      	movs	r5, #7
100046b6:	4915      	ldr	r1, [pc, #84]	@ (1000470c <pvPortMalloc+0x124>)
100046b8:	000b      	movs	r3, r1
100046ba:	0008      	movs	r0, r1
100046bc:	420d      	tst	r5, r1
100046be:	d002      	beq.n	100046c6 <pvPortMalloc+0xde>
100046c0:	1dcb      	adds	r3, r1, #7
100046c2:	43ab      	bics	r3, r5
100046c4:	0018      	movs	r0, r3
100046c6:	2500      	movs	r5, #0
100046c8:	4e0d      	ldr	r6, [pc, #52]	@ (10004700 <pvPortMalloc+0x118>)
100046ca:	46ac      	mov	ip, r5
100046cc:	6075      	str	r5, [r6, #4]
100046ce:	6030      	str	r0, [r6, #0]
100046d0:	2607      	movs	r6, #7
100046d2:	4d0f      	ldr	r5, [pc, #60]	@ (10004710 <pvPortMalloc+0x128>)
100046d4:	194d      	adds	r5, r1, r5
100046d6:	43b5      	bics	r5, r6
100046d8:	6015      	str	r5, [r2, #0]
100046da:	4662      	mov	r2, ip
100046dc:	606a      	str	r2, [r5, #4]
100046de:	602a      	str	r2, [r5, #0]
100046e0:	4a08      	ldr	r2, [pc, #32]	@ (10004704 <pvPortMalloc+0x11c>)
100046e2:	1aeb      	subs	r3, r5, r3
100046e4:	6013      	str	r3, [r2, #0]
100046e6:	4a05      	ldr	r2, [pc, #20]	@ (100046fc <pvPortMalloc+0x114>)
100046e8:	6043      	str	r3, [r0, #4]
100046ea:	6005      	str	r5, [r0, #0]
100046ec:	6013      	str	r3, [r2, #0]
100046ee:	2f00      	cmp	r7, #0
100046f0:	dd00      	ble.n	100046f4 <pvPortMalloc+0x10c>
100046f2:	e78f      	b.n	10004614 <pvPortMalloc+0x2c>
100046f4:	e7c5      	b.n	10004682 <pvPortMalloc+0x9a>
100046f6:	46c0      	nop			@ (mov r8, r8)
100046f8:	20001cbc 	.word	0x20001cbc
100046fc:	200220e0 	.word	0x200220e0
10004700:	2002211c 	.word	0x2002211c
10004704:	200220ec 	.word	0x200220ec
10004708:	200220f8 	.word	0x200220f8
1000470c:	2000206c 	.word	0x2000206c
10004710:	0001fff8 	.word	0x0001fff8

10004714 <vPortFree>:
10004714:	b570      	push	{r4, r5, r6, lr}
10004716:	2800      	cmp	r0, #0
10004718:	d004      	beq.n	10004724 <vPortFree+0x10>
1000471a:	3808      	subs	r0, #8
1000471c:	6843      	ldr	r3, [r0, #4]
1000471e:	0004      	movs	r4, r0
10004720:	2b00      	cmp	r3, #0
10004722:	db00      	blt.n	10004726 <vPortFree+0x12>
10004724:	bd70      	pop	{r4, r5, r6, pc}
10004726:	6802      	ldr	r2, [r0, #0]
10004728:	2a00      	cmp	r2, #0
1000472a:	d1fb      	bne.n	10004724 <vPortFree+0x10>
1000472c:	005b      	lsls	r3, r3, #1
1000472e:	085b      	lsrs	r3, r3, #1
10004730:	6043      	str	r3, [r0, #4]
10004732:	0006      	movs	r6, r0
10004734:	f001 fb9c 	bl	10005e70 <vTaskSuspendAll>
10004738:	4a19      	ldr	r2, [pc, #100]	@ (100047a0 <vPortFree+0x8c>)
1000473a:	6861      	ldr	r1, [r4, #4]
1000473c:	6813      	ldr	r3, [r2, #0]
1000473e:	185b      	adds	r3, r3, r1
10004740:	6013      	str	r3, [r2, #0]
10004742:	4b18      	ldr	r3, [pc, #96]	@ (100047a4 <vPortFree+0x90>)
10004744:	001a      	movs	r2, r3
10004746:	681b      	ldr	r3, [r3, #0]
10004748:	429c      	cmp	r4, r3
1000474a:	d8fb      	bhi.n	10004744 <vPortFree+0x30>
1000474c:	6850      	ldr	r0, [r2, #4]
1000474e:	1815      	adds	r5, r2, r0
10004750:	42ac      	cmp	r4, r5
10004752:	d00d      	beq.n	10004770 <vPortFree+0x5c>
10004754:	1860      	adds	r0, r4, r1
10004756:	4283      	cmp	r3, r0
10004758:	d01a      	beq.n	10004790 <vPortFree+0x7c>
1000475a:	6023      	str	r3, [r4, #0]
1000475c:	42b2      	cmp	r2, r6
1000475e:	d000      	beq.n	10004762 <vPortFree+0x4e>
10004760:	6016      	str	r6, [r2, #0]
10004762:	4a11      	ldr	r2, [pc, #68]	@ (100047a8 <vPortFree+0x94>)
10004764:	6813      	ldr	r3, [r2, #0]
10004766:	3301      	adds	r3, #1
10004768:	6013      	str	r3, [r2, #0]
1000476a:	f001 fb89 	bl	10005e80 <xTaskResumeAll>
1000476e:	e7d9      	b.n	10004724 <vPortFree+0x10>
10004770:	1809      	adds	r1, r1, r0
10004772:	1850      	adds	r0, r2, r1
10004774:	6051      	str	r1, [r2, #4]
10004776:	4283      	cmp	r3, r0
10004778:	d1f3      	bne.n	10004762 <vPortFree+0x4e>
1000477a:	480c      	ldr	r0, [pc, #48]	@ (100047ac <vPortFree+0x98>)
1000477c:	0016      	movs	r6, r2
1000477e:	6800      	ldr	r0, [r0, #0]
10004780:	4298      	cmp	r0, r3
10004782:	d00a      	beq.n	1000479a <vPortFree+0x86>
10004784:	6858      	ldr	r0, [r3, #4]
10004786:	681b      	ldr	r3, [r3, #0]
10004788:	1841      	adds	r1, r0, r1
1000478a:	6071      	str	r1, [r6, #4]
1000478c:	6033      	str	r3, [r6, #0]
1000478e:	e7e5      	b.n	1000475c <vPortFree+0x48>
10004790:	4806      	ldr	r0, [pc, #24]	@ (100047ac <vPortFree+0x98>)
10004792:	6800      	ldr	r0, [r0, #0]
10004794:	4283      	cmp	r3, r0
10004796:	d1f5      	bne.n	10004784 <vPortFree+0x70>
10004798:	e7df      	b.n	1000475a <vPortFree+0x46>
1000479a:	6013      	str	r3, [r2, #0]
1000479c:	e7e1      	b.n	10004762 <vPortFree+0x4e>
1000479e:	46c0      	nop			@ (mov r8, r8)
100047a0:	200220e0 	.word	0x200220e0
100047a4:	2002211c 	.word	0x2002211c
100047a8:	200220fc 	.word	0x200220fc
100047ac:	20001cbc 	.word	0x20001cbc

100047b0 <vPortSVCHandler>:
100047b0:	4770      	bx	lr
100047b2:	46c0      	nop			@ (mov r8, r8)
	...

100047c0 <vPortStartFirstTask>:
100047c0:	4a0b      	ldr	r2, [pc, #44]	@ (100047f0 <pxCurrentTCBConst1>)
100047c2:	6813      	ldr	r3, [r2, #0]
100047c4:	6818      	ldr	r0, [r3, #0]
100047c6:	3020      	adds	r0, #32
100047c8:	f380 8809 	msr	PSP, r0
100047cc:	2002      	movs	r0, #2
100047ce:	f380 8814 	msr	CONTROL, r0
100047d2:	f3bf 8f6f 	isb	sy
100047d6:	bc3f      	pop	{r0, r1, r2, r3, r4, r5}
100047d8:	46ae      	mov	lr, r5
100047da:	bc08      	pop	{r3}
100047dc:	bc04      	pop	{r2}
100047de:	b662      	cpsie	i
100047e0:	4718      	bx	r3
100047e2:	46c0      	nop			@ (mov r8, r8)
100047e4:	46c0      	nop			@ (mov r8, r8)
100047e6:	46c0      	nop			@ (mov r8, r8)
100047e8:	46c0      	nop			@ (mov r8, r8)
100047ea:	46c0      	nop			@ (mov r8, r8)
100047ec:	46c0      	nop			@ (mov r8, r8)
100047ee:	46c0      	nop			@ (mov r8, r8)

100047f0 <pxCurrentTCBConst1>:
100047f0:	20001cb0 	.word	0x20001cb0
	...

10004800 <xPortPendSVHandler>:
10004800:	f3ef 8009 	mrs	r0, PSP
10004804:	4b16      	ldr	r3, [pc, #88]	@ (10004860 <pxCurrentTCBConst2>)
10004806:	681a      	ldr	r2, [r3, #0]
10004808:	3820      	subs	r0, #32
1000480a:	6010      	str	r0, [r2, #0]
1000480c:	c0f0      	stmia	r0!, {r4, r5, r6, r7}
1000480e:	4644      	mov	r4, r8
10004810:	464d      	mov	r5, r9
10004812:	4656      	mov	r6, sl
10004814:	465f      	mov	r7, fp
10004816:	c0f0      	stmia	r0!, {r4, r5, r6, r7}
10004818:	220d      	movs	r2, #13
1000481a:	0712      	lsls	r2, r2, #28
1000481c:	6e14      	ldr	r4, [r2, #96]	@ 0x60
1000481e:	6e55      	ldr	r5, [r2, #100]	@ 0x64
10004820:	6f56      	ldr	r6, [r2, #116]	@ 0x74
10004822:	6f17      	ldr	r7, [r2, #112]	@ 0x70
10004824:	3830      	subs	r0, #48	@ 0x30
10004826:	c0f0      	stmia	r0!, {r4, r5, r6, r7}
10004828:	b508      	push	{r3, lr}
1000482a:	b672      	cpsid	i
1000482c:	f001 fc48 	bl	100060c0 <vTaskSwitchContext>
10004830:	b662      	cpsie	i
10004832:	bc0c      	pop	{r2, r3}
10004834:	6811      	ldr	r1, [r2, #0]
10004836:	6808      	ldr	r0, [r1, #0]
10004838:	3010      	adds	r0, #16
1000483a:	c8f0      	ldmia	r0!, {r4, r5, r6, r7}
1000483c:	46a0      	mov	r8, r4
1000483e:	46a9      	mov	r9, r5
10004840:	46b2      	mov	sl, r6
10004842:	46bb      	mov	fp, r7
10004844:	f380 8809 	msr	PSP, r0
10004848:	220d      	movs	r2, #13
1000484a:	0712      	lsls	r2, r2, #28
1000484c:	3830      	subs	r0, #48	@ 0x30
1000484e:	c8f0      	ldmia	r0!, {r4, r5, r6, r7}
10004850:	6614      	str	r4, [r2, #96]	@ 0x60
10004852:	6655      	str	r5, [r2, #100]	@ 0x64
10004854:	6756      	str	r6, [r2, #116]	@ 0x74
10004856:	6717      	str	r7, [r2, #112]	@ 0x70
10004858:	c8f0      	ldmia	r0!, {r4, r5, r6, r7}
1000485a:	4718      	bx	r3
1000485c:	46c0      	nop			@ (mov r8, r8)
1000485e:	46c0      	nop			@ (mov r8, r8)

10004860 <pxCurrentTCBConst2>:
10004860:	20001cb0 	.word	0x20001cb0

10004864 <prvFIFOInterruptHandler>:
10004864:	23d0      	movs	r3, #208	@ 0xd0
10004866:	b500      	push	{lr}
10004868:	061b      	lsls	r3, r3, #24
1000486a:	6d1a      	ldr	r2, [r3, #80]	@ 0x50
1000486c:	b083      	sub	sp, #12
1000486e:	07d2      	lsls	r2, r2, #31
10004870:	d504      	bpl.n	1000487c <prvFIFOInterruptHandler+0x18>
10004872:	2101      	movs	r1, #1
10004874:	6d9a      	ldr	r2, [r3, #88]	@ 0x58
10004876:	6d1a      	ldr	r2, [r3, #80]	@ 0x50
10004878:	4211      	tst	r1, r2
1000487a:	d1fb      	bne.n	10004874 <prvFIFOInterruptHandler+0x10>
1000487c:	23d0      	movs	r3, #208	@ 0xd0
1000487e:	22ff      	movs	r2, #255	@ 0xff
10004880:	061b      	lsls	r3, r3, #24
10004882:	651a      	str	r2, [r3, #80]	@ 0x50
10004884:	2300      	movs	r3, #0
10004886:	4a11      	ldr	r2, [pc, #68]	@ (100048cc <prvFIFOInterruptHandler+0x68>)
10004888:	9301      	str	r3, [sp, #4]
1000488a:	6811      	ldr	r1, [r2, #0]
1000488c:	f3ef 8c10 	mrs	ip, PRIMASK
10004890:	b672      	cpsid	i
10004892:	680b      	ldr	r3, [r1, #0]
10004894:	2b00      	cmp	r3, #0
10004896:	d0fc      	beq.n	10004892 <prvFIFOInterruptHandler+0x2e>
10004898:	f3bf 8f5f 	dmb	sy
1000489c:	2300      	movs	r3, #0
1000489e:	480c      	ldr	r0, [pc, #48]	@ (100048d0 <prvFIFOInterruptHandler+0x6c>)
100048a0:	6812      	ldr	r2, [r2, #0]
100048a2:	6801      	ldr	r1, [r0, #0]
100048a4:	6003      	str	r3, [r0, #0]
100048a6:	f3bf 8f5f 	dmb	sy
100048aa:	6013      	str	r3, [r2, #0]
100048ac:	f38c 8810 	msr	PRIMASK, ip
100048b0:	4b08      	ldr	r3, [pc, #32]	@ (100048d4 <prvFIFOInterruptHandler+0x70>)
100048b2:	aa01      	add	r2, sp, #4
100048b4:	6818      	ldr	r0, [r3, #0]
100048b6:	f000 fb05 	bl	10004ec4 <xEventGroupSetBitsFromISR>
100048ba:	9b01      	ldr	r3, [sp, #4]
100048bc:	2b00      	cmp	r3, #0
100048be:	d003      	beq.n	100048c8 <prvFIFOInterruptHandler+0x64>
100048c0:	2280      	movs	r2, #128	@ 0x80
100048c2:	4b05      	ldr	r3, [pc, #20]	@ (100048d8 <prvFIFOInterruptHandler+0x74>)
100048c4:	0552      	lsls	r2, r2, #21
100048c6:	601a      	str	r2, [r3, #0]
100048c8:	b003      	add	sp, #12
100048ca:	bd00      	pop	{pc}
100048cc:	20001cac 	.word	0x20001cac
100048d0:	20022074 	.word	0x20022074
100048d4:	200220dc 	.word	0x200220dc
100048d8:	e000ed04 	.word	0xe000ed04

100048dc <prvTaskExitError>:
100048dc:	b510      	push	{r4, lr}
100048de:	f7fb fe35 	bl	1000054c <panic_unsupported>
100048e2:	46c0      	nop			@ (mov r8, r8)

100048e4 <pxPortInitialiseStack>:
100048e4:	b510      	push	{r4, lr}
100048e6:	2480      	movs	r4, #128	@ 0x80
100048e8:	1f03      	subs	r3, r0, #4
100048ea:	0464      	lsls	r4, r4, #17
100048ec:	601c      	str	r4, [r3, #0]
100048ee:	3b04      	subs	r3, #4
100048f0:	6019      	str	r1, [r3, #0]
100048f2:	4903      	ldr	r1, [pc, #12]	@ (10004900 <pxPortInitialiseStack+0x1c>)
100048f4:	3b04      	subs	r3, #4
100048f6:	6019      	str	r1, [r3, #0]
100048f8:	3b14      	subs	r3, #20
100048fa:	3840      	subs	r0, #64	@ 0x40
100048fc:	601a      	str	r2, [r3, #0]
100048fe:	bd10      	pop	{r4, pc}
10004900:	100048dd 	.word	0x100048dd

10004904 <vPortYield>:
10004904:	2280      	movs	r2, #128	@ 0x80
10004906:	4b04      	ldr	r3, [pc, #16]	@ (10004918 <vPortYield+0x14>)
10004908:	0552      	lsls	r2, r2, #21
1000490a:	601a      	str	r2, [r3, #0]
1000490c:	f3bf 8f4f 	dsb	sy
10004910:	f3bf 8f6f 	isb	sy
10004914:	4770      	bx	lr
10004916:	46c0      	nop			@ (mov r8, r8)
10004918:	e000ed04 	.word	0xe000ed04

1000491c <vPortEnterCritical>:
1000491c:	b672      	cpsid	i
1000491e:	4a04      	ldr	r2, [pc, #16]	@ (10004930 <vPortEnterCritical+0x14>)
10004920:	6813      	ldr	r3, [r2, #0]
10004922:	3301      	adds	r3, #1
10004924:	6013      	str	r3, [r2, #0]
10004926:	f3bf 8f4f 	dsb	sy
1000492a:	f3bf 8f6f 	isb	sy
1000492e:	4770      	bx	lr
10004930:	20022070 	.word	0x20022070

10004934 <vPortExitCritical>:
10004934:	4a09      	ldr	r2, [pc, #36]	@ (1000495c <vPortExitCritical+0x28>)
10004936:	6813      	ldr	r3, [r2, #0]
10004938:	3b01      	subs	r3, #1
1000493a:	6013      	str	r3, [r2, #0]
1000493c:	2b00      	cmp	r3, #0
1000493e:	d10c      	bne.n	1000495a <vPortExitCritical+0x26>
10004940:	4907      	ldr	r1, [pc, #28]	@ (10004960 <vPortExitCritical+0x2c>)
10004942:	680a      	ldr	r2, [r1, #0]
10004944:	2a00      	cmp	r2, #0
10004946:	d007      	beq.n	10004958 <vPortExitCritical+0x24>
10004948:	600b      	str	r3, [r1, #0]
1000494a:	4906      	ldr	r1, [pc, #24]	@ (10004964 <vPortExitCritical+0x30>)
1000494c:	6809      	ldr	r1, [r1, #0]
1000494e:	f3bf 8f5f 	dmb	sy
10004952:	6013      	str	r3, [r2, #0]
10004954:	f381 8810 	msr	PRIMASK, r1
10004958:	b662      	cpsie	i
1000495a:	4770      	bx	lr
1000495c:	20022070 	.word	0x20022070
10004960:	20001f48 	.word	0x20001f48
10004964:	2002206c 	.word	0x2002206c

10004968 <ulSetInterruptMaskFromISR>:
10004968:	f3ef 8010 	mrs	r0, PRIMASK
1000496c:	b672      	cpsid	i
1000496e:	4770      	bx	lr

10004970 <vClearInterruptMaskFromISR>:
10004970:	f380 8810 	msr	PRIMASK, r0
10004974:	4770      	bx	lr
10004976:	46c0      	nop			@ (mov r8, r8)

10004978 <xPortSysTickHandler>:
10004978:	b510      	push	{r4, lr}
1000497a:	f7ff fff5 	bl	10004968 <ulSetInterruptMaskFromISR>
1000497e:	0004      	movs	r4, r0
10004980:	f001 fb8c 	bl	1000609c <xTaskIncrementTick>
10004984:	2800      	cmp	r0, #0
10004986:	d003      	beq.n	10004990 <xPortSysTickHandler+0x18>
10004988:	2280      	movs	r2, #128	@ 0x80
1000498a:	4b03      	ldr	r3, [pc, #12]	@ (10004998 <xPortSysTickHandler+0x20>)
1000498c:	0552      	lsls	r2, r2, #21
1000498e:	601a      	str	r2, [r3, #0]
10004990:	0020      	movs	r0, r4
10004992:	f7ff ffed 	bl	10004970 <vClearInterruptMaskFromISR>
10004996:	bd10      	pop	{r4, pc}
10004998:	e000ed04 	.word	0xe000ed04

1000499c <vPortSetupTimerInterrupt>:
1000499c:	2300      	movs	r3, #0
1000499e:	b510      	push	{r4, lr}
100049a0:	4a08      	ldr	r2, [pc, #32]	@ (100049c4 <vPortSetupTimerInterrupt+0x28>)
100049a2:	4c09      	ldr	r4, [pc, #36]	@ (100049c8 <vPortSetupTimerInterrupt+0x2c>)
100049a4:	2005      	movs	r0, #5
100049a6:	6023      	str	r3, [r4, #0]
100049a8:	6013      	str	r3, [r2, #0]
100049aa:	f7fc ffff 	bl	100019ac <clock_get_hz>
100049ae:	21fa      	movs	r1, #250	@ 0xfa
100049b0:	0089      	lsls	r1, r1, #2
100049b2:	f7fd fa0f 	bl	10001dd4 <__wrap___aeabi_uidiv>
100049b6:	4b05      	ldr	r3, [pc, #20]	@ (100049cc <vPortSetupTimerInterrupt+0x30>)
100049b8:	3801      	subs	r0, #1
100049ba:	6018      	str	r0, [r3, #0]
100049bc:	2307      	movs	r3, #7
100049be:	6023      	str	r3, [r4, #0]
100049c0:	bd10      	pop	{r4, pc}
100049c2:	46c0      	nop			@ (mov r8, r8)
100049c4:	e000e018 	.word	0xe000e018
100049c8:	e000e010 	.word	0xe000e010
100049cc:	e000e014 	.word	0xe000e014

100049d0 <xPortStartScheduler>:
100049d0:	22ff      	movs	r2, #255	@ 0xff
100049d2:	4b1f      	ldr	r3, [pc, #124]	@ (10004a50 <xPortStartScheduler+0x80>)
100049d4:	0412      	lsls	r2, r2, #16
100049d6:	6819      	ldr	r1, [r3, #0]
100049d8:	b510      	push	{r4, lr}
100049da:	430a      	orrs	r2, r1
100049dc:	601a      	str	r2, [r3, #0]
100049de:	22ff      	movs	r2, #255	@ 0xff
100049e0:	6819      	ldr	r1, [r3, #0]
100049e2:	0612      	lsls	r2, r2, #24
100049e4:	430a      	orrs	r2, r1
100049e6:	601a      	str	r2, [r3, #0]
100049e8:	491a      	ldr	r1, [pc, #104]	@ (10004a54 <xPortStartScheduler+0x84>)
100049ea:	200e      	movs	r0, #14
100049ec:	f002 f8dc 	bl	10006ba8 <exception_set_exclusive_handler>
100049f0:	4919      	ldr	r1, [pc, #100]	@ (10004a58 <xPortStartScheduler+0x88>)
100049f2:	200f      	movs	r0, #15
100049f4:	f002 f8d8 	bl	10006ba8 <exception_set_exclusive_handler>
100049f8:	4918      	ldr	r1, [pc, #96]	@ (10004a5c <xPortStartScheduler+0x8c>)
100049fa:	200b      	movs	r0, #11
100049fc:	f002 f8d4 	bl	10006ba8 <exception_set_exclusive_handler>
10004a00:	f7ff ffcc 	bl	1000499c <vPortSetupTimerInterrupt>
10004a04:	2200      	movs	r2, #0
10004a06:	4b16      	ldr	r3, [pc, #88]	@ (10004a60 <xPortStartScheduler+0x90>)
10004a08:	601a      	str	r2, [r3, #0]
10004a0a:	23d0      	movs	r3, #208	@ 0xd0
10004a0c:	061b      	lsls	r3, r3, #24
10004a0e:	4a15      	ldr	r2, [pc, #84]	@ (10004a64 <xPortStartScheduler+0x94>)
10004a10:	681c      	ldr	r4, [r3, #0]
10004a12:	7014      	strb	r4, [r2, #0]
10004a14:	22ff      	movs	r2, #255	@ 0xff
10004a16:	651a      	str	r2, [r3, #80]	@ 0x50
10004a18:	6d1a      	ldr	r2, [r3, #80]	@ 0x50
10004a1a:	07d2      	lsls	r2, r2, #31
10004a1c:	d504      	bpl.n	10004a28 <xPortStartScheduler+0x58>
10004a1e:	2101      	movs	r1, #1
10004a20:	6d9a      	ldr	r2, [r3, #88]	@ 0x58
10004a22:	6d1a      	ldr	r2, [r3, #80]	@ 0x50
10004a24:	4211      	tst	r1, r2
10004a26:	d1fb      	bne.n	10004a20 <xPortStartScheduler+0x50>
10004a28:	340f      	adds	r4, #15
10004a2a:	21ff      	movs	r1, #255	@ 0xff
10004a2c:	0020      	movs	r0, r4
10004a2e:	f7fc f871 	bl	10000b14 <irq_set_priority>
10004a32:	0020      	movs	r0, r4
10004a34:	490c      	ldr	r1, [pc, #48]	@ (10004a68 <xPortStartScheduler+0x98>)
10004a36:	f7fb fe89 	bl	1000074c <irq_set_exclusive_handler>
10004a3a:	2101      	movs	r1, #1
10004a3c:	0020      	movs	r0, r4
10004a3e:	f7fb fe6b 	bl	10000718 <irq_set_enabled>
10004a42:	f7ff febd 	bl	100047c0 <vPortStartFirstTask>
10004a46:	f001 fb3b 	bl	100060c0 <vTaskSwitchContext>
10004a4a:	f7fb fd7f 	bl	1000054c <panic_unsupported>
10004a4e:	46c0      	nop			@ (mov r8, r8)
10004a50:	e000ed20 	.word	0xe000ed20
10004a54:	10004801 	.word	0x10004801
10004a58:	10004979 	.word	0x10004979
10004a5c:	100047b1 	.word	0x100047b1
10004a60:	20022070 	.word	0x20022070
10004a64:	20000748 	.word	0x20000748
10004a68:	10004865 	.word	0x10004865

10004a6c <ulPortLockGetCurrentOwnerId>:
10004a6c:	23d0      	movs	r3, #208	@ 0xd0
10004a6e:	b510      	push	{r4, lr}
10004a70:	061b      	lsls	r3, r3, #24
10004a72:	6818      	ldr	r0, [r3, #0]
10004a74:	4b07      	ldr	r3, [pc, #28]	@ (10004a94 <ulPortLockGetCurrentOwnerId+0x28>)
10004a76:	781b      	ldrb	r3, [r3, #0]
10004a78:	4283      	cmp	r3, r0
10004a7a:	d000      	beq.n	10004a7e <ulPortLockGetCurrentOwnerId+0x12>
10004a7c:	bd10      	pop	{r4, pc}
10004a7e:	f3ef 8305 	mrs	r3, IPSR
10004a82:	2b00      	cmp	r3, #0
10004a84:	d002      	beq.n	10004a8c <ulPortLockGetCurrentOwnerId+0x20>
10004a86:	005b      	lsls	r3, r3, #1
10004a88:	18c0      	adds	r0, r0, r3
10004a8a:	e7f7      	b.n	10004a7c <ulPortLockGetCurrentOwnerId+0x10>
10004a8c:	f001 fd90 	bl	100065b0 <xTaskGetCurrentTaskHandle>
10004a90:	e7f4      	b.n	10004a7c <ulPortLockGetCurrentOwnerId+0x10>
10004a92:	46c0      	nop			@ (mov r8, r8)
10004a94:	20000748 	.word	0x20000748

10004a98 <vPortLockInternalSpinUnlockWithWait>:
10004a98:	b500      	push	{lr}
10004a9a:	4a13      	ldr	r2, [pc, #76]	@ (10004ae8 <vPortLockInternalSpinUnlockWithWait+0x50>)
10004a9c:	6803      	ldr	r3, [r0, #0]
10004a9e:	7810      	ldrb	r0, [r2, #0]
10004aa0:	22d0      	movs	r2, #208	@ 0xd0
10004aa2:	0612      	lsls	r2, r2, #24
10004aa4:	6812      	ldr	r2, [r2, #0]
10004aa6:	b083      	sub	sp, #12
10004aa8:	4290      	cmp	r0, r2
10004aaa:	d008      	beq.n	10004abe <vPortLockInternalSpinUnlockWithWait+0x26>
10004aac:	f3bf 8f5f 	dmb	sy
10004ab0:	2200      	movs	r2, #0
10004ab2:	601a      	str	r2, [r3, #0]
10004ab4:	f381 8810 	msr	PRIMASK, r1
10004ab8:	bf20      	wfe
10004aba:	b003      	add	sp, #12
10004abc:	bd00      	pop	{pc}
10004abe:	4a0b      	ldr	r2, [pc, #44]	@ (10004aec <vPortLockInternalSpinUnlockWithWait+0x54>)
10004ac0:	6013      	str	r3, [r2, #0]
10004ac2:	4a0b      	ldr	r2, [pc, #44]	@ (10004af0 <vPortLockInternalSpinUnlockWithWait+0x58>)
10004ac4:	6011      	str	r1, [r2, #0]
10004ac6:	2102      	movs	r1, #2
10004ac8:	4a0a      	ldr	r2, [pc, #40]	@ (10004af4 <vPortLockInternalSpinUnlockWithWait+0x5c>)
10004aca:	31ff      	adds	r1, #255	@ 0xff
10004acc:	189b      	adds	r3, r3, r2
10004ace:	109b      	asrs	r3, r3, #2
10004ad0:	4099      	lsls	r1, r3
10004ad2:	4b09      	ldr	r3, [pc, #36]	@ (10004af8 <vPortLockInternalSpinUnlockWithWait+0x60>)
10004ad4:	2201      	movs	r2, #1
10004ad6:	6818      	ldr	r0, [r3, #0]
10004ad8:	2301      	movs	r3, #1
10004ada:	425b      	negs	r3, r3
10004adc:	9300      	str	r3, [sp, #0]
10004ade:	0a09      	lsrs	r1, r1, #8
10004ae0:	2300      	movs	r3, #0
10004ae2:	f000 f94b 	bl	10004d7c <xEventGroupWaitBits>
10004ae6:	e7e8      	b.n	10004aba <vPortLockInternalSpinUnlockWithWait+0x22>
10004ae8:	20000748 	.word	0x20000748
10004aec:	20001f48 	.word	0x20001f48
10004af0:	2002206c 	.word	0x2002206c
10004af4:	2fffff00 	.word	0x2fffff00
10004af8:	200220dc 	.word	0x200220dc

10004afc <vPortLockInternalSpinUnlockWithNotify>:
10004afc:	4b2b      	ldr	r3, [pc, #172]	@ (10004bac <vPortLockInternalSpinUnlockWithNotify+0xb0>)
10004afe:	6802      	ldr	r2, [r0, #0]
10004b00:	b530      	push	{r4, r5, lr}
10004b02:	18d2      	adds	r2, r2, r3
10004b04:	2302      	movs	r3, #2
10004b06:	1092      	asrs	r2, r2, #2
10004b08:	33ff      	adds	r3, #255	@ 0xff
10004b0a:	4093      	lsls	r3, r2
10004b0c:	4a28      	ldr	r2, [pc, #160]	@ (10004bb0 <vPortLockInternalSpinUnlockWithNotify+0xb4>)
10004b0e:	b083      	sub	sp, #12
10004b10:	7814      	ldrb	r4, [r2, #0]
10004b12:	22d0      	movs	r2, #208	@ 0xd0
10004b14:	0612      	lsls	r2, r2, #24
10004b16:	6812      	ldr	r2, [r2, #0]
10004b18:	0a1b      	lsrs	r3, r3, #8
10004b1a:	4294      	cmp	r4, r2
10004b1c:	d021      	beq.n	10004b62 <vPortLockInternalSpinUnlockWithNotify+0x66>
10004b1e:	bf40      	sev
10004b20:	4c24      	ldr	r4, [pc, #144]	@ (10004bb4 <vPortLockInternalSpinUnlockWithNotify+0xb8>)
10004b22:	6802      	ldr	r2, [r0, #0]
10004b24:	6825      	ldr	r5, [r4, #0]
10004b26:	42aa      	cmp	r2, r5
10004b28:	d037      	beq.n	10004b9a <vPortLockInternalSpinUnlockWithNotify+0x9e>
10004b2a:	682a      	ldr	r2, [r5, #0]
10004b2c:	2a00      	cmp	r2, #0
10004b2e:	d0fc      	beq.n	10004b2a <vPortLockInternalSpinUnlockWithNotify+0x2e>
10004b30:	f3bf 8f5f 	dmb	sy
10004b34:	4a20      	ldr	r2, [pc, #128]	@ (10004bb8 <vPortLockInternalSpinUnlockWithNotify+0xbc>)
10004b36:	4694      	mov	ip, r2
10004b38:	6812      	ldr	r2, [r2, #0]
10004b3a:	431a      	orrs	r2, r3
10004b3c:	4663      	mov	r3, ip
10004b3e:	601a      	str	r2, [r3, #0]
10004b40:	6823      	ldr	r3, [r4, #0]
10004b42:	f3bf 8f5f 	dmb	sy
10004b46:	2200      	movs	r2, #0
10004b48:	601a      	str	r2, [r3, #0]
10004b4a:	6802      	ldr	r2, [r0, #0]
10004b4c:	20d0      	movs	r0, #208	@ 0xd0
10004b4e:	2300      	movs	r3, #0
10004b50:	0600      	lsls	r0, r0, #24
10004b52:	6543      	str	r3, [r0, #84]	@ 0x54
10004b54:	f3bf 8f5f 	dmb	sy
10004b58:	6013      	str	r3, [r2, #0]
10004b5a:	f381 8810 	msr	PRIMASK, r1
10004b5e:	b003      	add	sp, #12
10004b60:	bd30      	pop	{r4, r5, pc}
10004b62:	bf40      	sev
10004b64:	6802      	ldr	r2, [r0, #0]
10004b66:	f3bf 8f5f 	dmb	sy
10004b6a:	2400      	movs	r4, #0
10004b6c:	6014      	str	r4, [r2, #0]
10004b6e:	f381 8810 	msr	PRIMASK, r1
10004b72:	f3ef 8205 	mrs	r2, IPSR
10004b76:	4911      	ldr	r1, [pc, #68]	@ (10004bbc <vPortLockInternalSpinUnlockWithNotify+0xc0>)
10004b78:	b2d2      	uxtb	r2, r2
10004b7a:	6808      	ldr	r0, [r1, #0]
10004b7c:	2a00      	cmp	r2, #0
10004b7e:	d011      	beq.n	10004ba4 <vPortLockInternalSpinUnlockWithNotify+0xa8>
10004b80:	0019      	movs	r1, r3
10004b82:	aa01      	add	r2, sp, #4
10004b84:	9401      	str	r4, [sp, #4]
10004b86:	f000 f99d 	bl	10004ec4 <xEventGroupSetBitsFromISR>
10004b8a:	9b01      	ldr	r3, [sp, #4]
10004b8c:	2b00      	cmp	r3, #0
10004b8e:	d0e6      	beq.n	10004b5e <vPortLockInternalSpinUnlockWithNotify+0x62>
10004b90:	2280      	movs	r2, #128	@ 0x80
10004b92:	4b0b      	ldr	r3, [pc, #44]	@ (10004bc0 <vPortLockInternalSpinUnlockWithNotify+0xc4>)
10004b94:	0552      	lsls	r2, r2, #21
10004b96:	601a      	str	r2, [r3, #0]
10004b98:	e7e1      	b.n	10004b5e <vPortLockInternalSpinUnlockWithNotify+0x62>
10004b9a:	4c07      	ldr	r4, [pc, #28]	@ (10004bb8 <vPortLockInternalSpinUnlockWithNotify+0xbc>)
10004b9c:	6820      	ldr	r0, [r4, #0]
10004b9e:	4318      	orrs	r0, r3
10004ba0:	6020      	str	r0, [r4, #0]
10004ba2:	e7d3      	b.n	10004b4c <vPortLockInternalSpinUnlockWithNotify+0x50>
10004ba4:	0019      	movs	r1, r3
10004ba6:	f000 f945 	bl	10004e34 <xEventGroupSetBits>
10004baa:	e7d8      	b.n	10004b5e <vPortLockInternalSpinUnlockWithNotify+0x62>
10004bac:	2fffff00 	.word	0x2fffff00
10004bb0:	20000748 	.word	0x20000748
10004bb4:	20001cac 	.word	0x20001cac
10004bb8:	20022074 	.word	0x20022074
10004bbc:	200220dc 	.word	0x200220dc
10004bc0:	e000ed04 	.word	0xe000ed04

10004bc4 <xPortLockInternalSpinUnlockWithBestEffortWaitOrTimeout>:
10004bc4:	b5f0      	push	{r4, r5, r6, r7, lr}
10004bc6:	001d      	movs	r5, r3
10004bc8:	4b30      	ldr	r3, [pc, #192]	@ (10004c8c <xPortLockInternalSpinUnlockWithBestEffortWaitOrTimeout+0xc8>)
10004bca:	0014      	movs	r4, r2
10004bcc:	781a      	ldrb	r2, [r3, #0]
10004bce:	23d0      	movs	r3, #208	@ 0xd0
10004bd0:	061b      	lsls	r3, r3, #24
10004bd2:	681b      	ldr	r3, [r3, #0]
10004bd4:	0006      	movs	r6, r0
10004bd6:	000f      	movs	r7, r1
10004bd8:	b083      	sub	sp, #12
10004bda:	429a      	cmp	r2, r3
10004bdc:	d00c      	beq.n	10004bf8 <xPortLockInternalSpinUnlockWithBestEffortWaitOrTimeout+0x34>
10004bde:	6803      	ldr	r3, [r0, #0]
10004be0:	f3bf 8f5f 	dmb	sy
10004be4:	2200      	movs	r2, #0
10004be6:	601a      	str	r2, [r3, #0]
10004be8:	f381 8810 	msr	PRIMASK, r1
10004bec:	0020      	movs	r0, r4
10004bee:	0029      	movs	r1, r5
10004bf0:	f7fc fc54 	bl	1000149c <best_effort_wfe_or_timeout>
10004bf4:	b003      	add	sp, #12
10004bf6:	bdf0      	pop	{r4, r5, r6, r7, pc}
10004bf8:	f7fc fd14 	bl	10001624 <time_us_64>
10004bfc:	0022      	movs	r2, r4
10004bfe:	002b      	movs	r3, r5
10004c00:	1a12      	subs	r2, r2, r0
10004c02:	418b      	sbcs	r3, r1
10004c04:	0019      	movs	r1, r3
10004c06:	2301      	movs	r3, #1
10004c08:	0010      	movs	r0, r2
10004c0a:	4a21      	ldr	r2, [pc, #132]	@ (10004c90 <xPortLockInternalSpinUnlockWithBestEffortWaitOrTimeout+0xcc>)
10004c0c:	425b      	negs	r3, r3
10004c0e:	1880      	adds	r0, r0, r2
10004c10:	4159      	adcs	r1, r3
10004c12:	6836      	ldr	r6, [r6, #0]
10004c14:	2900      	cmp	r1, #0
10004c16:	dc1e      	bgt.n	10004c56 <xPortLockInternalSpinUnlockWithBestEffortWaitOrTimeout+0x92>
10004c18:	d019      	beq.n	10004c4e <xPortLockInternalSpinUnlockWithBestEffortWaitOrTimeout+0x8a>
10004c1a:	f3bf 8f5f 	dmb	sy
10004c1e:	2300      	movs	r3, #0
10004c20:	6033      	str	r3, [r6, #0]
10004c22:	f387 8810 	msr	PRIMASK, r7
10004c26:	4b1b      	ldr	r3, [pc, #108]	@ (10004c94 <xPortLockInternalSpinUnlockWithBestEffortWaitOrTimeout+0xd0>)
10004c28:	6a5a      	ldr	r2, [r3, #36]	@ 0x24
10004c2a:	4295      	cmp	r5, r2
10004c2c:	d805      	bhi.n	10004c3a <xPortLockInternalSpinUnlockWithBestEffortWaitOrTimeout+0x76>
10004c2e:	6a9b      	ldr	r3, [r3, #40]	@ 0x28
10004c30:	2001      	movs	r0, #1
10004c32:	42a3      	cmp	r3, r4
10004c34:	d2de      	bcs.n	10004bf4 <xPortLockInternalSpinUnlockWithBestEffortWaitOrTimeout+0x30>
10004c36:	4295      	cmp	r5, r2
10004c38:	d1dc      	bne.n	10004bf4 <xPortLockInternalSpinUnlockWithBestEffortWaitOrTimeout+0x30>
10004c3a:	2280      	movs	r2, #128	@ 0x80
10004c3c:	4b16      	ldr	r3, [pc, #88]	@ (10004c98 <xPortLockInternalSpinUnlockWithBestEffortWaitOrTimeout+0xd4>)
10004c3e:	0552      	lsls	r2, r2, #21
10004c40:	601a      	str	r2, [r3, #0]
10004c42:	f3bf 8f4f 	dsb	sy
10004c46:	f3bf 8f6f 	isb	sy
10004c4a:	2000      	movs	r0, #0
10004c4c:	e7d2      	b.n	10004bf4 <xPortLockInternalSpinUnlockWithBestEffortWaitOrTimeout+0x30>
10004c4e:	23fa      	movs	r3, #250	@ 0xfa
10004c50:	009b      	lsls	r3, r3, #2
10004c52:	4298      	cmp	r0, r3
10004c54:	d3e1      	bcc.n	10004c1a <xPortLockInternalSpinUnlockWithBestEffortWaitOrTimeout+0x56>
10004c56:	22fa      	movs	r2, #250	@ 0xfa
10004c58:	2300      	movs	r3, #0
10004c5a:	0092      	lsls	r2, r2, #2
10004c5c:	f7fd f8e0 	bl	10001e20 <__wrap___aeabi_ldivmod>
10004c60:	2800      	cmp	r0, #0
10004c62:	d0da      	beq.n	10004c1a <xPortLockInternalSpinUnlockWithBestEffortWaitOrTimeout+0x56>
10004c64:	2102      	movs	r1, #2
10004c66:	4b0d      	ldr	r3, [pc, #52]	@ (10004c9c <xPortLockInternalSpinUnlockWithBestEffortWaitOrTimeout+0xd8>)
10004c68:	31ff      	adds	r1, #255	@ 0xff
10004c6a:	601e      	str	r6, [r3, #0]
10004c6c:	4b0c      	ldr	r3, [pc, #48]	@ (10004ca0 <xPortLockInternalSpinUnlockWithBestEffortWaitOrTimeout+0xdc>)
10004c6e:	2201      	movs	r2, #1
10004c70:	601f      	str	r7, [r3, #0]
10004c72:	4b0c      	ldr	r3, [pc, #48]	@ (10004ca4 <xPortLockInternalSpinUnlockWithBestEffortWaitOrTimeout+0xe0>)
10004c74:	18f6      	adds	r6, r6, r3
10004c76:	10b6      	asrs	r6, r6, #2
10004c78:	40b1      	lsls	r1, r6
10004c7a:	4b0b      	ldr	r3, [pc, #44]	@ (10004ca8 <xPortLockInternalSpinUnlockWithBestEffortWaitOrTimeout+0xe4>)
10004c7c:	0a09      	lsrs	r1, r1, #8
10004c7e:	681e      	ldr	r6, [r3, #0]
10004c80:	9000      	str	r0, [sp, #0]
10004c82:	2300      	movs	r3, #0
10004c84:	0030      	movs	r0, r6
10004c86:	f000 f879 	bl	10004d7c <xEventGroupWaitBits>
10004c8a:	e7cc      	b.n	10004c26 <xPortLockInternalSpinUnlockWithBestEffortWaitOrTimeout+0x62>
10004c8c:	20000748 	.word	0x20000748
10004c90:	fffffc18 	.word	0xfffffc18
10004c94:	40054000 	.word	0x40054000
10004c98:	e000ed04 	.word	0xe000ed04
10004c9c:	20001f48 	.word	0x20001f48
10004ca0:	2002206c 	.word	0x2002206c
10004ca4:	2fffff00 	.word	0x2fffff00
10004ca8:	200220dc 	.word	0x200220dc

10004cac <prvRuntimeInitializer>:
10004cac:	b510      	push	{r4, lr}
10004cae:	f7fb fcf5 	bl	1000069c <next_striped_spin_lock_num>
10004cb2:	4a05      	ldr	r2, [pc, #20]	@ (10004cc8 <prvRuntimeInitializer+0x1c>)
10004cb4:	4b05      	ldr	r3, [pc, #20]	@ (10004ccc <prvRuntimeInitializer+0x20>)
10004cb6:	1880      	adds	r0, r0, r2
10004cb8:	0080      	lsls	r0, r0, #2
10004cba:	6018      	str	r0, [r3, #0]
10004cbc:	f000 f852 	bl	10004d64 <xEventGroupCreate>
10004cc0:	4b03      	ldr	r3, [pc, #12]	@ (10004cd0 <prvRuntimeInitializer+0x24>)
10004cc2:	6018      	str	r0, [r3, #0]
10004cc4:	bd10      	pop	{r4, pc}
10004cc6:	46c0      	nop			@ (mov r8, r8)
10004cc8:	34000040 	.word	0x34000040
10004ccc:	20001cac 	.word	0x20001cac
10004cd0:	200220dc 	.word	0x200220dc

10004cd4 <vEventGroupSetBitsCallback>:
10004cd4:	b5f0      	push	{r4, r5, r6, r7, lr}
10004cd6:	46d6      	mov	lr, sl
10004cd8:	464f      	mov	r7, r9
10004cda:	4646      	mov	r6, r8
10004cdc:	b5c0      	push	{r6, r7, lr}
10004cde:	0006      	movs	r6, r0
10004ce0:	000f      	movs	r7, r1
10004ce2:	0005      	movs	r5, r0
10004ce4:	f001 f8c4 	bl	10005e70 <vTaskSuspendAll>
10004ce8:	6833      	ldr	r3, [r6, #0]
10004cea:	6934      	ldr	r4, [r6, #16]
10004cec:	0019      	movs	r1, r3
10004cee:	350c      	adds	r5, #12
10004cf0:	4339      	orrs	r1, r7
10004cf2:	468c      	mov	ip, r1
10004cf4:	6031      	str	r1, [r6, #0]
10004cf6:	42a5      	cmp	r5, r4
10004cf8:	d02b      	beq.n	10004d52 <vEventGroupSetBitsCallback+0x7e>
10004cfa:	2300      	movs	r3, #0
10004cfc:	469a      	mov	sl, r3
10004cfe:	2380      	movs	r3, #128	@ 0x80
10004d00:	04db      	lsls	r3, r3, #19
10004d02:	4699      	mov	r9, r3
10004d04:	e013      	b.n	10004d2e <vEventGroupSetBitsCallback+0x5a>
10004d06:	4647      	mov	r7, r8
10004d08:	2f00      	cmp	r7, #0
10004d0a:	d00d      	beq.n	10004d28 <vEventGroupSetBitsCallback+0x54>
10004d0c:	2780      	movs	r7, #128	@ 0x80
10004d0e:	047f      	lsls	r7, r7, #17
10004d10:	423a      	tst	r2, r7
10004d12:	d002      	beq.n	10004d1a <vEventGroupSetBitsCallback+0x46>
10004d14:	4652      	mov	r2, sl
10004d16:	431a      	orrs	r2, r3
10004d18:	4692      	mov	sl, r2
10004d1a:	2380      	movs	r3, #128	@ 0x80
10004d1c:	049b      	lsls	r3, r3, #18
10004d1e:	4319      	orrs	r1, r3
10004d20:	f001 fbae 	bl	10006480 <vTaskRemoveFromUnorderedEventList>
10004d24:	6833      	ldr	r3, [r6, #0]
10004d26:	469c      	mov	ip, r3
10004d28:	4661      	mov	r1, ip
10004d2a:	42a5      	cmp	r5, r4
10004d2c:	d00f      	beq.n	10004d4e <vEventGroupSetBitsCallback+0x7a>
10004d2e:	0020      	movs	r0, r4
10004d30:	000f      	movs	r7, r1
10004d32:	6802      	ldr	r2, [r0, #0]
10004d34:	6864      	ldr	r4, [r4, #4]
10004d36:	0213      	lsls	r3, r2, #8
10004d38:	0a1b      	lsrs	r3, r3, #8
10004d3a:	401f      	ands	r7, r3
10004d3c:	46b8      	mov	r8, r7
10004d3e:	464f      	mov	r7, r9
10004d40:	423a      	tst	r2, r7
10004d42:	d0e0      	beq.n	10004d06 <vEventGroupSetBitsCallback+0x32>
10004d44:	4543      	cmp	r3, r8
10004d46:	d0e1      	beq.n	10004d0c <vEventGroupSetBitsCallback+0x38>
10004d48:	4661      	mov	r1, ip
10004d4a:	42a5      	cmp	r5, r4
10004d4c:	d1ef      	bne.n	10004d2e <vEventGroupSetBitsCallback+0x5a>
10004d4e:	4653      	mov	r3, sl
10004d50:	4399      	bics	r1, r3
10004d52:	6031      	str	r1, [r6, #0]
10004d54:	f001 f894 	bl	10005e80 <xTaskResumeAll>
10004d58:	bce0      	pop	{r5, r6, r7}
10004d5a:	46ba      	mov	sl, r7
10004d5c:	46b1      	mov	r9, r6
10004d5e:	46a8      	mov	r8, r5
10004d60:	bdf0      	pop	{r4, r5, r6, r7, pc}
10004d62:	46c0      	nop			@ (mov r8, r8)

10004d64 <xEventGroupCreate>:
10004d64:	b510      	push	{r4, lr}
10004d66:	201c      	movs	r0, #28
10004d68:	f7ff fc3e 	bl	100045e8 <pvPortMalloc>
10004d6c:	1e04      	subs	r4, r0, #0
10004d6e:	d003      	beq.n	10004d78 <xEventGroupCreate+0x14>
10004d70:	2300      	movs	r3, #0
10004d72:	c008      	stmia	r0!, {r3}
10004d74:	f000 f8b2 	bl	10004edc <vListInitialise>
10004d78:	0020      	movs	r0, r4
10004d7a:	bd10      	pop	{r4, pc}

10004d7c <xEventGroupWaitBits>:
10004d7c:	b5f0      	push	{r4, r5, r6, r7, lr}
10004d7e:	46c6      	mov	lr, r8
10004d80:	000d      	movs	r5, r1
10004d82:	0006      	movs	r6, r0
10004d84:	b500      	push	{lr}
10004d86:	001f      	movs	r7, r3
10004d88:	4690      	mov	r8, r2
10004d8a:	f001 f871 	bl	10005e70 <vTaskSuspendAll>
10004d8e:	002b      	movs	r3, r5
10004d90:	6834      	ldr	r4, [r6, #0]
10004d92:	4023      	ands	r3, r4
10004d94:	2f00      	cmp	r7, #0
10004d96:	d10d      	bne.n	10004db4 <xEventGroupWaitBits+0x38>
10004d98:	2b00      	cmp	r3, #0
10004d9a:	d028      	beq.n	10004dee <xEventGroupWaitBits+0x72>
10004d9c:	4643      	mov	r3, r8
10004d9e:	2b00      	cmp	r3, #0
10004da0:	d028      	beq.n	10004df4 <xEventGroupWaitBits+0x78>
10004da2:	0023      	movs	r3, r4
10004da4:	43ab      	bics	r3, r5
10004da6:	6033      	str	r3, [r6, #0]
10004da8:	f001 f86a 	bl	10005e80 <xTaskResumeAll>
10004dac:	0020      	movs	r0, r4
10004dae:	bc80      	pop	{r7}
10004db0:	46b8      	mov	r8, r7
10004db2:	bdf0      	pop	{r4, r5, r6, r7, pc}
10004db4:	429d      	cmp	r5, r3
10004db6:	d0f1      	beq.n	10004d9c <xEventGroupWaitBits+0x20>
10004db8:	9b06      	ldr	r3, [sp, #24]
10004dba:	2b00      	cmp	r3, #0
10004dbc:	d01a      	beq.n	10004df4 <xEventGroupWaitBits+0x78>
10004dbe:	4643      	mov	r3, r8
10004dc0:	2180      	movs	r1, #128	@ 0x80
10004dc2:	1e5a      	subs	r2, r3, #1
10004dc4:	4193      	sbcs	r3, r2
10004dc6:	04c9      	lsls	r1, r1, #19
10004dc8:	061b      	lsls	r3, r3, #24
10004dca:	4319      	orrs	r1, r3
10004dcc:	9a06      	ldr	r2, [sp, #24]
10004dce:	4329      	orrs	r1, r5
10004dd0:	1d30      	adds	r0, r6, #4
10004dd2:	f001 fa07 	bl	100061e4 <vTaskPlaceOnUnorderedEventList>
10004dd6:	f001 f853 	bl	10005e80 <xTaskResumeAll>
10004dda:	2800      	cmp	r0, #0
10004ddc:	d024      	beq.n	10004e28 <xEventGroupWaitBits+0xac>
10004dde:	f001 fca9 	bl	10006734 <uxTaskResetEventItemValue>
10004de2:	0004      	movs	r4, r0
10004de4:	0183      	lsls	r3, r0, #6
10004de6:	d50d      	bpl.n	10004e04 <xEventGroupWaitBits+0x88>
10004de8:	0224      	lsls	r4, r4, #8
10004dea:	0a24      	lsrs	r4, r4, #8
10004dec:	e7de      	b.n	10004dac <xEventGroupWaitBits+0x30>
10004dee:	9b06      	ldr	r3, [sp, #24]
10004df0:	2b00      	cmp	r3, #0
10004df2:	d102      	bne.n	10004dfa <xEventGroupWaitBits+0x7e>
10004df4:	f001 f844 	bl	10005e80 <xTaskResumeAll>
10004df8:	e7d8      	b.n	10004dac <xEventGroupWaitBits+0x30>
10004dfa:	4641      	mov	r1, r8
10004dfc:	1e4b      	subs	r3, r1, #1
10004dfe:	4199      	sbcs	r1, r3
10004e00:	0609      	lsls	r1, r1, #24
10004e02:	e7e3      	b.n	10004dcc <xEventGroupWaitBits+0x50>
10004e04:	f7ff fd8a 	bl	1000491c <vPortEnterCritical>
10004e08:	6834      	ldr	r4, [r6, #0]
10004e0a:	0023      	movs	r3, r4
10004e0c:	402b      	ands	r3, r5
10004e0e:	2f00      	cmp	r7, #0
10004e10:	d10d      	bne.n	10004e2e <xEventGroupWaitBits+0xb2>
10004e12:	2b00      	cmp	r3, #0
10004e14:	d005      	beq.n	10004e22 <xEventGroupWaitBits+0xa6>
10004e16:	4643      	mov	r3, r8
10004e18:	2b00      	cmp	r3, #0
10004e1a:	d002      	beq.n	10004e22 <xEventGroupWaitBits+0xa6>
10004e1c:	0023      	movs	r3, r4
10004e1e:	43ab      	bics	r3, r5
10004e20:	6033      	str	r3, [r6, #0]
10004e22:	f7ff fd87 	bl	10004934 <vPortExitCritical>
10004e26:	e7df      	b.n	10004de8 <xEventGroupWaitBits+0x6c>
10004e28:	f7ff fd6c 	bl	10004904 <vPortYield>
10004e2c:	e7d7      	b.n	10004dde <xEventGroupWaitBits+0x62>
10004e2e:	429d      	cmp	r5, r3
10004e30:	d1f7      	bne.n	10004e22 <xEventGroupWaitBits+0xa6>
10004e32:	e7f0      	b.n	10004e16 <xEventGroupWaitBits+0x9a>

10004e34 <xEventGroupSetBits>:
10004e34:	b5f0      	push	{r4, r5, r6, r7, lr}
10004e36:	46d6      	mov	lr, sl
10004e38:	464f      	mov	r7, r9
10004e3a:	4646      	mov	r6, r8
10004e3c:	0005      	movs	r5, r0
10004e3e:	b5c0      	push	{r6, r7, lr}
10004e40:	000f      	movs	r7, r1
10004e42:	0006      	movs	r6, r0
10004e44:	f001 f814 	bl	10005e70 <vTaskSuspendAll>
10004e48:	682b      	ldr	r3, [r5, #0]
10004e4a:	692c      	ldr	r4, [r5, #16]
10004e4c:	0019      	movs	r1, r3
10004e4e:	360c      	adds	r6, #12
10004e50:	4339      	orrs	r1, r7
10004e52:	468c      	mov	ip, r1
10004e54:	6029      	str	r1, [r5, #0]
10004e56:	42a6      	cmp	r6, r4
10004e58:	d02b      	beq.n	10004eb2 <xEventGroupSetBits+0x7e>
10004e5a:	2300      	movs	r3, #0
10004e5c:	469a      	mov	sl, r3
10004e5e:	2380      	movs	r3, #128	@ 0x80
10004e60:	04db      	lsls	r3, r3, #19
10004e62:	4699      	mov	r9, r3
10004e64:	e013      	b.n	10004e8e <xEventGroupSetBits+0x5a>
10004e66:	4647      	mov	r7, r8
10004e68:	2f00      	cmp	r7, #0
10004e6a:	d00d      	beq.n	10004e88 <xEventGroupSetBits+0x54>
10004e6c:	2780      	movs	r7, #128	@ 0x80
10004e6e:	047f      	lsls	r7, r7, #17
10004e70:	423a      	tst	r2, r7
10004e72:	d002      	beq.n	10004e7a <xEventGroupSetBits+0x46>
10004e74:	4652      	mov	r2, sl
10004e76:	431a      	orrs	r2, r3
10004e78:	4692      	mov	sl, r2
10004e7a:	2380      	movs	r3, #128	@ 0x80
10004e7c:	049b      	lsls	r3, r3, #18
10004e7e:	4319      	orrs	r1, r3
10004e80:	f001 fafe 	bl	10006480 <vTaskRemoveFromUnorderedEventList>
10004e84:	682b      	ldr	r3, [r5, #0]
10004e86:	469c      	mov	ip, r3
10004e88:	4661      	mov	r1, ip
10004e8a:	42a6      	cmp	r6, r4
10004e8c:	d00f      	beq.n	10004eae <xEventGroupSetBits+0x7a>
10004e8e:	0020      	movs	r0, r4
10004e90:	000f      	movs	r7, r1
10004e92:	6802      	ldr	r2, [r0, #0]
10004e94:	6864      	ldr	r4, [r4, #4]
10004e96:	0213      	lsls	r3, r2, #8
10004e98:	0a1b      	lsrs	r3, r3, #8
10004e9a:	401f      	ands	r7, r3
10004e9c:	46b8      	mov	r8, r7
10004e9e:	464f      	mov	r7, r9
10004ea0:	423a      	tst	r2, r7
10004ea2:	d0e0      	beq.n	10004e66 <xEventGroupSetBits+0x32>
10004ea4:	4543      	cmp	r3, r8
10004ea6:	d0e1      	beq.n	10004e6c <xEventGroupSetBits+0x38>
10004ea8:	4661      	mov	r1, ip
10004eaa:	42a6      	cmp	r6, r4
10004eac:	d1ef      	bne.n	10004e8e <xEventGroupSetBits+0x5a>
10004eae:	4653      	mov	r3, sl
10004eb0:	4399      	bics	r1, r3
10004eb2:	6029      	str	r1, [r5, #0]
10004eb4:	f000 ffe4 	bl	10005e80 <xTaskResumeAll>
10004eb8:	6828      	ldr	r0, [r5, #0]
10004eba:	bce0      	pop	{r5, r6, r7}
10004ebc:	46ba      	mov	sl, r7
10004ebe:	46b1      	mov	r9, r6
10004ec0:	46a8      	mov	r8, r5
10004ec2:	bdf0      	pop	{r4, r5, r6, r7, pc}

10004ec4 <xEventGroupSetBitsFromISR>:
10004ec4:	4684      	mov	ip, r0
10004ec6:	b510      	push	{r4, lr}
10004ec8:	0013      	movs	r3, r2
10004eca:	000a      	movs	r2, r1
10004ecc:	4802      	ldr	r0, [pc, #8]	@ (10004ed8 <xEventGroupSetBitsFromISR+0x14>)
10004ece:	4661      	mov	r1, ip
10004ed0:	f001 fe54 	bl	10006b7c <xTimerPendFunctionCallFromISR>
10004ed4:	bd10      	pop	{r4, pc}
10004ed6:	46c0      	nop			@ (mov r8, r8)
10004ed8:	10004cd5 	.word	0x10004cd5

10004edc <vListInitialise>:
10004edc:	0003      	movs	r3, r0
10004ede:	3308      	adds	r3, #8
10004ee0:	2201      	movs	r2, #1
10004ee2:	6043      	str	r3, [r0, #4]
10004ee4:	60c3      	str	r3, [r0, #12]
10004ee6:	6103      	str	r3, [r0, #16]
10004ee8:	2300      	movs	r3, #0
10004eea:	4252      	negs	r2, r2
10004eec:	6082      	str	r2, [r0, #8]
10004eee:	6003      	str	r3, [r0, #0]
10004ef0:	4770      	bx	lr
10004ef2:	46c0      	nop			@ (mov r8, r8)

10004ef4 <vListInitialiseItem>:
10004ef4:	2300      	movs	r3, #0
10004ef6:	6103      	str	r3, [r0, #16]
10004ef8:	4770      	bx	lr
10004efa:	46c0      	nop			@ (mov r8, r8)

10004efc <vListInsert>:
10004efc:	b530      	push	{r4, r5, lr}
10004efe:	0005      	movs	r5, r0
10004f00:	002b      	movs	r3, r5
10004f02:	6808      	ldr	r0, [r1, #0]
10004f04:	000c      	movs	r4, r1
10004f06:	3308      	adds	r3, #8
10004f08:	1c42      	adds	r2, r0, #1
10004f0a:	d00d      	beq.n	10004f28 <vListInsert+0x2c>
10004f0c:	0019      	movs	r1, r3
10004f0e:	685b      	ldr	r3, [r3, #4]
10004f10:	681a      	ldr	r2, [r3, #0]
10004f12:	4282      	cmp	r2, r0
10004f14:	d9fa      	bls.n	10004f0c <vListInsert+0x10>
10004f16:	6063      	str	r3, [r4, #4]
10004f18:	609c      	str	r4, [r3, #8]
10004f1a:	682b      	ldr	r3, [r5, #0]
10004f1c:	60a1      	str	r1, [r4, #8]
10004f1e:	3301      	adds	r3, #1
10004f20:	604c      	str	r4, [r1, #4]
10004f22:	6125      	str	r5, [r4, #16]
10004f24:	602b      	str	r3, [r5, #0]
10004f26:	bd30      	pop	{r4, r5, pc}
10004f28:	6929      	ldr	r1, [r5, #16]
10004f2a:	684b      	ldr	r3, [r1, #4]
10004f2c:	e7f3      	b.n	10004f16 <vListInsert+0x1a>
10004f2e:	46c0      	nop			@ (mov r8, r8)

10004f30 <uxListRemove>:
10004f30:	6903      	ldr	r3, [r0, #16]
10004f32:	6841      	ldr	r1, [r0, #4]
10004f34:	6882      	ldr	r2, [r0, #8]
10004f36:	608a      	str	r2, [r1, #8]
10004f38:	6051      	str	r1, [r2, #4]
10004f3a:	6859      	ldr	r1, [r3, #4]
10004f3c:	4281      	cmp	r1, r0
10004f3e:	d005      	beq.n	10004f4c <uxListRemove+0x1c>
10004f40:	2200      	movs	r2, #0
10004f42:	6102      	str	r2, [r0, #16]
10004f44:	6818      	ldr	r0, [r3, #0]
10004f46:	3801      	subs	r0, #1
10004f48:	6018      	str	r0, [r3, #0]
10004f4a:	4770      	bx	lr
10004f4c:	605a      	str	r2, [r3, #4]
10004f4e:	e7f7      	b.n	10004f40 <uxListRemove+0x10>

10004f50 <prvUnlockQueue>:
10004f50:	b5f0      	push	{r4, r5, r6, r7, lr}
10004f52:	46de      	mov	lr, fp
10004f54:	464e      	mov	r6, r9
10004f56:	4657      	mov	r7, sl
10004f58:	4645      	mov	r5, r8
10004f5a:	b5e0      	push	{r5, r6, r7, lr}
10004f5c:	b083      	sub	sp, #12
10004f5e:	0006      	movs	r6, r0
10004f60:	f7ff fcdc 	bl	1000491c <vPortEnterCritical>
10004f64:	2345      	movs	r3, #69	@ 0x45
10004f66:	5cf4      	ldrb	r4, [r6, r3]
10004f68:	b264      	sxtb	r4, r4
10004f6a:	2c00      	cmp	r4, #0
10004f6c:	dd1e      	ble.n	10004fac <prvUnlockQueue+0x5c>
10004f6e:	3b21      	subs	r3, #33	@ 0x21
10004f70:	469c      	mov	ip, r3
10004f72:	44b4      	add	ip, r6
10004f74:	46e0      	mov	r8, ip
10004f76:	e008      	b.n	10004f8a <prvUnlockQueue+0x3a>
10004f78:	6baa      	ldr	r2, [r5, #56]	@ 0x38
10004f7a:	6beb      	ldr	r3, [r5, #60]	@ 0x3c
10004f7c:	9601      	str	r6, [sp, #4]
10004f7e:	429a      	cmp	r2, r3
10004f80:	d341      	bcc.n	10005006 <prvUnlockQueue+0xb6>
10004f82:	3c01      	subs	r4, #1
10004f84:	b2e4      	uxtb	r4, r4
10004f86:	2c00      	cmp	r4, #0
10004f88:	d010      	beq.n	10004fac <prvUnlockQueue+0x5c>
10004f8a:	6cb5      	ldr	r5, [r6, #72]	@ 0x48
10004f8c:	2d00      	cmp	r5, #0
10004f8e:	d1f3      	bne.n	10004f78 <prvUnlockQueue+0x28>
10004f90:	6a73      	ldr	r3, [r6, #36]	@ 0x24
10004f92:	2b00      	cmp	r3, #0
10004f94:	d00a      	beq.n	10004fac <prvUnlockQueue+0x5c>
10004f96:	4640      	mov	r0, r8
10004f98:	f001 fa04 	bl	100063a4 <xTaskRemoveFromEventList>
10004f9c:	2800      	cmp	r0, #0
10004f9e:	d0f0      	beq.n	10004f82 <prvUnlockQueue+0x32>
10004fa0:	f001 fb00 	bl	100065a4 <vTaskMissedYield>
10004fa4:	3c01      	subs	r4, #1
10004fa6:	b2e4      	uxtb	r4, r4
10004fa8:	2c00      	cmp	r4, #0
10004faa:	d1ee      	bne.n	10004f8a <prvUnlockQueue+0x3a>
10004fac:	2345      	movs	r3, #69	@ 0x45
10004fae:	22ff      	movs	r2, #255	@ 0xff
10004fb0:	54f2      	strb	r2, [r6, r3]
10004fb2:	f7ff fcbf 	bl	10004934 <vPortExitCritical>
10004fb6:	f7ff fcb1 	bl	1000491c <vPortEnterCritical>
10004fba:	2344      	movs	r3, #68	@ 0x44
10004fbc:	0035      	movs	r5, r6
10004fbe:	5cf4      	ldrb	r4, [r6, r3]
10004fc0:	3510      	adds	r5, #16
10004fc2:	b264      	sxtb	r4, r4
10004fc4:	2c00      	cmp	r4, #0
10004fc6:	dc04      	bgt.n	10004fd2 <prvUnlockQueue+0x82>
10004fc8:	e011      	b.n	10004fee <prvUnlockQueue+0x9e>
10004fca:	3c01      	subs	r4, #1
10004fcc:	b2e4      	uxtb	r4, r4
10004fce:	2c00      	cmp	r4, #0
10004fd0:	d00d      	beq.n	10004fee <prvUnlockQueue+0x9e>
10004fd2:	6933      	ldr	r3, [r6, #16]
10004fd4:	2b00      	cmp	r3, #0
10004fd6:	d00a      	beq.n	10004fee <prvUnlockQueue+0x9e>
10004fd8:	0028      	movs	r0, r5
10004fda:	f001 f9e3 	bl	100063a4 <xTaskRemoveFromEventList>
10004fde:	2800      	cmp	r0, #0
10004fe0:	d0f3      	beq.n	10004fca <prvUnlockQueue+0x7a>
10004fe2:	3c01      	subs	r4, #1
10004fe4:	b2e4      	uxtb	r4, r4
10004fe6:	f001 fadd 	bl	100065a4 <vTaskMissedYield>
10004fea:	2c00      	cmp	r4, #0
10004fec:	d1f1      	bne.n	10004fd2 <prvUnlockQueue+0x82>
10004fee:	2344      	movs	r3, #68	@ 0x44
10004ff0:	22ff      	movs	r2, #255	@ 0xff
10004ff2:	54f2      	strb	r2, [r6, r3]
10004ff4:	f7ff fc9e 	bl	10004934 <vPortExitCritical>
10004ff8:	b003      	add	sp, #12
10004ffa:	bcf0      	pop	{r4, r5, r6, r7}
10004ffc:	46bb      	mov	fp, r7
10004ffe:	46b2      	mov	sl, r6
10005000:	46a9      	mov	r9, r5
10005002:	46a0      	mov	r8, r4
10005004:	bdf0      	pop	{r4, r5, r6, r7, pc}
10005006:	2345      	movs	r3, #69	@ 0x45
10005008:	5cef      	ldrb	r7, [r5, r3]
1000500a:	6bab      	ldr	r3, [r5, #56]	@ 0x38
1000500c:	6c2a      	ldr	r2, [r5, #64]	@ 0x40
1000500e:	3301      	adds	r3, #1
10005010:	4699      	mov	r9, r3
10005012:	b27f      	sxtb	r7, r7
10005014:	2a00      	cmp	r2, #0
10005016:	d112      	bne.n	1000503e <prvUnlockQueue+0xee>
10005018:	682a      	ldr	r2, [r5, #0]
1000501a:	4692      	mov	sl, r2
1000501c:	2a00      	cmp	r2, #0
1000501e:	d02a      	beq.n	10005076 <prvUnlockQueue+0x126>
10005020:	63ab      	str	r3, [r5, #56]	@ 0x38
10005022:	1c7b      	adds	r3, r7, #1
10005024:	d11c      	bne.n	10005060 <prvUnlockQueue+0x110>
10005026:	6a6b      	ldr	r3, [r5, #36]	@ 0x24
10005028:	2b00      	cmp	r3, #0
1000502a:	d0aa      	beq.n	10004f82 <prvUnlockQueue+0x32>
1000502c:	0028      	movs	r0, r5
1000502e:	3024      	adds	r0, #36	@ 0x24
10005030:	f001 f9b8 	bl	100063a4 <xTaskRemoveFromEventList>
10005034:	2800      	cmp	r0, #0
10005036:	d0a4      	beq.n	10004f82 <prvUnlockQueue+0x32>
10005038:	f001 fab4 	bl	100065a4 <vTaskMissedYield>
1000503c:	e7b2      	b.n	10004fa4 <prvUnlockQueue+0x54>
1000503e:	6868      	ldr	r0, [r5, #4]
10005040:	a901      	add	r1, sp, #4
10005042:	f7fd faef 	bl	10002624 <__wrap___aeabi_memcpy>
10005046:	686b      	ldr	r3, [r5, #4]
10005048:	6c2a      	ldr	r2, [r5, #64]	@ 0x40
1000504a:	189b      	adds	r3, r3, r2
1000504c:	68aa      	ldr	r2, [r5, #8]
1000504e:	606b      	str	r3, [r5, #4]
10005050:	4293      	cmp	r3, r2
10005052:	d30e      	bcc.n	10005072 <prvUnlockQueue+0x122>
10005054:	682b      	ldr	r3, [r5, #0]
10005056:	606b      	str	r3, [r5, #4]
10005058:	464b      	mov	r3, r9
1000505a:	63ab      	str	r3, [r5, #56]	@ 0x38
1000505c:	1c7b      	adds	r3, r7, #1
1000505e:	d0e2      	beq.n	10005026 <prvUnlockQueue+0xd6>
10005060:	f001 f816 	bl	10006090 <uxTaskGetNumberOfTasks>
10005064:	42b8      	cmp	r0, r7
10005066:	d800      	bhi.n	1000506a <prvUnlockQueue+0x11a>
10005068:	e78b      	b.n	10004f82 <prvUnlockQueue+0x32>
1000506a:	2345      	movs	r3, #69	@ 0x45
1000506c:	3701      	adds	r7, #1
1000506e:	54ef      	strb	r7, [r5, r3]
10005070:	e787      	b.n	10004f82 <prvUnlockQueue+0x32>
10005072:	464b      	mov	r3, r9
10005074:	e7d4      	b.n	10005020 <prvUnlockQueue+0xd0>
10005076:	68a8      	ldr	r0, [r5, #8]
10005078:	f001 faea 	bl	10006650 <xTaskPriorityDisinherit>
1000507c:	4653      	mov	r3, sl
1000507e:	60ab      	str	r3, [r5, #8]
10005080:	464b      	mov	r3, r9
10005082:	4683      	mov	fp, r0
10005084:	63ab      	str	r3, [r5, #56]	@ 0x38
10005086:	1c7b      	adds	r3, r7, #1
10005088:	d109      	bne.n	1000509e <prvUnlockQueue+0x14e>
1000508a:	6a6b      	ldr	r3, [r5, #36]	@ 0x24
1000508c:	2b00      	cmp	r3, #0
1000508e:	d10e      	bne.n	100050ae <prvUnlockQueue+0x15e>
10005090:	465b      	mov	r3, fp
10005092:	2b00      	cmp	r3, #0
10005094:	d100      	bne.n	10005098 <prvUnlockQueue+0x148>
10005096:	e774      	b.n	10004f82 <prvUnlockQueue+0x32>
10005098:	f001 fa84 	bl	100065a4 <vTaskMissedYield>
1000509c:	e782      	b.n	10004fa4 <prvUnlockQueue+0x54>
1000509e:	f000 fff7 	bl	10006090 <uxTaskGetNumberOfTasks>
100050a2:	42b8      	cmp	r0, r7
100050a4:	d9f4      	bls.n	10005090 <prvUnlockQueue+0x140>
100050a6:	2345      	movs	r3, #69	@ 0x45
100050a8:	3701      	adds	r7, #1
100050aa:	54ef      	strb	r7, [r5, r3]
100050ac:	e7f0      	b.n	10005090 <prvUnlockQueue+0x140>
100050ae:	0028      	movs	r0, r5
100050b0:	3024      	adds	r0, #36	@ 0x24
100050b2:	f001 f977 	bl	100063a4 <xTaskRemoveFromEventList>
100050b6:	2800      	cmp	r0, #0
100050b8:	d000      	beq.n	100050bc <prvUnlockQueue+0x16c>
100050ba:	e771      	b.n	10004fa0 <prvUnlockQueue+0x50>
100050bc:	e7e8      	b.n	10005090 <prvUnlockQueue+0x140>
100050be:	46c0      	nop			@ (mov r8, r8)

100050c0 <prvNotifyQueueSetContainer>:
100050c0:	b5f0      	push	{r4, r5, r6, r7, lr}
100050c2:	46c6      	mov	lr, r8
100050c4:	b500      	push	{lr}
100050c6:	6c84      	ldr	r4, [r0, #72]	@ 0x48
100050c8:	b082      	sub	sp, #8
100050ca:	6ba2      	ldr	r2, [r4, #56]	@ 0x38
100050cc:	6be3      	ldr	r3, [r4, #60]	@ 0x3c
100050ce:	2500      	movs	r5, #0
100050d0:	9001      	str	r0, [sp, #4]
100050d2:	429a      	cmp	r2, r3
100050d4:	d304      	bcc.n	100050e0 <prvNotifyQueueSetContainer+0x20>
100050d6:	0028      	movs	r0, r5
100050d8:	b002      	add	sp, #8
100050da:	bc80      	pop	{r7}
100050dc:	46b8      	mov	r8, r7
100050de:	bdf0      	pop	{r4, r5, r6, r7, pc}
100050e0:	2345      	movs	r3, #69	@ 0x45
100050e2:	5ce3      	ldrb	r3, [r4, r3]
100050e4:	6c22      	ldr	r2, [r4, #64]	@ 0x40
100050e6:	b25e      	sxtb	r6, r3
100050e8:	6ba3      	ldr	r3, [r4, #56]	@ 0x38
100050ea:	001f      	movs	r7, r3
100050ec:	2a00      	cmp	r2, #0
100050ee:	d01c      	beq.n	1000512a <prvNotifyQueueSetContainer+0x6a>
100050f0:	6860      	ldr	r0, [r4, #4]
100050f2:	a901      	add	r1, sp, #4
100050f4:	f7fd fa96 	bl	10002624 <__wrap___aeabi_memcpy>
100050f8:	6863      	ldr	r3, [r4, #4]
100050fa:	6c22      	ldr	r2, [r4, #64]	@ 0x40
100050fc:	189b      	adds	r3, r3, r2
100050fe:	68a2      	ldr	r2, [r4, #8]
10005100:	6063      	str	r3, [r4, #4]
10005102:	4293      	cmp	r3, r2
10005104:	d301      	bcc.n	1000510a <prvNotifyQueueSetContainer+0x4a>
10005106:	6823      	ldr	r3, [r4, #0]
10005108:	6063      	str	r3, [r4, #4]
1000510a:	2500      	movs	r5, #0
1000510c:	1c7b      	adds	r3, r7, #1
1000510e:	63a3      	str	r3, [r4, #56]	@ 0x38
10005110:	1c73      	adds	r3, r6, #1
10005112:	d115      	bne.n	10005140 <prvNotifyQueueSetContainer+0x80>
10005114:	6a63      	ldr	r3, [r4, #36]	@ 0x24
10005116:	2b00      	cmp	r3, #0
10005118:	d0dd      	beq.n	100050d6 <prvNotifyQueueSetContainer+0x16>
1000511a:	0020      	movs	r0, r4
1000511c:	3024      	adds	r0, #36	@ 0x24
1000511e:	f001 f941 	bl	100063a4 <xTaskRemoveFromEventList>
10005122:	2800      	cmp	r0, #0
10005124:	d0d7      	beq.n	100050d6 <prvNotifyQueueSetContainer+0x16>
10005126:	2501      	movs	r5, #1
10005128:	e7d5      	b.n	100050d6 <prvNotifyQueueSetContainer+0x16>
1000512a:	6823      	ldr	r3, [r4, #0]
1000512c:	4698      	mov	r8, r3
1000512e:	2b00      	cmp	r3, #0
10005130:	d1eb      	bne.n	1000510a <prvNotifyQueueSetContainer+0x4a>
10005132:	68a0      	ldr	r0, [r4, #8]
10005134:	f001 fa8c 	bl	10006650 <xTaskPriorityDisinherit>
10005138:	4643      	mov	r3, r8
1000513a:	0005      	movs	r5, r0
1000513c:	60a3      	str	r3, [r4, #8]
1000513e:	e7e5      	b.n	1000510c <prvNotifyQueueSetContainer+0x4c>
10005140:	f000 ffa6 	bl	10006090 <uxTaskGetNumberOfTasks>
10005144:	4286      	cmp	r6, r0
10005146:	d2c6      	bcs.n	100050d6 <prvNotifyQueueSetContainer+0x16>
10005148:	2245      	movs	r2, #69	@ 0x45
1000514a:	1c73      	adds	r3, r6, #1
1000514c:	54a3      	strb	r3, [r4, r2]
1000514e:	e7c2      	b.n	100050d6 <prvNotifyQueueSetContainer+0x16>

10005150 <xQueueGenericCreate>:
10005150:	b5f8      	push	{r3, r4, r5, r6, r7, lr}
10005152:	0005      	movs	r5, r0
10005154:	000e      	movs	r6, r1
10005156:	0017      	movs	r7, r2
10005158:	2800      	cmp	r0, #0
1000515a:	d041      	beq.n	100051e0 <xQueueGenericCreate+0x90>
1000515c:	0c03      	lsrs	r3, r0, #16
1000515e:	0c0a      	lsrs	r2, r1, #16
10005160:	2b00      	cmp	r3, #0
10005162:	d142      	bne.n	100051ea <xQueueGenericCreate+0x9a>
10005164:	2a00      	cmp	r2, #0
10005166:	d130      	bne.n	100051ca <xQueueGenericCreate+0x7a>
10005168:	0030      	movs	r0, r6
1000516a:	4368      	muls	r0, r5
1000516c:	0003      	movs	r3, r0
1000516e:	3355      	adds	r3, #85	@ 0x55
10005170:	d836      	bhi.n	100051e0 <xQueueGenericCreate+0x90>
10005172:	3054      	adds	r0, #84	@ 0x54
10005174:	f7ff fa38 	bl	100045e8 <pvPortMalloc>
10005178:	1e04      	subs	r4, r0, #0
1000517a:	d031      	beq.n	100051e0 <xQueueGenericCreate+0x90>
1000517c:	0003      	movs	r3, r0
1000517e:	2e00      	cmp	r6, #0
10005180:	d131      	bne.n	100051e6 <xQueueGenericCreate+0x96>
10005182:	6023      	str	r3, [r4, #0]
10005184:	63e5      	str	r5, [r4, #60]	@ 0x3c
10005186:	6426      	str	r6, [r4, #64]	@ 0x40
10005188:	f7ff fbc8 	bl	1000491c <vPortEnterCritical>
1000518c:	6c21      	ldr	r1, [r4, #64]	@ 0x40
1000518e:	6be3      	ldr	r3, [r4, #60]	@ 0x3c
10005190:	6822      	ldr	r2, [r4, #0]
10005192:	434b      	muls	r3, r1
10005194:	18d0      	adds	r0, r2, r3
10005196:	1a5b      	subs	r3, r3, r1
10005198:	6062      	str	r2, [r4, #4]
1000519a:	18d2      	adds	r2, r2, r3
1000519c:	60e2      	str	r2, [r4, #12]
1000519e:	23ff      	movs	r3, #255	@ 0xff
100051a0:	2500      	movs	r5, #0
100051a2:	2244      	movs	r2, #68	@ 0x44
100051a4:	60a0      	str	r0, [r4, #8]
100051a6:	0020      	movs	r0, r4
100051a8:	63a5      	str	r5, [r4, #56]	@ 0x38
100051aa:	54a3      	strb	r3, [r4, r2]
100051ac:	3201      	adds	r2, #1
100051ae:	54a3      	strb	r3, [r4, r2]
100051b0:	3010      	adds	r0, #16
100051b2:	f7ff fe93 	bl	10004edc <vListInitialise>
100051b6:	0020      	movs	r0, r4
100051b8:	3024      	adds	r0, #36	@ 0x24
100051ba:	f7ff fe8f 	bl	10004edc <vListInitialise>
100051be:	f7ff fbb9 	bl	10004934 <vPortExitCritical>
100051c2:	2350      	movs	r3, #80	@ 0x50
100051c4:	54e7      	strb	r7, [r4, r3]
100051c6:	64a5      	str	r5, [r4, #72]	@ 0x48
100051c8:	e00b      	b.n	100051e2 <xQueueGenericCreate+0x92>
100051ca:	1c13      	adds	r3, r2, #0
100051cc:	b2a9      	uxth	r1, r5
100051ce:	b2b2      	uxth	r2, r6
100051d0:	434a      	muls	r2, r1
100051d2:	b280      	uxth	r0, r0
100051d4:	b29b      	uxth	r3, r3
100051d6:	4343      	muls	r3, r0
100051d8:	0c12      	lsrs	r2, r2, #16
100051da:	189b      	adds	r3, r3, r2
100051dc:	0c1b      	lsrs	r3, r3, #16
100051de:	d0c3      	beq.n	10005168 <xQueueGenericCreate+0x18>
100051e0:	2400      	movs	r4, #0
100051e2:	0020      	movs	r0, r4
100051e4:	bdf8      	pop	{r3, r4, r5, r6, r7, pc}
100051e6:	3354      	adds	r3, #84	@ 0x54
100051e8:	e7cb      	b.n	10005182 <xQueueGenericCreate+0x32>
100051ea:	2a00      	cmp	r2, #0
100051ec:	d1f8      	bne.n	100051e0 <xQueueGenericCreate+0x90>
100051ee:	1c08      	adds	r0, r1, #0
100051f0:	e7ec      	b.n	100051cc <xQueueGenericCreate+0x7c>
100051f2:	46c0      	nop			@ (mov r8, r8)

100051f4 <xQueueCreateCountingSemaphore>:
100051f4:	b570      	push	{r4, r5, r6, lr}
100051f6:	0006      	movs	r6, r0
100051f8:	000d      	movs	r5, r1
100051fa:	2400      	movs	r4, #0
100051fc:	2800      	cmp	r0, #0
100051fe:	d02b      	beq.n	10005258 <xQueueCreateCountingSemaphore+0x64>
10005200:	4288      	cmp	r0, r1
10005202:	d329      	bcc.n	10005258 <xQueueCreateCountingSemaphore+0x64>
10005204:	2054      	movs	r0, #84	@ 0x54
10005206:	f7ff f9ef 	bl	100045e8 <pvPortMalloc>
1000520a:	1e04      	subs	r4, r0, #0
1000520c:	d024      	beq.n	10005258 <xQueueCreateCountingSemaphore+0x64>
1000520e:	63c6      	str	r6, [r0, #60]	@ 0x3c
10005210:	2600      	movs	r6, #0
10005212:	6000      	str	r0, [r0, #0]
10005214:	6406      	str	r6, [r0, #64]	@ 0x40
10005216:	f7ff fb81 	bl	1000491c <vPortEnterCritical>
1000521a:	6c21      	ldr	r1, [r4, #64]	@ 0x40
1000521c:	6be3      	ldr	r3, [r4, #60]	@ 0x3c
1000521e:	6822      	ldr	r2, [r4, #0]
10005220:	434b      	muls	r3, r1
10005222:	18d0      	adds	r0, r2, r3
10005224:	1a5b      	subs	r3, r3, r1
10005226:	6062      	str	r2, [r4, #4]
10005228:	18d2      	adds	r2, r2, r3
1000522a:	60e2      	str	r2, [r4, #12]
1000522c:	23ff      	movs	r3, #255	@ 0xff
1000522e:	2244      	movs	r2, #68	@ 0x44
10005230:	60a0      	str	r0, [r4, #8]
10005232:	0020      	movs	r0, r4
10005234:	63a6      	str	r6, [r4, #56]	@ 0x38
10005236:	54a3      	strb	r3, [r4, r2]
10005238:	3201      	adds	r2, #1
1000523a:	54a3      	strb	r3, [r4, r2]
1000523c:	3010      	adds	r0, #16
1000523e:	f7ff fe4d 	bl	10004edc <vListInitialise>
10005242:	0020      	movs	r0, r4
10005244:	3024      	adds	r0, #36	@ 0x24
10005246:	f7ff fe49 	bl	10004edc <vListInitialise>
1000524a:	f7ff fb73 	bl	10004934 <vPortExitCritical>
1000524e:	2350      	movs	r3, #80	@ 0x50
10005250:	2202      	movs	r2, #2
10005252:	54e2      	strb	r2, [r4, r3]
10005254:	64a6      	str	r6, [r4, #72]	@ 0x48
10005256:	63a5      	str	r5, [r4, #56]	@ 0x38
10005258:	0020      	movs	r0, r4
1000525a:	bd70      	pop	{r4, r5, r6, pc}

1000525c <xQueueGenericSend>:
1000525c:	b5f0      	push	{r4, r5, r6, r7, lr}
1000525e:	46ce      	mov	lr, r9
10005260:	4647      	mov	r7, r8
10005262:	b580      	push	{r7, lr}
10005264:	b085      	sub	sp, #20
10005266:	0004      	movs	r4, r0
10005268:	4688      	mov	r8, r1
1000526a:	4699      	mov	r9, r3
1000526c:	9201      	str	r2, [sp, #4]
1000526e:	2b02      	cmp	r3, #2
10005270:	d100      	bne.n	10005274 <xQueueGenericSend+0x18>
10005272:	e09d      	b.n	100053b0 <xQueueGenericSend+0x154>
10005274:	f7ff fb52 	bl	1000491c <vPortEnterCritical>
10005278:	6ba3      	ldr	r3, [r4, #56]	@ 0x38
1000527a:	6be2      	ldr	r2, [r4, #60]	@ 0x3c
1000527c:	2700      	movs	r7, #0
1000527e:	2544      	movs	r5, #68	@ 0x44
10005280:	2600      	movs	r6, #0
10005282:	429a      	cmp	r2, r3
10005284:	d832      	bhi.n	100052ec <xQueueGenericSend+0x90>
10005286:	9b01      	ldr	r3, [sp, #4]
10005288:	2b00      	cmp	r3, #0
1000528a:	d064      	beq.n	10005356 <xQueueGenericSend+0xfa>
1000528c:	2f00      	cmp	r7, #0
1000528e:	d05e      	beq.n	1000534e <xQueueGenericSend+0xf2>
10005290:	f7ff fb50 	bl	10004934 <vPortExitCritical>
10005294:	f000 fdec 	bl	10005e70 <vTaskSuspendAll>
10005298:	f7ff fb40 	bl	1000491c <vPortEnterCritical>
1000529c:	5d63      	ldrb	r3, [r4, r5]
1000529e:	b25b      	sxtb	r3, r3
100052a0:	3301      	adds	r3, #1
100052a2:	d100      	bne.n	100052a6 <xQueueGenericSend+0x4a>
100052a4:	5566      	strb	r6, [r4, r5]
100052a6:	2245      	movs	r2, #69	@ 0x45
100052a8:	5ca3      	ldrb	r3, [r4, r2]
100052aa:	b25b      	sxtb	r3, r3
100052ac:	3301      	adds	r3, #1
100052ae:	d100      	bne.n	100052b2 <xQueueGenericSend+0x56>
100052b0:	54a6      	strb	r6, [r4, r2]
100052b2:	f7ff fb3f 	bl	10004934 <vPortExitCritical>
100052b6:	a901      	add	r1, sp, #4
100052b8:	a802      	add	r0, sp, #8
100052ba:	f001 f93b 	bl	10006534 <xTaskCheckForTimeOut>
100052be:	2800      	cmp	r0, #0
100052c0:	d000      	beq.n	100052c4 <xQueueGenericSend+0x68>
100052c2:	e06f      	b.n	100053a4 <xQueueGenericSend+0x148>
100052c4:	f7ff fb2a 	bl	1000491c <vPortEnterCritical>
100052c8:	6ba2      	ldr	r2, [r4, #56]	@ 0x38
100052ca:	6be3      	ldr	r3, [r4, #60]	@ 0x3c
100052cc:	429a      	cmp	r2, r3
100052ce:	d02c      	beq.n	1000532a <xQueueGenericSend+0xce>
100052d0:	f7ff fb30 	bl	10004934 <vPortExitCritical>
100052d4:	0020      	movs	r0, r4
100052d6:	f7ff fe3b 	bl	10004f50 <prvUnlockQueue>
100052da:	f000 fdd1 	bl	10005e80 <xTaskResumeAll>
100052de:	2701      	movs	r7, #1
100052e0:	f7ff fb1c 	bl	1000491c <vPortEnterCritical>
100052e4:	6ba3      	ldr	r3, [r4, #56]	@ 0x38
100052e6:	6be2      	ldr	r2, [r4, #60]	@ 0x3c
100052e8:	429a      	cmp	r2, r3
100052ea:	d9cc      	bls.n	10005286 <xQueueGenericSend+0x2a>
100052ec:	6c22      	ldr	r2, [r4, #64]	@ 0x40
100052ee:	6ba6      	ldr	r6, [r4, #56]	@ 0x38
100052f0:	6ba5      	ldr	r5, [r4, #56]	@ 0x38
100052f2:	2a00      	cmp	r2, #0
100052f4:	d137      	bne.n	10005366 <xQueueGenericSend+0x10a>
100052f6:	6823      	ldr	r3, [r4, #0]
100052f8:	2000      	movs	r0, #0
100052fa:	4698      	mov	r8, r3
100052fc:	2b00      	cmp	r3, #0
100052fe:	d100      	bne.n	10005302 <xQueueGenericSend+0xa6>
10005300:	e082      	b.n	10005408 <xQueueGenericSend+0x1ac>
10005302:	6ca3      	ldr	r3, [r4, #72]	@ 0x48
10005304:	3501      	adds	r5, #1
10005306:	63a5      	str	r5, [r4, #56]	@ 0x38
10005308:	2b00      	cmp	r3, #0
1000530a:	d100      	bne.n	1000530e <xQueueGenericSend+0xb2>
1000530c:	e06f      	b.n	100053ee <xQueueGenericSend+0x192>
1000530e:	464b      	mov	r3, r9
10005310:	2b02      	cmp	r3, #2
10005312:	d101      	bne.n	10005318 <xQueueGenericSend+0xbc>
10005314:	2e00      	cmp	r6, #0
10005316:	d104      	bne.n	10005322 <xQueueGenericSend+0xc6>
10005318:	0020      	movs	r0, r4
1000531a:	f7ff fed1 	bl	100050c0 <prvNotifyQueueSetContainer>
1000531e:	2800      	cmp	r0, #0
10005320:	d13d      	bne.n	1000539e <xQueueGenericSend+0x142>
10005322:	f7ff fb07 	bl	10004934 <vPortExitCritical>
10005326:	2001      	movs	r0, #1
10005328:	e018      	b.n	1000535c <xQueueGenericSend+0x100>
1000532a:	f7ff fb03 	bl	10004934 <vPortExitCritical>
1000532e:	0020      	movs	r0, r4
10005330:	9901      	ldr	r1, [sp, #4]
10005332:	3010      	adds	r0, #16
10005334:	f000 ff06 	bl	10006144 <vTaskPlaceOnEventList>
10005338:	0020      	movs	r0, r4
1000533a:	f7ff fe09 	bl	10004f50 <prvUnlockQueue>
1000533e:	f000 fd9f 	bl	10005e80 <xTaskResumeAll>
10005342:	2800      	cmp	r0, #0
10005344:	d1cb      	bne.n	100052de <xQueueGenericSend+0x82>
10005346:	f7ff fadd 	bl	10004904 <vPortYield>
1000534a:	2701      	movs	r7, #1
1000534c:	e7c8      	b.n	100052e0 <xQueueGenericSend+0x84>
1000534e:	a802      	add	r0, sp, #8
10005350:	f001 f8e4 	bl	1000651c <vTaskInternalSetTimeOutState>
10005354:	e79c      	b.n	10005290 <xQueueGenericSend+0x34>
10005356:	f7ff faed 	bl	10004934 <vPortExitCritical>
1000535a:	2000      	movs	r0, #0
1000535c:	b005      	add	sp, #20
1000535e:	bcc0      	pop	{r6, r7}
10005360:	46b9      	mov	r9, r7
10005362:	46b0      	mov	r8, r6
10005364:	bdf0      	pop	{r4, r5, r6, r7, pc}
10005366:	464b      	mov	r3, r9
10005368:	2b00      	cmp	r3, #0
1000536a:	d129      	bne.n	100053c0 <xQueueGenericSend+0x164>
1000536c:	4641      	mov	r1, r8
1000536e:	6860      	ldr	r0, [r4, #4]
10005370:	f7fd f958 	bl	10002624 <__wrap___aeabi_memcpy>
10005374:	6863      	ldr	r3, [r4, #4]
10005376:	6c22      	ldr	r2, [r4, #64]	@ 0x40
10005378:	6ca1      	ldr	r1, [r4, #72]	@ 0x48
1000537a:	189b      	adds	r3, r3, r2
1000537c:	68a2      	ldr	r2, [r4, #8]
1000537e:	6063      	str	r3, [r4, #4]
10005380:	3501      	adds	r5, #1
10005382:	4293      	cmp	r3, r2
10005384:	d239      	bcs.n	100053fa <xQueueGenericSend+0x19e>
10005386:	63a5      	str	r5, [r4, #56]	@ 0x38
10005388:	2900      	cmp	r1, #0
1000538a:	d1c5      	bne.n	10005318 <xQueueGenericSend+0xbc>
1000538c:	6a63      	ldr	r3, [r4, #36]	@ 0x24
1000538e:	2b00      	cmp	r3, #0
10005390:	d0c7      	beq.n	10005322 <xQueueGenericSend+0xc6>
10005392:	0020      	movs	r0, r4
10005394:	3024      	adds	r0, #36	@ 0x24
10005396:	f001 f805 	bl	100063a4 <xTaskRemoveFromEventList>
1000539a:	2800      	cmp	r0, #0
1000539c:	d0c1      	beq.n	10005322 <xQueueGenericSend+0xc6>
1000539e:	f7ff fab1 	bl	10004904 <vPortYield>
100053a2:	e7be      	b.n	10005322 <xQueueGenericSend+0xc6>
100053a4:	0020      	movs	r0, r4
100053a6:	f7ff fdd3 	bl	10004f50 <prvUnlockQueue>
100053aa:	f000 fd69 	bl	10005e80 <xTaskResumeAll>
100053ae:	e7d4      	b.n	1000535a <xQueueGenericSend+0xfe>
100053b0:	f7ff fab4 	bl	1000491c <vPortEnterCritical>
100053b4:	6c22      	ldr	r2, [r4, #64]	@ 0x40
100053b6:	6ba3      	ldr	r3, [r4, #56]	@ 0x38
100053b8:	6ba6      	ldr	r6, [r4, #56]	@ 0x38
100053ba:	6ba5      	ldr	r5, [r4, #56]	@ 0x38
100053bc:	2a00      	cmp	r2, #0
100053be:	d09a      	beq.n	100052f6 <xQueueGenericSend+0x9a>
100053c0:	4641      	mov	r1, r8
100053c2:	68e0      	ldr	r0, [r4, #12]
100053c4:	f7fd f92e 	bl	10002624 <__wrap___aeabi_memcpy>
100053c8:	68e3      	ldr	r3, [r4, #12]
100053ca:	6c22      	ldr	r2, [r4, #64]	@ 0x40
100053cc:	6821      	ldr	r1, [r4, #0]
100053ce:	1a9b      	subs	r3, r3, r2
100053d0:	60e3      	str	r3, [r4, #12]
100053d2:	428b      	cmp	r3, r1
100053d4:	d202      	bcs.n	100053dc <xQueueGenericSend+0x180>
100053d6:	68a3      	ldr	r3, [r4, #8]
100053d8:	1a9b      	subs	r3, r3, r2
100053da:	60e3      	str	r3, [r4, #12]
100053dc:	464a      	mov	r2, r9
100053de:	6ca3      	ldr	r3, [r4, #72]	@ 0x48
100053e0:	2a02      	cmp	r2, #2
100053e2:	d017      	beq.n	10005414 <xQueueGenericSend+0x1b8>
100053e4:	3501      	adds	r5, #1
100053e6:	63a5      	str	r5, [r4, #56]	@ 0x38
100053e8:	2b00      	cmp	r3, #0
100053ea:	d195      	bne.n	10005318 <xQueueGenericSend+0xbc>
100053ec:	e7ce      	b.n	1000538c <xQueueGenericSend+0x130>
100053ee:	6a63      	ldr	r3, [r4, #36]	@ 0x24
100053f0:	2b00      	cmp	r3, #0
100053f2:	d1ce      	bne.n	10005392 <xQueueGenericSend+0x136>
100053f4:	2800      	cmp	r0, #0
100053f6:	d1d2      	bne.n	1000539e <xQueueGenericSend+0x142>
100053f8:	e793      	b.n	10005322 <xQueueGenericSend+0xc6>
100053fa:	6823      	ldr	r3, [r4, #0]
100053fc:	63a5      	str	r5, [r4, #56]	@ 0x38
100053fe:	6063      	str	r3, [r4, #4]
10005400:	2900      	cmp	r1, #0
10005402:	d000      	beq.n	10005406 <xQueueGenericSend+0x1aa>
10005404:	e788      	b.n	10005318 <xQueueGenericSend+0xbc>
10005406:	e7c1      	b.n	1000538c <xQueueGenericSend+0x130>
10005408:	68a0      	ldr	r0, [r4, #8]
1000540a:	f001 f921 	bl	10006650 <xTaskPriorityDisinherit>
1000540e:	4643      	mov	r3, r8
10005410:	60a3      	str	r3, [r4, #8]
10005412:	e776      	b.n	10005302 <xQueueGenericSend+0xa6>
10005414:	2d00      	cmp	r5, #0
10005416:	d004      	beq.n	10005422 <xQueueGenericSend+0x1c6>
10005418:	63a5      	str	r5, [r4, #56]	@ 0x38
1000541a:	2b00      	cmp	r3, #0
1000541c:	d000      	beq.n	10005420 <xQueueGenericSend+0x1c4>
1000541e:	e779      	b.n	10005314 <xQueueGenericSend+0xb8>
10005420:	e7b4      	b.n	1000538c <xQueueGenericSend+0x130>
10005422:	2201      	movs	r2, #1
10005424:	63a2      	str	r2, [r4, #56]	@ 0x38
10005426:	2b00      	cmp	r3, #0
10005428:	d000      	beq.n	1000542c <xQueueGenericSend+0x1d0>
1000542a:	e773      	b.n	10005314 <xQueueGenericSend+0xb8>
1000542c:	e7ae      	b.n	1000538c <xQueueGenericSend+0x130>
1000542e:	46c0      	nop			@ (mov r8, r8)

10005430 <xQueueGenericSendFromISR>:
10005430:	b5f8      	push	{r3, r4, r5, r6, r7, lr}
10005432:	4657      	mov	r7, sl
10005434:	464e      	mov	r6, r9
10005436:	46de      	mov	lr, fp
10005438:	4645      	mov	r5, r8
1000543a:	0004      	movs	r4, r0
1000543c:	b5e0      	push	{r5, r6, r7, lr}
1000543e:	4692      	mov	sl, r2
10005440:	001e      	movs	r6, r3
10005442:	4689      	mov	r9, r1
10005444:	f7ff fa90 	bl	10004968 <ulSetInterruptMaskFromISR>
10005448:	6ba2      	ldr	r2, [r4, #56]	@ 0x38
1000544a:	6be3      	ldr	r3, [r4, #60]	@ 0x3c
1000544c:	0007      	movs	r7, r0
1000544e:	429a      	cmp	r2, r3
10005450:	d336      	bcc.n	100054c0 <xQueueGenericSendFromISR+0x90>
10005452:	2500      	movs	r5, #0
10005454:	0033      	movs	r3, r6
10005456:	2e02      	cmp	r6, #2
10005458:	d009      	beq.n	1000546e <xQueueGenericSendFromISR+0x3e>
1000545a:	0038      	movs	r0, r7
1000545c:	f7ff fa88 	bl	10004970 <vClearInterruptMaskFromISR>
10005460:	0028      	movs	r0, r5
10005462:	bcf0      	pop	{r4, r5, r6, r7}
10005464:	46bb      	mov	fp, r7
10005466:	46b2      	mov	sl, r6
10005468:	46a9      	mov	r9, r5
1000546a:	46a0      	mov	r8, r4
1000546c:	bdf8      	pop	{r3, r4, r5, r6, r7, pc}
1000546e:	3343      	adds	r3, #67	@ 0x43
10005470:	5ce3      	ldrb	r3, [r4, r3]
10005472:	6c22      	ldr	r2, [r4, #64]	@ 0x40
10005474:	b25b      	sxtb	r3, r3
10005476:	4698      	mov	r8, r3
10005478:	6ba3      	ldr	r3, [r4, #56]	@ 0x38
1000547a:	6ba5      	ldr	r5, [r4, #56]	@ 0x38
1000547c:	469b      	mov	fp, r3
1000547e:	2a00      	cmp	r2, #0
10005480:	d028      	beq.n	100054d4 <xQueueGenericSendFromISR+0xa4>
10005482:	4649      	mov	r1, r9
10005484:	68e0      	ldr	r0, [r4, #12]
10005486:	f7fd f8cd 	bl	10002624 <__wrap___aeabi_memcpy>
1000548a:	68e3      	ldr	r3, [r4, #12]
1000548c:	6c22      	ldr	r2, [r4, #64]	@ 0x40
1000548e:	6821      	ldr	r1, [r4, #0]
10005490:	1a9b      	subs	r3, r3, r2
10005492:	60e3      	str	r3, [r4, #12]
10005494:	428b      	cmp	r3, r1
10005496:	d202      	bcs.n	1000549e <xQueueGenericSendFromISR+0x6e>
10005498:	68a3      	ldr	r3, [r4, #8]
1000549a:	1a9b      	subs	r3, r3, r2
1000549c:	60e3      	str	r3, [r4, #12]
1000549e:	2e02      	cmp	r6, #2
100054a0:	d04e      	beq.n	10005540 <xQueueGenericSendFromISR+0x110>
100054a2:	4643      	mov	r3, r8
100054a4:	3501      	adds	r5, #1
100054a6:	63a5      	str	r5, [r4, #56]	@ 0x38
100054a8:	3301      	adds	r3, #1
100054aa:	d03a      	beq.n	10005522 <xQueueGenericSendFromISR+0xf2>
100054ac:	f000 fdf0 	bl	10006090 <uxTaskGetNumberOfTasks>
100054b0:	4643      	mov	r3, r8
100054b2:	4283      	cmp	r3, r0
100054b4:	d202      	bcs.n	100054bc <xQueueGenericSendFromISR+0x8c>
100054b6:	2245      	movs	r2, #69	@ 0x45
100054b8:	3301      	adds	r3, #1
100054ba:	54a3      	strb	r3, [r4, r2]
100054bc:	2501      	movs	r5, #1
100054be:	e7cc      	b.n	1000545a <xQueueGenericSendFromISR+0x2a>
100054c0:	2345      	movs	r3, #69	@ 0x45
100054c2:	5ce3      	ldrb	r3, [r4, r3]
100054c4:	6c22      	ldr	r2, [r4, #64]	@ 0x40
100054c6:	b25b      	sxtb	r3, r3
100054c8:	4698      	mov	r8, r3
100054ca:	6ba3      	ldr	r3, [r4, #56]	@ 0x38
100054cc:	6ba5      	ldr	r5, [r4, #56]	@ 0x38
100054ce:	469b      	mov	fp, r3
100054d0:	2a00      	cmp	r2, #0
100054d2:	d112      	bne.n	100054fa <xQueueGenericSendFromISR+0xca>
100054d4:	6823      	ldr	r3, [r4, #0]
100054d6:	4699      	mov	r9, r3
100054d8:	2b00      	cmp	r3, #0
100054da:	d045      	beq.n	10005568 <xQueueGenericSendFromISR+0x138>
100054dc:	4643      	mov	r3, r8
100054de:	3501      	adds	r5, #1
100054e0:	63a5      	str	r5, [r4, #56]	@ 0x38
100054e2:	3301      	adds	r3, #1
100054e4:	d1e2      	bne.n	100054ac <xQueueGenericSendFromISR+0x7c>
100054e6:	6ca3      	ldr	r3, [r4, #72]	@ 0x48
100054e8:	2b00      	cmp	r3, #0
100054ea:	d032      	beq.n	10005552 <xQueueGenericSendFromISR+0x122>
100054ec:	2e02      	cmp	r6, #2
100054ee:	d11b      	bne.n	10005528 <xQueueGenericSendFromISR+0xf8>
100054f0:	465b      	mov	r3, fp
100054f2:	2b00      	cmp	r3, #0
100054f4:	d018      	beq.n	10005528 <xQueueGenericSendFromISR+0xf8>
100054f6:	2501      	movs	r5, #1
100054f8:	e7af      	b.n	1000545a <xQueueGenericSendFromISR+0x2a>
100054fa:	2e00      	cmp	r6, #0
100054fc:	d1c1      	bne.n	10005482 <xQueueGenericSendFromISR+0x52>
100054fe:	4649      	mov	r1, r9
10005500:	6860      	ldr	r0, [r4, #4]
10005502:	f7fd f88f 	bl	10002624 <__wrap___aeabi_memcpy>
10005506:	6863      	ldr	r3, [r4, #4]
10005508:	6c22      	ldr	r2, [r4, #64]	@ 0x40
1000550a:	3501      	adds	r5, #1
1000550c:	189b      	adds	r3, r3, r2
1000550e:	68a2      	ldr	r2, [r4, #8]
10005510:	6063      	str	r3, [r4, #4]
10005512:	4293      	cmp	r3, r2
10005514:	d301      	bcc.n	1000551a <xQueueGenericSendFromISR+0xea>
10005516:	6823      	ldr	r3, [r4, #0]
10005518:	6063      	str	r3, [r4, #4]
1000551a:	4643      	mov	r3, r8
1000551c:	63a5      	str	r5, [r4, #56]	@ 0x38
1000551e:	3301      	adds	r3, #1
10005520:	d1c4      	bne.n	100054ac <xQueueGenericSendFromISR+0x7c>
10005522:	6ca3      	ldr	r3, [r4, #72]	@ 0x48
10005524:	2b00      	cmp	r3, #0
10005526:	d014      	beq.n	10005552 <xQueueGenericSendFromISR+0x122>
10005528:	0020      	movs	r0, r4
1000552a:	f7ff fdc9 	bl	100050c0 <prvNotifyQueueSetContainer>
1000552e:	2800      	cmp	r0, #0
10005530:	d0c4      	beq.n	100054bc <xQueueGenericSendFromISR+0x8c>
10005532:	4652      	mov	r2, sl
10005534:	2a00      	cmp	r2, #0
10005536:	d0c1      	beq.n	100054bc <xQueueGenericSendFromISR+0x8c>
10005538:	2301      	movs	r3, #1
1000553a:	2501      	movs	r5, #1
1000553c:	6013      	str	r3, [r2, #0]
1000553e:	e78c      	b.n	1000545a <xQueueGenericSendFromISR+0x2a>
10005540:	2d00      	cmp	r5, #0
10005542:	d017      	beq.n	10005574 <xQueueGenericSendFromISR+0x144>
10005544:	4643      	mov	r3, r8
10005546:	63a5      	str	r5, [r4, #56]	@ 0x38
10005548:	3301      	adds	r3, #1
1000554a:	d1af      	bne.n	100054ac <xQueueGenericSendFromISR+0x7c>
1000554c:	6ca3      	ldr	r3, [r4, #72]	@ 0x48
1000554e:	2b00      	cmp	r3, #0
10005550:	d1ce      	bne.n	100054f0 <xQueueGenericSendFromISR+0xc0>
10005552:	6a63      	ldr	r3, [r4, #36]	@ 0x24
10005554:	2b00      	cmp	r3, #0
10005556:	d0b1      	beq.n	100054bc <xQueueGenericSendFromISR+0x8c>
10005558:	0020      	movs	r0, r4
1000555a:	3024      	adds	r0, #36	@ 0x24
1000555c:	f000 ff22 	bl	100063a4 <xTaskRemoveFromEventList>
10005560:	2800      	cmp	r0, #0
10005562:	d1e6      	bne.n	10005532 <xQueueGenericSendFromISR+0x102>
10005564:	2501      	movs	r5, #1
10005566:	e778      	b.n	1000545a <xQueueGenericSendFromISR+0x2a>
10005568:	68a0      	ldr	r0, [r4, #8]
1000556a:	f001 f871 	bl	10006650 <xTaskPriorityDisinherit>
1000556e:	464b      	mov	r3, r9
10005570:	60a3      	str	r3, [r4, #8]
10005572:	e7b3      	b.n	100054dc <xQueueGenericSendFromISR+0xac>
10005574:	2301      	movs	r3, #1
10005576:	63a3      	str	r3, [r4, #56]	@ 0x38
10005578:	4643      	mov	r3, r8
1000557a:	3301      	adds	r3, #1
1000557c:	d0e6      	beq.n	1000554c <xQueueGenericSendFromISR+0x11c>
1000557e:	e795      	b.n	100054ac <xQueueGenericSendFromISR+0x7c>

10005580 <xQueueReceive>:
10005580:	b5f0      	push	{r4, r5, r6, r7, lr}
10005582:	46c6      	mov	lr, r8
10005584:	0004      	movs	r4, r0
10005586:	b500      	push	{lr}
10005588:	b084      	sub	sp, #16
1000558a:	4688      	mov	r8, r1
1000558c:	9201      	str	r2, [sp, #4]
1000558e:	f7ff f9c5 	bl	1000491c <vPortEnterCritical>
10005592:	6ba7      	ldr	r7, [r4, #56]	@ 0x38
10005594:	2f00      	cmp	r7, #0
10005596:	d15b      	bne.n	10005650 <xQueueReceive+0xd0>
10005598:	9b01      	ldr	r3, [sp, #4]
1000559a:	2b00      	cmp	r3, #0
1000559c:	d039      	beq.n	10005612 <xQueueReceive+0x92>
1000559e:	a802      	add	r0, sp, #8
100055a0:	f000 ffbc 	bl	1000651c <vTaskInternalSetTimeOutState>
100055a4:	2644      	movs	r6, #68	@ 0x44
100055a6:	2545      	movs	r5, #69	@ 0x45
100055a8:	f7ff f9c4 	bl	10004934 <vPortExitCritical>
100055ac:	f000 fc60 	bl	10005e70 <vTaskSuspendAll>
100055b0:	f7ff f9b4 	bl	1000491c <vPortEnterCritical>
100055b4:	5da3      	ldrb	r3, [r4, r6]
100055b6:	b25b      	sxtb	r3, r3
100055b8:	3301      	adds	r3, #1
100055ba:	d101      	bne.n	100055c0 <xQueueReceive+0x40>
100055bc:	2300      	movs	r3, #0
100055be:	55a3      	strb	r3, [r4, r6]
100055c0:	5d63      	ldrb	r3, [r4, r5]
100055c2:	b25b      	sxtb	r3, r3
100055c4:	3301      	adds	r3, #1
100055c6:	d101      	bne.n	100055cc <xQueueReceive+0x4c>
100055c8:	2300      	movs	r3, #0
100055ca:	5563      	strb	r3, [r4, r5]
100055cc:	f7ff f9b2 	bl	10004934 <vPortExitCritical>
100055d0:	a901      	add	r1, sp, #4
100055d2:	a802      	add	r0, sp, #8
100055d4:	f000 ffae 	bl	10006534 <xTaskCheckForTimeOut>
100055d8:	2800      	cmp	r0, #0
100055da:	d121      	bne.n	10005620 <xQueueReceive+0xa0>
100055dc:	f7ff f99e 	bl	1000491c <vPortEnterCritical>
100055e0:	6ba3      	ldr	r3, [r4, #56]	@ 0x38
100055e2:	2b00      	cmp	r3, #0
100055e4:	d129      	bne.n	1000563a <xQueueReceive+0xba>
100055e6:	f7ff f9a5 	bl	10004934 <vPortExitCritical>
100055ea:	0020      	movs	r0, r4
100055ec:	9901      	ldr	r1, [sp, #4]
100055ee:	3024      	adds	r0, #36	@ 0x24
100055f0:	f000 fda8 	bl	10006144 <vTaskPlaceOnEventList>
100055f4:	0020      	movs	r0, r4
100055f6:	f7ff fcab 	bl	10004f50 <prvUnlockQueue>
100055fa:	f000 fc41 	bl	10005e80 <xTaskResumeAll>
100055fe:	2800      	cmp	r0, #0
10005600:	d023      	beq.n	1000564a <xQueueReceive+0xca>
10005602:	f7ff f98b 	bl	1000491c <vPortEnterCritical>
10005606:	6ba7      	ldr	r7, [r4, #56]	@ 0x38
10005608:	2f00      	cmp	r7, #0
1000560a:	d121      	bne.n	10005650 <xQueueReceive+0xd0>
1000560c:	9b01      	ldr	r3, [sp, #4]
1000560e:	2b00      	cmp	r3, #0
10005610:	d1ca      	bne.n	100055a8 <xQueueReceive+0x28>
10005612:	f7ff f98f 	bl	10004934 <vPortExitCritical>
10005616:	2000      	movs	r0, #0
10005618:	b004      	add	sp, #16
1000561a:	bc80      	pop	{r7}
1000561c:	46b8      	mov	r8, r7
1000561e:	bdf0      	pop	{r4, r5, r6, r7, pc}
10005620:	0020      	movs	r0, r4
10005622:	f7ff fc95 	bl	10004f50 <prvUnlockQueue>
10005626:	f000 fc2b 	bl	10005e80 <xTaskResumeAll>
1000562a:	f7ff f977 	bl	1000491c <vPortEnterCritical>
1000562e:	6ba3      	ldr	r3, [r4, #56]	@ 0x38
10005630:	2b00      	cmp	r3, #0
10005632:	d0ee      	beq.n	10005612 <xQueueReceive+0x92>
10005634:	f7ff f97e 	bl	10004934 <vPortExitCritical>
10005638:	e7e3      	b.n	10005602 <xQueueReceive+0x82>
1000563a:	f7ff f97b 	bl	10004934 <vPortExitCritical>
1000563e:	0020      	movs	r0, r4
10005640:	f7ff fc86 	bl	10004f50 <prvUnlockQueue>
10005644:	f000 fc1c 	bl	10005e80 <xTaskResumeAll>
10005648:	e7db      	b.n	10005602 <xQueueReceive+0x82>
1000564a:	f7ff f95b 	bl	10004904 <vPortYield>
1000564e:	e7d8      	b.n	10005602 <xQueueReceive+0x82>
10005650:	6c22      	ldr	r2, [r4, #64]	@ 0x40
10005652:	2a00      	cmp	r2, #0
10005654:	d008      	beq.n	10005668 <xQueueReceive+0xe8>
10005656:	68e1      	ldr	r1, [r4, #12]
10005658:	68a3      	ldr	r3, [r4, #8]
1000565a:	1889      	adds	r1, r1, r2
1000565c:	60e1      	str	r1, [r4, #12]
1000565e:	4299      	cmp	r1, r3
10005660:	d20b      	bcs.n	1000567a <xQueueReceive+0xfa>
10005662:	4640      	mov	r0, r8
10005664:	f7fc ffde 	bl	10002624 <__wrap___aeabi_memcpy>
10005668:	1e7b      	subs	r3, r7, #1
1000566a:	63a3      	str	r3, [r4, #56]	@ 0x38
1000566c:	6923      	ldr	r3, [r4, #16]
1000566e:	2b00      	cmp	r3, #0
10005670:	d106      	bne.n	10005680 <xQueueReceive+0x100>
10005672:	f7ff f95f 	bl	10004934 <vPortExitCritical>
10005676:	2001      	movs	r0, #1
10005678:	e7ce      	b.n	10005618 <xQueueReceive+0x98>
1000567a:	6821      	ldr	r1, [r4, #0]
1000567c:	60e1      	str	r1, [r4, #12]
1000567e:	e7f0      	b.n	10005662 <xQueueReceive+0xe2>
10005680:	0020      	movs	r0, r4
10005682:	3010      	adds	r0, #16
10005684:	f000 fe8e 	bl	100063a4 <xTaskRemoveFromEventList>
10005688:	2800      	cmp	r0, #0
1000568a:	d0f2      	beq.n	10005672 <xQueueReceive+0xf2>
1000568c:	f7ff f93a 	bl	10004904 <vPortYield>
10005690:	e7ef      	b.n	10005672 <xQueueReceive+0xf2>
10005692:	46c0      	nop			@ (mov r8, r8)

10005694 <xQueueSemaphoreTake>:
10005694:	b5f0      	push	{r4, r5, r6, r7, lr}
10005696:	46c6      	mov	lr, r8
10005698:	0004      	movs	r4, r0
1000569a:	b500      	push	{lr}
1000569c:	b084      	sub	sp, #16
1000569e:	9101      	str	r1, [sp, #4]
100056a0:	f7ff f93c 	bl	1000491c <vPortEnterCritical>
100056a4:	6ba3      	ldr	r3, [r4, #56]	@ 0x38
100056a6:	2b00      	cmp	r3, #0
100056a8:	d000      	beq.n	100056ac <xQueueSemaphoreTake+0x18>
100056aa:	e07c      	b.n	100057a6 <xQueueSemaphoreTake+0x112>
100056ac:	9b01      	ldr	r3, [sp, #4]
100056ae:	2b00      	cmp	r3, #0
100056b0:	d065      	beq.n	1000577e <xQueueSemaphoreTake+0xea>
100056b2:	a802      	add	r0, sp, #8
100056b4:	f000 ff32 	bl	1000651c <vTaskInternalSetTimeOutState>
100056b8:	2300      	movs	r3, #0
100056ba:	2644      	movs	r6, #68	@ 0x44
100056bc:	4698      	mov	r8, r3
100056be:	2700      	movs	r7, #0
100056c0:	2545      	movs	r5, #69	@ 0x45
100056c2:	f7ff f937 	bl	10004934 <vPortExitCritical>
100056c6:	f000 fbd3 	bl	10005e70 <vTaskSuspendAll>
100056ca:	f7ff f927 	bl	1000491c <vPortEnterCritical>
100056ce:	5da3      	ldrb	r3, [r4, r6]
100056d0:	b25b      	sxtb	r3, r3
100056d2:	3301      	adds	r3, #1
100056d4:	d100      	bne.n	100056d8 <xQueueSemaphoreTake+0x44>
100056d6:	55a7      	strb	r7, [r4, r6]
100056d8:	5d63      	ldrb	r3, [r4, r5]
100056da:	b25b      	sxtb	r3, r3
100056dc:	3301      	adds	r3, #1
100056de:	d100      	bne.n	100056e2 <xQueueSemaphoreTake+0x4e>
100056e0:	5567      	strb	r7, [r4, r5]
100056e2:	f7ff f927 	bl	10004934 <vPortExitCritical>
100056e6:	a901      	add	r1, sp, #4
100056e8:	a802      	add	r0, sp, #8
100056ea:	f000 ff23 	bl	10006534 <xTaskCheckForTimeOut>
100056ee:	2800      	cmp	r0, #0
100056f0:	d11e      	bne.n	10005730 <xQueueSemaphoreTake+0x9c>
100056f2:	f7ff f913 	bl	1000491c <vPortEnterCritical>
100056f6:	6ba3      	ldr	r3, [r4, #56]	@ 0x38
100056f8:	2b00      	cmp	r3, #0
100056fa:	d130      	bne.n	1000575e <xQueueSemaphoreTake+0xca>
100056fc:	f7ff f91a 	bl	10004934 <vPortExitCritical>
10005700:	6823      	ldr	r3, [r4, #0]
10005702:	2b00      	cmp	r3, #0
10005704:	d046      	beq.n	10005794 <xQueueSemaphoreTake+0x100>
10005706:	0020      	movs	r0, r4
10005708:	9901      	ldr	r1, [sp, #4]
1000570a:	3024      	adds	r0, #36	@ 0x24
1000570c:	f000 fd1a 	bl	10006144 <vTaskPlaceOnEventList>
10005710:	0020      	movs	r0, r4
10005712:	f7ff fc1d 	bl	10004f50 <prvUnlockQueue>
10005716:	f000 fbb3 	bl	10005e80 <xTaskResumeAll>
1000571a:	2800      	cmp	r0, #0
1000571c:	d032      	beq.n	10005784 <xQueueSemaphoreTake+0xf0>
1000571e:	f7ff f8fd 	bl	1000491c <vPortEnterCritical>
10005722:	6ba3      	ldr	r3, [r4, #56]	@ 0x38
10005724:	2b00      	cmp	r3, #0
10005726:	d13e      	bne.n	100057a6 <xQueueSemaphoreTake+0x112>
10005728:	9b01      	ldr	r3, [sp, #4]
1000572a:	2b00      	cmp	r3, #0
1000572c:	d1c9      	bne.n	100056c2 <xQueueSemaphoreTake+0x2e>
1000572e:	e026      	b.n	1000577e <xQueueSemaphoreTake+0xea>
10005730:	0020      	movs	r0, r4
10005732:	f7ff fc0d 	bl	10004f50 <prvUnlockQueue>
10005736:	f000 fba3 	bl	10005e80 <xTaskResumeAll>
1000573a:	f7ff f8ef 	bl	1000491c <vPortEnterCritical>
1000573e:	6ba3      	ldr	r3, [r4, #56]	@ 0x38
10005740:	2b00      	cmp	r3, #0
10005742:	d109      	bne.n	10005758 <xQueueSemaphoreTake+0xc4>
10005744:	f7ff f8f6 	bl	10004934 <vPortExitCritical>
10005748:	4643      	mov	r3, r8
1000574a:	2b00      	cmp	r3, #0
1000574c:	d10f      	bne.n	1000576e <xQueueSemaphoreTake+0xda>
1000574e:	2000      	movs	r0, #0
10005750:	b004      	add	sp, #16
10005752:	bc80      	pop	{r7}
10005754:	46b8      	mov	r8, r7
10005756:	bdf0      	pop	{r4, r5, r6, r7, pc}
10005758:	f7ff f8ec 	bl	10004934 <vPortExitCritical>
1000575c:	e7df      	b.n	1000571e <xQueueSemaphoreTake+0x8a>
1000575e:	f7ff f8e9 	bl	10004934 <vPortExitCritical>
10005762:	0020      	movs	r0, r4
10005764:	f7ff fbf4 	bl	10004f50 <prvUnlockQueue>
10005768:	f000 fb8a 	bl	10005e80 <xTaskResumeAll>
1000576c:	e7d7      	b.n	1000571e <xQueueSemaphoreTake+0x8a>
1000576e:	f7ff f8d5 	bl	1000491c <vPortEnterCritical>
10005772:	6a61      	ldr	r1, [r4, #36]	@ 0x24
10005774:	2900      	cmp	r1, #0
10005776:	d108      	bne.n	1000578a <xQueueSemaphoreTake+0xf6>
10005778:	68a0      	ldr	r0, [r4, #8]
1000577a:	f000 ff9b 	bl	100066b4 <vTaskPriorityDisinheritAfterTimeout>
1000577e:	f7ff f8d9 	bl	10004934 <vPortExitCritical>
10005782:	e7e4      	b.n	1000574e <xQueueSemaphoreTake+0xba>
10005784:	f7ff f8be 	bl	10004904 <vPortYield>
10005788:	e7c9      	b.n	1000571e <xQueueSemaphoreTake+0x8a>
1000578a:	2120      	movs	r1, #32
1000578c:	6b23      	ldr	r3, [r4, #48]	@ 0x30
1000578e:	681b      	ldr	r3, [r3, #0]
10005790:	1ac9      	subs	r1, r1, r3
10005792:	e7f1      	b.n	10005778 <xQueueSemaphoreTake+0xe4>
10005794:	f7ff f8c2 	bl	1000491c <vPortEnterCritical>
10005798:	68a0      	ldr	r0, [r4, #8]
1000579a:	f000 ff0f 	bl	100065bc <xTaskPriorityInherit>
1000579e:	4680      	mov	r8, r0
100057a0:	f7ff f8c8 	bl	10004934 <vPortExitCritical>
100057a4:	e7af      	b.n	10005706 <xQueueSemaphoreTake+0x72>
100057a6:	3b01      	subs	r3, #1
100057a8:	63a3      	str	r3, [r4, #56]	@ 0x38
100057aa:	6823      	ldr	r3, [r4, #0]
100057ac:	2b00      	cmp	r3, #0
100057ae:	d00f      	beq.n	100057d0 <xQueueSemaphoreTake+0x13c>
100057b0:	6923      	ldr	r3, [r4, #16]
100057b2:	2b00      	cmp	r3, #0
100057b4:	d103      	bne.n	100057be <xQueueSemaphoreTake+0x12a>
100057b6:	f7ff f8bd 	bl	10004934 <vPortExitCritical>
100057ba:	2001      	movs	r0, #1
100057bc:	e7c8      	b.n	10005750 <xQueueSemaphoreTake+0xbc>
100057be:	0020      	movs	r0, r4
100057c0:	3010      	adds	r0, #16
100057c2:	f000 fdef 	bl	100063a4 <xTaskRemoveFromEventList>
100057c6:	2800      	cmp	r0, #0
100057c8:	d0f5      	beq.n	100057b6 <xQueueSemaphoreTake+0x122>
100057ca:	f7ff f89b 	bl	10004904 <vPortYield>
100057ce:	e7f2      	b.n	100057b6 <xQueueSemaphoreTake+0x122>
100057d0:	f000 ffbc 	bl	1000674c <pvTaskIncrementMutexHeldCount>
100057d4:	60a0      	str	r0, [r4, #8]
100057d6:	e7eb      	b.n	100057b0 <xQueueSemaphoreTake+0x11c>

100057d8 <vQueueAddToRegistry>:
100057d8:	b510      	push	{r4, lr}
100057da:	2900      	cmp	r1, #0
100057dc:	d033      	beq.n	10005846 <vQueueAddToRegistry+0x6e>
100057de:	4b43      	ldr	r3, [pc, #268]	@ (100058ec <vQueueAddToRegistry+0x114>)
100057e0:	685a      	ldr	r2, [r3, #4]
100057e2:	4290      	cmp	r0, r2
100057e4:	d100      	bne.n	100057e8 <vQueueAddToRegistry+0x10>
100057e6:	e074      	b.n	100058d2 <vQueueAddToRegistry+0xfa>
100057e8:	681a      	ldr	r2, [r3, #0]
100057ea:	2a00      	cmp	r2, #0
100057ec:	d02c      	beq.n	10005848 <vQueueAddToRegistry+0x70>
100057ee:	68da      	ldr	r2, [r3, #12]
100057f0:	4290      	cmp	r0, r2
100057f2:	d100      	bne.n	100057f6 <vQueueAddToRegistry+0x1e>
100057f4:	e077      	b.n	100058e6 <vQueueAddToRegistry+0x10e>
100057f6:	689a      	ldr	r2, [r3, #8]
100057f8:	2a00      	cmp	r2, #0
100057fa:	d03e      	beq.n	1000587a <vQueueAddToRegistry+0xa2>
100057fc:	695a      	ldr	r2, [r3, #20]
100057fe:	4290      	cmp	r0, r2
10005800:	d100      	bne.n	10005804 <vQueueAddToRegistry+0x2c>
10005802:	e06e      	b.n	100058e2 <vQueueAddToRegistry+0x10a>
10005804:	691a      	ldr	r2, [r3, #16]
10005806:	2a00      	cmp	r2, #0
10005808:	d03d      	beq.n	10005886 <vQueueAddToRegistry+0xae>
1000580a:	69da      	ldr	r2, [r3, #28]
1000580c:	4290      	cmp	r0, r2
1000580e:	d062      	beq.n	100058d6 <vQueueAddToRegistry+0xfe>
10005810:	699a      	ldr	r2, [r3, #24]
10005812:	2a00      	cmp	r2, #0
10005814:	d03d      	beq.n	10005892 <vQueueAddToRegistry+0xba>
10005816:	6a5a      	ldr	r2, [r3, #36]	@ 0x24
10005818:	4290      	cmp	r0, r2
1000581a:	d042      	beq.n	100058a2 <vQueueAddToRegistry+0xca>
1000581c:	6a1a      	ldr	r2, [r3, #32]
1000581e:	2a00      	cmp	r2, #0
10005820:	d043      	beq.n	100058aa <vQueueAddToRegistry+0xd2>
10005822:	6ada      	ldr	r2, [r3, #44]	@ 0x2c
10005824:	4290      	cmp	r0, r2
10005826:	d058      	beq.n	100058da <vQueueAddToRegistry+0x102>
10005828:	6a9a      	ldr	r2, [r3, #40]	@ 0x28
1000582a:	2a00      	cmp	r2, #0
1000582c:	d043      	beq.n	100058b6 <vQueueAddToRegistry+0xde>
1000582e:	6b5a      	ldr	r2, [r3, #52]	@ 0x34
10005830:	4290      	cmp	r0, r2
10005832:	d054      	beq.n	100058de <vQueueAddToRegistry+0x106>
10005834:	6b1a      	ldr	r2, [r3, #48]	@ 0x30
10005836:	2a00      	cmp	r2, #0
10005838:	d043      	beq.n	100058c2 <vQueueAddToRegistry+0xea>
1000583a:	6bda      	ldr	r2, [r3, #60]	@ 0x3c
1000583c:	4290      	cmp	r0, r2
1000583e:	d046      	beq.n	100058ce <vQueueAddToRegistry+0xf6>
10005840:	6b9a      	ldr	r2, [r3, #56]	@ 0x38
10005842:	2a00      	cmp	r2, #0
10005844:	d02a      	beq.n	1000589c <vQueueAddToRegistry+0xc4>
10005846:	bd10      	pop	{r4, pc}
10005848:	68da      	ldr	r2, [r3, #12]
1000584a:	4290      	cmp	r0, r2
1000584c:	d04b      	beq.n	100058e6 <vQueueAddToRegistry+0x10e>
1000584e:	695a      	ldr	r2, [r3, #20]
10005850:	4290      	cmp	r0, r2
10005852:	d046      	beq.n	100058e2 <vQueueAddToRegistry+0x10a>
10005854:	001a      	movs	r2, r3
10005856:	69dc      	ldr	r4, [r3, #28]
10005858:	42a0      	cmp	r0, r4
1000585a:	d03c      	beq.n	100058d6 <vQueueAddToRegistry+0xfe>
1000585c:	6a5c      	ldr	r4, [r3, #36]	@ 0x24
1000585e:	42a0      	cmp	r0, r4
10005860:	d01f      	beq.n	100058a2 <vQueueAddToRegistry+0xca>
10005862:	6adc      	ldr	r4, [r3, #44]	@ 0x2c
10005864:	42a0      	cmp	r0, r4
10005866:	d038      	beq.n	100058da <vQueueAddToRegistry+0x102>
10005868:	6b5c      	ldr	r4, [r3, #52]	@ 0x34
1000586a:	42a0      	cmp	r0, r4
1000586c:	d037      	beq.n	100058de <vQueueAddToRegistry+0x106>
1000586e:	6bdc      	ldr	r4, [r3, #60]	@ 0x3c
10005870:	42a0      	cmp	r0, r4
10005872:	d02c      	beq.n	100058ce <vQueueAddToRegistry+0xf6>
10005874:	6011      	str	r1, [r2, #0]
10005876:	6050      	str	r0, [r2, #4]
10005878:	e7e5      	b.n	10005846 <vQueueAddToRegistry+0x6e>
1000587a:	695a      	ldr	r2, [r3, #20]
1000587c:	4290      	cmp	r0, r2
1000587e:	d030      	beq.n	100058e2 <vQueueAddToRegistry+0x10a>
10005880:	001a      	movs	r2, r3
10005882:	3208      	adds	r2, #8
10005884:	e7e7      	b.n	10005856 <vQueueAddToRegistry+0x7e>
10005886:	69da      	ldr	r2, [r3, #28]
10005888:	4290      	cmp	r0, r2
1000588a:	d024      	beq.n	100058d6 <vQueueAddToRegistry+0xfe>
1000588c:	001a      	movs	r2, r3
1000588e:	3210      	adds	r2, #16
10005890:	e7e4      	b.n	1000585c <vQueueAddToRegistry+0x84>
10005892:	6a5a      	ldr	r2, [r3, #36]	@ 0x24
10005894:	4290      	cmp	r0, r2
10005896:	d004      	beq.n	100058a2 <vQueueAddToRegistry+0xca>
10005898:	4a15      	ldr	r2, [pc, #84]	@ (100058f0 <vQueueAddToRegistry+0x118>)
1000589a:	e7e2      	b.n	10005862 <vQueueAddToRegistry+0x8a>
1000589c:	3338      	adds	r3, #56	@ 0x38
1000589e:	001a      	movs	r2, r3
100058a0:	e7e8      	b.n	10005874 <vQueueAddToRegistry+0x9c>
100058a2:	2204      	movs	r2, #4
100058a4:	00d2      	lsls	r2, r2, #3
100058a6:	189a      	adds	r2, r3, r2
100058a8:	e7e4      	b.n	10005874 <vQueueAddToRegistry+0x9c>
100058aa:	6ada      	ldr	r2, [r3, #44]	@ 0x2c
100058ac:	4290      	cmp	r0, r2
100058ae:	d014      	beq.n	100058da <vQueueAddToRegistry+0x102>
100058b0:	001a      	movs	r2, r3
100058b2:	3220      	adds	r2, #32
100058b4:	e7d8      	b.n	10005868 <vQueueAddToRegistry+0x90>
100058b6:	6b5a      	ldr	r2, [r3, #52]	@ 0x34
100058b8:	4290      	cmp	r0, r2
100058ba:	d010      	beq.n	100058de <vQueueAddToRegistry+0x106>
100058bc:	001a      	movs	r2, r3
100058be:	3228      	adds	r2, #40	@ 0x28
100058c0:	e7d5      	b.n	1000586e <vQueueAddToRegistry+0x96>
100058c2:	6bda      	ldr	r2, [r3, #60]	@ 0x3c
100058c4:	4694      	mov	ip, r2
100058c6:	001a      	movs	r2, r3
100058c8:	3230      	adds	r2, #48	@ 0x30
100058ca:	4560      	cmp	r0, ip
100058cc:	d1d2      	bne.n	10005874 <vQueueAddToRegistry+0x9c>
100058ce:	2207      	movs	r2, #7
100058d0:	e7e8      	b.n	100058a4 <vQueueAddToRegistry+0xcc>
100058d2:	2200      	movs	r2, #0
100058d4:	e7e6      	b.n	100058a4 <vQueueAddToRegistry+0xcc>
100058d6:	2203      	movs	r2, #3
100058d8:	e7e4      	b.n	100058a4 <vQueueAddToRegistry+0xcc>
100058da:	2205      	movs	r2, #5
100058dc:	e7e2      	b.n	100058a4 <vQueueAddToRegistry+0xcc>
100058de:	2206      	movs	r2, #6
100058e0:	e7e0      	b.n	100058a4 <vQueueAddToRegistry+0xcc>
100058e2:	2202      	movs	r2, #2
100058e4:	e7de      	b.n	100058a4 <vQueueAddToRegistry+0xcc>
100058e6:	2201      	movs	r2, #1
100058e8:	e7dc      	b.n	100058a4 <vQueueAddToRegistry+0xcc>
100058ea:	46c0      	nop			@ (mov r8, r8)
100058ec:	20001070 	.word	0x20001070
100058f0:	20001088 	.word	0x20001088

100058f4 <vQueueWaitForMessageRestricted>:
100058f4:	b570      	push	{r4, r5, r6, lr}
100058f6:	0004      	movs	r4, r0
100058f8:	0016      	movs	r6, r2
100058fa:	000d      	movs	r5, r1
100058fc:	f7ff f80e 	bl	1000491c <vPortEnterCritical>
10005900:	2244      	movs	r2, #68	@ 0x44
10005902:	5ca3      	ldrb	r3, [r4, r2]
10005904:	b25b      	sxtb	r3, r3
10005906:	3301      	adds	r3, #1
10005908:	d101      	bne.n	1000590e <vQueueWaitForMessageRestricted+0x1a>
1000590a:	2300      	movs	r3, #0
1000590c:	54a3      	strb	r3, [r4, r2]
1000590e:	2245      	movs	r2, #69	@ 0x45
10005910:	5ca3      	ldrb	r3, [r4, r2]
10005912:	b25b      	sxtb	r3, r3
10005914:	3301      	adds	r3, #1
10005916:	d101      	bne.n	1000591c <vQueueWaitForMessageRestricted+0x28>
10005918:	2300      	movs	r3, #0
1000591a:	54a3      	strb	r3, [r4, r2]
1000591c:	f7ff f80a 	bl	10004934 <vPortExitCritical>
10005920:	6ba3      	ldr	r3, [r4, #56]	@ 0x38
10005922:	2b00      	cmp	r3, #0
10005924:	d003      	beq.n	1000592e <vQueueWaitForMessageRestricted+0x3a>
10005926:	0020      	movs	r0, r4
10005928:	f7ff fb12 	bl	10004f50 <prvUnlockQueue>
1000592c:	bd70      	pop	{r4, r5, r6, pc}
1000592e:	0020      	movs	r0, r4
10005930:	0032      	movs	r2, r6
10005932:	0029      	movs	r1, r5
10005934:	3024      	adds	r0, #36	@ 0x24
10005936:	f000 fcb7 	bl	100062a8 <vTaskPlaceOnEventListRestricted>
1000593a:	e7f4      	b.n	10005926 <vQueueWaitForMessageRestricted+0x32>

1000593c <prvAddNewTaskToReadyList>:
1000593c:	b5f0      	push	{r4, r5, r6, r7, lr}
1000593e:	46c6      	mov	lr, r8
10005940:	b500      	push	{lr}
10005942:	0004      	movs	r4, r0
10005944:	f7fe ffea 	bl	1000491c <vPortEnterCritical>
10005948:	4a36      	ldr	r2, [pc, #216]	@ (10005a24 <prvAddNewTaskToReadyList+0xe8>)
1000594a:	4f37      	ldr	r7, [pc, #220]	@ (10005a28 <prvAddNewTaskToReadyList+0xec>)
1000594c:	6813      	ldr	r3, [r2, #0]
1000594e:	3301      	adds	r3, #1
10005950:	6013      	str	r3, [r2, #0]
10005952:	683b      	ldr	r3, [r7, #0]
10005954:	2b00      	cmp	r3, #0
10005956:	d034      	beq.n	100059c2 <prvAddNewTaskToReadyList+0x86>
10005958:	4b34      	ldr	r3, [pc, #208]	@ (10005a2c <prvAddNewTaskToReadyList+0xf0>)
1000595a:	6ae2      	ldr	r2, [r4, #44]	@ 0x2c
1000595c:	4698      	mov	r8, r3
1000595e:	681b      	ldr	r3, [r3, #0]
10005960:	2b00      	cmp	r3, #0
10005962:	d028      	beq.n	100059b6 <prvAddNewTaskToReadyList+0x7a>
10005964:	4e32      	ldr	r6, [pc, #200]	@ (10005a30 <prvAddNewTaskToReadyList+0xf4>)
10005966:	4933      	ldr	r1, [pc, #204]	@ (10005a34 <prvAddNewTaskToReadyList+0xf8>)
10005968:	680b      	ldr	r3, [r1, #0]
1000596a:	3301      	adds	r3, #1
1000596c:	600b      	str	r3, [r1, #0]
1000596e:	6463      	str	r3, [r4, #68]	@ 0x44
10005970:	4b31      	ldr	r3, [pc, #196]	@ (10005a38 <prvAddNewTaskToReadyList+0xfc>)
10005972:	6819      	ldr	r1, [r3, #0]
10005974:	4291      	cmp	r1, r2
10005976:	d200      	bcs.n	1000597a <prvAddNewTaskToReadyList+0x3e>
10005978:	601a      	str	r2, [r3, #0]
1000597a:	0093      	lsls	r3, r2, #2
1000597c:	189b      	adds	r3, r3, r2
1000597e:	009b      	lsls	r3, r3, #2
10005980:	18f1      	adds	r1, r6, r3
10005982:	684a      	ldr	r2, [r1, #4]
10005984:	60a2      	str	r2, [r4, #8]
10005986:	6890      	ldr	r0, [r2, #8]
10005988:	0005      	movs	r5, r0
1000598a:	60e0      	str	r0, [r4, #12]
1000598c:	1d20      	adds	r0, r4, #4
1000598e:	6068      	str	r0, [r5, #4]
10005990:	6090      	str	r0, [r2, #8]
10005992:	58f2      	ldr	r2, [r6, r3]
10005994:	6161      	str	r1, [r4, #20]
10005996:	3201      	adds	r2, #1
10005998:	50f2      	str	r2, [r6, r3]
1000599a:	f7fe ffcb 	bl	10004934 <vPortExitCritical>
1000599e:	4643      	mov	r3, r8
100059a0:	681b      	ldr	r3, [r3, #0]
100059a2:	2b00      	cmp	r3, #0
100059a4:	d004      	beq.n	100059b0 <prvAddNewTaskToReadyList+0x74>
100059a6:	683b      	ldr	r3, [r7, #0]
100059a8:	6ada      	ldr	r2, [r3, #44]	@ 0x2c
100059aa:	6ae3      	ldr	r3, [r4, #44]	@ 0x2c
100059ac:	429a      	cmp	r2, r3
100059ae:	d311      	bcc.n	100059d4 <prvAddNewTaskToReadyList+0x98>
100059b0:	bc80      	pop	{r7}
100059b2:	46b8      	mov	r8, r7
100059b4:	bdf0      	pop	{r4, r5, r6, r7, pc}
100059b6:	683b      	ldr	r3, [r7, #0]
100059b8:	6adb      	ldr	r3, [r3, #44]	@ 0x2c
100059ba:	4293      	cmp	r3, r2
100059bc:	d8d2      	bhi.n	10005964 <prvAddNewTaskToReadyList+0x28>
100059be:	603c      	str	r4, [r7, #0]
100059c0:	e7d0      	b.n	10005964 <prvAddNewTaskToReadyList+0x28>
100059c2:	603c      	str	r4, [r7, #0]
100059c4:	6813      	ldr	r3, [r2, #0]
100059c6:	2b01      	cmp	r3, #1
100059c8:	d007      	beq.n	100059da <prvAddNewTaskToReadyList+0x9e>
100059ca:	4b18      	ldr	r3, [pc, #96]	@ (10005a2c <prvAddNewTaskToReadyList+0xf0>)
100059cc:	6ae2      	ldr	r2, [r4, #44]	@ 0x2c
100059ce:	4698      	mov	r8, r3
100059d0:	4e17      	ldr	r6, [pc, #92]	@ (10005a30 <prvAddNewTaskToReadyList+0xf4>)
100059d2:	e7c8      	b.n	10005966 <prvAddNewTaskToReadyList+0x2a>
100059d4:	f7fe ff96 	bl	10004904 <vPortYield>
100059d8:	e7ea      	b.n	100059b0 <prvAddNewTaskToReadyList+0x74>
100059da:	4e15      	ldr	r6, [pc, #84]	@ (10005a30 <prvAddNewTaskToReadyList+0xf4>)
100059dc:	0035      	movs	r5, r6
100059de:	0028      	movs	r0, r5
100059e0:	f7ff fa7c 	bl	10004edc <vListInitialise>
100059e4:	4b15      	ldr	r3, [pc, #84]	@ (10005a3c <prvAddNewTaskToReadyList+0x100>)
100059e6:	3514      	adds	r5, #20
100059e8:	42ab      	cmp	r3, r5
100059ea:	d1f8      	bne.n	100059de <prvAddNewTaskToReadyList+0xa2>
100059ec:	4b14      	ldr	r3, [pc, #80]	@ (10005a40 <prvAddNewTaskToReadyList+0x104>)
100059ee:	4698      	mov	r8, r3
100059f0:	0018      	movs	r0, r3
100059f2:	f7ff fa73 	bl	10004edc <vListInitialise>
100059f6:	4d13      	ldr	r5, [pc, #76]	@ (10005a44 <prvAddNewTaskToReadyList+0x108>)
100059f8:	0028      	movs	r0, r5
100059fa:	f7ff fa6f 	bl	10004edc <vListInitialise>
100059fe:	4812      	ldr	r0, [pc, #72]	@ (10005a48 <prvAddNewTaskToReadyList+0x10c>)
10005a00:	f7ff fa6c 	bl	10004edc <vListInitialise>
10005a04:	4811      	ldr	r0, [pc, #68]	@ (10005a4c <prvAddNewTaskToReadyList+0x110>)
10005a06:	f7ff fa69 	bl	10004edc <vListInitialise>
10005a0a:	4811      	ldr	r0, [pc, #68]	@ (10005a50 <prvAddNewTaskToReadyList+0x114>)
10005a0c:	f7ff fa66 	bl	10004edc <vListInitialise>
10005a10:	4642      	mov	r2, r8
10005a12:	4b10      	ldr	r3, [pc, #64]	@ (10005a54 <prvAddNewTaskToReadyList+0x118>)
10005a14:	601a      	str	r2, [r3, #0]
10005a16:	4b10      	ldr	r3, [pc, #64]	@ (10005a58 <prvAddNewTaskToReadyList+0x11c>)
10005a18:	6ae2      	ldr	r2, [r4, #44]	@ 0x2c
10005a1a:	601d      	str	r5, [r3, #0]
10005a1c:	4b03      	ldr	r3, [pc, #12]	@ (10005a2c <prvAddNewTaskToReadyList+0xf0>)
10005a1e:	4698      	mov	r8, r3
10005a20:	e7a1      	b.n	10005966 <prvAddNewTaskToReadyList+0x2a>
10005a22:	46c0      	nop			@ (mov r8, r8)
10005a24:	20022078 	.word	0x20022078
10005a28:	20001cb0 	.word	0x20001cb0
10005a2c:	20022118 	.word	0x20022118
10005a30:	20001cc8 	.word	0x20001cc8
10005a34:	20022084 	.word	0x20022084
10005a38:	20022088 	.word	0x20022088
10005a3c:	20001f48 	.word	0x20001f48
10005a40:	200220b4 	.word	0x200220b4
10005a44:	200220c8 	.word	0x200220c8
10005a48:	20022104 	.word	0x20022104
10005a4c:	20022138 	.word	0x20022138
10005a50:	20022124 	.word	0x20022124
10005a54:	20001cb8 	.word	0x20001cb8
10005a58:	20001cc0 	.word	0x20001cc0

10005a5c <prvIdleTask>:
10005a5c:	b5f0      	push	{r4, r5, r6, r7, lr}
10005a5e:	46c6      	mov	lr, r8
10005a60:	4b12      	ldr	r3, [pc, #72]	@ (10005aac <prvIdleTask+0x50>)
10005a62:	b500      	push	{lr}
10005a64:	4698      	mov	r8, r3
10005a66:	4d12      	ldr	r5, [pc, #72]	@ (10005ab0 <prvIdleTask+0x54>)
10005a68:	4f12      	ldr	r7, [pc, #72]	@ (10005ab4 <prvIdleTask+0x58>)
10005a6a:	4e13      	ldr	r6, [pc, #76]	@ (10005ab8 <prvIdleTask+0x5c>)
10005a6c:	e014      	b.n	10005a98 <prvIdleTask+0x3c>
10005a6e:	f7fe ff55 	bl	1000491c <vPortEnterCritical>
10005a72:	68fb      	ldr	r3, [r7, #12]
10005a74:	68dc      	ldr	r4, [r3, #12]
10005a76:	1d20      	adds	r0, r4, #4
10005a78:	f7ff fa5a 	bl	10004f30 <uxListRemove>
10005a7c:	6833      	ldr	r3, [r6, #0]
10005a7e:	3b01      	subs	r3, #1
10005a80:	6033      	str	r3, [r6, #0]
10005a82:	682b      	ldr	r3, [r5, #0]
10005a84:	3b01      	subs	r3, #1
10005a86:	602b      	str	r3, [r5, #0]
10005a88:	f7fe ff54 	bl	10004934 <vPortExitCritical>
10005a8c:	6b20      	ldr	r0, [r4, #48]	@ 0x30
10005a8e:	f7fe fe41 	bl	10004714 <vPortFree>
10005a92:	0020      	movs	r0, r4
10005a94:	f7fe fe3e 	bl	10004714 <vPortFree>
10005a98:	682b      	ldr	r3, [r5, #0]
10005a9a:	2b00      	cmp	r3, #0
10005a9c:	d1e7      	bne.n	10005a6e <prvIdleTask+0x12>
10005a9e:	4643      	mov	r3, r8
10005aa0:	681b      	ldr	r3, [r3, #0]
10005aa2:	2b01      	cmp	r3, #1
10005aa4:	d9f8      	bls.n	10005a98 <prvIdleTask+0x3c>
10005aa6:	f7fe ff2d 	bl	10004904 <vPortYield>
10005aaa:	e7f5      	b.n	10005a98 <prvIdleTask+0x3c>
10005aac:	20001cc8 	.word	0x20001cc8
10005ab0:	2002207c 	.word	0x2002207c
10005ab4:	20022138 	.word	0x20022138
10005ab8:	20022078 	.word	0x20022078

10005abc <xTaskIncrementTick.part.0>:
10005abc:	b5f0      	push	{r4, r5, r6, r7, lr}
10005abe:	4657      	mov	r7, sl
10005ac0:	46de      	mov	lr, fp
10005ac2:	464e      	mov	r6, r9
10005ac4:	4645      	mov	r5, r8
10005ac6:	4b5e      	ldr	r3, [pc, #376]	@ (10005c40 <xTaskIncrementTick.part.0+0x184>)
10005ac8:	b5e0      	push	{r5, r6, r7, lr}
10005aca:	681f      	ldr	r7, [r3, #0]
10005acc:	b083      	sub	sp, #12
10005ace:	3701      	adds	r7, #1
10005ad0:	601f      	str	r7, [r3, #0]
10005ad2:	2f00      	cmp	r7, #0
10005ad4:	d066      	beq.n	10005ba4 <xTaskIncrementTick.part.0+0xe8>
10005ad6:	495b      	ldr	r1, [pc, #364]	@ (10005c44 <xTaskIncrementTick.part.0+0x188>)
10005ad8:	680b      	ldr	r3, [r1, #0]
10005ada:	429f      	cmp	r7, r3
10005adc:	d377      	bcc.n	10005bce <xTaskIncrementTick.part.0+0x112>
10005ade:	4b5a      	ldr	r3, [pc, #360]	@ (10005c48 <xTaskIncrementTick.part.0+0x18c>)
10005ae0:	4698      	mov	r8, r3
10005ae2:	681b      	ldr	r3, [r3, #0]
10005ae4:	681b      	ldr	r3, [r3, #0]
10005ae6:	2b00      	cmp	r3, #0
10005ae8:	d100      	bne.n	10005aec <xTaskIncrementTick.part.0+0x30>
10005aea:	e0a3      	b.n	10005c34 <xTaskIncrementTick.part.0+0x178>
10005aec:	2300      	movs	r3, #0
10005aee:	469c      	mov	ip, r3
10005af0:	4b56      	ldr	r3, [pc, #344]	@ (10005c4c <xTaskIncrementTick.part.0+0x190>)
10005af2:	4645      	mov	r5, r8
10005af4:	469a      	mov	sl, r3
10005af6:	4b56      	ldr	r3, [pc, #344]	@ (10005c50 <xTaskIncrementTick.part.0+0x194>)
10005af8:	4c56      	ldr	r4, [pc, #344]	@ (10005c54 <xTaskIncrementTick.part.0+0x198>)
10005afa:	4699      	mov	r9, r3
10005afc:	4663      	mov	r3, ip
10005afe:	9300      	str	r3, [sp, #0]
10005b00:	464b      	mov	r3, r9
10005b02:	468c      	mov	ip, r1
10005b04:	46b9      	mov	r9, r7
10005b06:	9301      	str	r3, [sp, #4]
10005b08:	e038      	b.n	10005b7c <xTaskIncrementTick.part.0+0xc0>
10005b0a:	6810      	ldr	r0, [r2, #0]
10005b0c:	3801      	subs	r0, #1
10005b0e:	6010      	str	r0, [r2, #0]
10005b10:	6a9a      	ldr	r2, [r3, #40]	@ 0x28
10005b12:	2a00      	cmp	r2, #0
10005b14:	d00f      	beq.n	10005b36 <xTaskIncrementTick.part.0+0x7a>
10005b16:	69d9      	ldr	r1, [r3, #28]
10005b18:	6a18      	ldr	r0, [r3, #32]
10005b1a:	6088      	str	r0, [r1, #8]
10005b1c:	69d9      	ldr	r1, [r3, #28]
10005b1e:	6041      	str	r1, [r0, #4]
10005b20:	0018      	movs	r0, r3
10005b22:	6851      	ldr	r1, [r2, #4]
10005b24:	3018      	adds	r0, #24
10005b26:	4281      	cmp	r1, r0
10005b28:	d100      	bne.n	10005b2c <xTaskIncrementTick.part.0+0x70>
10005b2a:	e075      	b.n	10005c18 <xTaskIncrementTick.part.0+0x15c>
10005b2c:	2100      	movs	r1, #0
10005b2e:	6810      	ldr	r0, [r2, #0]
10005b30:	6299      	str	r1, [r3, #40]	@ 0x28
10005b32:	3801      	subs	r0, #1
10005b34:	6010      	str	r0, [r2, #0]
10005b36:	9901      	ldr	r1, [sp, #4]
10005b38:	6ad8      	ldr	r0, [r3, #44]	@ 0x2c
10005b3a:	680a      	ldr	r2, [r1, #0]
10005b3c:	4290      	cmp	r0, r2
10005b3e:	d900      	bls.n	10005b42 <xTaskIncrementTick.part.0+0x86>
10005b40:	6008      	str	r0, [r1, #0]
10005b42:	4647      	mov	r7, r8
10005b44:	0082      	lsls	r2, r0, #2
10005b46:	1812      	adds	r2, r2, r0
10005b48:	0092      	lsls	r2, r2, #2
10005b4a:	18a1      	adds	r1, r4, r2
10005b4c:	6848      	ldr	r0, [r1, #4]
10005b4e:	6098      	str	r0, [r3, #8]
10005b50:	6886      	ldr	r6, [r0, #8]
10005b52:	60de      	str	r6, [r3, #12]
10005b54:	6077      	str	r7, [r6, #4]
10005b56:	6087      	str	r7, [r0, #8]
10005b58:	58a0      	ldr	r0, [r4, r2]
10005b5a:	6159      	str	r1, [r3, #20]
10005b5c:	3001      	adds	r0, #1
10005b5e:	50a0      	str	r0, [r4, r2]
10005b60:	4652      	mov	r2, sl
10005b62:	6810      	ldr	r0, [r2, #0]
10005b64:	6ada      	ldr	r2, [r3, #44]	@ 0x2c
10005b66:	6ac3      	ldr	r3, [r0, #44]	@ 0x2c
10005b68:	4293      	cmp	r3, r2
10005b6a:	419b      	sbcs	r3, r3
10005b6c:	9a00      	ldr	r2, [sp, #0]
10005b6e:	425b      	negs	r3, r3
10005b70:	431a      	orrs	r2, r3
10005b72:	682b      	ldr	r3, [r5, #0]
10005b74:	9200      	str	r2, [sp, #0]
10005b76:	681b      	ldr	r3, [r3, #0]
10005b78:	2b00      	cmp	r3, #0
10005b7a:	d055      	beq.n	10005c28 <xTaskIncrementTick.part.0+0x16c>
10005b7c:	682b      	ldr	r3, [r5, #0]
10005b7e:	68db      	ldr	r3, [r3, #12]
10005b80:	68db      	ldr	r3, [r3, #12]
10005b82:	685a      	ldr	r2, [r3, #4]
10005b84:	4591      	cmp	r9, r2
10005b86:	d34a      	bcc.n	10005c1e <xTaskIncrementTick.part.0+0x162>
10005b88:	6899      	ldr	r1, [r3, #8]
10005b8a:	68d8      	ldr	r0, [r3, #12]
10005b8c:	695a      	ldr	r2, [r3, #20]
10005b8e:	6088      	str	r0, [r1, #8]
10005b90:	6899      	ldr	r1, [r3, #8]
10005b92:	6041      	str	r1, [r0, #4]
10005b94:	6850      	ldr	r0, [r2, #4]
10005b96:	1d19      	adds	r1, r3, #4
10005b98:	4688      	mov	r8, r1
10005b9a:	4288      	cmp	r0, r1
10005b9c:	d1b5      	bne.n	10005b0a <xTaskIncrementTick.part.0+0x4e>
10005b9e:	68d8      	ldr	r0, [r3, #12]
10005ba0:	6050      	str	r0, [r2, #4]
10005ba2:	e7b2      	b.n	10005b0a <xTaskIncrementTick.part.0+0x4e>
10005ba4:	4b28      	ldr	r3, [pc, #160]	@ (10005c48 <xTaskIncrementTick.part.0+0x18c>)
10005ba6:	4a2c      	ldr	r2, [pc, #176]	@ (10005c58 <xTaskIncrementTick.part.0+0x19c>)
10005ba8:	6819      	ldr	r1, [r3, #0]
10005baa:	6810      	ldr	r0, [r2, #0]
10005bac:	6018      	str	r0, [r3, #0]
10005bae:	6011      	str	r1, [r2, #0]
10005bb0:	492a      	ldr	r1, [pc, #168]	@ (10005c5c <xTaskIncrementTick.part.0+0x1a0>)
10005bb2:	680a      	ldr	r2, [r1, #0]
10005bb4:	3201      	adds	r2, #1
10005bb6:	600a      	str	r2, [r1, #0]
10005bb8:	681a      	ldr	r2, [r3, #0]
10005bba:	6812      	ldr	r2, [r2, #0]
10005bbc:	2a00      	cmp	r2, #0
10005bbe:	d125      	bne.n	10005c0c <xTaskIncrementTick.part.0+0x150>
10005bc0:	2301      	movs	r3, #1
10005bc2:	4920      	ldr	r1, [pc, #128]	@ (10005c44 <xTaskIncrementTick.part.0+0x188>)
10005bc4:	425b      	negs	r3, r3
10005bc6:	600b      	str	r3, [r1, #0]
10005bc8:	680b      	ldr	r3, [r1, #0]
10005bca:	429f      	cmp	r7, r3
10005bcc:	d287      	bcs.n	10005ade <xTaskIncrementTick.part.0+0x22>
10005bce:	2300      	movs	r3, #0
10005bd0:	469c      	mov	ip, r3
10005bd2:	4b1e      	ldr	r3, [pc, #120]	@ (10005c4c <xTaskIncrementTick.part.0+0x190>)
10005bd4:	4c1f      	ldr	r4, [pc, #124]	@ (10005c54 <xTaskIncrementTick.part.0+0x198>)
10005bd6:	469a      	mov	sl, r3
10005bd8:	4653      	mov	r3, sl
10005bda:	2001      	movs	r0, #1
10005bdc:	681b      	ldr	r3, [r3, #0]
10005bde:	4a20      	ldr	r2, [pc, #128]	@ (10005c60 <xTaskIncrementTick.part.0+0x1a4>)
10005be0:	6ad9      	ldr	r1, [r3, #44]	@ 0x2c
10005be2:	6812      	ldr	r2, [r2, #0]
10005be4:	008b      	lsls	r3, r1, #2
10005be6:	185b      	adds	r3, r3, r1
10005be8:	009b      	lsls	r3, r3, #2
10005bea:	58e3      	ldr	r3, [r4, r3]
10005bec:	4298      	cmp	r0, r3
10005bee:	4180      	sbcs	r0, r0
10005bf0:	0013      	movs	r3, r2
10005bf2:	1e5a      	subs	r2, r3, #1
10005bf4:	4193      	sbcs	r3, r2
10005bf6:	4240      	negs	r0, r0
10005bf8:	4318      	orrs	r0, r3
10005bfa:	4663      	mov	r3, ip
10005bfc:	4318      	orrs	r0, r3
10005bfe:	b003      	add	sp, #12
10005c00:	bcf0      	pop	{r4, r5, r6, r7}
10005c02:	46bb      	mov	fp, r7
10005c04:	46b2      	mov	sl, r6
10005c06:	46a9      	mov	r9, r5
10005c08:	46a0      	mov	r8, r4
10005c0a:	bdf0      	pop	{r4, r5, r6, r7, pc}
10005c0c:	681b      	ldr	r3, [r3, #0]
10005c0e:	490d      	ldr	r1, [pc, #52]	@ (10005c44 <xTaskIncrementTick.part.0+0x188>)
10005c10:	68db      	ldr	r3, [r3, #12]
10005c12:	681b      	ldr	r3, [r3, #0]
10005c14:	600b      	str	r3, [r1, #0]
10005c16:	e75f      	b.n	10005ad8 <xTaskIncrementTick.part.0+0x1c>
10005c18:	6a18      	ldr	r0, [r3, #32]
10005c1a:	6050      	str	r0, [r2, #4]
10005c1c:	e786      	b.n	10005b2c <xTaskIncrementTick.part.0+0x70>
10005c1e:	4661      	mov	r1, ip
10005c20:	9b00      	ldr	r3, [sp, #0]
10005c22:	600a      	str	r2, [r1, #0]
10005c24:	469c      	mov	ip, r3
10005c26:	e7d7      	b.n	10005bd8 <xTaskIncrementTick.part.0+0x11c>
10005c28:	4661      	mov	r1, ip
10005c2a:	4694      	mov	ip, r2
10005c2c:	2301      	movs	r3, #1
10005c2e:	425b      	negs	r3, r3
10005c30:	600b      	str	r3, [r1, #0]
10005c32:	e7d1      	b.n	10005bd8 <xTaskIncrementTick.part.0+0x11c>
10005c34:	469c      	mov	ip, r3
10005c36:	4b05      	ldr	r3, [pc, #20]	@ (10005c4c <xTaskIncrementTick.part.0+0x190>)
10005c38:	4c06      	ldr	r4, [pc, #24]	@ (10005c54 <xTaskIncrementTick.part.0+0x198>)
10005c3a:	469a      	mov	sl, r3
10005c3c:	e7f6      	b.n	10005c2c <xTaskIncrementTick.part.0+0x170>
10005c3e:	46c0      	nop			@ (mov r8, r8)
10005c40:	2002214c 	.word	0x2002214c
10005c44:	200220f0 	.word	0x200220f0
10005c48:	20001cb8 	.word	0x20001cb8
10005c4c:	20001cb0 	.word	0x20001cb0
10005c50:	20022088 	.word	0x20022088
10005c54:	20001cc8 	.word	0x20001cc8
10005c58:	20001cc0 	.word	0x20001cc0
10005c5c:	200220f4 	.word	0x200220f4
10005c60:	20022158 	.word	0x20022158

10005c64 <xTaskCreate>:
10005c64:	b5f8      	push	{r3, r4, r5, r6, r7, lr}
10005c66:	46ce      	mov	lr, r9
10005c68:	4647      	mov	r7, r8
10005c6a:	0095      	lsls	r5, r2, #2
10005c6c:	b580      	push	{r7, lr}
10005c6e:	4680      	mov	r8, r0
10005c70:	0028      	movs	r0, r5
10005c72:	000e      	movs	r6, r1
10005c74:	4699      	mov	r9, r3
10005c76:	f7fe fcb7 	bl	100045e8 <pvPortMalloc>
10005c7a:	1e07      	subs	r7, r0, #0
10005c7c:	d100      	bne.n	10005c80 <xTaskCreate+0x1c>
10005c7e:	e08a      	b.n	10005d96 <xTaskCreate+0x132>
10005c80:	2070      	movs	r0, #112	@ 0x70
10005c82:	f7fe fcb1 	bl	100045e8 <pvPortMalloc>
10005c86:	1e04      	subs	r4, r0, #0
10005c88:	d100      	bne.n	10005c8c <xTaskCreate+0x28>
10005c8a:	e081      	b.n	10005d90 <xTaskCreate+0x12c>
10005c8c:	2270      	movs	r2, #112	@ 0x70
10005c8e:	2100      	movs	r1, #0
10005c90:	f7fc fcc2 	bl	10002618 <__wrap_memset>
10005c94:	002a      	movs	r2, r5
10005c96:	21a5      	movs	r1, #165	@ 0xa5
10005c98:	0038      	movs	r0, r7
10005c9a:	6327      	str	r7, [r4, #48]	@ 0x30
10005c9c:	f7fc fcbc 	bl	10002618 <__wrap_memset>
10005ca0:	6b23      	ldr	r3, [r4, #48]	@ 0x30
10005ca2:	3d04      	subs	r5, #4
10005ca4:	195d      	adds	r5, r3, r5
10005ca6:	2307      	movs	r3, #7
10005ca8:	439d      	bics	r5, r3
10005caa:	2e00      	cmp	r6, #0
10005cac:	d04b      	beq.n	10005d46 <xTaskCreate+0xe2>
10005cae:	2234      	movs	r2, #52	@ 0x34
10005cb0:	7833      	ldrb	r3, [r6, #0]
10005cb2:	54a3      	strb	r3, [r4, r2]
10005cb4:	2b00      	cmp	r3, #0
10005cb6:	d043      	beq.n	10005d40 <xTaskCreate+0xdc>
10005cb8:	7873      	ldrb	r3, [r6, #1]
10005cba:	3201      	adds	r2, #1
10005cbc:	54a3      	strb	r3, [r4, r2]
10005cbe:	2b00      	cmp	r3, #0
10005cc0:	d03e      	beq.n	10005d40 <xTaskCreate+0xdc>
10005cc2:	78b3      	ldrb	r3, [r6, #2]
10005cc4:	3201      	adds	r2, #1
10005cc6:	54a3      	strb	r3, [r4, r2]
10005cc8:	2b00      	cmp	r3, #0
10005cca:	d039      	beq.n	10005d40 <xTaskCreate+0xdc>
10005ccc:	78f3      	ldrb	r3, [r6, #3]
10005cce:	3201      	adds	r2, #1
10005cd0:	54a3      	strb	r3, [r4, r2]
10005cd2:	2b00      	cmp	r3, #0
10005cd4:	d034      	beq.n	10005d40 <xTaskCreate+0xdc>
10005cd6:	7933      	ldrb	r3, [r6, #4]
10005cd8:	3201      	adds	r2, #1
10005cda:	54a3      	strb	r3, [r4, r2]
10005cdc:	2b00      	cmp	r3, #0
10005cde:	d02f      	beq.n	10005d40 <xTaskCreate+0xdc>
10005ce0:	7973      	ldrb	r3, [r6, #5]
10005ce2:	3201      	adds	r2, #1
10005ce4:	54a3      	strb	r3, [r4, r2]
10005ce6:	2b00      	cmp	r3, #0
10005ce8:	d02a      	beq.n	10005d40 <xTaskCreate+0xdc>
10005cea:	79b3      	ldrb	r3, [r6, #6]
10005cec:	3201      	adds	r2, #1
10005cee:	54a3      	strb	r3, [r4, r2]
10005cf0:	2b00      	cmp	r3, #0
10005cf2:	d025      	beq.n	10005d40 <xTaskCreate+0xdc>
10005cf4:	79f3      	ldrb	r3, [r6, #7]
10005cf6:	3201      	adds	r2, #1
10005cf8:	54a3      	strb	r3, [r4, r2]
10005cfa:	2b00      	cmp	r3, #0
10005cfc:	d020      	beq.n	10005d40 <xTaskCreate+0xdc>
10005cfe:	7a33      	ldrb	r3, [r6, #8]
10005d00:	3201      	adds	r2, #1
10005d02:	54a3      	strb	r3, [r4, r2]
10005d04:	2b00      	cmp	r3, #0
10005d06:	d01b      	beq.n	10005d40 <xTaskCreate+0xdc>
10005d08:	7a73      	ldrb	r3, [r6, #9]
10005d0a:	3201      	adds	r2, #1
10005d0c:	54a3      	strb	r3, [r4, r2]
10005d0e:	2b00      	cmp	r3, #0
10005d10:	d016      	beq.n	10005d40 <xTaskCreate+0xdc>
10005d12:	7ab3      	ldrb	r3, [r6, #10]
10005d14:	3201      	adds	r2, #1
10005d16:	54a3      	strb	r3, [r4, r2]
10005d18:	2b00      	cmp	r3, #0
10005d1a:	d011      	beq.n	10005d40 <xTaskCreate+0xdc>
10005d1c:	7af3      	ldrb	r3, [r6, #11]
10005d1e:	3201      	adds	r2, #1
10005d20:	54a3      	strb	r3, [r4, r2]
10005d22:	2b00      	cmp	r3, #0
10005d24:	d00c      	beq.n	10005d40 <xTaskCreate+0xdc>
10005d26:	7b33      	ldrb	r3, [r6, #12]
10005d28:	3201      	adds	r2, #1
10005d2a:	54a3      	strb	r3, [r4, r2]
10005d2c:	2b00      	cmp	r3, #0
10005d2e:	d007      	beq.n	10005d40 <xTaskCreate+0xdc>
10005d30:	7b73      	ldrb	r3, [r6, #13]
10005d32:	3201      	adds	r2, #1
10005d34:	54a3      	strb	r3, [r4, r2]
10005d36:	2b00      	cmp	r3, #0
10005d38:	d002      	beq.n	10005d40 <xTaskCreate+0xdc>
10005d3a:	2342      	movs	r3, #66	@ 0x42
10005d3c:	7bb2      	ldrb	r2, [r6, #14]
10005d3e:	54e2      	strb	r2, [r4, r3]
10005d40:	2343      	movs	r3, #67	@ 0x43
10005d42:	2200      	movs	r2, #0
10005d44:	54e2      	strb	r2, [r4, r3]
10005d46:	9e08      	ldr	r6, [sp, #32]
10005d48:	2e1f      	cmp	r6, #31
10005d4a:	d81f      	bhi.n	10005d8c <xTaskCreate+0x128>
10005d4c:	1d20      	adds	r0, r4, #4
10005d4e:	62e6      	str	r6, [r4, #44]	@ 0x2c
10005d50:	64e6      	str	r6, [r4, #76]	@ 0x4c
10005d52:	f7ff f8cf 	bl	10004ef4 <vListInitialiseItem>
10005d56:	0020      	movs	r0, r4
10005d58:	3018      	adds	r0, #24
10005d5a:	f7ff f8cb 	bl	10004ef4 <vListInitialiseItem>
10005d5e:	2320      	movs	r3, #32
10005d60:	1b9b      	subs	r3, r3, r6
10005d62:	61a3      	str	r3, [r4, #24]
10005d64:	464a      	mov	r2, r9
10005d66:	4641      	mov	r1, r8
10005d68:	0028      	movs	r0, r5
10005d6a:	6124      	str	r4, [r4, #16]
10005d6c:	6264      	str	r4, [r4, #36]	@ 0x24
10005d6e:	f7fe fdb9 	bl	100048e4 <pxPortInitialiseStack>
10005d72:	9b09      	ldr	r3, [sp, #36]	@ 0x24
10005d74:	6020      	str	r0, [r4, #0]
10005d76:	2b00      	cmp	r3, #0
10005d78:	d000      	beq.n	10005d7c <xTaskCreate+0x118>
10005d7a:	601c      	str	r4, [r3, #0]
10005d7c:	0020      	movs	r0, r4
10005d7e:	f7ff fddd 	bl	1000593c <prvAddNewTaskToReadyList>
10005d82:	2001      	movs	r0, #1
10005d84:	bcc0      	pop	{r6, r7}
10005d86:	46b9      	mov	r9, r7
10005d88:	46b0      	mov	r8, r6
10005d8a:	bdf8      	pop	{r3, r4, r5, r6, r7, pc}
10005d8c:	261f      	movs	r6, #31
10005d8e:	e7dd      	b.n	10005d4c <xTaskCreate+0xe8>
10005d90:	0038      	movs	r0, r7
10005d92:	f7fe fcbf 	bl	10004714 <vPortFree>
10005d96:	2001      	movs	r0, #1
10005d98:	4240      	negs	r0, r0
10005d9a:	e7f3      	b.n	10005d84 <xTaskCreate+0x120>

10005d9c <vTaskStartScheduler>:
10005d9c:	b5f0      	push	{r4, r5, r6, r7, lr}
10005d9e:	2080      	movs	r0, #128	@ 0x80
10005da0:	46c6      	mov	lr, r8
10005da2:	4b2b      	ldr	r3, [pc, #172]	@ (10005e50 <vTaskStartScheduler+0xb4>)
10005da4:	b500      	push	{lr}
10005da6:	0100      	lsls	r0, r0, #4
10005da8:	4698      	mov	r8, r3
10005daa:	4f2a      	ldr	r7, [pc, #168]	@ (10005e54 <vTaskStartScheduler+0xb8>)
10005dac:	f7fe fc1c 	bl	100045e8 <pvPortMalloc>
10005db0:	2600      	movs	r6, #0
10005db2:	1e05      	subs	r5, r0, #0
10005db4:	d036      	beq.n	10005e24 <vTaskStartScheduler+0x88>
10005db6:	2070      	movs	r0, #112	@ 0x70
10005db8:	f7fe fc16 	bl	100045e8 <pvPortMalloc>
10005dbc:	1e04      	subs	r4, r0, #0
10005dbe:	d036      	beq.n	10005e2e <vTaskStartScheduler+0x92>
10005dc0:	2270      	movs	r2, #112	@ 0x70
10005dc2:	2100      	movs	r1, #0
10005dc4:	f7fc fc28 	bl	10002618 <__wrap_memset>
10005dc8:	2280      	movs	r2, #128	@ 0x80
10005dca:	21a5      	movs	r1, #165	@ 0xa5
10005dcc:	0112      	lsls	r2, r2, #4
10005dce:	0028      	movs	r0, r5
10005dd0:	6325      	str	r5, [r4, #48]	@ 0x30
10005dd2:	f7fc fc21 	bl	10002618 <__wrap_memset>
10005dd6:	6b25      	ldr	r5, [r4, #48]	@ 0x30
10005dd8:	4b1f      	ldr	r3, [pc, #124]	@ (10005e58 <vTaskStartScheduler+0xbc>)
10005dda:	1d20      	adds	r0, r4, #4
10005ddc:	18ed      	adds	r5, r5, r3
10005dde:	2307      	movs	r3, #7
10005de0:	439d      	bics	r5, r3
10005de2:	4b1e      	ldr	r3, [pc, #120]	@ (10005e5c <vTaskStartScheduler+0xc0>)
10005de4:	6363      	str	r3, [r4, #52]	@ 0x34
10005de6:	2338      	movs	r3, #56	@ 0x38
10005de8:	54e6      	strb	r6, [r4, r3]
10005dea:	330b      	adds	r3, #11
10005dec:	54e6      	strb	r6, [r4, r3]
10005dee:	62e6      	str	r6, [r4, #44]	@ 0x2c
10005df0:	64e6      	str	r6, [r4, #76]	@ 0x4c
10005df2:	f7ff f87f 	bl	10004ef4 <vListInitialiseItem>
10005df6:	0020      	movs	r0, r4
10005df8:	3018      	adds	r0, #24
10005dfa:	f7ff f87b 	bl	10004ef4 <vListInitialiseItem>
10005dfe:	2320      	movs	r3, #32
10005e00:	2200      	movs	r2, #0
10005e02:	4641      	mov	r1, r8
10005e04:	61a3      	str	r3, [r4, #24]
10005e06:	0028      	movs	r0, r5
10005e08:	6124      	str	r4, [r4, #16]
10005e0a:	6264      	str	r4, [r4, #36]	@ 0x24
10005e0c:	f7fe fd6a 	bl	100048e4 <pxPortInitialiseStack>
10005e10:	6020      	str	r0, [r4, #0]
10005e12:	0020      	movs	r0, r4
10005e14:	603c      	str	r4, [r7, #0]
10005e16:	3601      	adds	r6, #1
10005e18:	f7ff fd90 	bl	1000593c <prvAddNewTaskToReadyList>
10005e1c:	f000 fe68 	bl	10006af0 <xTimerCreateTimerTask>
10005e20:	2801      	cmp	r0, #1
10005e22:	d008      	beq.n	10005e36 <vTaskStartScheduler+0x9a>
10005e24:	4b0e      	ldr	r3, [pc, #56]	@ (10005e60 <vTaskStartScheduler+0xc4>)
10005e26:	681b      	ldr	r3, [r3, #0]
10005e28:	bc80      	pop	{r7}
10005e2a:	46b8      	mov	r8, r7
10005e2c:	bdf0      	pop	{r4, r5, r6, r7, pc}
10005e2e:	0028      	movs	r0, r5
10005e30:	f7fe fc70 	bl	10004714 <vPortFree>
10005e34:	e7f6      	b.n	10005e24 <vTaskStartScheduler+0x88>
10005e36:	b672      	cpsid	i
10005e38:	2201      	movs	r2, #1
10005e3a:	4b0a      	ldr	r3, [pc, #40]	@ (10005e64 <vTaskStartScheduler+0xc8>)
10005e3c:	4252      	negs	r2, r2
10005e3e:	601a      	str	r2, [r3, #0]
10005e40:	2200      	movs	r2, #0
10005e42:	4b09      	ldr	r3, [pc, #36]	@ (10005e68 <vTaskStartScheduler+0xcc>)
10005e44:	601e      	str	r6, [r3, #0]
10005e46:	4b09      	ldr	r3, [pc, #36]	@ (10005e6c <vTaskStartScheduler+0xd0>)
10005e48:	601a      	str	r2, [r3, #0]
10005e4a:	f7fe fdc1 	bl	100049d0 <xPortStartScheduler>
10005e4e:	e7e9      	b.n	10005e24 <vTaskStartScheduler+0x88>
10005e50:	10005a5d 	.word	0x10005a5d
10005e54:	200220e4 	.word	0x200220e4
10005e58:	000007fc 	.word	0x000007fc
10005e5c:	454c4449 	.word	0x454c4449
10005e60:	1000bae0 	.word	0x1000bae0
10005e64:	200220f0 	.word	0x200220f0
10005e68:	20022118 	.word	0x20022118
10005e6c:	2002214c 	.word	0x2002214c

10005e70 <vTaskSuspendAll>:
10005e70:	4a02      	ldr	r2, [pc, #8]	@ (10005e7c <vTaskSuspendAll+0xc>)
10005e72:	6813      	ldr	r3, [r2, #0]
10005e74:	3301      	adds	r3, #1
10005e76:	6013      	str	r3, [r2, #0]
10005e78:	4770      	bx	lr
10005e7a:	46c0      	nop			@ (mov r8, r8)
10005e7c:	20022080 	.word	0x20022080

10005e80 <xTaskResumeAll>:
10005e80:	b5f8      	push	{r3, r4, r5, r6, r7, lr}
10005e82:	46de      	mov	lr, fp
10005e84:	4645      	mov	r5, r8
10005e86:	4657      	mov	r7, sl
10005e88:	464e      	mov	r6, r9
10005e8a:	b5e0      	push	{r5, r6, r7, lr}
10005e8c:	f7fe fd46 	bl	1000491c <vPortEnterCritical>
10005e90:	4d51      	ldr	r5, [pc, #324]	@ (10005fd8 <xTaskResumeAll+0x158>)
10005e92:	682b      	ldr	r3, [r5, #0]
10005e94:	3b01      	subs	r3, #1
10005e96:	602b      	str	r3, [r5, #0]
10005e98:	682b      	ldr	r3, [r5, #0]
10005e9a:	2b00      	cmp	r3, #0
10005e9c:	d17f      	bne.n	10005f9e <xTaskResumeAll+0x11e>
10005e9e:	4b4f      	ldr	r3, [pc, #316]	@ (10005fdc <xTaskResumeAll+0x15c>)
10005ea0:	681b      	ldr	r3, [r3, #0]
10005ea2:	2b00      	cmp	r3, #0
10005ea4:	d07b      	beq.n	10005f9e <xTaskResumeAll+0x11e>
10005ea6:	4f4e      	ldr	r7, [pc, #312]	@ (10005fe0 <xTaskResumeAll+0x160>)
10005ea8:	683b      	ldr	r3, [r7, #0]
10005eaa:	2b00      	cmp	r3, #0
10005eac:	d100      	bne.n	10005eb0 <xTaskResumeAll+0x30>
10005eae:	e08f      	b.n	10005fd0 <xTaskResumeAll+0x150>
10005eb0:	4b4c      	ldr	r3, [pc, #304]	@ (10005fe4 <xTaskResumeAll+0x164>)
10005eb2:	46ab      	mov	fp, r5
10005eb4:	0018      	movs	r0, r3
10005eb6:	4b4c      	ldr	r3, [pc, #304]	@ (10005fe8 <xTaskResumeAll+0x168>)
10005eb8:	4c4c      	ldr	r4, [pc, #304]	@ (10005fec <xTaskResumeAll+0x16c>)
10005eba:	4699      	mov	r9, r3
10005ebc:	4b4c      	ldr	r3, [pc, #304]	@ (10005ff0 <xTaskResumeAll+0x170>)
10005ebe:	469a      	mov	sl, r3
10005ec0:	68fb      	ldr	r3, [r7, #12]
10005ec2:	68db      	ldr	r3, [r3, #12]
10005ec4:	69de      	ldr	r6, [r3, #28]
10005ec6:	6a19      	ldr	r1, [r3, #32]
10005ec8:	6a9a      	ldr	r2, [r3, #40]	@ 0x28
10005eca:	60b1      	str	r1, [r6, #8]
10005ecc:	69de      	ldr	r6, [r3, #28]
10005ece:	604e      	str	r6, [r1, #4]
10005ed0:	0019      	movs	r1, r3
10005ed2:	6856      	ldr	r6, [r2, #4]
10005ed4:	3118      	adds	r1, #24
10005ed6:	428e      	cmp	r6, r1
10005ed8:	d100      	bne.n	10005edc <xTaskResumeAll+0x5c>
10005eda:	e072      	b.n	10005fc2 <xTaskResumeAll+0x142>
10005edc:	2100      	movs	r1, #0
10005ede:	6299      	str	r1, [r3, #40]	@ 0x28
10005ee0:	6811      	ldr	r1, [r2, #0]
10005ee2:	3901      	subs	r1, #1
10005ee4:	6011      	str	r1, [r2, #0]
10005ee6:	689e      	ldr	r6, [r3, #8]
10005ee8:	68d9      	ldr	r1, [r3, #12]
10005eea:	695a      	ldr	r2, [r3, #20]
10005eec:	60b1      	str	r1, [r6, #8]
10005eee:	689e      	ldr	r6, [r3, #8]
10005ef0:	604e      	str	r6, [r1, #4]
10005ef2:	6851      	ldr	r1, [r2, #4]
10005ef4:	1d1e      	adds	r6, r3, #4
10005ef6:	42b1      	cmp	r1, r6
10005ef8:	d060      	beq.n	10005fbc <xTaskResumeAll+0x13c>
10005efa:	6811      	ldr	r1, [r2, #0]
10005efc:	3901      	subs	r1, #1
10005efe:	6011      	str	r1, [r2, #0]
10005f00:	6ad9      	ldr	r1, [r3, #44]	@ 0x2c
10005f02:	6802      	ldr	r2, [r0, #0]
10005f04:	4291      	cmp	r1, r2
10005f06:	d900      	bls.n	10005f0a <xTaskResumeAll+0x8a>
10005f08:	6001      	str	r1, [r0, #0]
10005f0a:	008a      	lsls	r2, r1, #2
10005f0c:	1852      	adds	r2, r2, r1
10005f0e:	0092      	lsls	r2, r2, #2
10005f10:	18a1      	adds	r1, r4, r2
10005f12:	468c      	mov	ip, r1
10005f14:	6849      	ldr	r1, [r1, #4]
10005f16:	6099      	str	r1, [r3, #8]
10005f18:	688d      	ldr	r5, [r1, #8]
10005f1a:	60dd      	str	r5, [r3, #12]
10005f1c:	606e      	str	r6, [r5, #4]
10005f1e:	608e      	str	r6, [r1, #8]
10005f20:	4661      	mov	r1, ip
10005f22:	6159      	str	r1, [r3, #20]
10005f24:	58a1      	ldr	r1, [r4, r2]
10005f26:	3101      	adds	r1, #1
10005f28:	50a1      	str	r1, [r4, r2]
10005f2a:	464a      	mov	r2, r9
10005f2c:	6811      	ldr	r1, [r2, #0]
10005f2e:	6ada      	ldr	r2, [r3, #44]	@ 0x2c
10005f30:	6acb      	ldr	r3, [r1, #44]	@ 0x2c
10005f32:	429a      	cmp	r2, r3
10005f34:	d93d      	bls.n	10005fb2 <xTaskResumeAll+0x132>
10005f36:	4653      	mov	r3, sl
10005f38:	2201      	movs	r2, #1
10005f3a:	601a      	str	r2, [r3, #0]
10005f3c:	683b      	ldr	r3, [r7, #0]
10005f3e:	2b00      	cmp	r3, #0
10005f40:	d1be      	bne.n	10005ec0 <xTaskResumeAll+0x40>
10005f42:	4b2c      	ldr	r3, [pc, #176]	@ (10005ff4 <xTaskResumeAll+0x174>)
10005f44:	465d      	mov	r5, fp
10005f46:	681a      	ldr	r2, [r3, #0]
10005f48:	6812      	ldr	r2, [r2, #0]
10005f4a:	2a00      	cmp	r2, #0
10005f4c:	d03c      	beq.n	10005fc8 <xTaskResumeAll+0x148>
10005f4e:	681b      	ldr	r3, [r3, #0]
10005f50:	68db      	ldr	r3, [r3, #12]
10005f52:	681a      	ldr	r2, [r3, #0]
10005f54:	4b28      	ldr	r3, [pc, #160]	@ (10005ff8 <xTaskResumeAll+0x178>)
10005f56:	601a      	str	r2, [r3, #0]
10005f58:	4e28      	ldr	r6, [pc, #160]	@ (10005ffc <xTaskResumeAll+0x17c>)
10005f5a:	6834      	ldr	r4, [r6, #0]
10005f5c:	2c00      	cmp	r4, #0
10005f5e:	d014      	beq.n	10005f8a <xTaskResumeAll+0x10a>
10005f60:	2701      	movs	r7, #1
10005f62:	e008      	b.n	10005f76 <xTaskResumeAll+0xf6>
10005f64:	f7ff fdaa 	bl	10005abc <xTaskIncrementTick.part.0>
10005f68:	2800      	cmp	r0, #0
10005f6a:	d001      	beq.n	10005f70 <xTaskResumeAll+0xf0>
10005f6c:	4653      	mov	r3, sl
10005f6e:	601f      	str	r7, [r3, #0]
10005f70:	3c01      	subs	r4, #1
10005f72:	2c00      	cmp	r4, #0
10005f74:	d008      	beq.n	10005f88 <xTaskResumeAll+0x108>
10005f76:	682b      	ldr	r3, [r5, #0]
10005f78:	2b00      	cmp	r3, #0
10005f7a:	d0f3      	beq.n	10005f64 <xTaskResumeAll+0xe4>
10005f7c:	6833      	ldr	r3, [r6, #0]
10005f7e:	3c01      	subs	r4, #1
10005f80:	3301      	adds	r3, #1
10005f82:	6033      	str	r3, [r6, #0]
10005f84:	2c00      	cmp	r4, #0
10005f86:	d1f6      	bne.n	10005f76 <xTaskResumeAll+0xf6>
10005f88:	6034      	str	r4, [r6, #0]
10005f8a:	4653      	mov	r3, sl
10005f8c:	681b      	ldr	r3, [r3, #0]
10005f8e:	2b00      	cmp	r3, #0
10005f90:	d005      	beq.n	10005f9e <xTaskResumeAll+0x11e>
10005f92:	4b15      	ldr	r3, [pc, #84]	@ (10005fe8 <xTaskResumeAll+0x168>)
10005f94:	2401      	movs	r4, #1
10005f96:	681b      	ldr	r3, [r3, #0]
10005f98:	f7fe fcb4 	bl	10004904 <vPortYield>
10005f9c:	e000      	b.n	10005fa0 <xTaskResumeAll+0x120>
10005f9e:	2400      	movs	r4, #0
10005fa0:	f7fe fcc8 	bl	10004934 <vPortExitCritical>
10005fa4:	0020      	movs	r0, r4
10005fa6:	bcf0      	pop	{r4, r5, r6, r7}
10005fa8:	46bb      	mov	fp, r7
10005faa:	46b2      	mov	sl, r6
10005fac:	46a9      	mov	r9, r5
10005fae:	46a0      	mov	r8, r4
10005fb0:	bdf8      	pop	{r3, r4, r5, r6, r7, pc}
10005fb2:	683b      	ldr	r3, [r7, #0]
10005fb4:	2b00      	cmp	r3, #0
10005fb6:	d000      	beq.n	10005fba <xTaskResumeAll+0x13a>
10005fb8:	e782      	b.n	10005ec0 <xTaskResumeAll+0x40>
10005fba:	e7c2      	b.n	10005f42 <xTaskResumeAll+0xc2>
10005fbc:	68d9      	ldr	r1, [r3, #12]
10005fbe:	6051      	str	r1, [r2, #4]
10005fc0:	e79b      	b.n	10005efa <xTaskResumeAll+0x7a>
10005fc2:	6a19      	ldr	r1, [r3, #32]
10005fc4:	6051      	str	r1, [r2, #4]
10005fc6:	e789      	b.n	10005edc <xTaskResumeAll+0x5c>
10005fc8:	4b0b      	ldr	r3, [pc, #44]	@ (10005ff8 <xTaskResumeAll+0x178>)
10005fca:	3a01      	subs	r2, #1
10005fcc:	601a      	str	r2, [r3, #0]
10005fce:	e7c3      	b.n	10005f58 <xTaskResumeAll+0xd8>
10005fd0:	4b07      	ldr	r3, [pc, #28]	@ (10005ff0 <xTaskResumeAll+0x170>)
10005fd2:	469a      	mov	sl, r3
10005fd4:	e7c0      	b.n	10005f58 <xTaskResumeAll+0xd8>
10005fd6:	46c0      	nop			@ (mov r8, r8)
10005fd8:	20022080 	.word	0x20022080
10005fdc:	20022078 	.word	0x20022078
10005fe0:	20022104 	.word	0x20022104
10005fe4:	20022088 	.word	0x20022088
10005fe8:	20001cb0 	.word	0x20001cb0
10005fec:	20001cc8 	.word	0x20001cc8
10005ff0:	20022158 	.word	0x20022158
10005ff4:	20001cb8 	.word	0x20001cb8
10005ff8:	200220f0 	.word	0x200220f0
10005ffc:	20022100 	.word	0x20022100

10006000 <vTaskDelay>:
10006000:	b5f0      	push	{r4, r5, r6, r7, lr}
10006002:	46c6      	mov	lr, r8
10006004:	0004      	movs	r4, r0
10006006:	b500      	push	{lr}
10006008:	2800      	cmp	r0, #0
1000600a:	d021      	beq.n	10006050 <vTaskDelay+0x50>
1000600c:	4a17      	ldr	r2, [pc, #92]	@ (1000606c <vTaskDelay+0x6c>)
1000600e:	6813      	ldr	r3, [r2, #0]
10006010:	3301      	adds	r3, #1
10006012:	6013      	str	r3, [r2, #0]
10006014:	4b16      	ldr	r3, [pc, #88]	@ (10006070 <vTaskDelay+0x70>)
10006016:	2100      	movs	r1, #0
10006018:	681e      	ldr	r6, [r3, #0]
1000601a:	4b16      	ldr	r3, [pc, #88]	@ (10006074 <vTaskDelay+0x74>)
1000601c:	4d16      	ldr	r5, [pc, #88]	@ (10006078 <vTaskDelay+0x78>)
1000601e:	681b      	ldr	r3, [r3, #0]
10006020:	19a4      	adds	r4, r4, r6
10006022:	4698      	mov	r8, r3
10006024:	4b15      	ldr	r3, [pc, #84]	@ (1000607c <vTaskDelay+0x7c>)
10006026:	681f      	ldr	r7, [r3, #0]
10006028:	236d      	movs	r3, #109	@ 0x6d
1000602a:	682a      	ldr	r2, [r5, #0]
1000602c:	6828      	ldr	r0, [r5, #0]
1000602e:	54d1      	strb	r1, [r2, r3]
10006030:	3004      	adds	r0, #4
10006032:	f7fe ff7d 	bl	10004f30 <uxListRemove>
10006036:	682b      	ldr	r3, [r5, #0]
10006038:	6829      	ldr	r1, [r5, #0]
1000603a:	605c      	str	r4, [r3, #4]
1000603c:	3104      	adds	r1, #4
1000603e:	42a6      	cmp	r6, r4
10006040:	d90b      	bls.n	1000605a <vTaskDelay+0x5a>
10006042:	0038      	movs	r0, r7
10006044:	f7fe ff5a 	bl	10004efc <vListInsert>
10006048:	f7ff ff1a 	bl	10005e80 <xTaskResumeAll>
1000604c:	2800      	cmp	r0, #0
1000604e:	d101      	bne.n	10006054 <vTaskDelay+0x54>
10006050:	f7fe fc58 	bl	10004904 <vPortYield>
10006054:	bc80      	pop	{r7}
10006056:	46b8      	mov	r8, r7
10006058:	bdf0      	pop	{r4, r5, r6, r7, pc}
1000605a:	4640      	mov	r0, r8
1000605c:	f7fe ff4e 	bl	10004efc <vListInsert>
10006060:	4b07      	ldr	r3, [pc, #28]	@ (10006080 <vTaskDelay+0x80>)
10006062:	681a      	ldr	r2, [r3, #0]
10006064:	4294      	cmp	r4, r2
10006066:	d2ef      	bcs.n	10006048 <vTaskDelay+0x48>
10006068:	601c      	str	r4, [r3, #0]
1000606a:	e7ed      	b.n	10006048 <vTaskDelay+0x48>
1000606c:	20022080 	.word	0x20022080
10006070:	2002214c 	.word	0x2002214c
10006074:	20001cb8 	.word	0x20001cb8
10006078:	20001cb0 	.word	0x20001cb0
1000607c:	20001cc0 	.word	0x20001cc0
10006080:	200220f0 	.word	0x200220f0

10006084 <xTaskGetTickCount>:
10006084:	4b01      	ldr	r3, [pc, #4]	@ (1000608c <xTaskGetTickCount+0x8>)
10006086:	6818      	ldr	r0, [r3, #0]
10006088:	4770      	bx	lr
1000608a:	46c0      	nop			@ (mov r8, r8)
1000608c:	2002214c 	.word	0x2002214c

10006090 <uxTaskGetNumberOfTasks>:
10006090:	4b01      	ldr	r3, [pc, #4]	@ (10006098 <uxTaskGetNumberOfTasks+0x8>)
10006092:	6818      	ldr	r0, [r3, #0]
10006094:	4770      	bx	lr
10006096:	46c0      	nop			@ (mov r8, r8)
10006098:	20022078 	.word	0x20022078

1000609c <xTaskIncrementTick>:
1000609c:	4b06      	ldr	r3, [pc, #24]	@ (100060b8 <xTaskIncrementTick+0x1c>)
1000609e:	b510      	push	{r4, lr}
100060a0:	681b      	ldr	r3, [r3, #0]
100060a2:	2b00      	cmp	r3, #0
100060a4:	d102      	bne.n	100060ac <xTaskIncrementTick+0x10>
100060a6:	f7ff fd09 	bl	10005abc <xTaskIncrementTick.part.0>
100060aa:	bd10      	pop	{r4, pc}
100060ac:	4a03      	ldr	r2, [pc, #12]	@ (100060bc <xTaskIncrementTick+0x20>)
100060ae:	2000      	movs	r0, #0
100060b0:	6813      	ldr	r3, [r2, #0]
100060b2:	3301      	adds	r3, #1
100060b4:	6013      	str	r3, [r2, #0]
100060b6:	e7f8      	b.n	100060aa <xTaskIncrementTick+0xe>
100060b8:	20022080 	.word	0x20022080
100060bc:	20022100 	.word	0x20022100

100060c0 <vTaskSwitchContext>:
100060c0:	4b1b      	ldr	r3, [pc, #108]	@ (10006130 <vTaskSwitchContext+0x70>)
100060c2:	b510      	push	{r4, lr}
100060c4:	681b      	ldr	r3, [r3, #0]
100060c6:	2b00      	cmp	r3, #0
100060c8:	d003      	beq.n	100060d2 <vTaskSwitchContext+0x12>
100060ca:	2201      	movs	r2, #1
100060cc:	4b19      	ldr	r3, [pc, #100]	@ (10006134 <vTaskSwitchContext+0x74>)
100060ce:	601a      	str	r2, [r3, #0]
100060d0:	bd10      	pop	{r4, pc}
100060d2:	4a18      	ldr	r2, [pc, #96]	@ (10006134 <vTaskSwitchContext+0x74>)
100060d4:	4818      	ldr	r0, [pc, #96]	@ (10006138 <vTaskSwitchContext+0x78>)
100060d6:	6013      	str	r3, [r2, #0]
100060d8:	4b18      	ldr	r3, [pc, #96]	@ (1000613c <vTaskSwitchContext+0x7c>)
100060da:	681a      	ldr	r2, [r3, #0]
100060dc:	469c      	mov	ip, r3
100060de:	0093      	lsls	r3, r2, #2
100060e0:	1899      	adds	r1, r3, r2
100060e2:	0089      	lsls	r1, r1, #2
100060e4:	5844      	ldr	r4, [r0, r1]
100060e6:	2c00      	cmp	r4, #0
100060e8:	d108      	bne.n	100060fc <vTaskSwitchContext+0x3c>
100060ea:	0003      	movs	r3, r0
100060ec:	3b14      	subs	r3, #20
100060ee:	185b      	adds	r3, r3, r1
100060f0:	6819      	ldr	r1, [r3, #0]
100060f2:	3b14      	subs	r3, #20
100060f4:	3a01      	subs	r2, #1
100060f6:	2900      	cmp	r1, #0
100060f8:	d0fa      	beq.n	100060f0 <vTaskSwitchContext+0x30>
100060fa:	0093      	lsls	r3, r2, #2
100060fc:	189b      	adds	r3, r3, r2
100060fe:	009b      	lsls	r3, r3, #2
10006100:	18c4      	adds	r4, r0, r3
10006102:	6861      	ldr	r1, [r4, #4]
10006104:	3308      	adds	r3, #8
10006106:	6849      	ldr	r1, [r1, #4]
10006108:	18c0      	adds	r0, r0, r3
1000610a:	6061      	str	r1, [r4, #4]
1000610c:	4281      	cmp	r1, r0
1000610e:	d006      	beq.n	1000611e <vTaskSwitchContext+0x5e>
10006110:	68c9      	ldr	r1, [r1, #12]
10006112:	4b0b      	ldr	r3, [pc, #44]	@ (10006140 <vTaskSwitchContext+0x80>)
10006114:	6019      	str	r1, [r3, #0]
10006116:	4661      	mov	r1, ip
10006118:	600a      	str	r2, [r1, #0]
1000611a:	681b      	ldr	r3, [r3, #0]
1000611c:	e7d8      	b.n	100060d0 <vTaskSwitchContext+0x10>
1000611e:	68e1      	ldr	r1, [r4, #12]
10006120:	4b07      	ldr	r3, [pc, #28]	@ (10006140 <vTaskSwitchContext+0x80>)
10006122:	6061      	str	r1, [r4, #4]
10006124:	68c9      	ldr	r1, [r1, #12]
10006126:	6019      	str	r1, [r3, #0]
10006128:	4661      	mov	r1, ip
1000612a:	600a      	str	r2, [r1, #0]
1000612c:	681b      	ldr	r3, [r3, #0]
1000612e:	e7cf      	b.n	100060d0 <vTaskSwitchContext+0x10>
10006130:	20022080 	.word	0x20022080
10006134:	20022158 	.word	0x20022158
10006138:	20001cc8 	.word	0x20001cc8
1000613c:	20022088 	.word	0x20022088
10006140:	20001cb0 	.word	0x20001cb0

10006144 <vTaskPlaceOnEventList>:
10006144:	b5f0      	push	{r4, r5, r6, r7, lr}
10006146:	46c6      	mov	lr, r8
10006148:	4c20      	ldr	r4, [pc, #128]	@ (100061cc <vTaskPlaceOnEventList+0x88>)
1000614a:	000d      	movs	r5, r1
1000614c:	6821      	ldr	r1, [r4, #0]
1000614e:	b500      	push	{lr}
10006150:	3118      	adds	r1, #24
10006152:	f7fe fed3 	bl	10004efc <vListInsert>
10006156:	4b1e      	ldr	r3, [pc, #120]	@ (100061d0 <vTaskPlaceOnEventList+0x8c>)
10006158:	2100      	movs	r1, #0
1000615a:	681e      	ldr	r6, [r3, #0]
1000615c:	4b1d      	ldr	r3, [pc, #116]	@ (100061d4 <vTaskPlaceOnEventList+0x90>)
1000615e:	681b      	ldr	r3, [r3, #0]
10006160:	001f      	movs	r7, r3
10006162:	4b1d      	ldr	r3, [pc, #116]	@ (100061d8 <vTaskPlaceOnEventList+0x94>)
10006164:	681b      	ldr	r3, [r3, #0]
10006166:	6822      	ldr	r2, [r4, #0]
10006168:	4698      	mov	r8, r3
1000616a:	236d      	movs	r3, #109	@ 0x6d
1000616c:	6820      	ldr	r0, [r4, #0]
1000616e:	54d1      	strb	r1, [r2, r3]
10006170:	3004      	adds	r0, #4
10006172:	f7fe fedd 	bl	10004f30 <uxListRemove>
10006176:	1c6b      	adds	r3, r5, #1
10006178:	d015      	beq.n	100061a6 <vTaskPlaceOnEventList+0x62>
1000617a:	6823      	ldr	r3, [r4, #0]
1000617c:	6821      	ldr	r1, [r4, #0]
1000617e:	19ad      	adds	r5, r5, r6
10006180:	605d      	str	r5, [r3, #4]
10006182:	3104      	adds	r1, #4
10006184:	42ae      	cmp	r6, r5
10006186:	d905      	bls.n	10006194 <vTaskPlaceOnEventList+0x50>
10006188:	4640      	mov	r0, r8
1000618a:	f7fe feb7 	bl	10004efc <vListInsert>
1000618e:	bc80      	pop	{r7}
10006190:	46b8      	mov	r8, r7
10006192:	bdf0      	pop	{r4, r5, r6, r7, pc}
10006194:	0038      	movs	r0, r7
10006196:	f7fe feb1 	bl	10004efc <vListInsert>
1000619a:	4b10      	ldr	r3, [pc, #64]	@ (100061dc <vTaskPlaceOnEventList+0x98>)
1000619c:	681a      	ldr	r2, [r3, #0]
1000619e:	4295      	cmp	r5, r2
100061a0:	d2f5      	bcs.n	1000618e <vTaskPlaceOnEventList+0x4a>
100061a2:	601d      	str	r5, [r3, #0]
100061a4:	e7f3      	b.n	1000618e <vTaskPlaceOnEventList+0x4a>
100061a6:	4b0e      	ldr	r3, [pc, #56]	@ (100061e0 <vTaskPlaceOnEventList+0x9c>)
100061a8:	6821      	ldr	r1, [r4, #0]
100061aa:	685a      	ldr	r2, [r3, #4]
100061ac:	608a      	str	r2, [r1, #8]
100061ae:	6890      	ldr	r0, [r2, #8]
100061b0:	6821      	ldr	r1, [r4, #0]
100061b2:	60c8      	str	r0, [r1, #12]
100061b4:	6821      	ldr	r1, [r4, #0]
100061b6:	3104      	adds	r1, #4
100061b8:	6041      	str	r1, [r0, #4]
100061ba:	6821      	ldr	r1, [r4, #0]
100061bc:	3104      	adds	r1, #4
100061be:	6091      	str	r1, [r2, #8]
100061c0:	6822      	ldr	r2, [r4, #0]
100061c2:	6153      	str	r3, [r2, #20]
100061c4:	681a      	ldr	r2, [r3, #0]
100061c6:	3201      	adds	r2, #1
100061c8:	601a      	str	r2, [r3, #0]
100061ca:	e7e0      	b.n	1000618e <vTaskPlaceOnEventList+0x4a>
100061cc:	20001cb0 	.word	0x20001cb0
100061d0:	2002214c 	.word	0x2002214c
100061d4:	20001cb8 	.word	0x20001cb8
100061d8:	20001cc0 	.word	0x20001cc0
100061dc:	200220f0 	.word	0x200220f0
100061e0:	20022124 	.word	0x20022124

100061e4 <vTaskPlaceOnUnorderedEventList>:
100061e4:	2380      	movs	r3, #128	@ 0x80
100061e6:	b5f0      	push	{r4, r5, r6, r7, lr}
100061e8:	46c6      	mov	lr, r8
100061ea:	4c29      	ldr	r4, [pc, #164]	@ (10006290 <vTaskPlaceOnUnorderedEventList+0xac>)
100061ec:	0015      	movs	r5, r2
100061ee:	061b      	lsls	r3, r3, #24
100061f0:	6822      	ldr	r2, [r4, #0]
100061f2:	430b      	orrs	r3, r1
100061f4:	b500      	push	{lr}
100061f6:	6193      	str	r3, [r2, #24]
100061f8:	6822      	ldr	r2, [r4, #0]
100061fa:	6843      	ldr	r3, [r0, #4]
100061fc:	61d3      	str	r3, [r2, #28]
100061fe:	6899      	ldr	r1, [r3, #8]
10006200:	6822      	ldr	r2, [r4, #0]
10006202:	6211      	str	r1, [r2, #32]
10006204:	6822      	ldr	r2, [r4, #0]
10006206:	3218      	adds	r2, #24
10006208:	604a      	str	r2, [r1, #4]
1000620a:	6822      	ldr	r2, [r4, #0]
1000620c:	2100      	movs	r1, #0
1000620e:	3218      	adds	r2, #24
10006210:	609a      	str	r2, [r3, #8]
10006212:	6823      	ldr	r3, [r4, #0]
10006214:	6298      	str	r0, [r3, #40]	@ 0x28
10006216:	6803      	ldr	r3, [r0, #0]
10006218:	3301      	adds	r3, #1
1000621a:	6003      	str	r3, [r0, #0]
1000621c:	4b1d      	ldr	r3, [pc, #116]	@ (10006294 <vTaskPlaceOnUnorderedEventList+0xb0>)
1000621e:	681e      	ldr	r6, [r3, #0]
10006220:	4b1d      	ldr	r3, [pc, #116]	@ (10006298 <vTaskPlaceOnUnorderedEventList+0xb4>)
10006222:	681b      	ldr	r3, [r3, #0]
10006224:	001f      	movs	r7, r3
10006226:	4b1d      	ldr	r3, [pc, #116]	@ (1000629c <vTaskPlaceOnUnorderedEventList+0xb8>)
10006228:	681b      	ldr	r3, [r3, #0]
1000622a:	6822      	ldr	r2, [r4, #0]
1000622c:	4698      	mov	r8, r3
1000622e:	236d      	movs	r3, #109	@ 0x6d
10006230:	6820      	ldr	r0, [r4, #0]
10006232:	54d1      	strb	r1, [r2, r3]
10006234:	3004      	adds	r0, #4
10006236:	f7fe fe7b 	bl	10004f30 <uxListRemove>
1000623a:	1c6b      	adds	r3, r5, #1
1000623c:	d015      	beq.n	1000626a <vTaskPlaceOnUnorderedEventList+0x86>
1000623e:	6823      	ldr	r3, [r4, #0]
10006240:	6821      	ldr	r1, [r4, #0]
10006242:	19ad      	adds	r5, r5, r6
10006244:	605d      	str	r5, [r3, #4]
10006246:	3104      	adds	r1, #4
10006248:	42ae      	cmp	r6, r5
1000624a:	d905      	bls.n	10006258 <vTaskPlaceOnUnorderedEventList+0x74>
1000624c:	4640      	mov	r0, r8
1000624e:	f7fe fe55 	bl	10004efc <vListInsert>
10006252:	bc80      	pop	{r7}
10006254:	46b8      	mov	r8, r7
10006256:	bdf0      	pop	{r4, r5, r6, r7, pc}
10006258:	0038      	movs	r0, r7
1000625a:	f7fe fe4f 	bl	10004efc <vListInsert>
1000625e:	4b10      	ldr	r3, [pc, #64]	@ (100062a0 <vTaskPlaceOnUnorderedEventList+0xbc>)
10006260:	681a      	ldr	r2, [r3, #0]
10006262:	4295      	cmp	r5, r2
10006264:	d2f5      	bcs.n	10006252 <vTaskPlaceOnUnorderedEventList+0x6e>
10006266:	601d      	str	r5, [r3, #0]
10006268:	e7f3      	b.n	10006252 <vTaskPlaceOnUnorderedEventList+0x6e>
1000626a:	4b0e      	ldr	r3, [pc, #56]	@ (100062a4 <vTaskPlaceOnUnorderedEventList+0xc0>)
1000626c:	6821      	ldr	r1, [r4, #0]
1000626e:	685a      	ldr	r2, [r3, #4]
10006270:	608a      	str	r2, [r1, #8]
10006272:	6890      	ldr	r0, [r2, #8]
10006274:	6821      	ldr	r1, [r4, #0]
10006276:	60c8      	str	r0, [r1, #12]
10006278:	6821      	ldr	r1, [r4, #0]
1000627a:	3104      	adds	r1, #4
1000627c:	6041      	str	r1, [r0, #4]
1000627e:	6821      	ldr	r1, [r4, #0]
10006280:	3104      	adds	r1, #4
10006282:	6091      	str	r1, [r2, #8]
10006284:	6822      	ldr	r2, [r4, #0]
10006286:	6153      	str	r3, [r2, #20]
10006288:	681a      	ldr	r2, [r3, #0]
1000628a:	3201      	adds	r2, #1
1000628c:	601a      	str	r2, [r3, #0]
1000628e:	e7e0      	b.n	10006252 <vTaskPlaceOnUnorderedEventList+0x6e>
10006290:	20001cb0 	.word	0x20001cb0
10006294:	2002214c 	.word	0x2002214c
10006298:	20001cb8 	.word	0x20001cb8
1000629c:	20001cc0 	.word	0x20001cc0
100062a0:	200220f0 	.word	0x200220f0
100062a4:	20022124 	.word	0x20022124

100062a8 <vTaskPlaceOnEventListRestricted>:
100062a8:	b5f0      	push	{r4, r5, r6, r7, lr}
100062aa:	46c6      	mov	lr, r8
100062ac:	4694      	mov	ip, r2
100062ae:	4c37      	ldr	r4, [pc, #220]	@ (1000638c <vTaskPlaceOnEventListRestricted+0xe4>)
100062b0:	6843      	ldr	r3, [r0, #4]
100062b2:	6822      	ldr	r2, [r4, #0]
100062b4:	b500      	push	{lr}
100062b6:	61d3      	str	r3, [r2, #28]
100062b8:	689a      	ldr	r2, [r3, #8]
100062ba:	000d      	movs	r5, r1
100062bc:	6821      	ldr	r1, [r4, #0]
100062be:	620a      	str	r2, [r1, #32]
100062c0:	6821      	ldr	r1, [r4, #0]
100062c2:	3118      	adds	r1, #24
100062c4:	6051      	str	r1, [r2, #4]
100062c6:	6821      	ldr	r1, [r4, #0]
100062c8:	3118      	adds	r1, #24
100062ca:	6099      	str	r1, [r3, #8]
100062cc:	6823      	ldr	r3, [r4, #0]
100062ce:	6298      	str	r0, [r3, #40]	@ 0x28
100062d0:	6803      	ldr	r3, [r0, #0]
100062d2:	3301      	adds	r3, #1
100062d4:	6003      	str	r3, [r0, #0]
100062d6:	4663      	mov	r3, ip
100062d8:	2b00      	cmp	r3, #0
100062da:	d022      	beq.n	10006322 <vTaskPlaceOnEventListRestricted+0x7a>
100062dc:	4b2c      	ldr	r3, [pc, #176]	@ (10006390 <vTaskPlaceOnEventListRestricted+0xe8>)
100062de:	2100      	movs	r1, #0
100062e0:	681b      	ldr	r3, [r3, #0]
100062e2:	4b2c      	ldr	r3, [pc, #176]	@ (10006394 <vTaskPlaceOnEventListRestricted+0xec>)
100062e4:	681b      	ldr	r3, [r3, #0]
100062e6:	4b2c      	ldr	r3, [pc, #176]	@ (10006398 <vTaskPlaceOnEventListRestricted+0xf0>)
100062e8:	681b      	ldr	r3, [r3, #0]
100062ea:	236d      	movs	r3, #109	@ 0x6d
100062ec:	6822      	ldr	r2, [r4, #0]
100062ee:	6820      	ldr	r0, [r4, #0]
100062f0:	54d1      	strb	r1, [r2, r3]
100062f2:	3004      	adds	r0, #4
100062f4:	f7fe fe1c 	bl	10004f30 <uxListRemove>
100062f8:	4b28      	ldr	r3, [pc, #160]	@ (1000639c <vTaskPlaceOnEventListRestricted+0xf4>)
100062fa:	6821      	ldr	r1, [r4, #0]
100062fc:	685a      	ldr	r2, [r3, #4]
100062fe:	608a      	str	r2, [r1, #8]
10006300:	6890      	ldr	r0, [r2, #8]
10006302:	6821      	ldr	r1, [r4, #0]
10006304:	60c8      	str	r0, [r1, #12]
10006306:	6821      	ldr	r1, [r4, #0]
10006308:	3104      	adds	r1, #4
1000630a:	6041      	str	r1, [r0, #4]
1000630c:	6821      	ldr	r1, [r4, #0]
1000630e:	3104      	adds	r1, #4
10006310:	6091      	str	r1, [r2, #8]
10006312:	6822      	ldr	r2, [r4, #0]
10006314:	6153      	str	r3, [r2, #20]
10006316:	681a      	ldr	r2, [r3, #0]
10006318:	3201      	adds	r2, #1
1000631a:	601a      	str	r2, [r3, #0]
1000631c:	bc80      	pop	{r7}
1000631e:	46b8      	mov	r8, r7
10006320:	bdf0      	pop	{r4, r5, r6, r7, pc}
10006322:	4b1b      	ldr	r3, [pc, #108]	@ (10006390 <vTaskPlaceOnEventListRestricted+0xe8>)
10006324:	4661      	mov	r1, ip
10006326:	681e      	ldr	r6, [r3, #0]
10006328:	4b1a      	ldr	r3, [pc, #104]	@ (10006394 <vTaskPlaceOnEventListRestricted+0xec>)
1000632a:	681b      	ldr	r3, [r3, #0]
1000632c:	001f      	movs	r7, r3
1000632e:	4b1a      	ldr	r3, [pc, #104]	@ (10006398 <vTaskPlaceOnEventListRestricted+0xf0>)
10006330:	681b      	ldr	r3, [r3, #0]
10006332:	6822      	ldr	r2, [r4, #0]
10006334:	4698      	mov	r8, r3
10006336:	236d      	movs	r3, #109	@ 0x6d
10006338:	6820      	ldr	r0, [r4, #0]
1000633a:	54d1      	strb	r1, [r2, r3]
1000633c:	3004      	adds	r0, #4
1000633e:	f7fe fdf7 	bl	10004f30 <uxListRemove>
10006342:	1c6b      	adds	r3, r5, #1
10006344:	d015      	beq.n	10006372 <vTaskPlaceOnEventListRestricted+0xca>
10006346:	6823      	ldr	r3, [r4, #0]
10006348:	19ad      	adds	r5, r5, r6
1000634a:	605d      	str	r5, [r3, #4]
1000634c:	42ae      	cmp	r6, r5
1000634e:	d80a      	bhi.n	10006366 <vTaskPlaceOnEventListRestricted+0xbe>
10006350:	6821      	ldr	r1, [r4, #0]
10006352:	0038      	movs	r0, r7
10006354:	3104      	adds	r1, #4
10006356:	f7fe fdd1 	bl	10004efc <vListInsert>
1000635a:	4b11      	ldr	r3, [pc, #68]	@ (100063a0 <vTaskPlaceOnEventListRestricted+0xf8>)
1000635c:	681a      	ldr	r2, [r3, #0]
1000635e:	4295      	cmp	r5, r2
10006360:	d2dc      	bcs.n	1000631c <vTaskPlaceOnEventListRestricted+0x74>
10006362:	601d      	str	r5, [r3, #0]
10006364:	e7da      	b.n	1000631c <vTaskPlaceOnEventListRestricted+0x74>
10006366:	6821      	ldr	r1, [r4, #0]
10006368:	4640      	mov	r0, r8
1000636a:	3104      	adds	r1, #4
1000636c:	f7fe fdc6 	bl	10004efc <vListInsert>
10006370:	e7d4      	b.n	1000631c <vTaskPlaceOnEventListRestricted+0x74>
10006372:	6822      	ldr	r2, [r4, #0]
10006374:	1973      	adds	r3, r6, r5
10006376:	6053      	str	r3, [r2, #4]
10006378:	429e      	cmp	r6, r3
1000637a:	d8f4      	bhi.n	10006366 <vTaskPlaceOnEventListRestricted+0xbe>
1000637c:	6821      	ldr	r1, [r4, #0]
1000637e:	0038      	movs	r0, r7
10006380:	3104      	adds	r1, #4
10006382:	f7fe fdbb 	bl	10004efc <vListInsert>
10006386:	4b06      	ldr	r3, [pc, #24]	@ (100063a0 <vTaskPlaceOnEventListRestricted+0xf8>)
10006388:	681b      	ldr	r3, [r3, #0]
1000638a:	e7c7      	b.n	1000631c <vTaskPlaceOnEventListRestricted+0x74>
1000638c:	20001cb0 	.word	0x20001cb0
10006390:	2002214c 	.word	0x2002214c
10006394:	20001cb8 	.word	0x20001cb8
10006398:	20001cc0 	.word	0x20001cc0
1000639c:	20022124 	.word	0x20022124
100063a0:	200220f0 	.word	0x200220f0

100063a4 <xTaskRemoveFromEventList>:
100063a4:	68c3      	ldr	r3, [r0, #12]
100063a6:	b570      	push	{r4, r5, r6, lr}
100063a8:	68db      	ldr	r3, [r3, #12]
100063aa:	69d8      	ldr	r0, [r3, #28]
100063ac:	6a19      	ldr	r1, [r3, #32]
100063ae:	6a9a      	ldr	r2, [r3, #40]	@ 0x28
100063b0:	6081      	str	r1, [r0, #8]
100063b2:	69d8      	ldr	r0, [r3, #28]
100063b4:	6048      	str	r0, [r1, #4]
100063b6:	0018      	movs	r0, r3
100063b8:	6851      	ldr	r1, [r2, #4]
100063ba:	3018      	adds	r0, #24
100063bc:	4281      	cmp	r1, r0
100063be:	d045      	beq.n	1000644c <xTaskRemoveFromEventList+0xa8>
100063c0:	2100      	movs	r1, #0
100063c2:	6299      	str	r1, [r3, #40]	@ 0x28
100063c4:	6811      	ldr	r1, [r2, #0]
100063c6:	3901      	subs	r1, #1
100063c8:	6011      	str	r1, [r2, #0]
100063ca:	4a27      	ldr	r2, [pc, #156]	@ (10006468 <xTaskRemoveFromEventList+0xc4>)
100063cc:	6812      	ldr	r2, [r2, #0]
100063ce:	2a00      	cmp	r2, #0
100063d0:	d12e      	bne.n	10006430 <xTaskRemoveFromEventList+0x8c>
100063d2:	6898      	ldr	r0, [r3, #8]
100063d4:	68d9      	ldr	r1, [r3, #12]
100063d6:	695a      	ldr	r2, [r3, #20]
100063d8:	6081      	str	r1, [r0, #8]
100063da:	6898      	ldr	r0, [r3, #8]
100063dc:	6048      	str	r0, [r1, #4]
100063de:	1d19      	adds	r1, r3, #4
100063e0:	468c      	mov	ip, r1
100063e2:	6851      	ldr	r1, [r2, #4]
100063e4:	4561      	cmp	r1, ip
100063e6:	d034      	beq.n	10006452 <xTaskRemoveFromEventList+0xae>
100063e8:	6811      	ldr	r1, [r2, #0]
100063ea:	3901      	subs	r1, #1
100063ec:	6011      	str	r1, [r2, #0]
100063ee:	4a1f      	ldr	r2, [pc, #124]	@ (1000646c <xTaskRemoveFromEventList+0xc8>)
100063f0:	6ad9      	ldr	r1, [r3, #44]	@ 0x2c
100063f2:	6810      	ldr	r0, [r2, #0]
100063f4:	4281      	cmp	r1, r0
100063f6:	d827      	bhi.n	10006448 <xTaskRemoveFromEventList+0xa4>
100063f8:	4666      	mov	r6, ip
100063fa:	008a      	lsls	r2, r1, #2
100063fc:	481c      	ldr	r0, [pc, #112]	@ (10006470 <xTaskRemoveFromEventList+0xcc>)
100063fe:	1852      	adds	r2, r2, r1
10006400:	0092      	lsls	r2, r2, #2
10006402:	1884      	adds	r4, r0, r2
10006404:	6861      	ldr	r1, [r4, #4]
10006406:	6099      	str	r1, [r3, #8]
10006408:	688d      	ldr	r5, [r1, #8]
1000640a:	60dd      	str	r5, [r3, #12]
1000640c:	606e      	str	r6, [r5, #4]
1000640e:	608e      	str	r6, [r1, #8]
10006410:	5881      	ldr	r1, [r0, r2]
10006412:	615c      	str	r4, [r3, #20]
10006414:	3101      	adds	r1, #1
10006416:	5081      	str	r1, [r0, r2]
10006418:	4a16      	ldr	r2, [pc, #88]	@ (10006474 <xTaskRemoveFromEventList+0xd0>)
1000641a:	2000      	movs	r0, #0
1000641c:	6811      	ldr	r1, [r2, #0]
1000641e:	6ada      	ldr	r2, [r3, #44]	@ 0x2c
10006420:	6acb      	ldr	r3, [r1, #44]	@ 0x2c
10006422:	429a      	cmp	r2, r3
10006424:	d903      	bls.n	1000642e <xTaskRemoveFromEventList+0x8a>
10006426:	2201      	movs	r2, #1
10006428:	4b13      	ldr	r3, [pc, #76]	@ (10006478 <xTaskRemoveFromEventList+0xd4>)
1000642a:	3001      	adds	r0, #1
1000642c:	601a      	str	r2, [r3, #0]
1000642e:	bd70      	pop	{r4, r5, r6, pc}
10006430:	4a12      	ldr	r2, [pc, #72]	@ (1000647c <xTaskRemoveFromEventList+0xd8>)
10006432:	6851      	ldr	r1, [r2, #4]
10006434:	61d9      	str	r1, [r3, #28]
10006436:	688c      	ldr	r4, [r1, #8]
10006438:	621c      	str	r4, [r3, #32]
1000643a:	6060      	str	r0, [r4, #4]
1000643c:	6088      	str	r0, [r1, #8]
1000643e:	6811      	ldr	r1, [r2, #0]
10006440:	629a      	str	r2, [r3, #40]	@ 0x28
10006442:	3101      	adds	r1, #1
10006444:	6011      	str	r1, [r2, #0]
10006446:	e7e7      	b.n	10006418 <xTaskRemoveFromEventList+0x74>
10006448:	6011      	str	r1, [r2, #0]
1000644a:	e7d5      	b.n	100063f8 <xTaskRemoveFromEventList+0x54>
1000644c:	6a19      	ldr	r1, [r3, #32]
1000644e:	6051      	str	r1, [r2, #4]
10006450:	e7b6      	b.n	100063c0 <xTaskRemoveFromEventList+0x1c>
10006452:	68d9      	ldr	r1, [r3, #12]
10006454:	6051      	str	r1, [r2, #4]
10006456:	6811      	ldr	r1, [r2, #0]
10006458:	3901      	subs	r1, #1
1000645a:	6011      	str	r1, [r2, #0]
1000645c:	4a03      	ldr	r2, [pc, #12]	@ (1000646c <xTaskRemoveFromEventList+0xc8>)
1000645e:	6ad9      	ldr	r1, [r3, #44]	@ 0x2c
10006460:	6810      	ldr	r0, [r2, #0]
10006462:	4281      	cmp	r1, r0
10006464:	d9c8      	bls.n	100063f8 <xTaskRemoveFromEventList+0x54>
10006466:	e7ef      	b.n	10006448 <xTaskRemoveFromEventList+0xa4>
10006468:	20022080 	.word	0x20022080
1000646c:	20022088 	.word	0x20022088
10006470:	20001cc8 	.word	0x20001cc8
10006474:	20001cb0 	.word	0x20001cb0
10006478:	20022158 	.word	0x20022158
1000647c:	20022104 	.word	0x20022104

10006480 <vTaskRemoveFromUnorderedEventList>:
10006480:	2380      	movs	r3, #128	@ 0x80
10006482:	061b      	lsls	r3, r3, #24
10006484:	b530      	push	{r4, r5, lr}
10006486:	6902      	ldr	r2, [r0, #16]
10006488:	6844      	ldr	r4, [r0, #4]
1000648a:	430b      	orrs	r3, r1
1000648c:	6881      	ldr	r1, [r0, #8]
1000648e:	6003      	str	r3, [r0, #0]
10006490:	68c3      	ldr	r3, [r0, #12]
10006492:	60a1      	str	r1, [r4, #8]
10006494:	604c      	str	r4, [r1, #4]
10006496:	6854      	ldr	r4, [r2, #4]
10006498:	4284      	cmp	r4, r0
1000649a:	d032      	beq.n	10006502 <vTaskRemoveFromUnorderedEventList+0x82>
1000649c:	2100      	movs	r1, #0
1000649e:	6101      	str	r1, [r0, #16]
100064a0:	6811      	ldr	r1, [r2, #0]
100064a2:	6898      	ldr	r0, [r3, #8]
100064a4:	3901      	subs	r1, #1
100064a6:	6011      	str	r1, [r2, #0]
100064a8:	68d9      	ldr	r1, [r3, #12]
100064aa:	695a      	ldr	r2, [r3, #20]
100064ac:	6081      	str	r1, [r0, #8]
100064ae:	6898      	ldr	r0, [r3, #8]
100064b0:	1d1c      	adds	r4, r3, #4
100064b2:	6048      	str	r0, [r1, #4]
100064b4:	6851      	ldr	r1, [r2, #4]
100064b6:	42a1      	cmp	r1, r4
100064b8:	d025      	beq.n	10006506 <vTaskRemoveFromUnorderedEventList+0x86>
100064ba:	6811      	ldr	r1, [r2, #0]
100064bc:	3901      	subs	r1, #1
100064be:	6011      	str	r1, [r2, #0]
100064c0:	4a12      	ldr	r2, [pc, #72]	@ (1000650c <vTaskRemoveFromUnorderedEventList+0x8c>)
100064c2:	6ad9      	ldr	r1, [r3, #44]	@ 0x2c
100064c4:	6810      	ldr	r0, [r2, #0]
100064c6:	4281      	cmp	r1, r0
100064c8:	d900      	bls.n	100064cc <vTaskRemoveFromUnorderedEventList+0x4c>
100064ca:	6011      	str	r1, [r2, #0]
100064cc:	008a      	lsls	r2, r1, #2
100064ce:	4810      	ldr	r0, [pc, #64]	@ (10006510 <vTaskRemoveFromUnorderedEventList+0x90>)
100064d0:	1852      	adds	r2, r2, r1
100064d2:	0092      	lsls	r2, r2, #2
100064d4:	1881      	adds	r1, r0, r2
100064d6:	468c      	mov	ip, r1
100064d8:	6849      	ldr	r1, [r1, #4]
100064da:	6099      	str	r1, [r3, #8]
100064dc:	688d      	ldr	r5, [r1, #8]
100064de:	60dd      	str	r5, [r3, #12]
100064e0:	606c      	str	r4, [r5, #4]
100064e2:	608c      	str	r4, [r1, #8]
100064e4:	4661      	mov	r1, ip
100064e6:	6159      	str	r1, [r3, #20]
100064e8:	5881      	ldr	r1, [r0, r2]
100064ea:	3101      	adds	r1, #1
100064ec:	5081      	str	r1, [r0, r2]
100064ee:	4a09      	ldr	r2, [pc, #36]	@ (10006514 <vTaskRemoveFromUnorderedEventList+0x94>)
100064f0:	6811      	ldr	r1, [r2, #0]
100064f2:	6ada      	ldr	r2, [r3, #44]	@ 0x2c
100064f4:	6acb      	ldr	r3, [r1, #44]	@ 0x2c
100064f6:	429a      	cmp	r2, r3
100064f8:	d902      	bls.n	10006500 <vTaskRemoveFromUnorderedEventList+0x80>
100064fa:	2201      	movs	r2, #1
100064fc:	4b06      	ldr	r3, [pc, #24]	@ (10006518 <vTaskRemoveFromUnorderedEventList+0x98>)
100064fe:	601a      	str	r2, [r3, #0]
10006500:	bd30      	pop	{r4, r5, pc}
10006502:	6051      	str	r1, [r2, #4]
10006504:	e7ca      	b.n	1000649c <vTaskRemoveFromUnorderedEventList+0x1c>
10006506:	68d9      	ldr	r1, [r3, #12]
10006508:	6051      	str	r1, [r2, #4]
1000650a:	e7d6      	b.n	100064ba <vTaskRemoveFromUnorderedEventList+0x3a>
1000650c:	20022088 	.word	0x20022088
10006510:	20001cc8 	.word	0x20001cc8
10006514:	20001cb0 	.word	0x20001cb0
10006518:	20022158 	.word	0x20022158

1000651c <vTaskInternalSetTimeOutState>:
1000651c:	4b03      	ldr	r3, [pc, #12]	@ (1000652c <vTaskInternalSetTimeOutState+0x10>)
1000651e:	681b      	ldr	r3, [r3, #0]
10006520:	6003      	str	r3, [r0, #0]
10006522:	4b03      	ldr	r3, [pc, #12]	@ (10006530 <vTaskInternalSetTimeOutState+0x14>)
10006524:	681b      	ldr	r3, [r3, #0]
10006526:	6043      	str	r3, [r0, #4]
10006528:	4770      	bx	lr
1000652a:	46c0      	nop			@ (mov r8, r8)
1000652c:	200220f4 	.word	0x200220f4
10006530:	2002214c 	.word	0x2002214c

10006534 <xTaskCheckForTimeOut>:
10006534:	b5f8      	push	{r3, r4, r5, r6, r7, lr}
10006536:	0004      	movs	r4, r0
10006538:	000d      	movs	r5, r1
1000653a:	f7fe f9ef 	bl	1000491c <vPortEnterCritical>
1000653e:	4916      	ldr	r1, [pc, #88]	@ (10006598 <xTaskCheckForTimeOut+0x64>)
10006540:	4a16      	ldr	r2, [pc, #88]	@ (1000659c <xTaskCheckForTimeOut+0x68>)
10006542:	680b      	ldr	r3, [r1, #0]
10006544:	6810      	ldr	r0, [r2, #0]
10006546:	469c      	mov	ip, r3
10006548:	236d      	movs	r3, #109	@ 0x6d
1000654a:	5cc0      	ldrb	r0, [r0, r3]
1000654c:	2800      	cmp	r0, #0
1000654e:	d007      	beq.n	10006560 <xTaskCheckForTimeOut+0x2c>
10006550:	2100      	movs	r1, #0
10006552:	6812      	ldr	r2, [r2, #0]
10006554:	54d1      	strb	r1, [r2, r3]
10006556:	2401      	movs	r4, #1
10006558:	f7fe f9ec 	bl	10004934 <vPortExitCritical>
1000655c:	0020      	movs	r0, r4
1000655e:	bdf8      	pop	{r3, r4, r5, r6, r7, pc}
10006560:	682b      	ldr	r3, [r5, #0]
10006562:	1c5a      	adds	r2, r3, #1
10006564:	d016      	beq.n	10006594 <xTaskCheckForTimeOut+0x60>
10006566:	480e      	ldr	r0, [pc, #56]	@ (100065a0 <xTaskCheckForTimeOut+0x6c>)
10006568:	6827      	ldr	r7, [r4, #0]
1000656a:	6806      	ldr	r6, [r0, #0]
1000656c:	6862      	ldr	r2, [r4, #4]
1000656e:	42b7      	cmp	r7, r6
10006570:	d004      	beq.n	1000657c <xTaskCheckForTimeOut+0x48>
10006572:	4562      	cmp	r2, ip
10006574:	d802      	bhi.n	1000657c <xTaskCheckForTimeOut+0x48>
10006576:	2300      	movs	r3, #0
10006578:	602b      	str	r3, [r5, #0]
1000657a:	e7ec      	b.n	10006556 <xTaskCheckForTimeOut+0x22>
1000657c:	4666      	mov	r6, ip
1000657e:	1ab6      	subs	r6, r6, r2
10006580:	42b3      	cmp	r3, r6
10006582:	d9f8      	bls.n	10006576 <xTaskCheckForTimeOut+0x42>
10006584:	4666      	mov	r6, ip
10006586:	1b9b      	subs	r3, r3, r6
10006588:	189b      	adds	r3, r3, r2
1000658a:	602b      	str	r3, [r5, #0]
1000658c:	6803      	ldr	r3, [r0, #0]
1000658e:	6023      	str	r3, [r4, #0]
10006590:	680b      	ldr	r3, [r1, #0]
10006592:	6063      	str	r3, [r4, #4]
10006594:	2400      	movs	r4, #0
10006596:	e7df      	b.n	10006558 <xTaskCheckForTimeOut+0x24>
10006598:	2002214c 	.word	0x2002214c
1000659c:	20001cb0 	.word	0x20001cb0
100065a0:	200220f4 	.word	0x200220f4

100065a4 <vTaskMissedYield>:
100065a4:	2201      	movs	r2, #1
100065a6:	4b01      	ldr	r3, [pc, #4]	@ (100065ac <vTaskMissedYield+0x8>)
100065a8:	601a      	str	r2, [r3, #0]
100065aa:	4770      	bx	lr
100065ac:	20022158 	.word	0x20022158

100065b0 <xTaskGetCurrentTaskHandle>:
100065b0:	4b01      	ldr	r3, [pc, #4]	@ (100065b8 <xTaskGetCurrentTaskHandle+0x8>)
100065b2:	6818      	ldr	r0, [r3, #0]
100065b4:	4770      	bx	lr
100065b6:	46c0      	nop			@ (mov r8, r8)
100065b8:	20001cb0 	.word	0x20001cb0

100065bc <xTaskPriorityInherit>:
100065bc:	b5f8      	push	{r3, r4, r5, r6, r7, lr}
100065be:	1e04      	subs	r4, r0, #0
100065c0:	d022      	beq.n	10006608 <xTaskPriorityInherit+0x4c>
100065c2:	4d20      	ldr	r5, [pc, #128]	@ (10006644 <xTaskPriorityInherit+0x88>)
100065c4:	6ac2      	ldr	r2, [r0, #44]	@ 0x2c
100065c6:	682b      	ldr	r3, [r5, #0]
100065c8:	6adb      	ldr	r3, [r3, #44]	@ 0x2c
100065ca:	429a      	cmp	r2, r3
100065cc:	d215      	bcs.n	100065fa <xTaskPriorityInherit+0x3e>
100065ce:	6983      	ldr	r3, [r0, #24]
100065d0:	2b00      	cmp	r3, #0
100065d2:	db04      	blt.n	100065de <xTaskPriorityInherit+0x22>
100065d4:	682b      	ldr	r3, [r5, #0]
100065d6:	6ad9      	ldr	r1, [r3, #44]	@ 0x2c
100065d8:	2320      	movs	r3, #32
100065da:	1a5b      	subs	r3, r3, r1
100065dc:	6183      	str	r3, [r0, #24]
100065de:	0093      	lsls	r3, r2, #2
100065e0:	189b      	adds	r3, r3, r2
100065e2:	4a19      	ldr	r2, [pc, #100]	@ (10006648 <xTaskPriorityInherit+0x8c>)
100065e4:	009b      	lsls	r3, r3, #2
100065e6:	0016      	movs	r6, r2
100065e8:	18d3      	adds	r3, r2, r3
100065ea:	6962      	ldr	r2, [r4, #20]
100065ec:	429a      	cmp	r2, r3
100065ee:	d00d      	beq.n	1000660c <xTaskPriorityInherit+0x50>
100065f0:	682b      	ldr	r3, [r5, #0]
100065f2:	2001      	movs	r0, #1
100065f4:	6adb      	ldr	r3, [r3, #44]	@ 0x2c
100065f6:	62e3      	str	r3, [r4, #44]	@ 0x2c
100065f8:	e005      	b.n	10006606 <xTaskPriorityInherit+0x4a>
100065fa:	682b      	ldr	r3, [r5, #0]
100065fc:	6cc0      	ldr	r0, [r0, #76]	@ 0x4c
100065fe:	6adb      	ldr	r3, [r3, #44]	@ 0x2c
10006600:	4298      	cmp	r0, r3
10006602:	4180      	sbcs	r0, r0
10006604:	4240      	negs	r0, r0
10006606:	bdf8      	pop	{r3, r4, r5, r6, r7, pc}
10006608:	2000      	movs	r0, #0
1000660a:	e7fc      	b.n	10006606 <xTaskPriorityInherit+0x4a>
1000660c:	1d20      	adds	r0, r4, #4
1000660e:	f7fe fc8f 	bl	10004f30 <uxListRemove>
10006612:	682b      	ldr	r3, [r5, #0]
10006614:	1d27      	adds	r7, r4, #4
10006616:	6ada      	ldr	r2, [r3, #44]	@ 0x2c
10006618:	4b0c      	ldr	r3, [pc, #48]	@ (1000664c <xTaskPriorityInherit+0x90>)
1000661a:	62e2      	str	r2, [r4, #44]	@ 0x2c
1000661c:	6819      	ldr	r1, [r3, #0]
1000661e:	428a      	cmp	r2, r1
10006620:	d900      	bls.n	10006624 <xTaskPriorityInherit+0x68>
10006622:	601a      	str	r2, [r3, #0]
10006624:	0093      	lsls	r3, r2, #2
10006626:	189b      	adds	r3, r3, r2
10006628:	009b      	lsls	r3, r3, #2
1000662a:	18f1      	adds	r1, r6, r3
1000662c:	684a      	ldr	r2, [r1, #4]
1000662e:	60a2      	str	r2, [r4, #8]
10006630:	6890      	ldr	r0, [r2, #8]
10006632:	60e0      	str	r0, [r4, #12]
10006634:	6047      	str	r7, [r0, #4]
10006636:	6097      	str	r7, [r2, #8]
10006638:	58f2      	ldr	r2, [r6, r3]
1000663a:	6161      	str	r1, [r4, #20]
1000663c:	3201      	adds	r2, #1
1000663e:	2001      	movs	r0, #1
10006640:	50f2      	str	r2, [r6, r3]
10006642:	e7e0      	b.n	10006606 <xTaskPriorityInherit+0x4a>
10006644:	20001cb0 	.word	0x20001cb0
10006648:	20001cc8 	.word	0x20001cc8
1000664c:	20022088 	.word	0x20022088

10006650 <xTaskPriorityDisinherit>:
10006650:	b5f8      	push	{r3, r4, r5, r6, r7, lr}
10006652:	1e04      	subs	r4, r0, #0
10006654:	d008      	beq.n	10006668 <xTaskPriorityDisinherit+0x18>
10006656:	6d03      	ldr	r3, [r0, #80]	@ 0x50
10006658:	6ac1      	ldr	r1, [r0, #44]	@ 0x2c
1000665a:	6cc2      	ldr	r2, [r0, #76]	@ 0x4c
1000665c:	3b01      	subs	r3, #1
1000665e:	6503      	str	r3, [r0, #80]	@ 0x50
10006660:	4291      	cmp	r1, r2
10006662:	d001      	beq.n	10006668 <xTaskPriorityDisinherit+0x18>
10006664:	2b00      	cmp	r3, #0
10006666:	d001      	beq.n	1000666c <xTaskPriorityDisinherit+0x1c>
10006668:	2000      	movs	r0, #0
1000666a:	bdf8      	pop	{r3, r4, r5, r6, r7, pc}
1000666c:	1d07      	adds	r7, r0, #4
1000666e:	3004      	adds	r0, #4
10006670:	f7fe fc5e 	bl	10004f30 <uxListRemove>
10006674:	2320      	movs	r3, #32
10006676:	6ce2      	ldr	r2, [r4, #76]	@ 0x4c
10006678:	1a9b      	subs	r3, r3, r2
1000667a:	61a3      	str	r3, [r4, #24]
1000667c:	4b0b      	ldr	r3, [pc, #44]	@ (100066ac <xTaskPriorityDisinherit+0x5c>)
1000667e:	62e2      	str	r2, [r4, #44]	@ 0x2c
10006680:	6819      	ldr	r1, [r3, #0]
10006682:	428a      	cmp	r2, r1
10006684:	d900      	bls.n	10006688 <xTaskPriorityDisinherit+0x38>
10006686:	601a      	str	r2, [r3, #0]
10006688:	0093      	lsls	r3, r2, #2
1000668a:	4909      	ldr	r1, [pc, #36]	@ (100066b0 <xTaskPriorityDisinherit+0x60>)
1000668c:	189b      	adds	r3, r3, r2
1000668e:	009b      	lsls	r3, r3, #2
10006690:	18c8      	adds	r0, r1, r3
10006692:	6842      	ldr	r2, [r0, #4]
10006694:	60a2      	str	r2, [r4, #8]
10006696:	6895      	ldr	r5, [r2, #8]
10006698:	60e5      	str	r5, [r4, #12]
1000669a:	606f      	str	r7, [r5, #4]
1000669c:	6097      	str	r7, [r2, #8]
1000669e:	58ca      	ldr	r2, [r1, r3]
100066a0:	6160      	str	r0, [r4, #20]
100066a2:	3201      	adds	r2, #1
100066a4:	2001      	movs	r0, #1
100066a6:	50ca      	str	r2, [r1, r3]
100066a8:	e7df      	b.n	1000666a <xTaskPriorityDisinherit+0x1a>
100066aa:	46c0      	nop			@ (mov r8, r8)
100066ac:	20022088 	.word	0x20022088
100066b0:	20001cc8 	.word	0x20001cc8

100066b4 <vTaskPriorityDisinheritAfterTimeout>:
100066b4:	b570      	push	{r4, r5, r6, lr}
100066b6:	1e04      	subs	r4, r0, #0
100066b8:	d008      	beq.n	100066cc <vTaskPriorityDisinheritAfterTimeout+0x18>
100066ba:	6cc3      	ldr	r3, [r0, #76]	@ 0x4c
100066bc:	428b      	cmp	r3, r1
100066be:	d306      	bcc.n	100066ce <vTaskPriorityDisinheritAfterTimeout+0x1a>
100066c0:	6ae2      	ldr	r2, [r4, #44]	@ 0x2c
100066c2:	429a      	cmp	r2, r3
100066c4:	d002      	beq.n	100066cc <vTaskPriorityDisinheritAfterTimeout+0x18>
100066c6:	6d21      	ldr	r1, [r4, #80]	@ 0x50
100066c8:	2901      	cmp	r1, #1
100066ca:	d005      	beq.n	100066d8 <vTaskPriorityDisinheritAfterTimeout+0x24>
100066cc:	bd70      	pop	{r4, r5, r6, pc}
100066ce:	6ae2      	ldr	r2, [r4, #44]	@ 0x2c
100066d0:	000b      	movs	r3, r1
100066d2:	429a      	cmp	r2, r3
100066d4:	d1f7      	bne.n	100066c6 <vTaskPriorityDisinheritAfterTimeout+0x12>
100066d6:	e7f9      	b.n	100066cc <vTaskPriorityDisinheritAfterTimeout+0x18>
100066d8:	69a1      	ldr	r1, [r4, #24]
100066da:	62e3      	str	r3, [r4, #44]	@ 0x2c
100066dc:	2900      	cmp	r1, #0
100066de:	db02      	blt.n	100066e6 <vTaskPriorityDisinheritAfterTimeout+0x32>
100066e0:	2120      	movs	r1, #32
100066e2:	1acb      	subs	r3, r1, r3
100066e4:	61a3      	str	r3, [r4, #24]
100066e6:	0093      	lsls	r3, r2, #2
100066e8:	189b      	adds	r3, r3, r2
100066ea:	4a10      	ldr	r2, [pc, #64]	@ (1000672c <vTaskPriorityDisinheritAfterTimeout+0x78>)
100066ec:	009b      	lsls	r3, r3, #2
100066ee:	0015      	movs	r5, r2
100066f0:	18d3      	adds	r3, r2, r3
100066f2:	6962      	ldr	r2, [r4, #20]
100066f4:	429a      	cmp	r2, r3
100066f6:	d1e9      	bne.n	100066cc <vTaskPriorityDisinheritAfterTimeout+0x18>
100066f8:	1d20      	adds	r0, r4, #4
100066fa:	f7fe fc19 	bl	10004f30 <uxListRemove>
100066fe:	4b0c      	ldr	r3, [pc, #48]	@ (10006730 <vTaskPriorityDisinheritAfterTimeout+0x7c>)
10006700:	6ae2      	ldr	r2, [r4, #44]	@ 0x2c
10006702:	6819      	ldr	r1, [r3, #0]
10006704:	1d26      	adds	r6, r4, #4
10006706:	428a      	cmp	r2, r1
10006708:	d900      	bls.n	1000670c <vTaskPriorityDisinheritAfterTimeout+0x58>
1000670a:	601a      	str	r2, [r3, #0]
1000670c:	0093      	lsls	r3, r2, #2
1000670e:	189b      	adds	r3, r3, r2
10006710:	009b      	lsls	r3, r3, #2
10006712:	18e9      	adds	r1, r5, r3
10006714:	684a      	ldr	r2, [r1, #4]
10006716:	60a2      	str	r2, [r4, #8]
10006718:	6890      	ldr	r0, [r2, #8]
1000671a:	60e0      	str	r0, [r4, #12]
1000671c:	6046      	str	r6, [r0, #4]
1000671e:	6096      	str	r6, [r2, #8]
10006720:	58ea      	ldr	r2, [r5, r3]
10006722:	6161      	str	r1, [r4, #20]
10006724:	3201      	adds	r2, #1
10006726:	50ea      	str	r2, [r5, r3]
10006728:	e7d0      	b.n	100066cc <vTaskPriorityDisinheritAfterTimeout+0x18>
1000672a:	46c0      	nop			@ (mov r8, r8)
1000672c:	20001cc8 	.word	0x20001cc8
10006730:	20022088 	.word	0x20022088

10006734 <uxTaskResetEventItemValue>:
10006734:	4b04      	ldr	r3, [pc, #16]	@ (10006748 <uxTaskResetEventItemValue+0x14>)
10006736:	681a      	ldr	r2, [r3, #0]
10006738:	6819      	ldr	r1, [r3, #0]
1000673a:	6990      	ldr	r0, [r2, #24]
1000673c:	681a      	ldr	r2, [r3, #0]
1000673e:	2320      	movs	r3, #32
10006740:	6ac9      	ldr	r1, [r1, #44]	@ 0x2c
10006742:	1a5b      	subs	r3, r3, r1
10006744:	6193      	str	r3, [r2, #24]
10006746:	4770      	bx	lr
10006748:	20001cb0 	.word	0x20001cb0

1000674c <pvTaskIncrementMutexHeldCount>:
1000674c:	4b03      	ldr	r3, [pc, #12]	@ (1000675c <pvTaskIncrementMutexHeldCount+0x10>)
1000674e:	6818      	ldr	r0, [r3, #0]
10006750:	2800      	cmp	r0, #0
10006752:	d002      	beq.n	1000675a <pvTaskIncrementMutexHeldCount+0xe>
10006754:	6d03      	ldr	r3, [r0, #80]	@ 0x50
10006756:	3301      	adds	r3, #1
10006758:	6503      	str	r3, [r0, #80]	@ 0x50
1000675a:	4770      	bx	lr
1000675c:	20001cb0 	.word	0x20001cb0

10006760 <prvTimerTask>:
10006760:	b5f0      	push	{r4, r5, r6, r7, lr}
10006762:	4657      	mov	r7, sl
10006764:	46de      	mov	lr, fp
10006766:	464e      	mov	r6, r9
10006768:	4645      	mov	r5, r8
1000676a:	b5e0      	push	{r5, r6, r7, lr}
1000676c:	4bcc      	ldr	r3, [pc, #816]	@ (10006aa0 <prvTimerTask+0x340>)
1000676e:	b08b      	sub	sp, #44	@ 0x2c
10006770:	9301      	str	r3, [sp, #4]
10006772:	4bcc      	ldr	r3, [pc, #816]	@ (10006aa4 <prvTimerTask+0x344>)
10006774:	4fcc      	ldr	r7, [pc, #816]	@ (10006aa8 <prvTimerTask+0x348>)
10006776:	469a      	mov	sl, r3
10006778:	4bcc      	ldr	r3, [pc, #816]	@ (10006aac <prvTimerTask+0x34c>)
1000677a:	46b9      	mov	r9, r7
1000677c:	9303      	str	r3, [sp, #12]
1000677e:	2328      	movs	r3, #40	@ 0x28
10006780:	469b      	mov	fp, r3
10006782:	4dcb      	ldr	r5, [pc, #812]	@ (10006ab0 <prvTimerTask+0x350>)
10006784:	464b      	mov	r3, r9
10006786:	681b      	ldr	r3, [r3, #0]
10006788:	681e      	ldr	r6, [r3, #0]
1000678a:	2e00      	cmp	r6, #0
1000678c:	d000      	beq.n	10006790 <prvTimerTask+0x30>
1000678e:	e0a3      	b.n	100068d8 <prvTimerTask+0x178>
10006790:	f7ff fb6e 	bl	10005e70 <vTaskSuspendAll>
10006794:	f7ff fc76 	bl	10006084 <xTaskGetTickCount>
10006798:	9a01      	ldr	r2, [sp, #4]
1000679a:	9002      	str	r0, [sp, #8]
1000679c:	6813      	ldr	r3, [r2, #0]
1000679e:	4283      	cmp	r3, r0
100067a0:	d900      	bls.n	100067a4 <prvTimerTask+0x44>
100067a2:	e0b6      	b.n	10006912 <prvTimerTask+0x1b2>
100067a4:	4653      	mov	r3, sl
100067a6:	681b      	ldr	r3, [r3, #0]
100067a8:	6010      	str	r0, [r2, #0]
100067aa:	681a      	ldr	r2, [r3, #0]
100067ac:	4253      	negs	r3, r2
100067ae:	415a      	adcs	r2, r3
100067b0:	0003      	movs	r3, r0
100067b2:	6828      	ldr	r0, [r5, #0]
100067b4:	1af1      	subs	r1, r6, r3
100067b6:	f7ff f89d 	bl	100058f4 <vQueueWaitForMessageRestricted>
100067ba:	f7ff fb61 	bl	10005e80 <xTaskResumeAll>
100067be:	2800      	cmp	r0, #0
100067c0:	d100      	bne.n	100067c4 <prvTimerTask+0x64>
100067c2:	e0a3      	b.n	1000690c <prvTimerTask+0x1ac>
100067c4:	2210      	movs	r2, #16
100067c6:	2100      	movs	r1, #0
100067c8:	a806      	add	r0, sp, #24
100067ca:	f7fb ff25 	bl	10002618 <__wrap_memset>
100067ce:	2200      	movs	r2, #0
100067d0:	6828      	ldr	r0, [r5, #0]
100067d2:	a906      	add	r1, sp, #24
100067d4:	f7fe fed4 	bl	10005580 <xQueueReceive>
100067d8:	2800      	cmp	r0, #0
100067da:	d0d3      	beq.n	10006784 <prvTimerTask+0x24>
100067dc:	9b06      	ldr	r3, [sp, #24]
100067de:	2b00      	cmp	r3, #0
100067e0:	db71      	blt.n	100068c6 <prvTimerTask+0x166>
100067e2:	9c08      	ldr	r4, [sp, #32]
100067e4:	6963      	ldr	r3, [r4, #20]
100067e6:	2b00      	cmp	r3, #0
100067e8:	d002      	beq.n	100067f0 <prvTimerTask+0x90>
100067ea:	1d20      	adds	r0, r4, #4
100067ec:	f7fe fba0 	bl	10004f30 <uxListRemove>
100067f0:	f7ff fc48 	bl	10006084 <xTaskGetTickCount>
100067f4:	9b01      	ldr	r3, [sp, #4]
100067f6:	0006      	movs	r6, r0
100067f8:	681b      	ldr	r3, [r3, #0]
100067fa:	4298      	cmp	r0, r3
100067fc:	d200      	bcs.n	10006800 <prvTimerTask+0xa0>
100067fe:	e0d4      	b.n	100069aa <prvTimerTask+0x24a>
10006800:	9b01      	ldr	r3, [sp, #4]
10006802:	601e      	str	r6, [r3, #0]
10006804:	9b06      	ldr	r3, [sp, #24]
10006806:	2b09      	cmp	r3, #9
10006808:	d8e1      	bhi.n	100067ce <prvTimerTask+0x6e>
1000680a:	9a03      	ldr	r2, [sp, #12]
1000680c:	009b      	lsls	r3, r3, #2
1000680e:	58d3      	ldr	r3, [r2, r3]
10006810:	469f      	mov	pc, r3
10006812:	465b      	mov	r3, fp
10006814:	5ce0      	ldrb	r0, [r4, r3]
10006816:	2301      	movs	r3, #1
10006818:	465a      	mov	r2, fp
1000681a:	4303      	orrs	r3, r0
1000681c:	54a3      	strb	r3, [r4, r2]
1000681e:	9907      	ldr	r1, [sp, #28]
10006820:	69a2      	ldr	r2, [r4, #24]
10006822:	6124      	str	r4, [r4, #16]
10006824:	188b      	adds	r3, r1, r2
10006826:	6063      	str	r3, [r4, #4]
10006828:	42b3      	cmp	r3, r6
1000682a:	d900      	bls.n	1000682e <prvTimerTask+0xce>
1000682c:	e108      	b.n	10006a40 <prvTimerTask+0x2e0>
1000682e:	1a71      	subs	r1, r6, r1
10006830:	428a      	cmp	r2, r1
10006832:	d831      	bhi.n	10006898 <prvTimerTask+0x138>
10006834:	0741      	lsls	r1, r0, #29
10006836:	d410      	bmi.n	1000685a <prvTimerTask+0xfa>
10006838:	2301      	movs	r3, #1
1000683a:	4398      	bics	r0, r3
1000683c:	465b      	mov	r3, fp
1000683e:	54e0      	strb	r0, [r4, r3]
10006840:	0020      	movs	r0, r4
10006842:	6a23      	ldr	r3, [r4, #32]
10006844:	4798      	blx	r3
10006846:	e7c2      	b.n	100067ce <prvTimerTask+0x6e>
10006848:	1af3      	subs	r3, r6, r3
1000684a:	429a      	cmp	r2, r3
1000684c:	d900      	bls.n	10006850 <prvTimerTask+0xf0>
1000684e:	e11c      	b.n	10006a8a <prvTimerTask+0x32a>
10006850:	6a23      	ldr	r3, [r4, #32]
10006852:	0020      	movs	r0, r4
10006854:	4798      	blx	r3
10006856:	003b      	movs	r3, r7
10006858:	69a2      	ldr	r2, [r4, #24]
1000685a:	18d7      	adds	r7, r2, r3
1000685c:	6067      	str	r7, [r4, #4]
1000685e:	6124      	str	r4, [r4, #16]
10006860:	42be      	cmp	r6, r7
10006862:	d2f1      	bcs.n	10006848 <prvTimerTask+0xe8>
10006864:	429e      	cmp	r6, r3
10006866:	d201      	bcs.n	1000686c <prvTimerTask+0x10c>
10006868:	42bb      	cmp	r3, r7
1000686a:	d9f1      	bls.n	10006850 <prvTimerTask+0xf0>
1000686c:	464b      	mov	r3, r9
1000686e:	1d21      	adds	r1, r4, #4
10006870:	6818      	ldr	r0, [r3, #0]
10006872:	f7fe fb43 	bl	10004efc <vListInsert>
10006876:	e7e3      	b.n	10006840 <prvTimerTask+0xe0>
10006878:	465b      	mov	r3, fp
1000687a:	2201      	movs	r2, #1
1000687c:	5ce3      	ldrb	r3, [r4, r3]
1000687e:	4313      	orrs	r3, r2
10006880:	465a      	mov	r2, fp
10006882:	54a3      	strb	r3, [r4, r2]
10006884:	9b07      	ldr	r3, [sp, #28]
10006886:	6124      	str	r4, [r4, #16]
10006888:	199a      	adds	r2, r3, r6
1000688a:	61a3      	str	r3, [r4, #24]
1000688c:	6062      	str	r2, [r4, #4]
1000688e:	42b2      	cmp	r2, r6
10006890:	d900      	bls.n	10006894 <prvTimerTask+0x134>
10006892:	e0da      	b.n	10006a4a <prvTimerTask+0x2ea>
10006894:	2b00      	cmp	r3, #0
10006896:	d09a      	beq.n	100067ce <prvTimerTask+0x6e>
10006898:	4653      	mov	r3, sl
1000689a:	1d21      	adds	r1, r4, #4
1000689c:	6818      	ldr	r0, [r3, #0]
1000689e:	f7fe fb2d 	bl	10004efc <vListInsert>
100068a2:	e794      	b.n	100067ce <prvTimerTask+0x6e>
100068a4:	465b      	mov	r3, fp
100068a6:	2201      	movs	r2, #1
100068a8:	5ce3      	ldrb	r3, [r4, r3]
100068aa:	4393      	bics	r3, r2
100068ac:	465a      	mov	r2, fp
100068ae:	54a3      	strb	r3, [r4, r2]
100068b0:	e78d      	b.n	100067ce <prvTimerTask+0x6e>
100068b2:	465b      	mov	r3, fp
100068b4:	5ce3      	ldrb	r3, [r4, r3]
100068b6:	079a      	lsls	r2, r3, #30
100068b8:	d400      	bmi.n	100068bc <prvTimerTask+0x15c>
100068ba:	e0e2      	b.n	10006a82 <prvTimerTask+0x322>
100068bc:	2201      	movs	r2, #1
100068be:	4393      	bics	r3, r2
100068c0:	465a      	mov	r2, fp
100068c2:	54a3      	strb	r3, [r4, r2]
100068c4:	e783      	b.n	100067ce <prvTimerTask+0x6e>
100068c6:	9b07      	ldr	r3, [sp, #28]
100068c8:	9909      	ldr	r1, [sp, #36]	@ 0x24
100068ca:	9808      	ldr	r0, [sp, #32]
100068cc:	4798      	blx	r3
100068ce:	9b06      	ldr	r3, [sp, #24]
100068d0:	2b00      	cmp	r3, #0
100068d2:	da00      	bge.n	100068d6 <prvTimerTask+0x176>
100068d4:	e77b      	b.n	100067ce <prvTimerTask+0x6e>
100068d6:	e784      	b.n	100067e2 <prvTimerTask+0x82>
100068d8:	68db      	ldr	r3, [r3, #12]
100068da:	681e      	ldr	r6, [r3, #0]
100068dc:	f7ff fac8 	bl	10005e70 <vTaskSuspendAll>
100068e0:	f7ff fbd0 	bl	10006084 <xTaskGetTickCount>
100068e4:	9901      	ldr	r1, [sp, #4]
100068e6:	9002      	str	r0, [sp, #8]
100068e8:	680b      	ldr	r3, [r1, #0]
100068ea:	4283      	cmp	r3, r0
100068ec:	d811      	bhi.n	10006912 <prvTimerTask+0x1b2>
100068ee:	6008      	str	r0, [r1, #0]
100068f0:	4286      	cmp	r6, r0
100068f2:	d800      	bhi.n	100068f6 <prvTimerTask+0x196>
100068f4:	e0af      	b.n	10006a56 <prvTimerTask+0x2f6>
100068f6:	0003      	movs	r3, r0
100068f8:	2200      	movs	r2, #0
100068fa:	6828      	ldr	r0, [r5, #0]
100068fc:	1af1      	subs	r1, r6, r3
100068fe:	f7fe fff9 	bl	100058f4 <vQueueWaitForMessageRestricted>
10006902:	f7ff fabd 	bl	10005e80 <xTaskResumeAll>
10006906:	2800      	cmp	r0, #0
10006908:	d000      	beq.n	1000690c <prvTimerTask+0x1ac>
1000690a:	e75b      	b.n	100067c4 <prvTimerTask+0x64>
1000690c:	f7fd fffa 	bl	10004904 <vPortYield>
10006910:	e758      	b.n	100067c4 <prvTimerTask+0x64>
10006912:	464b      	mov	r3, r9
10006914:	681b      	ldr	r3, [r3, #0]
10006916:	681a      	ldr	r2, [r3, #0]
10006918:	2a00      	cmp	r2, #0
1000691a:	d03a      	beq.n	10006992 <prvTimerTask+0x232>
1000691c:	2204      	movs	r2, #4
1000691e:	9504      	str	r5, [sp, #16]
10006920:	4690      	mov	r8, r2
10006922:	e00b      	b.n	1000693c <prvTimerTask+0x1dc>
10006924:	2201      	movs	r2, #1
10006926:	4393      	bics	r3, r2
10006928:	465a      	mov	r2, fp
1000692a:	54a3      	strb	r3, [r4, r2]
1000692c:	6a23      	ldr	r3, [r4, #32]
1000692e:	0020      	movs	r0, r4
10006930:	4798      	blx	r3
10006932:	464b      	mov	r3, r9
10006934:	681b      	ldr	r3, [r3, #0]
10006936:	681a      	ldr	r2, [r3, #0]
10006938:	2a00      	cmp	r2, #0
1000693a:	d029      	beq.n	10006990 <prvTimerTask+0x230>
1000693c:	68db      	ldr	r3, [r3, #12]
1000693e:	68dc      	ldr	r4, [r3, #12]
10006940:	681e      	ldr	r6, [r3, #0]
10006942:	1d27      	adds	r7, r4, #4
10006944:	0038      	movs	r0, r7
10006946:	f7fe faf3 	bl	10004f30 <uxListRemove>
1000694a:	465b      	mov	r3, fp
1000694c:	4642      	mov	r2, r8
1000694e:	5ce3      	ldrb	r3, [r4, r3]
10006950:	421a      	tst	r2, r3
10006952:	d0e7      	beq.n	10006924 <prvTimerTask+0x1c4>
10006954:	69a3      	ldr	r3, [r4, #24]
10006956:	6124      	str	r4, [r4, #16]
10006958:	199d      	adds	r5, r3, r6
1000695a:	43f6      	mvns	r6, r6
1000695c:	6065      	str	r5, [r4, #4]
1000695e:	42b3      	cmp	r3, r6
10006960:	d809      	bhi.n	10006976 <prvTimerTask+0x216>
10006962:	43ee      	mvns	r6, r5
10006964:	6a23      	ldr	r3, [r4, #32]
10006966:	0020      	movs	r0, r4
10006968:	4798      	blx	r3
1000696a:	69a3      	ldr	r3, [r4, #24]
1000696c:	6124      	str	r4, [r4, #16]
1000696e:	18ed      	adds	r5, r5, r3
10006970:	6065      	str	r5, [r4, #4]
10006972:	42b3      	cmp	r3, r6
10006974:	d9f5      	bls.n	10006962 <prvTimerTask+0x202>
10006976:	4653      	mov	r3, sl
10006978:	0039      	movs	r1, r7
1000697a:	6818      	ldr	r0, [r3, #0]
1000697c:	f7fe fabe 	bl	10004efc <vListInsert>
10006980:	6a23      	ldr	r3, [r4, #32]
10006982:	0020      	movs	r0, r4
10006984:	4798      	blx	r3
10006986:	464b      	mov	r3, r9
10006988:	681b      	ldr	r3, [r3, #0]
1000698a:	681a      	ldr	r2, [r3, #0]
1000698c:	2a00      	cmp	r2, #0
1000698e:	d1d5      	bne.n	1000693c <prvTimerTask+0x1dc>
10006990:	9d04      	ldr	r5, [sp, #16]
10006992:	4652      	mov	r2, sl
10006994:	4649      	mov	r1, r9
10006996:	6812      	ldr	r2, [r2, #0]
10006998:	600a      	str	r2, [r1, #0]
1000699a:	4652      	mov	r2, sl
1000699c:	6013      	str	r3, [r2, #0]
1000699e:	9b01      	ldr	r3, [sp, #4]
100069a0:	9a02      	ldr	r2, [sp, #8]
100069a2:	601a      	str	r2, [r3, #0]
100069a4:	f7ff fa6c 	bl	10005e80 <xTaskResumeAll>
100069a8:	e70c      	b.n	100067c4 <prvTimerTask+0x64>
100069aa:	464b      	mov	r3, r9
100069ac:	681b      	ldr	r3, [r3, #0]
100069ae:	681a      	ldr	r2, [r3, #0]
100069b0:	2a00      	cmp	r2, #0
100069b2:	d03e      	beq.n	10006a32 <prvTimerTask+0x2d2>
100069b4:	2204      	movs	r2, #4
100069b6:	9402      	str	r4, [sp, #8]
100069b8:	4690      	mov	r8, r2
100069ba:	9504      	str	r5, [sp, #16]
100069bc:	9005      	str	r0, [sp, #20]
100069be:	e00b      	b.n	100069d8 <prvTimerTask+0x278>
100069c0:	2201      	movs	r2, #1
100069c2:	4393      	bics	r3, r2
100069c4:	465a      	mov	r2, fp
100069c6:	54a3      	strb	r3, [r4, r2]
100069c8:	6a23      	ldr	r3, [r4, #32]
100069ca:	0020      	movs	r0, r4
100069cc:	4798      	blx	r3
100069ce:	464b      	mov	r3, r9
100069d0:	681b      	ldr	r3, [r3, #0]
100069d2:	681a      	ldr	r2, [r3, #0]
100069d4:	2a00      	cmp	r2, #0
100069d6:	d029      	beq.n	10006a2c <prvTimerTask+0x2cc>
100069d8:	68db      	ldr	r3, [r3, #12]
100069da:	68dc      	ldr	r4, [r3, #12]
100069dc:	681e      	ldr	r6, [r3, #0]
100069de:	1d27      	adds	r7, r4, #4
100069e0:	0038      	movs	r0, r7
100069e2:	f7fe faa5 	bl	10004f30 <uxListRemove>
100069e6:	465b      	mov	r3, fp
100069e8:	4642      	mov	r2, r8
100069ea:	5ce3      	ldrb	r3, [r4, r3]
100069ec:	421a      	tst	r2, r3
100069ee:	d0e7      	beq.n	100069c0 <prvTimerTask+0x260>
100069f0:	69a3      	ldr	r3, [r4, #24]
100069f2:	6124      	str	r4, [r4, #16]
100069f4:	199d      	adds	r5, r3, r6
100069f6:	43f6      	mvns	r6, r6
100069f8:	6065      	str	r5, [r4, #4]
100069fa:	42b3      	cmp	r3, r6
100069fc:	d809      	bhi.n	10006a12 <prvTimerTask+0x2b2>
100069fe:	43ee      	mvns	r6, r5
10006a00:	6a23      	ldr	r3, [r4, #32]
10006a02:	0020      	movs	r0, r4
10006a04:	4798      	blx	r3
10006a06:	69a3      	ldr	r3, [r4, #24]
10006a08:	6124      	str	r4, [r4, #16]
10006a0a:	18ed      	adds	r5, r5, r3
10006a0c:	6065      	str	r5, [r4, #4]
10006a0e:	42b3      	cmp	r3, r6
10006a10:	d9f5      	bls.n	100069fe <prvTimerTask+0x29e>
10006a12:	4653      	mov	r3, sl
10006a14:	0039      	movs	r1, r7
10006a16:	6818      	ldr	r0, [r3, #0]
10006a18:	f7fe fa70 	bl	10004efc <vListInsert>
10006a1c:	6a23      	ldr	r3, [r4, #32]
10006a1e:	0020      	movs	r0, r4
10006a20:	4798      	blx	r3
10006a22:	464b      	mov	r3, r9
10006a24:	681b      	ldr	r3, [r3, #0]
10006a26:	681a      	ldr	r2, [r3, #0]
10006a28:	2a00      	cmp	r2, #0
10006a2a:	d1d5      	bne.n	100069d8 <prvTimerTask+0x278>
10006a2c:	9c02      	ldr	r4, [sp, #8]
10006a2e:	9d04      	ldr	r5, [sp, #16]
10006a30:	9e05      	ldr	r6, [sp, #20]
10006a32:	4652      	mov	r2, sl
10006a34:	4649      	mov	r1, r9
10006a36:	6812      	ldr	r2, [r2, #0]
10006a38:	600a      	str	r2, [r1, #0]
10006a3a:	4652      	mov	r2, sl
10006a3c:	6013      	str	r3, [r2, #0]
10006a3e:	e6df      	b.n	10006800 <prvTimerTask+0xa0>
10006a40:	42b1      	cmp	r1, r6
10006a42:	d902      	bls.n	10006a4a <prvTimerTask+0x2ea>
10006a44:	4299      	cmp	r1, r3
10006a46:	d800      	bhi.n	10006a4a <prvTimerTask+0x2ea>
10006a48:	e6f4      	b.n	10006834 <prvTimerTask+0xd4>
10006a4a:	464b      	mov	r3, r9
10006a4c:	1d21      	adds	r1, r4, #4
10006a4e:	6818      	ldr	r0, [r3, #0]
10006a50:	f7fe fa54 	bl	10004efc <vListInsert>
10006a54:	e6bb      	b.n	100067ce <prvTimerTask+0x6e>
10006a56:	f7ff fa13 	bl	10005e80 <xTaskResumeAll>
10006a5a:	464b      	mov	r3, r9
10006a5c:	681b      	ldr	r3, [r3, #0]
10006a5e:	68db      	ldr	r3, [r3, #12]
10006a60:	68df      	ldr	r7, [r3, #12]
10006a62:	1d3c      	adds	r4, r7, #4
10006a64:	0020      	movs	r0, r4
10006a66:	f7fe fa63 	bl	10004f30 <uxListRemove>
10006a6a:	465b      	mov	r3, fp
10006a6c:	5cfb      	ldrb	r3, [r7, r3]
10006a6e:	075a      	lsls	r2, r3, #29
10006a70:	d411      	bmi.n	10006a96 <prvTimerTask+0x336>
10006a72:	2201      	movs	r2, #1
10006a74:	4393      	bics	r3, r2
10006a76:	465a      	mov	r2, fp
10006a78:	54bb      	strb	r3, [r7, r2]
10006a7a:	0038      	movs	r0, r7
10006a7c:	6a3b      	ldr	r3, [r7, #32]
10006a7e:	4798      	blx	r3
10006a80:	e6a0      	b.n	100067c4 <prvTimerTask+0x64>
10006a82:	0020      	movs	r0, r4
10006a84:	f7fd fe46 	bl	10004714 <vPortFree>
10006a88:	e6a1      	b.n	100067ce <prvTimerTask+0x6e>
10006a8a:	4653      	mov	r3, sl
10006a8c:	1d21      	adds	r1, r4, #4
10006a8e:	6818      	ldr	r0, [r3, #0]
10006a90:	f7fe fa34 	bl	10004efc <vListInsert>
10006a94:	e6d4      	b.n	10006840 <prvTimerTask+0xe0>
10006a96:	46a0      	mov	r8, r4
10006a98:	0033      	movs	r3, r6
10006a9a:	9c02      	ldr	r4, [sp, #8]
10006a9c:	e011      	b.n	10006ac2 <prvTimerTask+0x362>
10006a9e:	46c0      	nop			@ (mov r8, r8)
10006aa0:	200220e8 	.word	0x200220e8
10006aa4:	20001cc4 	.word	0x20001cc4
10006aa8:	20001cb4 	.word	0x20001cb4
10006aac:	1000bae4 	.word	0x1000bae4
10006ab0:	20022150 	.word	0x20022150
10006ab4:	1ae3      	subs	r3, r4, r3
10006ab6:	429a      	cmp	r2, r3
10006ab8:	d813      	bhi.n	10006ae2 <prvTimerTask+0x382>
10006aba:	6a3b      	ldr	r3, [r7, #32]
10006abc:	0038      	movs	r0, r7
10006abe:	4798      	blx	r3
10006ac0:	0033      	movs	r3, r6
10006ac2:	69ba      	ldr	r2, [r7, #24]
10006ac4:	613f      	str	r7, [r7, #16]
10006ac6:	189e      	adds	r6, r3, r2
10006ac8:	607e      	str	r6, [r7, #4]
10006aca:	42a6      	cmp	r6, r4
10006acc:	d9f2      	bls.n	10006ab4 <prvTimerTask+0x354>
10006ace:	42a3      	cmp	r3, r4
10006ad0:	d901      	bls.n	10006ad6 <prvTimerTask+0x376>
10006ad2:	42b3      	cmp	r3, r6
10006ad4:	d9f1      	bls.n	10006aba <prvTimerTask+0x35a>
10006ad6:	464b      	mov	r3, r9
10006ad8:	4641      	mov	r1, r8
10006ada:	6818      	ldr	r0, [r3, #0]
10006adc:	f7fe fa0e 	bl	10004efc <vListInsert>
10006ae0:	e7cb      	b.n	10006a7a <prvTimerTask+0x31a>
10006ae2:	4653      	mov	r3, sl
10006ae4:	4641      	mov	r1, r8
10006ae6:	6818      	ldr	r0, [r3, #0]
10006ae8:	f7fe fa08 	bl	10004efc <vListInsert>
10006aec:	e7c5      	b.n	10006a7a <prvTimerTask+0x31a>
10006aee:	46c0      	nop			@ (mov r8, r8)

10006af0 <xTimerCreateTimerTask>:
10006af0:	b570      	push	{r4, r5, r6, lr}
10006af2:	b082      	sub	sp, #8
10006af4:	f7fd ff12 	bl	1000491c <vPortEnterCritical>
10006af8:	4c17      	ldr	r4, [pc, #92]	@ (10006b58 <xTimerCreateTimerTask+0x68>)
10006afa:	6823      	ldr	r3, [r4, #0]
10006afc:	2b00      	cmp	r3, #0
10006afe:	d012      	beq.n	10006b26 <xTimerCreateTimerTask+0x36>
10006b00:	f7fd ff18 	bl	10004934 <vPortExitCritical>
10006b04:	6823      	ldr	r3, [r4, #0]
10006b06:	2000      	movs	r0, #0
10006b08:	2b00      	cmp	r3, #0
10006b0a:	d00a      	beq.n	10006b22 <xTimerCreateTimerTask+0x32>
10006b0c:	4b13      	ldr	r3, [pc, #76]	@ (10006b5c <xTimerCreateTimerTask+0x6c>)
10006b0e:	2280      	movs	r2, #128	@ 0x80
10006b10:	9301      	str	r3, [sp, #4]
10006b12:	231f      	movs	r3, #31
10006b14:	4912      	ldr	r1, [pc, #72]	@ (10006b60 <xTimerCreateTimerTask+0x70>)
10006b16:	9300      	str	r3, [sp, #0]
10006b18:	4812      	ldr	r0, [pc, #72]	@ (10006b64 <xTimerCreateTimerTask+0x74>)
10006b1a:	2300      	movs	r3, #0
10006b1c:	00d2      	lsls	r2, r2, #3
10006b1e:	f7ff f8a1 	bl	10005c64 <xTaskCreate>
10006b22:	b002      	add	sp, #8
10006b24:	bd70      	pop	{r4, r5, r6, pc}
10006b26:	4e10      	ldr	r6, [pc, #64]	@ (10006b68 <xTimerCreateTimerTask+0x78>)
10006b28:	0030      	movs	r0, r6
10006b2a:	f7fe f9d7 	bl	10004edc <vListInitialise>
10006b2e:	4d0f      	ldr	r5, [pc, #60]	@ (10006b6c <xTimerCreateTimerTask+0x7c>)
10006b30:	0028      	movs	r0, r5
10006b32:	f7fe f9d3 	bl	10004edc <vListInitialise>
10006b36:	4b0e      	ldr	r3, [pc, #56]	@ (10006b70 <xTimerCreateTimerTask+0x80>)
10006b38:	2200      	movs	r2, #0
10006b3a:	601e      	str	r6, [r3, #0]
10006b3c:	4b0d      	ldr	r3, [pc, #52]	@ (10006b74 <xTimerCreateTimerTask+0x84>)
10006b3e:	2110      	movs	r1, #16
10006b40:	200a      	movs	r0, #10
10006b42:	601d      	str	r5, [r3, #0]
10006b44:	f7fe fb04 	bl	10005150 <xQueueGenericCreate>
10006b48:	6020      	str	r0, [r4, #0]
10006b4a:	2800      	cmp	r0, #0
10006b4c:	d0d8      	beq.n	10006b00 <xTimerCreateTimerTask+0x10>
10006b4e:	490a      	ldr	r1, [pc, #40]	@ (10006b78 <xTimerCreateTimerTask+0x88>)
10006b50:	f7fe fe42 	bl	100057d8 <vQueueAddToRegistry>
10006b54:	e7d4      	b.n	10006b00 <xTimerCreateTimerTask+0x10>
10006b56:	46c0      	nop			@ (mov r8, r8)
10006b58:	20022150 	.word	0x20022150
10006b5c:	20022154 	.word	0x20022154
10006b60:	1000b49c 	.word	0x1000b49c
10006b64:	10006761 	.word	0x10006761
10006b68:	2002208c 	.word	0x2002208c
10006b6c:	200220a0 	.word	0x200220a0
10006b70:	20001cb4 	.word	0x20001cb4
10006b74:	20001cc4 	.word	0x20001cc4
10006b78:	1000b494 	.word	0x1000b494

10006b7c <xTimerPendFunctionCallFromISR>:
10006b7c:	4694      	mov	ip, r2
10006b7e:	001a      	movs	r2, r3
10006b80:	2302      	movs	r3, #2
10006b82:	b500      	push	{lr}
10006b84:	425b      	negs	r3, r3
10006b86:	b085      	sub	sp, #20
10006b88:	9300      	str	r3, [sp, #0]
10006b8a:	4663      	mov	r3, ip
10006b8c:	9303      	str	r3, [sp, #12]
10006b8e:	4b05      	ldr	r3, [pc, #20]	@ (10006ba4 <xTimerPendFunctionCallFromISR+0x28>)
10006b90:	9001      	str	r0, [sp, #4]
10006b92:	9102      	str	r1, [sp, #8]
10006b94:	6818      	ldr	r0, [r3, #0]
10006b96:	4669      	mov	r1, sp
10006b98:	2300      	movs	r3, #0
10006b9a:	f7fe fc49 	bl	10005430 <xQueueGenericSendFromISR>
10006b9e:	b005      	add	sp, #20
10006ba0:	bd00      	pop	{pc}
10006ba2:	46c0      	nop			@ (mov r8, r8)
10006ba4:	20022150 	.word	0x20022150

10006ba8 <exception_set_exclusive_handler>:
10006ba8:	b510      	push	{r4, lr}
10006baa:	f3ef 8c10 	mrs	ip, PRIMASK
10006bae:	b672      	cpsid	i
10006bb0:	4b0a      	ldr	r3, [pc, #40]	@ (10006bdc <exception_set_exclusive_handler+0x34>)
10006bb2:	689a      	ldr	r2, [r3, #8]
10006bb4:	0083      	lsls	r3, r0, #2
10006bb6:	58d0      	ldr	r0, [r2, r3]
10006bb8:	4281      	cmp	r1, r0
10006bba:	d005      	beq.n	10006bc8 <exception_set_exclusive_handler+0x20>
10006bbc:	4a08      	ldr	r2, [pc, #32]	@ (10006be0 <exception_set_exclusive_handler+0x38>)
10006bbe:	4290      	cmp	r0, r2
10006bc0:	d30a      	bcc.n	10006bd8 <exception_set_exclusive_handler+0x30>
10006bc2:	4a08      	ldr	r2, [pc, #32]	@ (10006be4 <exception_set_exclusive_handler+0x3c>)
10006bc4:	4290      	cmp	r0, r2
10006bc6:	d207      	bcs.n	10006bd8 <exception_set_exclusive_handler+0x30>
10006bc8:	4a04      	ldr	r2, [pc, #16]	@ (10006bdc <exception_set_exclusive_handler+0x34>)
10006bca:	6892      	ldr	r2, [r2, #8]
10006bcc:	50d1      	str	r1, [r2, r3]
10006bce:	f3bf 8f5f 	dmb	sy
10006bd2:	f38c 8810 	msr	PRIMASK, ip
10006bd6:	bd10      	pop	{r4, pc}
10006bd8:	f7fa ffa4 	bl	10001b24 <hard_assertion_failure>
10006bdc:	e000ed00 	.word	0xe000ed00
10006be0:	100001c0 	.word	0x100001c0
10006be4:	100001d4 	.word	0x100001d4

10006be8 <cyw43_arch_set_async_context>:
10006be8:	4b01      	ldr	r3, [pc, #4]	@ (10006bf0 <cyw43_arch_set_async_context+0x8>)
10006bea:	6018      	str	r0, [r3, #0]
10006bec:	4770      	bx	lr
10006bee:	46c0      	nop			@ (mov r8, r8)
10006bf0:	20001230 	.word	0x20001230

10006bf4 <cyw43_arch_gpio_put>:
10006bf4:	b510      	push	{r4, lr}
10006bf6:	000a      	movs	r2, r1
10006bf8:	0001      	movs	r1, r0
10006bfa:	4802      	ldr	r0, [pc, #8]	@ (10006c04 <cyw43_arch_gpio_put+0x10>)
10006bfc:	f002 fee6 	bl	100099cc <cyw43_gpio_set>
10006c00:	bd10      	pop	{r4, pc}
10006c02:	46c0      	nop			@ (mov r8, r8)
10006c04:	200013a0 	.word	0x200013a0

10006c08 <cyw43_arch_async_context>:
10006c08:	4b01      	ldr	r3, [pc, #4]	@ (10006c10 <cyw43_arch_async_context+0x8>)
10006c0a:	6818      	ldr	r0, [r3, #0]
10006c0c:	4770      	bx	lr
10006c0e:	46c0      	nop			@ (mov r8, r8)
10006c10:	20001230 	.word	0x20001230

10006c14 <cyw43_arch_init>:
10006c14:	b510      	push	{r4, lr}
10006c16:	b082      	sub	sp, #8
10006c18:	f7ff fff6 	bl	10006c08 <cyw43_arch_async_context>
10006c1c:	2800      	cmp	r0, #0
10006c1e:	d007      	beq.n	10006c30 <cyw43_arch_init+0x1c>
10006c20:	f003 f996 	bl	10009f50 <cyw43_driver_init>
10006c24:	0003      	movs	r3, r0
10006c26:	2000      	movs	r0, #0
10006c28:	2b00      	cmp	r3, #0
10006c2a:	d010      	beq.n	10006c4e <cyw43_arch_init+0x3a>
10006c2c:	b002      	add	sp, #8
10006c2e:	bd10      	pop	{r4, pc}
10006c30:	4668      	mov	r0, sp
10006c32:	f003 fd7f 	bl	1000a734 <async_context_threadsafe_background_default_config>
10006c36:	4c0f      	ldr	r4, [pc, #60]	@ (10006c74 <cyw43_arch_init+0x60>)
10006c38:	4669      	mov	r1, sp
10006c3a:	0020      	movs	r0, r4
10006c3c:	f003 fd80 	bl	1000a740 <async_context_threadsafe_background_init>
10006c40:	2800      	cmp	r0, #0
10006c42:	d013      	beq.n	10006c6c <cyw43_arch_init+0x58>
10006c44:	0020      	movs	r0, r4
10006c46:	f7ff ffcf 	bl	10006be8 <cyw43_arch_set_async_context>
10006c4a:	0020      	movs	r0, r4
10006c4c:	e7e8      	b.n	10006c20 <cyw43_arch_init+0xc>
10006c4e:	f7ff ffdb 	bl	10006c08 <cyw43_arch_async_context>
10006c52:	0004      	movs	r4, r0
10006c54:	f003 f998 	bl	10009f88 <cyw43_driver_deinit>
10006c58:	4b06      	ldr	r3, [pc, #24]	@ (10006c74 <cyw43_arch_init+0x60>)
10006c5a:	429c      	cmp	r4, r3
10006c5c:	d106      	bne.n	10006c6c <cyw43_arch_init+0x58>
10006c5e:	6823      	ldr	r3, [r4, #0]
10006c60:	0020      	movs	r0, r4
10006c62:	6b5b      	ldr	r3, [r3, #52]	@ 0x34
10006c64:	4798      	blx	r3
10006c66:	2000      	movs	r0, #0
10006c68:	f7ff ffbe 	bl	10006be8 <cyw43_arch_set_async_context>
10006c6c:	2001      	movs	r0, #1
10006c6e:	4240      	negs	r0, r0
10006c70:	e7dc      	b.n	10006c2c <cyw43_arch_init+0x18>
10006c72:	46c0      	nop			@ (mov r8, r8)
10006c74:	20000da0 	.word	0x20000da0

10006c78 <_retrieve_unique_id_on_boot>:
10006c78:	b510      	push	{r4, lr}
10006c7a:	4802      	ldr	r0, [pc, #8]	@ (10006c84 <_retrieve_unique_id_on_boot+0xc>)
10006c7c:	f000 f80c 	bl	10006c98 <flash_get_unique_id>
10006c80:	bd10      	pop	{r4, pc}
10006c82:	46c0      	nop			@ (mov r8, r8)
10006c84:	20001f54 	.word	0x20001f54

10006c88 <pico_get_unique_board_id>:
10006c88:	b510      	push	{r4, lr}
10006c8a:	2208      	movs	r2, #8
10006c8c:	4901      	ldr	r1, [pc, #4]	@ (10006c94 <pico_get_unique_board_id+0xc>)
10006c8e:	f7fb fcc9 	bl	10002624 <__wrap___aeabi_memcpy>
10006c92:	bd10      	pop	{r4, pc}
10006c94:	20001f54 	.word	0x20001f54

10006c98 <flash_get_unique_id>:
10006c98:	b510      	push	{r4, lr}
10006c9a:	b088      	sub	sp, #32
10006c9c:	0004      	movs	r4, r0
10006c9e:	220d      	movs	r2, #13
10006ca0:	2100      	movs	r1, #0
10006ca2:	4668      	mov	r0, sp
10006ca4:	f7fb fcb8 	bl	10002618 <__wrap_memset>
10006ca8:	220d      	movs	r2, #13
10006caa:	2100      	movs	r1, #0
10006cac:	a804      	add	r0, sp, #16
10006cae:	f7fb fcb3 	bl	10002618 <__wrap_memset>
10006cb2:	466a      	mov	r2, sp
10006cb4:	234b      	movs	r3, #75	@ 0x4b
10006cb6:	4668      	mov	r0, sp
10006cb8:	7013      	strb	r3, [r2, #0]
10006cba:	a904      	add	r1, sp, #16
10006cbc:	2300      	movs	r3, #0
10006cbe:	220d      	movs	r2, #13
10006cc0:	f004 fad2 	bl	1000b268 <__flash_do_cmd_cs_veneer>
10006cc4:	2115      	movs	r1, #21
10006cc6:	2208      	movs	r2, #8
10006cc8:	0020      	movs	r0, r4
10006cca:	4469      	add	r1, sp
10006ccc:	f7fb fcaa 	bl	10002624 <__wrap___aeabi_memcpy>
10006cd0:	b008      	add	sp, #32
10006cd2:	bd10      	pop	{r4, pc}

10006cd4 <ns_delay.constprop.0>:
10006cd4:	b510      	push	{r4, lr}
10006cd6:	2005      	movs	r0, #5
10006cd8:	f7fa fe68 	bl	100019ac <clock_get_hz>
10006cdc:	0c03      	lsrs	r3, r0, #16
10006cde:	2064      	movs	r0, #100	@ 0x64
10006ce0:	4903      	ldr	r1, [pc, #12]	@ (10006cf0 <ns_delay.constprop.0+0x1c>)
10006ce2:	4358      	muls	r0, r3
10006ce4:	f7fb f876 	bl	10001dd4 <__wrap___aeabi_uidiv>
10006ce8:	3803      	subs	r0, #3
10006cea:	d2fd      	bcs.n	10006ce8 <ns_delay.constprop.0+0x14>
10006cec:	bd10      	pop	{r4, pc}
10006cee:	46c0      	nop			@ (mov r8, r8)
10006cf0:	00003b9a 	.word	0x00003b9a

10006cf4 <cyw43_spi_deinit>:
10006cf4:	4b18      	ldr	r3, [pc, #96]	@ (10006d58 <cyw43_spi_deinit+0x64>)
10006cf6:	b570      	push	{r4, r5, r6, lr}
10006cf8:	58c4      	ldr	r4, [r0, r3]
10006cfa:	0005      	movs	r5, r0
10006cfc:	2c00      	cmp	r4, #0
10006cfe:	d014      	beq.n	10006d2a <cyw43_spi_deinit+0x36>
10006d00:	6821      	ldr	r1, [r4, #0]
10006d02:	2900      	cmp	r1, #0
10006d04:	d006      	beq.n	10006d14 <cyw43_spi_deinit+0x20>
10006d06:	6863      	ldr	r3, [r4, #4]
10006d08:	68a2      	ldr	r2, [r4, #8]
10006d0a:	4814      	ldr	r0, [pc, #80]	@ (10006d5c <cyw43_spi_deinit+0x68>)
10006d0c:	f003 f822 	bl	10009d54 <pio_remove_program_and_unclaim_sm>
10006d10:	2300      	movs	r3, #0
10006d12:	6023      	str	r3, [r4, #0]
10006d14:	200c      	movs	r0, #12
10006d16:	5620      	ldrsb	r0, [r4, r0]
10006d18:	2800      	cmp	r0, #0
10006d1a:	da10      	bge.n	10006d3e <cyw43_spi_deinit+0x4a>
10006d1c:	200d      	movs	r0, #13
10006d1e:	5620      	ldrsb	r0, [r4, r0]
10006d20:	2800      	cmp	r0, #0
10006d22:	da03      	bge.n	10006d2c <cyw43_spi_deinit+0x38>
10006d24:	2200      	movs	r2, #0
10006d26:	4b0c      	ldr	r3, [pc, #48]	@ (10006d58 <cyw43_spi_deinit+0x64>)
10006d28:	50ea      	str	r2, [r5, r3]
10006d2a:	bd70      	pop	{r4, r5, r6, pc}
10006d2c:	f003 f84a 	bl	10009dc4 <dma_channel_cleanup>
10006d30:	200d      	movs	r0, #13
10006d32:	5620      	ldrsb	r0, [r4, r0]
10006d34:	f003 f82e 	bl	10009d94 <dma_channel_unclaim>
10006d38:	23ff      	movs	r3, #255	@ 0xff
10006d3a:	7363      	strb	r3, [r4, #13]
10006d3c:	e7f2      	b.n	10006d24 <cyw43_spi_deinit+0x30>
10006d3e:	f003 f841 	bl	10009dc4 <dma_channel_cleanup>
10006d42:	200c      	movs	r0, #12
10006d44:	5620      	ldrsb	r0, [r4, r0]
10006d46:	f003 f825 	bl	10009d94 <dma_channel_unclaim>
10006d4a:	23ff      	movs	r3, #255	@ 0xff
10006d4c:	200d      	movs	r0, #13
10006d4e:	7323      	strb	r3, [r4, #12]
10006d50:	5620      	ldrsb	r0, [r4, r0]
10006d52:	2800      	cmp	r0, #0
10006d54:	dbe6      	blt.n	10006d24 <cyw43_spi_deinit+0x30>
10006d56:	e7e9      	b.n	10006d2c <cyw43_spi_deinit+0x38>
10006d58:	0000084c 	.word	0x0000084c
10006d5c:	1000bb0c 	.word	0x1000bb0c

10006d60 <cyw43_spi_init>:
10006d60:	b5f0      	push	{r4, r5, r6, r7, lr}
10006d62:	46c6      	mov	lr, r8
10006d64:	b500      	push	{lr}
10006d66:	4c3d      	ldr	r4, [pc, #244]	@ (10006e5c <cyw43_spi_init+0xfc>)
10006d68:	4b3d      	ldr	r3, [pc, #244]	@ (10006e60 <cyw43_spi_init+0x100>)
10006d6a:	b084      	sub	sp, #16
10006d6c:	50c4      	str	r4, [r0, r3]
10006d6e:	2300      	movs	r3, #0
10006d70:	2106      	movs	r1, #6
10006d72:	0022      	movs	r2, r4
10006d74:	2501      	movs	r5, #1
10006d76:	6023      	str	r3, [r4, #0]
10006d78:	3b01      	subs	r3, #1
10006d7a:	81a3      	strh	r3, [r4, #12]
10006d7c:	9101      	str	r1, [sp, #4]
10006d7e:	3112      	adds	r1, #18
10006d80:	4680      	mov	r8, r0
10006d82:	9100      	str	r1, [sp, #0]
10006d84:	4837      	ldr	r0, [pc, #220]	@ (10006e64 <cyw43_spi_init+0x104>)
10006d86:	0021      	movs	r1, r4
10006d88:	1d23      	adds	r3, r4, #4
10006d8a:	3208      	adds	r2, #8
10006d8c:	9502      	str	r5, [sp, #8]
10006d8e:	f002 ffd3 	bl	10009d38 <pio_claim_free_sm_and_add_program_for_gpio_range>
10006d92:	2800      	cmp	r0, #0
10006d94:	d05c      	beq.n	10006e50 <cyw43_spi_init+0xf0>
10006d96:	6863      	ldr	r3, [r4, #4]
10006d98:	4933      	ldr	r1, [pc, #204]	@ (10006e68 <cyw43_spi_init+0x108>)
10006d9a:	1d5e      	adds	r6, r3, #5
10006d9c:	0336      	lsls	r6, r6, #12
10006d9e:	01db      	lsls	r3, r3, #7
10006da0:	431e      	orrs	r6, r3
10006da2:	4b32      	ldr	r3, [pc, #200]	@ (10006e6c <cyw43_spi_init+0x10c>)
10006da4:	680a      	ldr	r2, [r1, #0]
10006da6:	401e      	ands	r6, r3
10006da8:	2330      	movs	r3, #48	@ 0x30
10006daa:	4393      	bics	r3, r2
10006dac:	4a30      	ldr	r2, [pc, #192]	@ (10006e70 <cyw43_spi_init+0x110>)
10006dae:	6820      	ldr	r0, [r4, #0]
10006db0:	6013      	str	r3, [r2, #0]
10006db2:	680b      	ldr	r3, [r1, #0]
10006db4:	0029      	movs	r1, r5
10006db6:	4399      	bics	r1, r3
10006db8:	6011      	str	r1, [r2, #0]
10006dba:	2280      	movs	r2, #128	@ 0x80
10006dbc:	2300      	movs	r3, #0
10006dbe:	0452      	lsls	r2, r2, #17
10006dc0:	9200      	str	r2, [sp, #0]
10006dc2:	9301      	str	r3, [sp, #4]
10006dc4:	f002 fea6 	bl	10009b14 <pio_set_input_sync_bypass_with_mask64>
10006dc8:	68a1      	ldr	r1, [r4, #8]
10006dca:	6820      	ldr	r0, [r4, #0]
10006dcc:	004b      	lsls	r3, r1, #1
10006dce:	185b      	adds	r3, r3, r1
10006dd0:	00db      	lsls	r3, r3, #3
10006dd2:	18c3      	adds	r3, r0, r3
10006dd4:	001a      	movs	r2, r3
10006dd6:	2780      	movs	r7, #128	@ 0x80
10006dd8:	32c8      	adds	r2, #200	@ 0xc8
10006dda:	02bf      	lsls	r7, r7, #10
10006ddc:	6017      	str	r7, [r2, #0]
10006dde:	27c0      	movs	r7, #192	@ 0xc0
10006de0:	02bf      	lsls	r7, r7, #10
10006de2:	6097      	str	r7, [r2, #8]
10006de4:	6056      	str	r6, [r2, #4]
10006de6:	3204      	adds	r2, #4
10006de8:	4a22      	ldr	r2, [pc, #136]	@ (10006e74 <cyw43_spi_init+0x114>)
10006dea:	33dc      	adds	r3, #220	@ 0xdc
10006dec:	601a      	str	r2, [r3, #0]
10006dee:	221d      	movs	r2, #29
10006df0:	2301      	movs	r3, #1
10006df2:	9500      	str	r5, [sp, #0]
10006df4:	f002 fe98 	bl	10009b28 <pio_sm_set_consecutive_pindirs>
10006df8:	4b1f      	ldr	r3, [pc, #124]	@ (10006e78 <cyw43_spi_init+0x118>)
10006dfa:	6821      	ldr	r1, [r4, #0]
10006dfc:	2018      	movs	r0, #24
10006dfe:	18c9      	adds	r1, r1, r3
10006e00:	0d09      	lsrs	r1, r1, #20
10006e02:	3106      	adds	r1, #6
10006e04:	b2c9      	uxtb	r1, r1
10006e06:	f7f9 fae5 	bl	100003d4 <gpio_set_function>
10006e0a:	2201      	movs	r2, #1
10006e0c:	2100      	movs	r1, #0
10006e0e:	2018      	movs	r0, #24
10006e10:	f7f9 faf8 	bl	10000404 <gpio_set_pulls>
10006e14:	2101      	movs	r1, #1
10006e16:	2018      	movs	r0, #24
10006e18:	f7f9 fb06 	bl	10000428 <gpio_set_input_hysteresis_enabled>
10006e1c:	68a1      	ldr	r1, [r4, #8]
10006e1e:	6823      	ldr	r3, [r4, #0]
10006e20:	004a      	lsls	r2, r1, #1
10006e22:	1852      	adds	r2, r2, r1
10006e24:	00d2      	lsls	r2, r2, #3
10006e26:	189b      	adds	r3, r3, r2
10006e28:	4a14      	ldr	r2, [pc, #80]	@ (10006e7c <cyw43_spi_init+0x11c>)
10006e2a:	33d8      	adds	r3, #216	@ 0xd8
10006e2c:	601a      	str	r2, [r3, #0]
10006e2e:	2000      	movs	r0, #0
10006e30:	f002 ffb8 	bl	10009da4 <dma_claim_unused_channel>
10006e34:	7320      	strb	r0, [r4, #12]
10006e36:	2000      	movs	r0, #0
10006e38:	f002 ffb4 	bl	10009da4 <dma_claim_unused_channel>
10006e3c:	7b23      	ldrb	r3, [r4, #12]
10006e3e:	7360      	strb	r0, [r4, #13]
10006e40:	4318      	orrs	r0, r3
10006e42:	0600      	lsls	r0, r0, #24
10006e44:	d404      	bmi.n	10006e50 <cyw43_spi_init+0xf0>
10006e46:	2000      	movs	r0, #0
10006e48:	b004      	add	sp, #16
10006e4a:	bc80      	pop	{r7}
10006e4c:	46b8      	mov	r8, r7
10006e4e:	bdf0      	pop	{r4, r5, r6, r7, pc}
10006e50:	4640      	mov	r0, r8
10006e52:	f7ff ff4f 	bl	10006cf4 <cyw43_spi_deinit>
10006e56:	2006      	movs	r0, #6
10006e58:	4240      	negs	r0, r0
10006e5a:	e7f5      	b.n	10006e48 <cyw43_spi_init+0xe8>
10006e5c:	2000134c 	.word	0x2000134c
10006e60:	0000084c 	.word	0x0000084c
10006e64:	1000bb0c 	.word	0x1000bb0c
10006e68:	4001c078 	.word	0x4001c078
10006e6c:	9fffffff 	.word	0x9fffffff
10006e70:	4001d078 	.word	0x4001d078
10006e74:	241c7718 	.word	0x241c7718
10006e78:	afe00000 	.word	0xafe00000
10006e7c:	0000e001 	.word	0x0000e001

10006e80 <cyw43_spi_transfer>:
10006e80:	b5f0      	push	{r4, r5, r6, r7, lr}
10006e82:	46de      	mov	lr, fp
10006e84:	464e      	mov	r6, r9
10006e86:	4657      	mov	r7, sl
10006e88:	4645      	mov	r5, r8
10006e8a:	b5e0      	push	{r5, r6, r7, lr}
10006e8c:	b087      	sub	sp, #28
10006e8e:	468b      	mov	fp, r1
10006e90:	0016      	movs	r6, r2
10006e92:	9302      	str	r3, [sp, #8]
10006e94:	2900      	cmp	r1, #0
10006e96:	d100      	bne.n	10006e9a <cyw43_spi_transfer+0x1a>
10006e98:	e11c      	b.n	100070d4 <cyw43_spi_transfer+0x254>
10006e9a:	4b91      	ldr	r3, [pc, #580]	@ (100070e0 <cyw43_spi_transfer+0x260>)
10006e9c:	58c4      	ldr	r4, [r0, r3]
10006e9e:	4b91      	ldr	r3, [pc, #580]	@ (100070e4 <cyw43_spi_transfer+0x264>)
10006ea0:	6821      	ldr	r1, [r4, #0]
10006ea2:	2018      	movs	r0, #24
10006ea4:	18c9      	adds	r1, r1, r3
10006ea6:	0d09      	lsrs	r1, r1, #20
10006ea8:	3106      	adds	r1, #6
10006eaa:	b2c9      	uxtb	r1, r1
10006eac:	f7f9 fa92 	bl	100003d4 <gpio_set_function>
10006eb0:	4b8c      	ldr	r3, [pc, #560]	@ (100070e4 <cyw43_spi_transfer+0x264>)
10006eb2:	6821      	ldr	r1, [r4, #0]
10006eb4:	201d      	movs	r0, #29
10006eb6:	18c9      	adds	r1, r1, r3
10006eb8:	0d09      	lsrs	r1, r1, #20
10006eba:	3106      	adds	r1, #6
10006ebc:	b2c9      	uxtb	r1, r1
10006ebe:	f7f9 fa89 	bl	100003d4 <gpio_set_function>
10006ec2:	2201      	movs	r2, #1
10006ec4:	2100      	movs	r1, #0
10006ec6:	201d      	movs	r0, #29
10006ec8:	f7f9 fa9c 	bl	10000404 <gpio_set_pulls>
10006ecc:	23d0      	movs	r3, #208	@ 0xd0
10006ece:	2280      	movs	r2, #128	@ 0x80
10006ed0:	061b      	lsls	r3, r3, #24
10006ed2:	0492      	lsls	r2, r2, #18
10006ed4:	619a      	str	r2, [r3, #24]
10006ed6:	9b02      	ldr	r3, [sp, #8]
10006ed8:	6820      	ldr	r0, [r4, #0]
10006eda:	68a1      	ldr	r1, [r4, #8]
10006edc:	2b00      	cmp	r3, #0
10006ede:	d100      	bne.n	10006ee2 <cyw43_spi_transfer+0x62>
10006ee0:	e118      	b.n	10007114 <cyw43_spi_transfer+0x294>
10006ee2:	465b      	mov	r3, fp
10006ee4:	2b00      	cmp	r3, #0
10006ee6:	d100      	bne.n	10006eea <cyw43_spi_transfer+0x6a>
10006ee8:	e0f1      	b.n	100070ce <cyw43_spi_transfer+0x24e>
10006eea:	2701      	movs	r7, #1
10006eec:	003a      	movs	r2, r7
10006eee:	25cc      	movs	r5, #204	@ 0xcc
10006ef0:	408a      	lsls	r2, r1
10006ef2:	46ac      	mov	ip, r5
10006ef4:	6803      	ldr	r3, [r0, #0]
10006ef6:	4393      	bics	r3, r2
10006ef8:	6003      	str	r3, [r0, #0]
10006efa:	6863      	ldr	r3, [r4, #4]
10006efc:	4698      	mov	r8, r3
10006efe:	004b      	lsls	r3, r1, #1
10006f00:	185b      	adds	r3, r3, r1
10006f02:	00db      	lsls	r3, r3, #3
10006f04:	18c2      	adds	r2, r0, r3
10006f06:	4494      	add	ip, r2
10006f08:	4662      	mov	r2, ip
10006f0a:	6812      	ldr	r2, [r2, #0]
10006f0c:	18c3      	adds	r3, r0, r3
10006f0e:	0015      	movs	r5, r2
10006f10:	4642      	mov	r2, r8
10006f12:	3205      	adds	r2, #5
10006f14:	0312      	lsls	r2, r2, #12
10006f16:	4692      	mov	sl, r2
10006f18:	4a73      	ldr	r2, [pc, #460]	@ (100070e8 <cyw43_spi_transfer+0x268>)
10006f1a:	4015      	ands	r5, r2
10006f1c:	002a      	movs	r2, r5
10006f1e:	4655      	mov	r5, sl
10006f20:	4315      	orrs	r5, r2
10006f22:	002a      	movs	r2, r5
10006f24:	4645      	mov	r5, r8
10006f26:	01ed      	lsls	r5, r5, #7
10006f28:	432a      	orrs	r2, r5
10006f2a:	4665      	mov	r5, ip
10006f2c:	602a      	str	r2, [r5, #0]
10006f2e:	4a6f      	ldr	r2, [pc, #444]	@ (100070ec <cyw43_spi_transfer+0x26c>)
10006f30:	003d      	movs	r5, r7
10006f32:	189b      	adds	r3, r3, r2
10006f34:	2280      	movs	r2, #128	@ 0x80
10006f36:	0612      	lsls	r2, r2, #24
10006f38:	601a      	str	r2, [r3, #0]
10006f3a:	601a      	str	r2, [r3, #0]
10006f3c:	2280      	movs	r2, #128	@ 0x80
10006f3e:	2300      	movs	r3, #0
10006f40:	0452      	lsls	r2, r2, #17
10006f42:	9200      	str	r2, [sp, #0]
10006f44:	9301      	str	r3, [sp, #4]
10006f46:	f002 fd91 	bl	10009a6c <pio_sm_set_pindirs_with_mask64>
10006f4a:	0039      	movs	r1, r7
10006f4c:	68a3      	ldr	r3, [r4, #8]
10006f4e:	6820      	ldr	r0, [r4, #0]
10006f50:	1d1a      	adds	r2, r3, #4
10006f52:	4091      	lsls	r1, r2
10006f54:	4694      	mov	ip, r2
10006f56:	2280      	movs	r2, #128	@ 0x80
10006f58:	0192      	lsls	r2, r2, #6
10006f5a:	1882      	adds	r2, r0, r2
10006f5c:	6011      	str	r1, [r2, #0]
10006f5e:	0019      	movs	r1, r3
10006f60:	3108      	adds	r1, #8
10006f62:	408d      	lsls	r5, r1
10006f64:	0099      	lsls	r1, r3, #2
10006f66:	6015      	str	r5, [r2, #0]
10006f68:	00f2      	lsls	r2, r6, #3
10006f6a:	1841      	adds	r1, r0, r1
10006f6c:	3a01      	subs	r2, #1
10006f6e:	610a      	str	r2, [r1, #16]
10006f70:	005a      	lsls	r2, r3, #1
10006f72:	18d2      	adds	r2, r2, r3
10006f74:	00d2      	lsls	r2, r2, #3
10006f76:	4d5e      	ldr	r5, [pc, #376]	@ (100070f0 <cyw43_spi_transfer+0x270>)
10006f78:	1882      	adds	r2, r0, r2
10006f7a:	32d8      	adds	r2, #216	@ 0xd8
10006f7c:	6015      	str	r5, [r2, #0]
10006f7e:	9d10      	ldr	r5, [sp, #64]	@ 0x40
10006f80:	1bad      	subs	r5, r5, r6
10006f82:	00ed      	lsls	r5, r5, #3
10006f84:	46a8      	mov	r8, r5
10006f86:	2501      	movs	r5, #1
10006f88:	426d      	negs	r5, r5
10006f8a:	44a8      	add	r8, r5
10006f8c:	4645      	mov	r5, r8
10006f8e:	610d      	str	r5, [r1, #16]
10006f90:	251f      	movs	r5, #31
10006f92:	4958      	ldr	r1, [pc, #352]	@ (100070f4 <cyw43_spi_transfer+0x274>)
10006f94:	4698      	mov	r8, r3
10006f96:	6011      	str	r1, [r2, #0]
10006f98:	6861      	ldr	r1, [r4, #4]
10006f9a:	4029      	ands	r1, r5
10006f9c:	6011      	str	r1, [r2, #0]
10006f9e:	210c      	movs	r1, #12
10006fa0:	5661      	ldrsb	r1, [r4, r1]
10006fa2:	25a0      	movs	r5, #160	@ 0xa0
10006fa4:	408f      	lsls	r7, r1
10006fa6:	4a54      	ldr	r2, [pc, #336]	@ (100070f8 <cyw43_spi_transfer+0x278>)
10006fa8:	05ed      	lsls	r5, r5, #23
10006faa:	50af      	str	r7, [r5, r2]
10006fac:	4a53      	ldr	r2, [pc, #332]	@ (100070fc <cyw43_spi_transfer+0x27c>)
10006fae:	018d      	lsls	r5, r1, #6
10006fb0:	2780      	movs	r7, #128	@ 0x80
10006fb2:	46aa      	mov	sl, r5
10006fb4:	1953      	adds	r3, r2, r5
10006fb6:	465d      	mov	r5, fp
10006fb8:	047f      	lsls	r7, r7, #17
10006fba:	681a      	ldr	r2, [r3, #0]
10006fbc:	423a      	tst	r2, r7
10006fbe:	d1fc      	bne.n	10006fba <cyw43_spi_transfer+0x13a>
10006fc0:	220d      	movs	r2, #13
10006fc2:	2701      	movs	r7, #1
10006fc4:	56a2      	ldrsb	r2, [r4, r2]
10006fc6:	46ab      	mov	fp, r5
10006fc8:	4097      	lsls	r7, r2
10006fca:	25a0      	movs	r5, #160	@ 0xa0
10006fcc:	9203      	str	r2, [sp, #12]
10006fce:	003a      	movs	r2, r7
10006fd0:	4643      	mov	r3, r8
10006fd2:	4f49      	ldr	r7, [pc, #292]	@ (100070f8 <cyw43_spi_transfer+0x278>)
10006fd4:	05ed      	lsls	r5, r5, #23
10006fd6:	51ea      	str	r2, [r5, r7]
10006fd8:	9a03      	ldr	r2, [sp, #12]
10006fda:	46a8      	mov	r8, r5
10006fdc:	4d47      	ldr	r5, [pc, #284]	@ (100070fc <cyw43_spi_transfer+0x27c>)
10006fde:	0192      	lsls	r2, r2, #6
10006fe0:	2780      	movs	r7, #128	@ 0x80
10006fe2:	4699      	mov	r9, r3
10006fe4:	1953      	adds	r3, r2, r5
10006fe6:	465d      	mov	r5, fp
10006fe8:	4490      	add	r8, r2
10006fea:	047f      	lsls	r7, r7, #17
10006fec:	681a      	ldr	r2, [r3, #0]
10006fee:	423a      	tst	r2, r7
10006ff0:	d1fc      	bne.n	10006fec <cyw43_spi_transfer+0x16c>
10006ff2:	464b      	mov	r3, r9
10006ff4:	4a3b      	ldr	r2, [pc, #236]	@ (100070e4 <cyw43_spi_transfer+0x264>)
10006ff6:	4f42      	ldr	r7, [pc, #264]	@ (10007100 <cyw43_spi_transfer+0x280>)
10006ff8:	1882      	adds	r2, r0, r2
10006ffa:	0d12      	lsrs	r2, r2, #20
10006ffc:	00d2      	lsls	r2, r2, #3
10006ffe:	9204      	str	r2, [sp, #16]
10007000:	02c9      	lsls	r1, r1, #11
10007002:	189a      	adds	r2, r3, r2
10007004:	46b9      	mov	r9, r7
10007006:	03d2      	lsls	r2, r2, #15
10007008:	4039      	ands	r1, r7
1000700a:	4f3e      	ldr	r7, [pc, #248]	@ (10007104 <cyw43_spi_transfer+0x284>)
1000700c:	4311      	orrs	r1, r2
1000700e:	46ab      	mov	fp, r5
10007010:	430f      	orrs	r7, r1
10007012:	25a0      	movs	r5, #160	@ 0xa0
10007014:	9705      	str	r7, [sp, #20]
10007016:	4657      	mov	r7, sl
10007018:	4661      	mov	r1, ip
1000701a:	05ed      	lsls	r5, r5, #23
1000701c:	197f      	adds	r7, r7, r5
1000701e:	465d      	mov	r5, fp
10007020:	0089      	lsls	r1, r1, #2
10007022:	603d      	str	r5, [r7, #0]
10007024:	1845      	adds	r5, r0, r1
10007026:	607d      	str	r5, [r7, #4]
10007028:	9d05      	ldr	r5, [sp, #20]
1000702a:	08b2      	lsrs	r2, r6, #2
1000702c:	60ba      	str	r2, [r7, #8]
1000702e:	60fd      	str	r5, [r7, #12]
10007030:	9d04      	ldr	r5, [sp, #16]
10007032:	9f03      	ldr	r7, [sp, #12]
10007034:	4465      	add	r5, ip
10007036:	03ed      	lsls	r5, r5, #15
10007038:	46ac      	mov	ip, r5
1000703a:	464d      	mov	r5, r9
1000703c:	02ff      	lsls	r7, r7, #11
1000703e:	402f      	ands	r7, r5
10007040:	4665      	mov	r5, ip
10007042:	433d      	orrs	r5, r7
10007044:	4f30      	ldr	r7, [pc, #192]	@ (10007108 <cyw43_spi_transfer+0x288>)
10007046:	3110      	adds	r1, #16
10007048:	432f      	orrs	r7, r5
1000704a:	9d10      	ldr	r5, [sp, #64]	@ 0x40
1000704c:	1841      	adds	r1, r0, r1
1000704e:	08ad      	lsrs	r5, r5, #2
10007050:	1aaa      	subs	r2, r5, r2
10007052:	4645      	mov	r5, r8
10007054:	6029      	str	r1, [r5, #0]
10007056:	9902      	ldr	r1, [sp, #8]
10007058:	1989      	adds	r1, r1, r6
1000705a:	6069      	str	r1, [r5, #4]
1000705c:	60aa      	str	r2, [r5, #8]
1000705e:	2201      	movs	r2, #1
10007060:	409a      	lsls	r2, r3
10007062:	0013      	movs	r3, r2
10007064:	60ef      	str	r7, [r5, #12]
10007066:	6801      	ldr	r1, [r0, #0]
10007068:	430b      	orrs	r3, r1
1000706a:	6003      	str	r3, [r0, #0]
1000706c:	220c      	movs	r2, #12
1000706e:	2180      	movs	r1, #128	@ 0x80
10007070:	56a2      	ldrsb	r2, [r4, r2]
10007072:	4b26      	ldr	r3, [pc, #152]	@ (1000710c <cyw43_spi_transfer+0x28c>)
10007074:	0192      	lsls	r2, r2, #6
10007076:	18d2      	adds	r2, r2, r3
10007078:	0449      	lsls	r1, r1, #17
1000707a:	6813      	ldr	r3, [r2, #0]
1000707c:	420b      	tst	r3, r1
1000707e:	d1fc      	bne.n	1000707a <cyw43_spi_transfer+0x1fa>
10007080:	220d      	movs	r2, #13
10007082:	2180      	movs	r1, #128	@ 0x80
10007084:	56a2      	ldrsb	r2, [r4, r2]
10007086:	4b21      	ldr	r3, [pc, #132]	@ (1000710c <cyw43_spi_transfer+0x28c>)
10007088:	0192      	lsls	r2, r2, #6
1000708a:	18d2      	adds	r2, r2, r3
1000708c:	0449      	lsls	r1, r1, #17
1000708e:	6813      	ldr	r3, [r2, #0]
10007090:	420b      	tst	r3, r1
10007092:	d1fc      	bne.n	1000708e <cyw43_spi_transfer+0x20e>
10007094:	2100      	movs	r1, #0
10007096:	0032      	movs	r2, r6
10007098:	9802      	ldr	r0, [sp, #8]
1000709a:	f7fb fabd 	bl	10002618 <__wrap_memset>
1000709e:	6820      	ldr	r0, [r4, #0]
100070a0:	68a1      	ldr	r1, [r4, #8]
100070a2:	004b      	lsls	r3, r1, #1
100070a4:	185b      	adds	r3, r3, r1
100070a6:	00db      	lsls	r3, r3, #3
100070a8:	18c0      	adds	r0, r0, r3
100070aa:	4b19      	ldr	r3, [pc, #100]	@ (10007110 <cyw43_spi_transfer+0x290>)
100070ac:	30d8      	adds	r0, #216	@ 0xd8
100070ae:	6003      	str	r3, [r0, #0]
100070b0:	2280      	movs	r2, #128	@ 0x80
100070b2:	23d0      	movs	r3, #208	@ 0xd0
100070b4:	0492      	lsls	r2, r2, #18
100070b6:	061b      	lsls	r3, r3, #24
100070b8:	615a      	str	r2, [r3, #20]
100070ba:	f7ff fe0b 	bl	10006cd4 <ns_delay.constprop.0>
100070be:	2000      	movs	r0, #0
100070c0:	b007      	add	sp, #28
100070c2:	bcf0      	pop	{r4, r5, r6, r7}
100070c4:	46bb      	mov	fp, r7
100070c6:	46b2      	mov	sl, r6
100070c8:	46a9      	mov	r9, r5
100070ca:	46a0      	mov	r8, r4
100070cc:	bdf0      	pop	{r4, r5, r6, r7, pc}
100070ce:	9b02      	ldr	r3, [sp, #8]
100070d0:	469b      	mov	fp, r3
100070d2:	e70a      	b.n	10006eea <cyw43_spi_transfer+0x6a>
100070d4:	2b00      	cmp	r3, #0
100070d6:	d000      	beq.n	100070da <cyw43_spi_transfer+0x25a>
100070d8:	e6df      	b.n	10006e9a <cyw43_spi_transfer+0x1a>
100070da:	2005      	movs	r0, #5
100070dc:	4240      	negs	r0, r0
100070de:	e7ef      	b.n	100070c0 <cyw43_spi_transfer+0x240>
100070e0:	0000084c 	.word	0x0000084c
100070e4:	afe00000 	.word	0xafe00000
100070e8:	fffe007f 	.word	0xfffe007f
100070ec:	000010d0 	.word	0x000010d0
100070f0:	00006020 	.word	0x00006020
100070f4:	00006040 	.word	0x00006040
100070f8:	00000444 	.word	0x00000444
100070fc:	5000000c 	.word	0x5000000c
10007100:	ff007fff 	.word	0xff007fff
10007104:	00400019 	.word	0x00400019
10007108:	00400029 	.word	0x00400029
1000710c:	50000010 	.word	0x50000010
10007110:	0000a003 	.word	0x0000a003
10007114:	465b      	mov	r3, fp
10007116:	2b00      	cmp	r3, #0
10007118:	d0c3      	beq.n	100070a2 <cyw43_spi_transfer+0x222>
1000711a:	2701      	movs	r7, #1
1000711c:	003a      	movs	r2, r7
1000711e:	25cc      	movs	r5, #204	@ 0xcc
10007120:	408a      	lsls	r2, r1
10007122:	46ac      	mov	ip, r5
10007124:	6803      	ldr	r3, [r0, #0]
10007126:	4393      	bics	r3, r2
10007128:	6003      	str	r3, [r0, #0]
1000712a:	6863      	ldr	r3, [r4, #4]
1000712c:	4698      	mov	r8, r3
1000712e:	004b      	lsls	r3, r1, #1
10007130:	185b      	adds	r3, r3, r1
10007132:	00db      	lsls	r3, r3, #3
10007134:	18c2      	adds	r2, r0, r3
10007136:	4494      	add	ip, r2
10007138:	4662      	mov	r2, ip
1000713a:	6812      	ldr	r2, [r2, #0]
1000713c:	18c3      	adds	r3, r0, r3
1000713e:	0015      	movs	r5, r2
10007140:	4642      	mov	r2, r8
10007142:	3201      	adds	r2, #1
10007144:	0312      	lsls	r2, r2, #12
10007146:	4692      	mov	sl, r2
10007148:	4a4a      	ldr	r2, [pc, #296]	@ (10007274 <cyw43_spi_transfer+0x3f4>)
1000714a:	4015      	ands	r5, r2
1000714c:	002a      	movs	r2, r5
1000714e:	4655      	mov	r5, sl
10007150:	4315      	orrs	r5, r2
10007152:	002a      	movs	r2, r5
10007154:	4645      	mov	r5, r8
10007156:	01ed      	lsls	r5, r5, #7
10007158:	432a      	orrs	r2, r5
1000715a:	4665      	mov	r5, ip
1000715c:	602a      	str	r2, [r5, #0]
1000715e:	4a46      	ldr	r2, [pc, #280]	@ (10007278 <cyw43_spi_transfer+0x3f8>)
10007160:	003d      	movs	r5, r7
10007162:	189b      	adds	r3, r3, r2
10007164:	2280      	movs	r2, #128	@ 0x80
10007166:	0612      	lsls	r2, r2, #24
10007168:	601a      	str	r2, [r3, #0]
1000716a:	601a      	str	r2, [r3, #0]
1000716c:	2280      	movs	r2, #128	@ 0x80
1000716e:	2300      	movs	r3, #0
10007170:	0452      	lsls	r2, r2, #17
10007172:	9200      	str	r2, [sp, #0]
10007174:	9301      	str	r3, [sp, #4]
10007176:	f002 fc79 	bl	10009a6c <pio_sm_set_pindirs_with_mask64>
1000717a:	003a      	movs	r2, r7
1000717c:	68a0      	ldr	r0, [r4, #8]
1000717e:	6821      	ldr	r1, [r4, #0]
10007180:	1d03      	adds	r3, r0, #4
10007182:	409a      	lsls	r2, r3
10007184:	469c      	mov	ip, r3
10007186:	2380      	movs	r3, #128	@ 0x80
10007188:	019b      	lsls	r3, r3, #6
1000718a:	18cb      	adds	r3, r1, r3
1000718c:	601a      	str	r2, [r3, #0]
1000718e:	0002      	movs	r2, r0
10007190:	3208      	adds	r2, #8
10007192:	4095      	lsls	r5, r2
10007194:	0082      	lsls	r2, r0, #2
10007196:	601d      	str	r5, [r3, #0]
10007198:	00f3      	lsls	r3, r6, #3
1000719a:	188a      	adds	r2, r1, r2
1000719c:	3b01      	subs	r3, #1
1000719e:	6113      	str	r3, [r2, #16]
100071a0:	0043      	lsls	r3, r0, #1
100071a2:	181b      	adds	r3, r3, r0
100071a4:	00db      	lsls	r3, r3, #3
100071a6:	4d35      	ldr	r5, [pc, #212]	@ (1000727c <cyw43_spi_transfer+0x3fc>)
100071a8:	18cb      	adds	r3, r1, r3
100071aa:	33d8      	adds	r3, #216	@ 0xd8
100071ac:	601d      	str	r5, [r3, #0]
100071ae:	9d02      	ldr	r5, [sp, #8]
100071b0:	4689      	mov	r9, r1
100071b2:	6115      	str	r5, [r2, #16]
100071b4:	251f      	movs	r5, #31
100071b6:	4a32      	ldr	r2, [pc, #200]	@ (10007280 <cyw43_spi_transfer+0x400>)
100071b8:	601a      	str	r2, [r3, #0]
100071ba:	6862      	ldr	r2, [r4, #4]
100071bc:	402a      	ands	r2, r5
100071be:	601a      	str	r2, [r3, #0]
100071c0:	230c      	movs	r3, #12
100071c2:	56e3      	ldrsb	r3, [r4, r3]
100071c4:	4a2f      	ldr	r2, [pc, #188]	@ (10007284 <cyw43_spi_transfer+0x404>)
100071c6:	409f      	lsls	r7, r3
100071c8:	4698      	mov	r8, r3
100071ca:	23a0      	movs	r3, #160	@ 0xa0
100071cc:	05db      	lsls	r3, r3, #23
100071ce:	509f      	str	r7, [r3, r2]
100071d0:	4643      	mov	r3, r8
100071d2:	27a0      	movs	r7, #160	@ 0xa0
100071d4:	4a2c      	ldr	r2, [pc, #176]	@ (10007288 <cyw43_spi_transfer+0x408>)
100071d6:	019b      	lsls	r3, r3, #6
100071d8:	18d2      	adds	r2, r2, r3
100071da:	05ff      	lsls	r7, r7, #23
100071dc:	469a      	mov	sl, r3
100071de:	18ff      	adds	r7, r7, r3
100071e0:	0013      	movs	r3, r2
100071e2:	2280      	movs	r2, #128	@ 0x80
100071e4:	465d      	mov	r5, fp
100071e6:	0019      	movs	r1, r3
100071e8:	0452      	lsls	r2, r2, #17
100071ea:	680b      	ldr	r3, [r1, #0]
100071ec:	4213      	tst	r3, r2
100071ee:	d1fc      	bne.n	100071ea <cyw43_spi_transfer+0x36a>
100071f0:	4642      	mov	r2, r8
100071f2:	02d2      	lsls	r2, r2, #11
100071f4:	4690      	mov	r8, r2
100071f6:	4649      	mov	r1, r9
100071f8:	4a24      	ldr	r2, [pc, #144]	@ (1000728c <cyw43_spi_transfer+0x40c>)
100071fa:	46ab      	mov	fp, r5
100071fc:	0015      	movs	r5, r2
100071fe:	4642      	mov	r2, r8
10007200:	4b23      	ldr	r3, [pc, #140]	@ (10007290 <cyw43_spi_transfer+0x410>)
10007202:	402a      	ands	r2, r5
10007204:	18cb      	adds	r3, r1, r3
10007206:	0d1b      	lsrs	r3, r3, #20
10007208:	00db      	lsls	r3, r3, #3
1000720a:	181b      	adds	r3, r3, r0
1000720c:	03db      	lsls	r3, r3, #15
1000720e:	4313      	orrs	r3, r2
10007210:	4a20      	ldr	r2, [pc, #128]	@ (10007294 <cyw43_spi_transfer+0x414>)
10007212:	08b6      	lsrs	r6, r6, #2
10007214:	431a      	orrs	r2, r3
10007216:	465b      	mov	r3, fp
10007218:	603b      	str	r3, [r7, #0]
1000721a:	4663      	mov	r3, ip
1000721c:	009b      	lsls	r3, r3, #2
1000721e:	18cb      	adds	r3, r1, r3
10007220:	607b      	str	r3, [r7, #4]
10007222:	2301      	movs	r3, #1
10007224:	4083      	lsls	r3, r0
10007226:	60be      	str	r6, [r7, #8]
10007228:	60fa      	str	r2, [r7, #12]
1000722a:	680d      	ldr	r5, [r1, #0]
1000722c:	4652      	mov	r2, sl
1000722e:	432b      	orrs	r3, r5
10007230:	600b      	str	r3, [r1, #0]
10007232:	2180      	movs	r1, #128	@ 0x80
10007234:	4b18      	ldr	r3, [pc, #96]	@ (10007298 <cyw43_spi_transfer+0x418>)
10007236:	0449      	lsls	r1, r1, #17
10007238:	18d2      	adds	r2, r2, r3
1000723a:	6813      	ldr	r3, [r2, #0]
1000723c:	420b      	tst	r3, r1
1000723e:	d1fc      	bne.n	1000723a <cyw43_spi_transfer+0x3ba>
10007240:	2201      	movs	r2, #1
10007242:	68a3      	ldr	r3, [r4, #8]
10007244:	6821      	ldr	r1, [r4, #0]
10007246:	3318      	adds	r3, #24
10007248:	409a      	lsls	r2, r3
1000724a:	608a      	str	r2, [r1, #8]
1000724c:	688b      	ldr	r3, [r1, #8]
1000724e:	421a      	tst	r2, r3
10007250:	d0fc      	beq.n	1000724c <cyw43_spi_transfer+0x3cc>
10007252:	2201      	movs	r2, #1
10007254:	68a1      	ldr	r1, [r4, #8]
10007256:	6820      	ldr	r0, [r4, #0]
10007258:	408a      	lsls	r2, r1
1000725a:	6803      	ldr	r3, [r0, #0]
1000725c:	4393      	bics	r3, r2
1000725e:	6003      	str	r3, [r0, #0]
10007260:	2300      	movs	r3, #0
10007262:	2218      	movs	r2, #24
10007264:	9300      	str	r3, [sp, #0]
10007266:	3301      	adds	r3, #1
10007268:	f002 fc5e 	bl	10009b28 <pio_sm_set_consecutive_pindirs>
1000726c:	6820      	ldr	r0, [r4, #0]
1000726e:	68a1      	ldr	r1, [r4, #8]
10007270:	e717      	b.n	100070a2 <cyw43_spi_transfer+0x222>
10007272:	46c0      	nop			@ (mov r8, r8)
10007274:	fffe007f 	.word	0xfffe007f
10007278:	000010d0 	.word	0x000010d0
1000727c:	00006020 	.word	0x00006020
10007280:	00006040 	.word	0x00006040
10007284:	00000444 	.word	0x00000444
10007288:	5000000c 	.word	0x5000000c
1000728c:	ff007fff 	.word	0xff007fff
10007290:	afe00000 	.word	0xafe00000
10007294:	00400019 	.word	0x00400019
10007298:	50000010 	.word	0x50000010

1000729c <cyw43_spi_gpio_setup>:
1000729c:	b510      	push	{r4, lr}
1000729e:	2017      	movs	r0, #23
100072a0:	f7f9 f91e 	bl	100004e0 <gpio_init>
100072a4:	24d0      	movs	r4, #208	@ 0xd0
100072a6:	2380      	movs	r3, #128	@ 0x80
100072a8:	0624      	lsls	r4, r4, #24
100072aa:	041b      	lsls	r3, r3, #16
100072ac:	2200      	movs	r2, #0
100072ae:	2101      	movs	r1, #1
100072b0:	6263      	str	r3, [r4, #36]	@ 0x24
100072b2:	2017      	movs	r0, #23
100072b4:	f7f9 f8a6 	bl	10000404 <gpio_set_pulls>
100072b8:	2018      	movs	r0, #24
100072ba:	f7f9 f911 	bl	100004e0 <gpio_init>
100072be:	2380      	movs	r3, #128	@ 0x80
100072c0:	045b      	lsls	r3, r3, #17
100072c2:	6263      	str	r3, [r4, #36]	@ 0x24
100072c4:	2019      	movs	r0, #25
100072c6:	61a3      	str	r3, [r4, #24]
100072c8:	f7f9 f90a 	bl	100004e0 <gpio_init>
100072cc:	2380      	movs	r3, #128	@ 0x80
100072ce:	049b      	lsls	r3, r3, #18
100072d0:	6263      	str	r3, [r4, #36]	@ 0x24
100072d2:	6163      	str	r3, [r4, #20]
100072d4:	bd10      	pop	{r4, pc}
100072d6:	46c0      	nop			@ (mov r8, r8)

100072d8 <cyw43_spi_reset>:
100072d8:	b570      	push	{r4, r5, r6, lr}
100072da:	24d0      	movs	r4, #208	@ 0xd0
100072dc:	2580      	movs	r5, #128	@ 0x80
100072de:	0624      	lsls	r4, r4, #24
100072e0:	042d      	lsls	r5, r5, #16
100072e2:	61a5      	str	r5, [r4, #24]
100072e4:	2014      	movs	r0, #20
100072e6:	f002 fecb 	bl	1000a080 <cyw43_delay_ms>
100072ea:	6165      	str	r5, [r4, #20]
100072ec:	20fa      	movs	r0, #250	@ 0xfa
100072ee:	f002 fec7 	bl	1000a080 <cyw43_delay_ms>
100072f2:	2018      	movs	r0, #24
100072f4:	f7f9 f8f4 	bl	100004e0 <gpio_init>
100072f8:	2380      	movs	r3, #128	@ 0x80
100072fa:	045b      	lsls	r3, r3, #17
100072fc:	62a3      	str	r3, [r4, #40]	@ 0x28
100072fe:	bd70      	pop	{r4, r5, r6, pc}

10007300 <read_reg_u32_swap>:
10007300:	2300      	movs	r3, #0
10007302:	b500      	push	{lr}
10007304:	b085      	sub	sp, #20
10007306:	9303      	str	r3, [sp, #12]
10007308:	4b0c      	ldr	r3, [pc, #48]	@ (1000733c <read_reg_u32_swap+0x3c>)
1000730a:	02d2      	lsls	r2, r2, #11
1000730c:	401a      	ands	r2, r3
1000730e:	2308      	movs	r3, #8
10007310:	0709      	lsls	r1, r1, #28
10007312:	4311      	orrs	r1, r2
10007314:	4a0a      	ldr	r2, [pc, #40]	@ (10007340 <read_reg_u32_swap+0x40>)
10007316:	9300      	str	r3, [sp, #0]
10007318:	430a      	orrs	r2, r1
1000731a:	ab02      	add	r3, sp, #8
1000731c:	ba52      	rev16	r2, r2
1000731e:	2100      	movs	r1, #0
10007320:	9202      	str	r2, [sp, #8]
10007322:	2204      	movs	r2, #4
10007324:	f7ff fdac 	bl	10006e80 <cyw43_spi_transfer>
10007328:	2800      	cmp	r0, #0
1000732a:	d103      	bne.n	10007334 <read_reg_u32_swap+0x34>
1000732c:	9803      	ldr	r0, [sp, #12]
1000732e:	ba40      	rev16	r0, r0
10007330:	b005      	add	sp, #20
10007332:	bd00      	pop	{pc}
10007334:	2005      	movs	r0, #5
10007336:	4240      	negs	r0, r0
10007338:	e7fa      	b.n	10007330 <read_reg_u32_swap+0x30>
1000733a:	46c0      	nop			@ (mov r8, r8)
1000733c:	0ffff800 	.word	0x0ffff800
10007340:	40000004 	.word	0x40000004

10007344 <cyw43_read_reg_u32>:
10007344:	b510      	push	{r4, lr}
10007346:	4b12      	ldr	r3, [pc, #72]	@ (10007390 <cyw43_read_reg_u32+0x4c>)
10007348:	02d2      	lsls	r2, r2, #11
1000734a:	401a      	ands	r2, r3
1000734c:	070b      	lsls	r3, r1, #28
1000734e:	431a      	orrs	r2, r3
10007350:	4b10      	ldr	r3, [pc, #64]	@ (10007394 <cyw43_read_reg_u32+0x50>)
10007352:	b08a      	sub	sp, #40	@ 0x28
10007354:	4313      	orrs	r3, r2
10007356:	1e4c      	subs	r4, r1, #1
10007358:	9304      	str	r3, [sp, #16]
1000735a:	4263      	negs	r3, r4
1000735c:	4163      	adcs	r3, r4
1000735e:	011b      	lsls	r3, r3, #4
10007360:	3308      	adds	r3, #8
10007362:	9300      	str	r3, [sp, #0]
10007364:	2204      	movs	r2, #4
10007366:	2100      	movs	r1, #0
10007368:	ab04      	add	r3, sp, #16
1000736a:	f7ff fd89 	bl	10006e80 <cyw43_spi_transfer>
1000736e:	2800      	cmp	r0, #0
10007370:	d10b      	bne.n	1000738a <cyw43_read_reg_u32+0x46>
10007372:	1e63      	subs	r3, r4, #1
10007374:	419c      	sbcs	r4, r3
10007376:	2303      	movs	r3, #3
10007378:	4261      	negs	r1, r4
1000737a:	4399      	bics	r1, r3
1000737c:	3105      	adds	r1, #5
1000737e:	ab02      	add	r3, sp, #8
10007380:	0089      	lsls	r1, r1, #2
10007382:	3308      	adds	r3, #8
10007384:	5858      	ldr	r0, [r3, r1]
10007386:	b00a      	add	sp, #40	@ 0x28
10007388:	bd10      	pop	{r4, pc}
1000738a:	2005      	movs	r0, #5
1000738c:	4240      	negs	r0, r0
1000738e:	e7fa      	b.n	10007386 <cyw43_read_reg_u32+0x42>
10007390:	0ffff800 	.word	0x0ffff800
10007394:	40000004 	.word	0x40000004

10007398 <cyw43_read_reg_u16>:
10007398:	b510      	push	{r4, lr}
1000739a:	4b12      	ldr	r3, [pc, #72]	@ (100073e4 <cyw43_read_reg_u16+0x4c>)
1000739c:	02d2      	lsls	r2, r2, #11
1000739e:	401a      	ands	r2, r3
100073a0:	070b      	lsls	r3, r1, #28
100073a2:	431a      	orrs	r2, r3
100073a4:	4b10      	ldr	r3, [pc, #64]	@ (100073e8 <cyw43_read_reg_u16+0x50>)
100073a6:	b08a      	sub	sp, #40	@ 0x28
100073a8:	4313      	orrs	r3, r2
100073aa:	1e4c      	subs	r4, r1, #1
100073ac:	9304      	str	r3, [sp, #16]
100073ae:	4263      	negs	r3, r4
100073b0:	4163      	adcs	r3, r4
100073b2:	011b      	lsls	r3, r3, #4
100073b4:	3308      	adds	r3, #8
100073b6:	9300      	str	r3, [sp, #0]
100073b8:	2204      	movs	r2, #4
100073ba:	2100      	movs	r1, #0
100073bc:	ab04      	add	r3, sp, #16
100073be:	f7ff fd5f 	bl	10006e80 <cyw43_spi_transfer>
100073c2:	2800      	cmp	r0, #0
100073c4:	d10b      	bne.n	100073de <cyw43_read_reg_u16+0x46>
100073c6:	1e63      	subs	r3, r4, #1
100073c8:	419c      	sbcs	r4, r3
100073ca:	2303      	movs	r3, #3
100073cc:	4261      	negs	r1, r4
100073ce:	4399      	bics	r1, r3
100073d0:	3105      	adds	r1, #5
100073d2:	ab02      	add	r3, sp, #8
100073d4:	0089      	lsls	r1, r1, #2
100073d6:	3308      	adds	r3, #8
100073d8:	5858      	ldr	r0, [r3, r1]
100073da:	b00a      	add	sp, #40	@ 0x28
100073dc:	bd10      	pop	{r4, pc}
100073de:	2005      	movs	r0, #5
100073e0:	4240      	negs	r0, r0
100073e2:	e7fa      	b.n	100073da <cyw43_read_reg_u16+0x42>
100073e4:	0ffff800 	.word	0x0ffff800
100073e8:	40000002 	.word	0x40000002

100073ec <cyw43_read_reg_u8>:
100073ec:	b510      	push	{r4, lr}
100073ee:	4b12      	ldr	r3, [pc, #72]	@ (10007438 <cyw43_read_reg_u8+0x4c>)
100073f0:	02d2      	lsls	r2, r2, #11
100073f2:	401a      	ands	r2, r3
100073f4:	070b      	lsls	r3, r1, #28
100073f6:	431a      	orrs	r2, r3
100073f8:	4b10      	ldr	r3, [pc, #64]	@ (1000743c <cyw43_read_reg_u8+0x50>)
100073fa:	b08a      	sub	sp, #40	@ 0x28
100073fc:	4313      	orrs	r3, r2
100073fe:	1e4c      	subs	r4, r1, #1
10007400:	9304      	str	r3, [sp, #16]
10007402:	4263      	negs	r3, r4
10007404:	4163      	adcs	r3, r4
10007406:	011b      	lsls	r3, r3, #4
10007408:	3308      	adds	r3, #8
1000740a:	9300      	str	r3, [sp, #0]
1000740c:	2204      	movs	r2, #4
1000740e:	2100      	movs	r1, #0
10007410:	ab04      	add	r3, sp, #16
10007412:	f7ff fd35 	bl	10006e80 <cyw43_spi_transfer>
10007416:	2800      	cmp	r0, #0
10007418:	d10b      	bne.n	10007432 <cyw43_read_reg_u8+0x46>
1000741a:	1e63      	subs	r3, r4, #1
1000741c:	419c      	sbcs	r4, r3
1000741e:	2303      	movs	r3, #3
10007420:	4261      	negs	r1, r4
10007422:	4399      	bics	r1, r3
10007424:	3105      	adds	r1, #5
10007426:	ab02      	add	r3, sp, #8
10007428:	0089      	lsls	r1, r1, #2
1000742a:	3308      	adds	r3, #8
1000742c:	5858      	ldr	r0, [r3, r1]
1000742e:	b00a      	add	sp, #40	@ 0x28
10007430:	bd10      	pop	{r4, pc}
10007432:	2005      	movs	r0, #5
10007434:	4240      	negs	r0, r0
10007436:	e7fa      	b.n	1000742e <cyw43_read_reg_u8+0x42>
10007438:	0ffff800 	.word	0x0ffff800
1000743c:	40000001 	.word	0x40000001

10007440 <write_reg_u32_swap>:
10007440:	b5f0      	push	{r4, r5, r6, r7, lr}
10007442:	ba5b      	rev16	r3, r3
10007444:	46d6      	mov	lr, sl
10007446:	464f      	mov	r7, r9
10007448:	4646      	mov	r6, r8
1000744a:	b5c0      	push	{r6, r7, lr}
1000744c:	4c6c      	ldr	r4, [pc, #432]	@ (10007600 <write_reg_u32_swap+0x1c0>)
1000744e:	b084      	sub	sp, #16
10007450:	9303      	str	r3, [sp, #12]
10007452:	02d2      	lsls	r2, r2, #11
10007454:	4b6b      	ldr	r3, [pc, #428]	@ (10007604 <write_reg_u32_swap+0x1c4>)
10007456:	4022      	ands	r2, r4
10007458:	0709      	lsls	r1, r1, #28
1000745a:	58c4      	ldr	r4, [r0, r3]
1000745c:	4311      	orrs	r1, r2
1000745e:	4a6a      	ldr	r2, [pc, #424]	@ (10007608 <write_reg_u32_swap+0x1c8>)
10007460:	4b6a      	ldr	r3, [pc, #424]	@ (1000760c <write_reg_u32_swap+0x1cc>)
10007462:	430a      	orrs	r2, r1
10007464:	6821      	ldr	r1, [r4, #0]
10007466:	2018      	movs	r0, #24
10007468:	ba52      	rev16	r2, r2
1000746a:	18c9      	adds	r1, r1, r3
1000746c:	0d09      	lsrs	r1, r1, #20
1000746e:	3106      	adds	r1, #6
10007470:	b2c9      	uxtb	r1, r1
10007472:	9202      	str	r2, [sp, #8]
10007474:	f7f8 ffae 	bl	100003d4 <gpio_set_function>
10007478:	4b64      	ldr	r3, [pc, #400]	@ (1000760c <write_reg_u32_swap+0x1cc>)
1000747a:	6821      	ldr	r1, [r4, #0]
1000747c:	201d      	movs	r0, #29
1000747e:	18c9      	adds	r1, r1, r3
10007480:	0d09      	lsrs	r1, r1, #20
10007482:	3106      	adds	r1, #6
10007484:	b2c9      	uxtb	r1, r1
10007486:	f7f8 ffa5 	bl	100003d4 <gpio_set_function>
1000748a:	2201      	movs	r2, #1
1000748c:	2100      	movs	r1, #0
1000748e:	201d      	movs	r0, #29
10007490:	f7f8 ffb8 	bl	10000404 <gpio_set_pulls>
10007494:	23d0      	movs	r3, #208	@ 0xd0
10007496:	2280      	movs	r2, #128	@ 0x80
10007498:	2601      	movs	r6, #1
1000749a:	061b      	lsls	r3, r3, #24
1000749c:	0492      	lsls	r2, r2, #18
1000749e:	619a      	str	r2, [r3, #24]
100074a0:	0032      	movs	r2, r6
100074a2:	68a1      	ldr	r1, [r4, #8]
100074a4:	6820      	ldr	r0, [r4, #0]
100074a6:	408a      	lsls	r2, r1
100074a8:	6803      	ldr	r3, [r0, #0]
100074aa:	6865      	ldr	r5, [r4, #4]
100074ac:	4393      	bics	r3, r2
100074ae:	6003      	str	r3, [r0, #0]
100074b0:	004b      	lsls	r3, r1, #1
100074b2:	185b      	adds	r3, r3, r1
100074b4:	00db      	lsls	r3, r3, #3
100074b6:	18c7      	adds	r7, r0, r3
100074b8:	37cc      	adds	r7, #204	@ 0xcc
100074ba:	683a      	ldr	r2, [r7, #0]
100074bc:	469c      	mov	ip, r3
100074be:	4690      	mov	r8, r2
100074c0:	1c6a      	adds	r2, r5, #1
100074c2:	0313      	lsls	r3, r2, #12
100074c4:	4a52      	ldr	r2, [pc, #328]	@ (10007610 <write_reg_u32_swap+0x1d0>)
100074c6:	469a      	mov	sl, r3
100074c8:	0013      	movs	r3, r2
100074ca:	4642      	mov	r2, r8
100074cc:	401a      	ands	r2, r3
100074ce:	0013      	movs	r3, r2
100074d0:	4652      	mov	r2, sl
100074d2:	431a      	orrs	r2, r3
100074d4:	4663      	mov	r3, ip
100074d6:	01ed      	lsls	r5, r5, #7
100074d8:	432a      	orrs	r2, r5
100074da:	603a      	str	r2, [r7, #0]
100074dc:	4a4d      	ldr	r2, [pc, #308]	@ (10007614 <write_reg_u32_swap+0x1d4>)
100074de:	18c3      	adds	r3, r0, r3
100074e0:	189b      	adds	r3, r3, r2
100074e2:	2280      	movs	r2, #128	@ 0x80
100074e4:	0612      	lsls	r2, r2, #24
100074e6:	601a      	str	r2, [r3, #0]
100074e8:	601a      	str	r2, [r3, #0]
100074ea:	2280      	movs	r2, #128	@ 0x80
100074ec:	2300      	movs	r3, #0
100074ee:	0452      	lsls	r2, r2, #17
100074f0:	9200      	str	r2, [sp, #0]
100074f2:	9301      	str	r3, [sp, #4]
100074f4:	f002 faba 	bl	10009a6c <pio_sm_set_pindirs_with_mask64>
100074f8:	0032      	movs	r2, r6
100074fa:	68a0      	ldr	r0, [r4, #8]
100074fc:	6821      	ldr	r1, [r4, #0]
100074fe:	1d03      	adds	r3, r0, #4
10007500:	409a      	lsls	r2, r3
10007502:	469c      	mov	ip, r3
10007504:	2380      	movs	r3, #128	@ 0x80
10007506:	019b      	lsls	r3, r3, #6
10007508:	18cb      	adds	r3, r1, r3
1000750a:	601a      	str	r2, [r3, #0]
1000750c:	0002      	movs	r2, r0
1000750e:	0035      	movs	r5, r6
10007510:	3208      	adds	r2, #8
10007512:	4095      	lsls	r5, r2
10007514:	601d      	str	r5, [r3, #0]
10007516:	233f      	movs	r3, #63	@ 0x3f
10007518:	0082      	lsls	r2, r0, #2
1000751a:	188a      	adds	r2, r1, r2
1000751c:	6113      	str	r3, [r2, #16]
1000751e:	0043      	lsls	r3, r0, #1
10007520:	181b      	adds	r3, r3, r0
10007522:	00db      	lsls	r3, r3, #3
10007524:	4f3c      	ldr	r7, [pc, #240]	@ (10007618 <write_reg_u32_swap+0x1d8>)
10007526:	18cb      	adds	r3, r1, r3
10007528:	33d8      	adds	r3, #216	@ 0xd8
1000752a:	601f      	str	r7, [r3, #0]
1000752c:	2700      	movs	r7, #0
1000752e:	6117      	str	r7, [r2, #16]
10007530:	4a3a      	ldr	r2, [pc, #232]	@ (1000761c <write_reg_u32_swap+0x1dc>)
10007532:	371f      	adds	r7, #31
10007534:	601a      	str	r2, [r3, #0]
10007536:	6862      	ldr	r2, [r4, #4]
10007538:	2580      	movs	r5, #128	@ 0x80
1000753a:	403a      	ands	r2, r7
1000753c:	270c      	movs	r7, #12
1000753e:	601a      	str	r2, [r3, #0]
10007540:	57e7      	ldrsb	r7, [r4, r7]
10007542:	23a0      	movs	r3, #160	@ 0xa0
10007544:	40be      	lsls	r6, r7
10007546:	4a36      	ldr	r2, [pc, #216]	@ (10007620 <write_reg_u32_swap+0x1e0>)
10007548:	05db      	lsls	r3, r3, #23
1000754a:	509e      	str	r6, [r3, r2]
1000754c:	26a0      	movs	r6, #160	@ 0xa0
1000754e:	01bb      	lsls	r3, r7, #6
10007550:	4699      	mov	r9, r3
10007552:	4a34      	ldr	r2, [pc, #208]	@ (10007624 <write_reg_u32_swap+0x1e4>)
10007554:	05f6      	lsls	r6, r6, #23
10007556:	444e      	add	r6, r9
10007558:	444a      	add	r2, r9
1000755a:	046d      	lsls	r5, r5, #17
1000755c:	6813      	ldr	r3, [r2, #0]
1000755e:	422b      	tst	r3, r5
10007560:	d1fc      	bne.n	1000755c <write_reg_u32_swap+0x11c>
10007562:	4b2a      	ldr	r3, [pc, #168]	@ (1000760c <write_reg_u32_swap+0x1cc>)
10007564:	4a30      	ldr	r2, [pc, #192]	@ (10007628 <write_reg_u32_swap+0x1e8>)
10007566:	18cb      	adds	r3, r1, r3
10007568:	0d1b      	lsrs	r3, r3, #20
1000756a:	00db      	lsls	r3, r3, #3
1000756c:	181b      	adds	r3, r3, r0
1000756e:	02ff      	lsls	r7, r7, #11
10007570:	4017      	ands	r7, r2
10007572:	03db      	lsls	r3, r3, #15
10007574:	433b      	orrs	r3, r7
10007576:	4f2d      	ldr	r7, [pc, #180]	@ (1000762c <write_reg_u32_swap+0x1ec>)
10007578:	4a2d      	ldr	r2, [pc, #180]	@ (10007630 <write_reg_u32_swap+0x1f0>)
1000757a:	431f      	orrs	r7, r3
1000757c:	ab02      	add	r3, sp, #8
1000757e:	6033      	str	r3, [r6, #0]
10007580:	4663      	mov	r3, ip
10007582:	009b      	lsls	r3, r3, #2
10007584:	18cb      	adds	r3, r1, r3
10007586:	6073      	str	r3, [r6, #4]
10007588:	2302      	movs	r3, #2
1000758a:	60b3      	str	r3, [r6, #8]
1000758c:	3b01      	subs	r3, #1
1000758e:	4083      	lsls	r3, r0
10007590:	60f7      	str	r7, [r6, #12]
10007592:	680d      	ldr	r5, [r1, #0]
10007594:	444a      	add	r2, r9
10007596:	432b      	orrs	r3, r5
10007598:	600b      	str	r3, [r1, #0]
1000759a:	2180      	movs	r1, #128	@ 0x80
1000759c:	0449      	lsls	r1, r1, #17
1000759e:	6813      	ldr	r3, [r2, #0]
100075a0:	420b      	tst	r3, r1
100075a2:	d1fc      	bne.n	1000759e <write_reg_u32_swap+0x15e>
100075a4:	2201      	movs	r2, #1
100075a6:	68a3      	ldr	r3, [r4, #8]
100075a8:	6821      	ldr	r1, [r4, #0]
100075aa:	3318      	adds	r3, #24
100075ac:	409a      	lsls	r2, r3
100075ae:	608a      	str	r2, [r1, #8]
100075b0:	688b      	ldr	r3, [r1, #8]
100075b2:	4213      	tst	r3, r2
100075b4:	d0fc      	beq.n	100075b0 <write_reg_u32_swap+0x170>
100075b6:	2201      	movs	r2, #1
100075b8:	68a1      	ldr	r1, [r4, #8]
100075ba:	6820      	ldr	r0, [r4, #0]
100075bc:	408a      	lsls	r2, r1
100075be:	6803      	ldr	r3, [r0, #0]
100075c0:	4393      	bics	r3, r2
100075c2:	6003      	str	r3, [r0, #0]
100075c4:	2300      	movs	r3, #0
100075c6:	2218      	movs	r2, #24
100075c8:	9300      	str	r3, [sp, #0]
100075ca:	3301      	adds	r3, #1
100075cc:	f002 faac 	bl	10009b28 <pio_sm_set_consecutive_pindirs>
100075d0:	68a1      	ldr	r1, [r4, #8]
100075d2:	6823      	ldr	r3, [r4, #0]
100075d4:	004a      	lsls	r2, r1, #1
100075d6:	1852      	adds	r2, r2, r1
100075d8:	00d2      	lsls	r2, r2, #3
100075da:	189b      	adds	r3, r3, r2
100075dc:	4a15      	ldr	r2, [pc, #84]	@ (10007634 <write_reg_u32_swap+0x1f4>)
100075de:	33d8      	adds	r3, #216	@ 0xd8
100075e0:	601a      	str	r2, [r3, #0]
100075e2:	23d0      	movs	r3, #208	@ 0xd0
100075e4:	2280      	movs	r2, #128	@ 0x80
100075e6:	061b      	lsls	r3, r3, #24
100075e8:	0492      	lsls	r2, r2, #18
100075ea:	615a      	str	r2, [r3, #20]
100075ec:	f7ff fb72 	bl	10006cd4 <ns_delay.constprop.0>
100075f0:	2000      	movs	r0, #0
100075f2:	b004      	add	sp, #16
100075f4:	bce0      	pop	{r5, r6, r7}
100075f6:	46ba      	mov	sl, r7
100075f8:	46b1      	mov	r9, r6
100075fa:	46a8      	mov	r8, r5
100075fc:	bdf0      	pop	{r4, r5, r6, r7, pc}
100075fe:	46c0      	nop			@ (mov r8, r8)
10007600:	0ffff800 	.word	0x0ffff800
10007604:	0000084c 	.word	0x0000084c
10007608:	c0000004 	.word	0xc0000004
1000760c:	afe00000 	.word	0xafe00000
10007610:	fffe007f 	.word	0xfffe007f
10007614:	000010d0 	.word	0x000010d0
10007618:	00006020 	.word	0x00006020
1000761c:	00006040 	.word	0x00006040
10007620:	00000444 	.word	0x00000444
10007624:	5000000c 	.word	0x5000000c
10007628:	ff007fff 	.word	0xff007fff
1000762c:	00400019 	.word	0x00400019
10007630:	50000010 	.word	0x50000010
10007634:	0000a003 	.word	0x0000a003

10007638 <cyw43_write_reg_u32>:
10007638:	b5f0      	push	{r4, r5, r6, r7, lr}
1000763a:	46d6      	mov	lr, sl
1000763c:	464f      	mov	r7, r9
1000763e:	4646      	mov	r6, r8
10007640:	b5c0      	push	{r6, r7, lr}
10007642:	4c6c      	ldr	r4, [pc, #432]	@ (100077f4 <cyw43_write_reg_u32+0x1bc>)
10007644:	b084      	sub	sp, #16
10007646:	9303      	str	r3, [sp, #12]
10007648:	02d2      	lsls	r2, r2, #11
1000764a:	4b6b      	ldr	r3, [pc, #428]	@ (100077f8 <cyw43_write_reg_u32+0x1c0>)
1000764c:	4022      	ands	r2, r4
1000764e:	0709      	lsls	r1, r1, #28
10007650:	58c4      	ldr	r4, [r0, r3]
10007652:	430a      	orrs	r2, r1
10007654:	4969      	ldr	r1, [pc, #420]	@ (100077fc <cyw43_write_reg_u32+0x1c4>)
10007656:	4b6a      	ldr	r3, [pc, #424]	@ (10007800 <cyw43_write_reg_u32+0x1c8>)
10007658:	430a      	orrs	r2, r1
1000765a:	6821      	ldr	r1, [r4, #0]
1000765c:	2018      	movs	r0, #24
1000765e:	18c9      	adds	r1, r1, r3
10007660:	0d09      	lsrs	r1, r1, #20
10007662:	3106      	adds	r1, #6
10007664:	b2c9      	uxtb	r1, r1
10007666:	9202      	str	r2, [sp, #8]
10007668:	f7f8 feb4 	bl	100003d4 <gpio_set_function>
1000766c:	4b64      	ldr	r3, [pc, #400]	@ (10007800 <cyw43_write_reg_u32+0x1c8>)
1000766e:	6821      	ldr	r1, [r4, #0]
10007670:	201d      	movs	r0, #29
10007672:	18c9      	adds	r1, r1, r3
10007674:	0d09      	lsrs	r1, r1, #20
10007676:	3106      	adds	r1, #6
10007678:	b2c9      	uxtb	r1, r1
1000767a:	f7f8 feab 	bl	100003d4 <gpio_set_function>
1000767e:	2201      	movs	r2, #1
10007680:	2100      	movs	r1, #0
10007682:	201d      	movs	r0, #29
10007684:	f7f8 febe 	bl	10000404 <gpio_set_pulls>
10007688:	23d0      	movs	r3, #208	@ 0xd0
1000768a:	2280      	movs	r2, #128	@ 0x80
1000768c:	2601      	movs	r6, #1
1000768e:	061b      	lsls	r3, r3, #24
10007690:	0492      	lsls	r2, r2, #18
10007692:	619a      	str	r2, [r3, #24]
10007694:	0032      	movs	r2, r6
10007696:	68a1      	ldr	r1, [r4, #8]
10007698:	6820      	ldr	r0, [r4, #0]
1000769a:	408a      	lsls	r2, r1
1000769c:	6803      	ldr	r3, [r0, #0]
1000769e:	6865      	ldr	r5, [r4, #4]
100076a0:	4393      	bics	r3, r2
100076a2:	6003      	str	r3, [r0, #0]
100076a4:	004b      	lsls	r3, r1, #1
100076a6:	185b      	adds	r3, r3, r1
100076a8:	00db      	lsls	r3, r3, #3
100076aa:	18c7      	adds	r7, r0, r3
100076ac:	37cc      	adds	r7, #204	@ 0xcc
100076ae:	683a      	ldr	r2, [r7, #0]
100076b0:	469c      	mov	ip, r3
100076b2:	4690      	mov	r8, r2
100076b4:	1c6a      	adds	r2, r5, #1
100076b6:	0313      	lsls	r3, r2, #12
100076b8:	4a52      	ldr	r2, [pc, #328]	@ (10007804 <cyw43_write_reg_u32+0x1cc>)
100076ba:	469a      	mov	sl, r3
100076bc:	0013      	movs	r3, r2
100076be:	4642      	mov	r2, r8
100076c0:	401a      	ands	r2, r3
100076c2:	0013      	movs	r3, r2
100076c4:	4652      	mov	r2, sl
100076c6:	431a      	orrs	r2, r3
100076c8:	4663      	mov	r3, ip
100076ca:	01ed      	lsls	r5, r5, #7
100076cc:	432a      	orrs	r2, r5
100076ce:	603a      	str	r2, [r7, #0]
100076d0:	4a4d      	ldr	r2, [pc, #308]	@ (10007808 <cyw43_write_reg_u32+0x1d0>)
100076d2:	18c3      	adds	r3, r0, r3
100076d4:	189b      	adds	r3, r3, r2
100076d6:	2280      	movs	r2, #128	@ 0x80
100076d8:	0612      	lsls	r2, r2, #24
100076da:	601a      	str	r2, [r3, #0]
100076dc:	601a      	str	r2, [r3, #0]
100076de:	2280      	movs	r2, #128	@ 0x80
100076e0:	2300      	movs	r3, #0
100076e2:	0452      	lsls	r2, r2, #17
100076e4:	9200      	str	r2, [sp, #0]
100076e6:	9301      	str	r3, [sp, #4]
100076e8:	f002 f9c0 	bl	10009a6c <pio_sm_set_pindirs_with_mask64>
100076ec:	0032      	movs	r2, r6
100076ee:	68a0      	ldr	r0, [r4, #8]
100076f0:	6821      	ldr	r1, [r4, #0]
100076f2:	1d03      	adds	r3, r0, #4
100076f4:	409a      	lsls	r2, r3
100076f6:	469c      	mov	ip, r3
100076f8:	2380      	movs	r3, #128	@ 0x80
100076fa:	019b      	lsls	r3, r3, #6
100076fc:	18cb      	adds	r3, r1, r3
100076fe:	601a      	str	r2, [r3, #0]
10007700:	0002      	movs	r2, r0
10007702:	0035      	movs	r5, r6
10007704:	3208      	adds	r2, #8
10007706:	4095      	lsls	r5, r2
10007708:	601d      	str	r5, [r3, #0]
1000770a:	233f      	movs	r3, #63	@ 0x3f
1000770c:	0082      	lsls	r2, r0, #2
1000770e:	188a      	adds	r2, r1, r2
10007710:	6113      	str	r3, [r2, #16]
10007712:	0043      	lsls	r3, r0, #1
10007714:	181b      	adds	r3, r3, r0
10007716:	00db      	lsls	r3, r3, #3
10007718:	4f3c      	ldr	r7, [pc, #240]	@ (1000780c <cyw43_write_reg_u32+0x1d4>)
1000771a:	18cb      	adds	r3, r1, r3
1000771c:	33d8      	adds	r3, #216	@ 0xd8
1000771e:	601f      	str	r7, [r3, #0]
10007720:	2700      	movs	r7, #0
10007722:	6117      	str	r7, [r2, #16]
10007724:	4a3a      	ldr	r2, [pc, #232]	@ (10007810 <cyw43_write_reg_u32+0x1d8>)
10007726:	371f      	adds	r7, #31
10007728:	601a      	str	r2, [r3, #0]
1000772a:	6862      	ldr	r2, [r4, #4]
1000772c:	2580      	movs	r5, #128	@ 0x80
1000772e:	403a      	ands	r2, r7
10007730:	270c      	movs	r7, #12
10007732:	601a      	str	r2, [r3, #0]
10007734:	57e7      	ldrsb	r7, [r4, r7]
10007736:	23a0      	movs	r3, #160	@ 0xa0
10007738:	40be      	lsls	r6, r7
1000773a:	4a36      	ldr	r2, [pc, #216]	@ (10007814 <cyw43_write_reg_u32+0x1dc>)
1000773c:	05db      	lsls	r3, r3, #23
1000773e:	509e      	str	r6, [r3, r2]
10007740:	26a0      	movs	r6, #160	@ 0xa0
10007742:	01bb      	lsls	r3, r7, #6
10007744:	4699      	mov	r9, r3
10007746:	4a34      	ldr	r2, [pc, #208]	@ (10007818 <cyw43_write_reg_u32+0x1e0>)
10007748:	05f6      	lsls	r6, r6, #23
1000774a:	444e      	add	r6, r9
1000774c:	444a      	add	r2, r9
1000774e:	046d      	lsls	r5, r5, #17
10007750:	6813      	ldr	r3, [r2, #0]
10007752:	422b      	tst	r3, r5
10007754:	d1fc      	bne.n	10007750 <cyw43_write_reg_u32+0x118>
10007756:	4b2a      	ldr	r3, [pc, #168]	@ (10007800 <cyw43_write_reg_u32+0x1c8>)
10007758:	4a30      	ldr	r2, [pc, #192]	@ (1000781c <cyw43_write_reg_u32+0x1e4>)
1000775a:	18cb      	adds	r3, r1, r3
1000775c:	0d1b      	lsrs	r3, r3, #20
1000775e:	00db      	lsls	r3, r3, #3
10007760:	181b      	adds	r3, r3, r0
10007762:	02ff      	lsls	r7, r7, #11
10007764:	4017      	ands	r7, r2
10007766:	03db      	lsls	r3, r3, #15
10007768:	433b      	orrs	r3, r7
1000776a:	4f2d      	ldr	r7, [pc, #180]	@ (10007820 <cyw43_write_reg_u32+0x1e8>)
1000776c:	4a2d      	ldr	r2, [pc, #180]	@ (10007824 <cyw43_write_reg_u32+0x1ec>)
1000776e:	431f      	orrs	r7, r3
10007770:	ab02      	add	r3, sp, #8
10007772:	6033      	str	r3, [r6, #0]
10007774:	4663      	mov	r3, ip
10007776:	009b      	lsls	r3, r3, #2
10007778:	18cb      	adds	r3, r1, r3
1000777a:	6073      	str	r3, [r6, #4]
1000777c:	2302      	movs	r3, #2
1000777e:	60b3      	str	r3, [r6, #8]
10007780:	3b01      	subs	r3, #1
10007782:	4083      	lsls	r3, r0
10007784:	60f7      	str	r7, [r6, #12]
10007786:	680d      	ldr	r5, [r1, #0]
10007788:	444a      	add	r2, r9
1000778a:	432b      	orrs	r3, r5
1000778c:	600b      	str	r3, [r1, #0]
1000778e:	2180      	movs	r1, #128	@ 0x80
10007790:	0449      	lsls	r1, r1, #17
10007792:	6813      	ldr	r3, [r2, #0]
10007794:	420b      	tst	r3, r1
10007796:	d1fc      	bne.n	10007792 <cyw43_write_reg_u32+0x15a>
10007798:	2201      	movs	r2, #1
1000779a:	68a3      	ldr	r3, [r4, #8]
1000779c:	6821      	ldr	r1, [r4, #0]
1000779e:	3318      	adds	r3, #24
100077a0:	409a      	lsls	r2, r3
100077a2:	608a      	str	r2, [r1, #8]
100077a4:	688b      	ldr	r3, [r1, #8]
100077a6:	4213      	tst	r3, r2
100077a8:	d0fc      	beq.n	100077a4 <cyw43_write_reg_u32+0x16c>
100077aa:	2201      	movs	r2, #1
100077ac:	68a1      	ldr	r1, [r4, #8]
100077ae:	6820      	ldr	r0, [r4, #0]
100077b0:	408a      	lsls	r2, r1
100077b2:	6803      	ldr	r3, [r0, #0]
100077b4:	4393      	bics	r3, r2
100077b6:	6003      	str	r3, [r0, #0]
100077b8:	2300      	movs	r3, #0
100077ba:	2218      	movs	r2, #24
100077bc:	9300      	str	r3, [sp, #0]
100077be:	3301      	adds	r3, #1
100077c0:	f002 f9b2 	bl	10009b28 <pio_sm_set_consecutive_pindirs>
100077c4:	68a1      	ldr	r1, [r4, #8]
100077c6:	6823      	ldr	r3, [r4, #0]
100077c8:	004a      	lsls	r2, r1, #1
100077ca:	1852      	adds	r2, r2, r1
100077cc:	00d2      	lsls	r2, r2, #3
100077ce:	189b      	adds	r3, r3, r2
100077d0:	4a15      	ldr	r2, [pc, #84]	@ (10007828 <cyw43_write_reg_u32+0x1f0>)
100077d2:	33d8      	adds	r3, #216	@ 0xd8
100077d4:	601a      	str	r2, [r3, #0]
100077d6:	23d0      	movs	r3, #208	@ 0xd0
100077d8:	2280      	movs	r2, #128	@ 0x80
100077da:	061b      	lsls	r3, r3, #24
100077dc:	0492      	lsls	r2, r2, #18
100077de:	615a      	str	r2, [r3, #20]
100077e0:	f7ff fa78 	bl	10006cd4 <ns_delay.constprop.0>
100077e4:	2000      	movs	r0, #0
100077e6:	b004      	add	sp, #16
100077e8:	bce0      	pop	{r5, r6, r7}
100077ea:	46ba      	mov	sl, r7
100077ec:	46b1      	mov	r9, r6
100077ee:	46a8      	mov	r8, r5
100077f0:	bdf0      	pop	{r4, r5, r6, r7, pc}
100077f2:	46c0      	nop			@ (mov r8, r8)
100077f4:	0ffff800 	.word	0x0ffff800
100077f8:	0000084c 	.word	0x0000084c
100077fc:	c0000004 	.word	0xc0000004
10007800:	afe00000 	.word	0xafe00000
10007804:	fffe007f 	.word	0xfffe007f
10007808:	000010d0 	.word	0x000010d0
1000780c:	00006020 	.word	0x00006020
10007810:	00006040 	.word	0x00006040
10007814:	00000444 	.word	0x00000444
10007818:	5000000c 	.word	0x5000000c
1000781c:	ff007fff 	.word	0xff007fff
10007820:	00400019 	.word	0x00400019
10007824:	50000010 	.word	0x50000010
10007828:	0000a003 	.word	0x0000a003

1000782c <cyw43_write_reg_u16>:
1000782c:	b5f0      	push	{r4, r5, r6, r7, lr}
1000782e:	46d6      	mov	lr, sl
10007830:	464f      	mov	r7, r9
10007832:	4646      	mov	r6, r8
10007834:	b5c0      	push	{r6, r7, lr}
10007836:	4c6c      	ldr	r4, [pc, #432]	@ (100079e8 <cyw43_write_reg_u16+0x1bc>)
10007838:	b084      	sub	sp, #16
1000783a:	9303      	str	r3, [sp, #12]
1000783c:	02d2      	lsls	r2, r2, #11
1000783e:	4b6b      	ldr	r3, [pc, #428]	@ (100079ec <cyw43_write_reg_u16+0x1c0>)
10007840:	4022      	ands	r2, r4
10007842:	0709      	lsls	r1, r1, #28
10007844:	58c4      	ldr	r4, [r0, r3]
10007846:	430a      	orrs	r2, r1
10007848:	4969      	ldr	r1, [pc, #420]	@ (100079f0 <cyw43_write_reg_u16+0x1c4>)
1000784a:	4b6a      	ldr	r3, [pc, #424]	@ (100079f4 <cyw43_write_reg_u16+0x1c8>)
1000784c:	430a      	orrs	r2, r1
1000784e:	6821      	ldr	r1, [r4, #0]
10007850:	2018      	movs	r0, #24
10007852:	18c9      	adds	r1, r1, r3
10007854:	0d09      	lsrs	r1, r1, #20
10007856:	3106      	adds	r1, #6
10007858:	b2c9      	uxtb	r1, r1
1000785a:	9202      	str	r2, [sp, #8]
1000785c:	f7f8 fdba 	bl	100003d4 <gpio_set_function>
10007860:	4b64      	ldr	r3, [pc, #400]	@ (100079f4 <cyw43_write_reg_u16+0x1c8>)
10007862:	6821      	ldr	r1, [r4, #0]
10007864:	201d      	movs	r0, #29
10007866:	18c9      	adds	r1, r1, r3
10007868:	0d09      	lsrs	r1, r1, #20
1000786a:	3106      	adds	r1, #6
1000786c:	b2c9      	uxtb	r1, r1
1000786e:	f7f8 fdb1 	bl	100003d4 <gpio_set_function>
10007872:	2201      	movs	r2, #1
10007874:	2100      	movs	r1, #0
10007876:	201d      	movs	r0, #29
10007878:	f7f8 fdc4 	bl	10000404 <gpio_set_pulls>
1000787c:	23d0      	movs	r3, #208	@ 0xd0
1000787e:	2280      	movs	r2, #128	@ 0x80
10007880:	2601      	movs	r6, #1
10007882:	061b      	lsls	r3, r3, #24
10007884:	0492      	lsls	r2, r2, #18
10007886:	619a      	str	r2, [r3, #24]
10007888:	0032      	movs	r2, r6
1000788a:	68a1      	ldr	r1, [r4, #8]
1000788c:	6820      	ldr	r0, [r4, #0]
1000788e:	408a      	lsls	r2, r1
10007890:	6803      	ldr	r3, [r0, #0]
10007892:	6865      	ldr	r5, [r4, #4]
10007894:	4393      	bics	r3, r2
10007896:	6003      	str	r3, [r0, #0]
10007898:	004b      	lsls	r3, r1, #1
1000789a:	185b      	adds	r3, r3, r1
1000789c:	00db      	lsls	r3, r3, #3
1000789e:	18c7      	adds	r7, r0, r3
100078a0:	37cc      	adds	r7, #204	@ 0xcc
100078a2:	683a      	ldr	r2, [r7, #0]
100078a4:	469c      	mov	ip, r3
100078a6:	4690      	mov	r8, r2
100078a8:	1c6a      	adds	r2, r5, #1
100078aa:	0313      	lsls	r3, r2, #12
100078ac:	4a52      	ldr	r2, [pc, #328]	@ (100079f8 <cyw43_write_reg_u16+0x1cc>)
100078ae:	469a      	mov	sl, r3
100078b0:	0013      	movs	r3, r2
100078b2:	4642      	mov	r2, r8
100078b4:	401a      	ands	r2, r3
100078b6:	0013      	movs	r3, r2
100078b8:	4652      	mov	r2, sl
100078ba:	431a      	orrs	r2, r3
100078bc:	4663      	mov	r3, ip
100078be:	01ed      	lsls	r5, r5, #7
100078c0:	432a      	orrs	r2, r5
100078c2:	603a      	str	r2, [r7, #0]
100078c4:	4a4d      	ldr	r2, [pc, #308]	@ (100079fc <cyw43_write_reg_u16+0x1d0>)
100078c6:	18c3      	adds	r3, r0, r3
100078c8:	189b      	adds	r3, r3, r2
100078ca:	2280      	movs	r2, #128	@ 0x80
100078cc:	0612      	lsls	r2, r2, #24
100078ce:	601a      	str	r2, [r3, #0]
100078d0:	601a      	str	r2, [r3, #0]
100078d2:	2280      	movs	r2, #128	@ 0x80
100078d4:	2300      	movs	r3, #0
100078d6:	0452      	lsls	r2, r2, #17
100078d8:	9200      	str	r2, [sp, #0]
100078da:	9301      	str	r3, [sp, #4]
100078dc:	f002 f8c6 	bl	10009a6c <pio_sm_set_pindirs_with_mask64>
100078e0:	0032      	movs	r2, r6
100078e2:	68a0      	ldr	r0, [r4, #8]
100078e4:	6821      	ldr	r1, [r4, #0]
100078e6:	1d03      	adds	r3, r0, #4
100078e8:	409a      	lsls	r2, r3
100078ea:	469c      	mov	ip, r3
100078ec:	2380      	movs	r3, #128	@ 0x80
100078ee:	019b      	lsls	r3, r3, #6
100078f0:	18cb      	adds	r3, r1, r3
100078f2:	601a      	str	r2, [r3, #0]
100078f4:	0002      	movs	r2, r0
100078f6:	0035      	movs	r5, r6
100078f8:	3208      	adds	r2, #8
100078fa:	4095      	lsls	r5, r2
100078fc:	601d      	str	r5, [r3, #0]
100078fe:	233f      	movs	r3, #63	@ 0x3f
10007900:	0082      	lsls	r2, r0, #2
10007902:	188a      	adds	r2, r1, r2
10007904:	6113      	str	r3, [r2, #16]
10007906:	0043      	lsls	r3, r0, #1
10007908:	181b      	adds	r3, r3, r0
1000790a:	00db      	lsls	r3, r3, #3
1000790c:	4f3c      	ldr	r7, [pc, #240]	@ (10007a00 <cyw43_write_reg_u16+0x1d4>)
1000790e:	18cb      	adds	r3, r1, r3
10007910:	33d8      	adds	r3, #216	@ 0xd8
10007912:	601f      	str	r7, [r3, #0]
10007914:	2700      	movs	r7, #0
10007916:	6117      	str	r7, [r2, #16]
10007918:	4a3a      	ldr	r2, [pc, #232]	@ (10007a04 <cyw43_write_reg_u16+0x1d8>)
1000791a:	371f      	adds	r7, #31
1000791c:	601a      	str	r2, [r3, #0]
1000791e:	6862      	ldr	r2, [r4, #4]
10007920:	2580      	movs	r5, #128	@ 0x80
10007922:	403a      	ands	r2, r7
10007924:	270c      	movs	r7, #12
10007926:	601a      	str	r2, [r3, #0]
10007928:	57e7      	ldrsb	r7, [r4, r7]
1000792a:	23a0      	movs	r3, #160	@ 0xa0
1000792c:	40be      	lsls	r6, r7
1000792e:	4a36      	ldr	r2, [pc, #216]	@ (10007a08 <cyw43_write_reg_u16+0x1dc>)
10007930:	05db      	lsls	r3, r3, #23
10007932:	509e      	str	r6, [r3, r2]
10007934:	26a0      	movs	r6, #160	@ 0xa0
10007936:	01bb      	lsls	r3, r7, #6
10007938:	4699      	mov	r9, r3
1000793a:	4a34      	ldr	r2, [pc, #208]	@ (10007a0c <cyw43_write_reg_u16+0x1e0>)
1000793c:	05f6      	lsls	r6, r6, #23
1000793e:	444e      	add	r6, r9
10007940:	444a      	add	r2, r9
10007942:	046d      	lsls	r5, r5, #17
10007944:	6813      	ldr	r3, [r2, #0]
10007946:	422b      	tst	r3, r5
10007948:	d1fc      	bne.n	10007944 <cyw43_write_reg_u16+0x118>
1000794a:	4b2a      	ldr	r3, [pc, #168]	@ (100079f4 <cyw43_write_reg_u16+0x1c8>)
1000794c:	4a30      	ldr	r2, [pc, #192]	@ (10007a10 <cyw43_write_reg_u16+0x1e4>)
1000794e:	18cb      	adds	r3, r1, r3
10007950:	0d1b      	lsrs	r3, r3, #20
10007952:	00db      	lsls	r3, r3, #3
10007954:	181b      	adds	r3, r3, r0
10007956:	02ff      	lsls	r7, r7, #11
10007958:	4017      	ands	r7, r2
1000795a:	03db      	lsls	r3, r3, #15
1000795c:	433b      	orrs	r3, r7
1000795e:	4f2d      	ldr	r7, [pc, #180]	@ (10007a14 <cyw43_write_reg_u16+0x1e8>)
10007960:	4a2d      	ldr	r2, [pc, #180]	@ (10007a18 <cyw43_write_reg_u16+0x1ec>)
10007962:	431f      	orrs	r7, r3
10007964:	ab02      	add	r3, sp, #8
10007966:	6033      	str	r3, [r6, #0]
10007968:	4663      	mov	r3, ip
1000796a:	009b      	lsls	r3, r3, #2
1000796c:	18cb      	adds	r3, r1, r3
1000796e:	6073      	str	r3, [r6, #4]
10007970:	2302      	movs	r3, #2
10007972:	60b3      	str	r3, [r6, #8]
10007974:	3b01      	subs	r3, #1
10007976:	4083      	lsls	r3, r0
10007978:	60f7      	str	r7, [r6, #12]
1000797a:	680d      	ldr	r5, [r1, #0]
1000797c:	444a      	add	r2, r9
1000797e:	432b      	orrs	r3, r5
10007980:	600b      	str	r3, [r1, #0]
10007982:	2180      	movs	r1, #128	@ 0x80
10007984:	0449      	lsls	r1, r1, #17
10007986:	6813      	ldr	r3, [r2, #0]
10007988:	420b      	tst	r3, r1
1000798a:	d1fc      	bne.n	10007986 <cyw43_write_reg_u16+0x15a>
1000798c:	2201      	movs	r2, #1
1000798e:	68a3      	ldr	r3, [r4, #8]
10007990:	6821      	ldr	r1, [r4, #0]
10007992:	3318      	adds	r3, #24
10007994:	409a      	lsls	r2, r3
10007996:	608a      	str	r2, [r1, #8]
10007998:	688b      	ldr	r3, [r1, #8]
1000799a:	4213      	tst	r3, r2
1000799c:	d0fc      	beq.n	10007998 <cyw43_write_reg_u16+0x16c>
1000799e:	2201      	movs	r2, #1
100079a0:	68a1      	ldr	r1, [r4, #8]
100079a2:	6820      	ldr	r0, [r4, #0]
100079a4:	408a      	lsls	r2, r1
100079a6:	6803      	ldr	r3, [r0, #0]
100079a8:	4393      	bics	r3, r2
100079aa:	6003      	str	r3, [r0, #0]
100079ac:	2300      	movs	r3, #0
100079ae:	2218      	movs	r2, #24
100079b0:	9300      	str	r3, [sp, #0]
100079b2:	3301      	adds	r3, #1
100079b4:	f002 f8b8 	bl	10009b28 <pio_sm_set_consecutive_pindirs>
100079b8:	68a1      	ldr	r1, [r4, #8]
100079ba:	6823      	ldr	r3, [r4, #0]
100079bc:	004a      	lsls	r2, r1, #1
100079be:	1852      	adds	r2, r2, r1
100079c0:	00d2      	lsls	r2, r2, #3
100079c2:	189b      	adds	r3, r3, r2
100079c4:	4a15      	ldr	r2, [pc, #84]	@ (10007a1c <cyw43_write_reg_u16+0x1f0>)
100079c6:	33d8      	adds	r3, #216	@ 0xd8
100079c8:	601a      	str	r2, [r3, #0]
100079ca:	23d0      	movs	r3, #208	@ 0xd0
100079cc:	2280      	movs	r2, #128	@ 0x80
100079ce:	061b      	lsls	r3, r3, #24
100079d0:	0492      	lsls	r2, r2, #18
100079d2:	615a      	str	r2, [r3, #20]
100079d4:	f7ff f97e 	bl	10006cd4 <ns_delay.constprop.0>
100079d8:	2000      	movs	r0, #0
100079da:	b004      	add	sp, #16
100079dc:	bce0      	pop	{r5, r6, r7}
100079de:	46ba      	mov	sl, r7
100079e0:	46b1      	mov	r9, r6
100079e2:	46a8      	mov	r8, r5
100079e4:	bdf0      	pop	{r4, r5, r6, r7, pc}
100079e6:	46c0      	nop			@ (mov r8, r8)
100079e8:	0ffff800 	.word	0x0ffff800
100079ec:	0000084c 	.word	0x0000084c
100079f0:	c0000002 	.word	0xc0000002
100079f4:	afe00000 	.word	0xafe00000
100079f8:	fffe007f 	.word	0xfffe007f
100079fc:	000010d0 	.word	0x000010d0
10007a00:	00006020 	.word	0x00006020
10007a04:	00006040 	.word	0x00006040
10007a08:	00000444 	.word	0x00000444
10007a0c:	5000000c 	.word	0x5000000c
10007a10:	ff007fff 	.word	0xff007fff
10007a14:	00400019 	.word	0x00400019
10007a18:	50000010 	.word	0x50000010
10007a1c:	0000a003 	.word	0x0000a003

10007a20 <cyw43_write_reg_u8>:
10007a20:	b5f0      	push	{r4, r5, r6, r7, lr}
10007a22:	46d6      	mov	lr, sl
10007a24:	464f      	mov	r7, r9
10007a26:	4646      	mov	r6, r8
10007a28:	b5c0      	push	{r6, r7, lr}
10007a2a:	4c6c      	ldr	r4, [pc, #432]	@ (10007bdc <cyw43_write_reg_u8+0x1bc>)
10007a2c:	b084      	sub	sp, #16
10007a2e:	9303      	str	r3, [sp, #12]
10007a30:	02d2      	lsls	r2, r2, #11
10007a32:	4b6b      	ldr	r3, [pc, #428]	@ (10007be0 <cyw43_write_reg_u8+0x1c0>)
10007a34:	4022      	ands	r2, r4
10007a36:	0709      	lsls	r1, r1, #28
10007a38:	58c4      	ldr	r4, [r0, r3]
10007a3a:	430a      	orrs	r2, r1
10007a3c:	4969      	ldr	r1, [pc, #420]	@ (10007be4 <cyw43_write_reg_u8+0x1c4>)
10007a3e:	4b6a      	ldr	r3, [pc, #424]	@ (10007be8 <cyw43_write_reg_u8+0x1c8>)
10007a40:	430a      	orrs	r2, r1
10007a42:	6821      	ldr	r1, [r4, #0]
10007a44:	2018      	movs	r0, #24
10007a46:	18c9      	adds	r1, r1, r3
10007a48:	0d09      	lsrs	r1, r1, #20
10007a4a:	3106      	adds	r1, #6
10007a4c:	b2c9      	uxtb	r1, r1
10007a4e:	9202      	str	r2, [sp, #8]
10007a50:	f7f8 fcc0 	bl	100003d4 <gpio_set_function>
10007a54:	4b64      	ldr	r3, [pc, #400]	@ (10007be8 <cyw43_write_reg_u8+0x1c8>)
10007a56:	6821      	ldr	r1, [r4, #0]
10007a58:	201d      	movs	r0, #29
10007a5a:	18c9      	adds	r1, r1, r3
10007a5c:	0d09      	lsrs	r1, r1, #20
10007a5e:	3106      	adds	r1, #6
10007a60:	b2c9      	uxtb	r1, r1
10007a62:	f7f8 fcb7 	bl	100003d4 <gpio_set_function>
10007a66:	2201      	movs	r2, #1
10007a68:	2100      	movs	r1, #0
10007a6a:	201d      	movs	r0, #29
10007a6c:	f7f8 fcca 	bl	10000404 <gpio_set_pulls>
10007a70:	23d0      	movs	r3, #208	@ 0xd0
10007a72:	2280      	movs	r2, #128	@ 0x80
10007a74:	2601      	movs	r6, #1
10007a76:	061b      	lsls	r3, r3, #24
10007a78:	0492      	lsls	r2, r2, #18
10007a7a:	619a      	str	r2, [r3, #24]
10007a7c:	0032      	movs	r2, r6
10007a7e:	68a1      	ldr	r1, [r4, #8]
10007a80:	6820      	ldr	r0, [r4, #0]
10007a82:	408a      	lsls	r2, r1
10007a84:	6803      	ldr	r3, [r0, #0]
10007a86:	6865      	ldr	r5, [r4, #4]
10007a88:	4393      	bics	r3, r2
10007a8a:	6003      	str	r3, [r0, #0]
10007a8c:	004b      	lsls	r3, r1, #1
10007a8e:	185b      	adds	r3, r3, r1
10007a90:	00db      	lsls	r3, r3, #3
10007a92:	18c7      	adds	r7, r0, r3
10007a94:	37cc      	adds	r7, #204	@ 0xcc
10007a96:	683a      	ldr	r2, [r7, #0]
10007a98:	469c      	mov	ip, r3
10007a9a:	4690      	mov	r8, r2
10007a9c:	1c6a      	adds	r2, r5, #1
10007a9e:	0313      	lsls	r3, r2, #12
10007aa0:	4a52      	ldr	r2, [pc, #328]	@ (10007bec <cyw43_write_reg_u8+0x1cc>)
10007aa2:	469a      	mov	sl, r3
10007aa4:	0013      	movs	r3, r2
10007aa6:	4642      	mov	r2, r8
10007aa8:	401a      	ands	r2, r3
10007aaa:	0013      	movs	r3, r2
10007aac:	4652      	mov	r2, sl
10007aae:	431a      	orrs	r2, r3
10007ab0:	4663      	mov	r3, ip
10007ab2:	01ed      	lsls	r5, r5, #7
10007ab4:	432a      	orrs	r2, r5
10007ab6:	603a      	str	r2, [r7, #0]
10007ab8:	4a4d      	ldr	r2, [pc, #308]	@ (10007bf0 <cyw43_write_reg_u8+0x1d0>)
10007aba:	18c3      	adds	r3, r0, r3
10007abc:	189b      	adds	r3, r3, r2
10007abe:	2280      	movs	r2, #128	@ 0x80
10007ac0:	0612      	lsls	r2, r2, #24
10007ac2:	601a      	str	r2, [r3, #0]
10007ac4:	601a      	str	r2, [r3, #0]
10007ac6:	2280      	movs	r2, #128	@ 0x80
10007ac8:	2300      	movs	r3, #0
10007aca:	0452      	lsls	r2, r2, #17
10007acc:	9200      	str	r2, [sp, #0]
10007ace:	9301      	str	r3, [sp, #4]
10007ad0:	f001 ffcc 	bl	10009a6c <pio_sm_set_pindirs_with_mask64>
10007ad4:	0032      	movs	r2, r6
10007ad6:	68a0      	ldr	r0, [r4, #8]
10007ad8:	6821      	ldr	r1, [r4, #0]
10007ada:	1d03      	adds	r3, r0, #4
10007adc:	409a      	lsls	r2, r3
10007ade:	469c      	mov	ip, r3
10007ae0:	2380      	movs	r3, #128	@ 0x80
10007ae2:	019b      	lsls	r3, r3, #6
10007ae4:	18cb      	adds	r3, r1, r3
10007ae6:	601a      	str	r2, [r3, #0]
10007ae8:	0002      	movs	r2, r0
10007aea:	0035      	movs	r5, r6
10007aec:	3208      	adds	r2, #8
10007aee:	4095      	lsls	r5, r2
10007af0:	601d      	str	r5, [r3, #0]
10007af2:	233f      	movs	r3, #63	@ 0x3f
10007af4:	0082      	lsls	r2, r0, #2
10007af6:	188a      	adds	r2, r1, r2
10007af8:	6113      	str	r3, [r2, #16]
10007afa:	0043      	lsls	r3, r0, #1
10007afc:	181b      	adds	r3, r3, r0
10007afe:	00db      	lsls	r3, r3, #3
10007b00:	4f3c      	ldr	r7, [pc, #240]	@ (10007bf4 <cyw43_write_reg_u8+0x1d4>)
10007b02:	18cb      	adds	r3, r1, r3
10007b04:	33d8      	adds	r3, #216	@ 0xd8
10007b06:	601f      	str	r7, [r3, #0]
10007b08:	2700      	movs	r7, #0
10007b0a:	6117      	str	r7, [r2, #16]
10007b0c:	4a3a      	ldr	r2, [pc, #232]	@ (10007bf8 <cyw43_write_reg_u8+0x1d8>)
10007b0e:	371f      	adds	r7, #31
10007b10:	601a      	str	r2, [r3, #0]
10007b12:	6862      	ldr	r2, [r4, #4]
10007b14:	2580      	movs	r5, #128	@ 0x80
10007b16:	403a      	ands	r2, r7
10007b18:	270c      	movs	r7, #12
10007b1a:	601a      	str	r2, [r3, #0]
10007b1c:	57e7      	ldrsb	r7, [r4, r7]
10007b1e:	23a0      	movs	r3, #160	@ 0xa0
10007b20:	40be      	lsls	r6, r7
10007b22:	4a36      	ldr	r2, [pc, #216]	@ (10007bfc <cyw43_write_reg_u8+0x1dc>)
10007b24:	05db      	lsls	r3, r3, #23
10007b26:	509e      	str	r6, [r3, r2]
10007b28:	26a0      	movs	r6, #160	@ 0xa0
10007b2a:	01bb      	lsls	r3, r7, #6
10007b2c:	4699      	mov	r9, r3
10007b2e:	4a34      	ldr	r2, [pc, #208]	@ (10007c00 <cyw43_write_reg_u8+0x1e0>)
10007b30:	05f6      	lsls	r6, r6, #23
10007b32:	444e      	add	r6, r9
10007b34:	444a      	add	r2, r9
10007b36:	046d      	lsls	r5, r5, #17
10007b38:	6813      	ldr	r3, [r2, #0]
10007b3a:	422b      	tst	r3, r5
10007b3c:	d1fc      	bne.n	10007b38 <cyw43_write_reg_u8+0x118>
10007b3e:	4b2a      	ldr	r3, [pc, #168]	@ (10007be8 <cyw43_write_reg_u8+0x1c8>)
10007b40:	4a30      	ldr	r2, [pc, #192]	@ (10007c04 <cyw43_write_reg_u8+0x1e4>)
10007b42:	18cb      	adds	r3, r1, r3
10007b44:	0d1b      	lsrs	r3, r3, #20
10007b46:	00db      	lsls	r3, r3, #3
10007b48:	181b      	adds	r3, r3, r0
10007b4a:	02ff      	lsls	r7, r7, #11
10007b4c:	4017      	ands	r7, r2
10007b4e:	03db      	lsls	r3, r3, #15
10007b50:	433b      	orrs	r3, r7
10007b52:	4f2d      	ldr	r7, [pc, #180]	@ (10007c08 <cyw43_write_reg_u8+0x1e8>)
10007b54:	4a2d      	ldr	r2, [pc, #180]	@ (10007c0c <cyw43_write_reg_u8+0x1ec>)
10007b56:	431f      	orrs	r7, r3
10007b58:	ab02      	add	r3, sp, #8
10007b5a:	6033      	str	r3, [r6, #0]
10007b5c:	4663      	mov	r3, ip
10007b5e:	009b      	lsls	r3, r3, #2
10007b60:	18cb      	adds	r3, r1, r3
10007b62:	6073      	str	r3, [r6, #4]
10007b64:	2302      	movs	r3, #2
10007b66:	60b3      	str	r3, [r6, #8]
10007b68:	3b01      	subs	r3, #1
10007b6a:	4083      	lsls	r3, r0
10007b6c:	60f7      	str	r7, [r6, #12]
10007b6e:	680d      	ldr	r5, [r1, #0]
10007b70:	444a      	add	r2, r9
10007b72:	432b      	orrs	r3, r5
10007b74:	600b      	str	r3, [r1, #0]
10007b76:	2180      	movs	r1, #128	@ 0x80
10007b78:	0449      	lsls	r1, r1, #17
10007b7a:	6813      	ldr	r3, [r2, #0]
10007b7c:	420b      	tst	r3, r1
10007b7e:	d1fc      	bne.n	10007b7a <cyw43_write_reg_u8+0x15a>
10007b80:	2201      	movs	r2, #1
10007b82:	68a3      	ldr	r3, [r4, #8]
10007b84:	6821      	ldr	r1, [r4, #0]
10007b86:	3318      	adds	r3, #24
10007b88:	409a      	lsls	r2, r3
10007b8a:	608a      	str	r2, [r1, #8]
10007b8c:	688b      	ldr	r3, [r1, #8]
10007b8e:	4213      	tst	r3, r2
10007b90:	d0fc      	beq.n	10007b8c <cyw43_write_reg_u8+0x16c>
10007b92:	2201      	movs	r2, #1
10007b94:	68a1      	ldr	r1, [r4, #8]
10007b96:	6820      	ldr	r0, [r4, #0]
10007b98:	408a      	lsls	r2, r1
10007b9a:	6803      	ldr	r3, [r0, #0]
10007b9c:	4393      	bics	r3, r2
10007b9e:	6003      	str	r3, [r0, #0]
10007ba0:	2300      	movs	r3, #0
10007ba2:	2218      	movs	r2, #24
10007ba4:	9300      	str	r3, [sp, #0]
10007ba6:	3301      	adds	r3, #1
10007ba8:	f001 ffbe 	bl	10009b28 <pio_sm_set_consecutive_pindirs>
10007bac:	68a1      	ldr	r1, [r4, #8]
10007bae:	6823      	ldr	r3, [r4, #0]
10007bb0:	004a      	lsls	r2, r1, #1
10007bb2:	1852      	adds	r2, r2, r1
10007bb4:	00d2      	lsls	r2, r2, #3
10007bb6:	189b      	adds	r3, r3, r2
10007bb8:	4a15      	ldr	r2, [pc, #84]	@ (10007c10 <cyw43_write_reg_u8+0x1f0>)
10007bba:	33d8      	adds	r3, #216	@ 0xd8
10007bbc:	601a      	str	r2, [r3, #0]
10007bbe:	23d0      	movs	r3, #208	@ 0xd0
10007bc0:	2280      	movs	r2, #128	@ 0x80
10007bc2:	061b      	lsls	r3, r3, #24
10007bc4:	0492      	lsls	r2, r2, #18
10007bc6:	615a      	str	r2, [r3, #20]
10007bc8:	f7ff f884 	bl	10006cd4 <ns_delay.constprop.0>
10007bcc:	2000      	movs	r0, #0
10007bce:	b004      	add	sp, #16
10007bd0:	bce0      	pop	{r5, r6, r7}
10007bd2:	46ba      	mov	sl, r7
10007bd4:	46b1      	mov	r9, r6
10007bd6:	46a8      	mov	r8, r5
10007bd8:	bdf0      	pop	{r4, r5, r6, r7, pc}
10007bda:	46c0      	nop			@ (mov r8, r8)
10007bdc:	0ffff800 	.word	0x0ffff800
10007be0:	0000084c 	.word	0x0000084c
10007be4:	c0000001 	.word	0xc0000001
10007be8:	afe00000 	.word	0xafe00000
10007bec:	fffe007f 	.word	0xfffe007f
10007bf0:	000010d0 	.word	0x000010d0
10007bf4:	00006020 	.word	0x00006020
10007bf8:	00006040 	.word	0x00006040
10007bfc:	00000444 	.word	0x00000444
10007c00:	5000000c 	.word	0x5000000c
10007c04:	ff007fff 	.word	0xff007fff
10007c08:	00400019 	.word	0x00400019
10007c0c:	50000010 	.word	0x50000010
10007c10:	0000a003 	.word	0x0000a003

10007c14 <cyw43_read_bytes>:
10007c14:	b570      	push	{r4, r5, r6, lr}
10007c16:	468c      	mov	ip, r1
10007c18:	001d      	movs	r5, r3
10007c1a:	1cd9      	adds	r1, r3, #3
10007c1c:	2303      	movs	r3, #3
10007c1e:	4399      	bics	r1, r3
10007c20:	4663      	mov	r3, ip
10007c22:	0004      	movs	r4, r0
10007c24:	b082      	sub	sp, #8
10007c26:	2b01      	cmp	r3, #1
10007c28:	d025      	beq.n	10007c76 <cyw43_read_bytes+0x62>
10007c2a:	2324      	movs	r3, #36	@ 0x24
10007c2c:	2004      	movs	r0, #4
10007c2e:	4e17      	ldr	r6, [pc, #92]	@ (10007c8c <cyw43_read_bytes+0x78>)
10007c30:	02d2      	lsls	r2, r2, #11
10007c32:	4032      	ands	r2, r6
10007c34:	4666      	mov	r6, ip
10007c36:	432a      	orrs	r2, r5
10007c38:	0736      	lsls	r6, r6, #28
10007c3a:	4332      	orrs	r2, r6
10007c3c:	2680      	movs	r6, #128	@ 0x80
10007c3e:	3004      	adds	r0, #4
10007c40:	05f6      	lsls	r6, r6, #23
10007c42:	0080      	lsls	r0, r0, #2
10007c44:	4332      	orrs	r2, r6
10007c46:	1820      	adds	r0, r4, r0
10007c48:	3104      	adds	r1, #4
10007c4a:	6042      	str	r2, [r0, #4]
10007c4c:	18e3      	adds	r3, r4, r3
10007c4e:	9100      	str	r1, [sp, #0]
10007c50:	2204      	movs	r2, #4
10007c52:	2100      	movs	r1, #0
10007c54:	0020      	movs	r0, r4
10007c56:	f7ff f913 	bl	10006e80 <cyw43_spi_transfer>
10007c5a:	1e06      	subs	r6, r0, #0
10007c5c:	d10f      	bne.n	10007c7e <cyw43_read_bytes+0x6a>
10007c5e:	0021      	movs	r1, r4
10007c60:	9b06      	ldr	r3, [sp, #24]
10007c62:	3128      	adds	r1, #40	@ 0x28
10007c64:	4299      	cmp	r1, r3
10007c66:	d003      	beq.n	10007c70 <cyw43_read_bytes+0x5c>
10007c68:	002a      	movs	r2, r5
10007c6a:	0018      	movs	r0, r3
10007c6c:	f7fa fcda 	bl	10002624 <__wrap___aeabi_memcpy>
10007c70:	0030      	movs	r0, r6
10007c72:	b002      	add	sp, #8
10007c74:	bd70      	pop	{r4, r5, r6, pc}
10007c76:	2000      	movs	r0, #0
10007c78:	3110      	adds	r1, #16
10007c7a:	3313      	adds	r3, #19
10007c7c:	e7d7      	b.n	10007c2e <cyw43_read_bytes+0x1a>
10007c7e:	2105      	movs	r1, #5
10007c80:	4803      	ldr	r0, [pc, #12]	@ (10007c90 <cyw43_read_bytes+0x7c>)
10007c82:	4249      	negs	r1, r1
10007c84:	f7fc fab0 	bl	100041e8 <__wrap_printf>
10007c88:	e7f2      	b.n	10007c70 <cyw43_read_bytes+0x5c>
10007c8a:	46c0      	nop			@ (mov r8, r8)
10007c8c:	0ffff800 	.word	0x0ffff800
10007c90:	1000b4a4 	.word	0x1000b4a4

10007c94 <cyw43_write_bytes>:
10007c94:	b5f0      	push	{r4, r5, r6, r7, lr}
10007c96:	46d6      	mov	lr, sl
10007c98:	464f      	mov	r7, r9
10007c9a:	4646      	mov	r6, r8
10007c9c:	b5c0      	push	{r6, r7, lr}
10007c9e:	0005      	movs	r5, r0
10007ca0:	4689      	mov	r9, r1
10007ca2:	4692      	mov	sl, r2
10007ca4:	4698      	mov	r8, r3
10007ca6:	b088      	sub	sp, #32
10007ca8:	2902      	cmp	r1, #2
10007caa:	d027      	beq.n	10007cfc <cyw43_write_bytes+0x68>
10007cac:	4641      	mov	r1, r8
10007cae:	2303      	movs	r3, #3
10007cb0:	1ccc      	adds	r4, r1, #3
10007cb2:	439c      	bics	r4, r3
10007cb4:	4653      	mov	r3, sl
10007cb6:	4a20      	ldr	r2, [pc, #128]	@ (10007d38 <cyw43_write_bytes+0xa4>)
10007cb8:	02db      	lsls	r3, r3, #11
10007cba:	4013      	ands	r3, r2
10007cbc:	464a      	mov	r2, r9
10007cbe:	0716      	lsls	r6, r2, #28
10007cc0:	430e      	orrs	r6, r1
10007cc2:	431e      	orrs	r6, r3
10007cc4:	0028      	movs	r0, r5
10007cc6:	23c0      	movs	r3, #192	@ 0xc0
10007cc8:	9a10      	ldr	r2, [sp, #64]	@ 0x40
10007cca:	061b      	lsls	r3, r3, #24
10007ccc:	3028      	adds	r0, #40	@ 0x28
10007cce:	3404      	adds	r4, #4
10007cd0:	4333      	orrs	r3, r6
10007cd2:	4290      	cmp	r0, r2
10007cd4:	d02e      	beq.n	10007d34 <cyw43_write_bytes+0xa0>
10007cd6:	0011      	movs	r1, r2
10007cd8:	626b      	str	r3, [r5, #36]	@ 0x24
10007cda:	4642      	mov	r2, r8
10007cdc:	f7fa fca2 	bl	10002624 <__wrap___aeabi_memcpy>
10007ce0:	0029      	movs	r1, r5
10007ce2:	2300      	movs	r3, #0
10007ce4:	0022      	movs	r2, r4
10007ce6:	0028      	movs	r0, r5
10007ce8:	3124      	adds	r1, #36	@ 0x24
10007cea:	9300      	str	r3, [sp, #0]
10007cec:	f7ff f8c8 	bl	10006e80 <cyw43_spi_transfer>
10007cf0:	b008      	add	sp, #32
10007cf2:	bce0      	pop	{r5, r6, r7}
10007cf4:	46ba      	mov	sl, r7
10007cf6:	46b1      	mov	r9, r6
10007cf8:	46a8      	mov	r8, r5
10007cfa:	bdf0      	pop	{r4, r5, r6, r7, pc}
10007cfc:	2708      	movs	r7, #8
10007cfe:	4c0f      	ldr	r4, [pc, #60]	@ (10007d3c <cyw43_write_bytes+0xa8>)
10007d00:	4e0f      	ldr	r6, [pc, #60]	@ (10007d40 <cyw43_write_bytes+0xac>)
10007d02:	e005      	b.n	10007d10 <cyw43_write_bytes+0x7c>
10007d04:	2220      	movs	r2, #32
10007d06:	9b03      	ldr	r3, [sp, #12]
10007d08:	421a      	tst	r2, r3
10007d0a:	d10b      	bne.n	10007d24 <cyw43_write_bytes+0x90>
10007d0c:	3c01      	subs	r4, #1
10007d0e:	d30b      	bcc.n	10007d28 <cyw43_write_bytes+0x94>
10007d10:	2204      	movs	r2, #4
10007d12:	2100      	movs	r1, #0
10007d14:	0028      	movs	r0, r5
10007d16:	9700      	str	r7, [sp, #0]
10007d18:	ab02      	add	r3, sp, #8
10007d1a:	9602      	str	r6, [sp, #8]
10007d1c:	f7ff f8b0 	bl	10006e80 <cyw43_spi_transfer>
10007d20:	2800      	cmp	r0, #0
10007d22:	d0ef      	beq.n	10007d04 <cyw43_write_bytes+0x70>
10007d24:	2c00      	cmp	r4, #0
10007d26:	d1c1      	bne.n	10007cac <cyw43_write_bytes+0x18>
10007d28:	4806      	ldr	r0, [pc, #24]	@ (10007d44 <cyw43_write_bytes+0xb0>)
10007d2a:	f7fc f9db 	bl	100040e4 <__wrap_puts>
10007d2e:	2006      	movs	r0, #6
10007d30:	4240      	negs	r0, r0
10007d32:	e7dd      	b.n	10007cf0 <cyw43_write_bytes+0x5c>
10007d34:	626b      	str	r3, [r5, #36]	@ 0x24
10007d36:	e7d3      	b.n	10007ce0 <cyw43_write_bytes+0x4c>
10007d38:	0ffff800 	.word	0x0ffff800
10007d3c:	000003e7 	.word	0x000003e7
10007d40:	40004004 	.word	0x40004004
10007d44:	1000b6d8 	.word	0x1000b6d8

10007d48 <cyw43_set_backplane_window>:
10007d48:	6883      	ldr	r3, [r0, #8]
10007d4a:	b570      	push	{r4, r5, r6, lr}
10007d4c:	0bcc      	lsrs	r4, r1, #15
10007d4e:	0005      	movs	r5, r0
10007d50:	03e4      	lsls	r4, r4, #15
10007d52:	42a3      	cmp	r3, r4
10007d54:	d00d      	beq.n	10007d72 <cyw43_set_backplane_window+0x2a>
10007d56:	2280      	movs	r2, #128	@ 0x80
10007d58:	4063      	eors	r3, r4
10007d5a:	0452      	lsls	r2, r2, #17
10007d5c:	4293      	cmp	r3, r2
10007d5e:	d219      	bcs.n	10007d94 <cyw43_set_backplane_window+0x4c>
10007d60:	22ff      	movs	r2, #255	@ 0xff
10007d62:	0412      	lsls	r2, r2, #16
10007d64:	4213      	tst	r3, r2
10007d66:	d10c      	bne.n	10007d82 <cyw43_set_backplane_window+0x3a>
10007d68:	22ff      	movs	r2, #255	@ 0xff
10007d6a:	0212      	lsls	r2, r2, #8
10007d6c:	4213      	tst	r3, r2
10007d6e:	d101      	bne.n	10007d74 <cyw43_set_backplane_window+0x2c>
10007d70:	60ac      	str	r4, [r5, #8]
10007d72:	bd70      	pop	{r4, r5, r6, pc}
10007d74:	2101      	movs	r1, #1
10007d76:	0028      	movs	r0, r5
10007d78:	4a0a      	ldr	r2, [pc, #40]	@ (10007da4 <cyw43_set_backplane_window+0x5c>)
10007d7a:	0a23      	lsrs	r3, r4, #8
10007d7c:	f7ff fe50 	bl	10007a20 <cyw43_write_reg_u8>
10007d80:	e7f6      	b.n	10007d70 <cyw43_set_backplane_window+0x28>
10007d82:	0c23      	lsrs	r3, r4, #16
10007d84:	2101      	movs	r1, #1
10007d86:	0028      	movs	r0, r5
10007d88:	4a07      	ldr	r2, [pc, #28]	@ (10007da8 <cyw43_set_backplane_window+0x60>)
10007d8a:	f7ff fe49 	bl	10007a20 <cyw43_write_reg_u8>
10007d8e:	68ab      	ldr	r3, [r5, #8]
10007d90:	4063      	eors	r3, r4
10007d92:	e7e9      	b.n	10007d68 <cyw43_set_backplane_window+0x20>
10007d94:	0e23      	lsrs	r3, r4, #24
10007d96:	2101      	movs	r1, #1
10007d98:	4a04      	ldr	r2, [pc, #16]	@ (10007dac <cyw43_set_backplane_window+0x64>)
10007d9a:	f7ff fe41 	bl	10007a20 <cyw43_write_reg_u8>
10007d9e:	68ab      	ldr	r3, [r5, #8]
10007da0:	4063      	eors	r3, r4
10007da2:	e7dd      	b.n	10007d60 <cyw43_set_backplane_window+0x18>
10007da4:	0001000a 	.word	0x0001000a
10007da8:	0001000b 	.word	0x0001000b
10007dac:	0001000c 	.word	0x0001000c

10007db0 <cyw43_ll_parse_async_event>:
10007db0:	b5f0      	push	{r4, r5, r6, r7, lr}
10007db2:	46c6      	mov	lr, r8
10007db4:	3003      	adds	r0, #3
10007db6:	000c      	movs	r4, r1
10007db8:	b500      	push	{lr}
10007dba:	1e8d      	subs	r5, r1, #2
10007dbc:	0887      	lsrs	r7, r0, #2
10007dbe:	d01d      	beq.n	10007dfc <cyw43_ll_parse_async_event+0x4c>
10007dc0:	1e7b      	subs	r3, r7, #1
10007dc2:	2b07      	cmp	r3, #7
10007dc4:	d959      	bls.n	10007e7a <cyw43_ll_parse_async_event+0xca>
10007dc6:	002b      	movs	r3, r5
10007dc8:	430b      	orrs	r3, r1
10007dca:	075b      	lsls	r3, r3, #29
10007dcc:	d155      	bne.n	10007e7a <cyw43_ll_parse_async_event+0xca>
10007dce:	08c1      	lsrs	r1, r0, #3
10007dd0:	4688      	mov	r8, r1
10007dd2:	00c9      	lsls	r1, r1, #3
10007dd4:	0023      	movs	r3, r4
10007dd6:	002a      	movs	r2, r5
10007dd8:	468c      	mov	ip, r1
10007dda:	1866      	adds	r6, r4, r1
10007ddc:	cb03      	ldmia	r3!, {r0, r1}
10007dde:	c203      	stmia	r2!, {r0, r1}
10007de0:	429e      	cmp	r6, r3
10007de2:	d1fb      	bne.n	10007ddc <cyw43_ll_parse_async_event+0x2c>
10007de4:	4643      	mov	r3, r8
10007de6:	0058      	lsls	r0, r3, #1
10007de8:	4287      	cmp	r7, r0
10007dea:	d007      	beq.n	10007dfc <cyw43_ll_parse_async_event+0x4c>
10007dec:	4663      	mov	r3, ip
10007dee:	5ae2      	ldrh	r2, [r4, r3]
10007df0:	18e3      	adds	r3, r4, r3
10007df2:	885b      	ldrh	r3, [r3, #2]
10007df4:	041b      	lsls	r3, r3, #16
10007df6:	4313      	orrs	r3, r2
10007df8:	4662      	mov	r2, ip
10007dfa:	50ab      	str	r3, [r5, r2]
10007dfc:	886b      	ldrh	r3, [r5, #2]
10007dfe:	ba5b      	rev16	r3, r3
10007e00:	806b      	strh	r3, [r5, #2]
10007e02:	1ca3      	adds	r3, r4, #2
10007e04:	681a      	ldr	r2, [r3, #0]
10007e06:	ba13      	rev	r3, r2
10007e08:	606b      	str	r3, [r5, #4]
10007e0a:	1da3      	adds	r3, r4, #6
10007e0c:	6819      	ldr	r1, [r3, #0]
10007e0e:	ba0b      	rev	r3, r1
10007e10:	60ab      	str	r3, [r5, #8]
10007e12:	0023      	movs	r3, r4
10007e14:	330a      	adds	r3, #10
10007e16:	681b      	ldr	r3, [r3, #0]
10007e18:	ba1b      	rev	r3, r3
10007e1a:	60eb      	str	r3, [r5, #12]
10007e1c:	238a      	movs	r3, #138	@ 0x8a
10007e1e:	05db      	lsls	r3, r3, #23
10007e20:	429a      	cmp	r2, r3
10007e22:	d003      	beq.n	10007e2c <cyw43_ll_parse_async_event+0x7c>
10007e24:	0028      	movs	r0, r5
10007e26:	bc80      	pop	{r7}
10007e28:	46b8      	mov	r8, r7
10007e2a:	bdf0      	pop	{r4, r5, r6, r7, pc}
10007e2c:	2380      	movs	r3, #128	@ 0x80
10007e2e:	051b      	lsls	r3, r3, #20
10007e30:	4299      	cmp	r1, r3
10007e32:	d1f7      	bne.n	10007e24 <cyw43_ll_parse_async_event+0x74>
10007e34:	0023      	movs	r3, r4
10007e36:	0022      	movs	r2, r4
10007e38:	0026      	movs	r6, r4
10007e3a:	33ae      	adds	r3, #174	@ 0xae
10007e3c:	32b2      	adds	r2, #178	@ 0xb2
10007e3e:	881b      	ldrh	r3, [r3, #0]
10007e40:	6812      	ldr	r2, [r2, #0]
10007e42:	362e      	adds	r6, #46	@ 0x2e
10007e44:	6931      	ldr	r1, [r6, #16]
10007e46:	1898      	adds	r0, r3, r2
10007e48:	4288      	cmp	r0, r1
10007e4a:	d821      	bhi.n	10007e90 <cyw43_ll_parse_async_event+0xe0>
10007e4c:	343a      	adds	r4, #58	@ 0x3a
10007e4e:	18e4      	adds	r4, r4, r3
10007e50:	18a2      	adds	r2, r4, r2
10007e52:	4294      	cmp	r4, r2
10007e54:	d240      	bcs.n	10007ed8 <cyw43_ll_parse_async_event+0x128>
10007e56:	2700      	movs	r7, #0
10007e58:	2000      	movs	r0, #0
10007e5a:	e004      	b.n	10007e66 <cyw43_ll_parse_async_event+0xb6>
10007e5c:	29dd      	cmp	r1, #221	@ 0xdd
10007e5e:	d01b      	beq.n	10007e98 <cyw43_ll_parse_async_event+0xe8>
10007e60:	18e4      	adds	r4, r4, r3
10007e62:	42a2      	cmp	r2, r4
10007e64:	d926      	bls.n	10007eb4 <cyw43_ll_parse_async_event+0x104>
10007e66:	7863      	ldrb	r3, [r4, #1]
10007e68:	3302      	adds	r3, #2
10007e6a:	18e1      	adds	r1, r4, r3
10007e6c:	428a      	cmp	r2, r1
10007e6e:	d3f7      	bcc.n	10007e60 <cyw43_ll_parse_async_event+0xb0>
10007e70:	7821      	ldrb	r1, [r4, #0]
10007e72:	2930      	cmp	r1, #48	@ 0x30
10007e74:	d1f2      	bne.n	10007e5c <cyw43_ll_parse_async_event+0xac>
10007e76:	0020      	movs	r0, r4
10007e78:	e7f2      	b.n	10007e60 <cyw43_ll_parse_async_event+0xb0>
10007e7a:	002a      	movs	r2, r5
10007e7c:	00bf      	lsls	r7, r7, #2
10007e7e:	19ef      	adds	r7, r5, r7
10007e80:	8893      	ldrh	r3, [r2, #4]
10007e82:	8851      	ldrh	r1, [r2, #2]
10007e84:	041b      	lsls	r3, r3, #16
10007e86:	430b      	orrs	r3, r1
10007e88:	c208      	stmia	r2!, {r3}
10007e8a:	4297      	cmp	r7, r2
10007e8c:	d1f8      	bne.n	10007e80 <cyw43_ll_parse_async_event+0xd0>
10007e8e:	e7b5      	b.n	10007dfc <cyw43_ll_parse_async_event+0x4c>
10007e90:	2301      	movs	r3, #1
10007e92:	425b      	negs	r3, r3
10007e94:	60ab      	str	r3, [r5, #8]
10007e96:	e7c5      	b.n	10007e24 <cyw43_ll_parse_async_event+0x74>
10007e98:	78a1      	ldrb	r1, [r4, #2]
10007e9a:	2900      	cmp	r1, #0
10007e9c:	d1e0      	bne.n	10007e60 <cyw43_ll_parse_async_event+0xb0>
10007e9e:	78e1      	ldrb	r1, [r4, #3]
10007ea0:	2950      	cmp	r1, #80	@ 0x50
10007ea2:	d1dd      	bne.n	10007e60 <cyw43_ll_parse_async_event+0xb0>
10007ea4:	7921      	ldrb	r1, [r4, #4]
10007ea6:	29f2      	cmp	r1, #242	@ 0xf2
10007ea8:	d1da      	bne.n	10007e60 <cyw43_ll_parse_async_event+0xb0>
10007eaa:	7961      	ldrb	r1, [r4, #5]
10007eac:	2901      	cmp	r1, #1
10007eae:	d1d7      	bne.n	10007e60 <cyw43_ll_parse_async_event+0xb0>
10007eb0:	0027      	movs	r7, r4
10007eb2:	e7d5      	b.n	10007e60 <cyw43_ll_parse_async_event+0xb0>
10007eb4:	1e43      	subs	r3, r0, #1
10007eb6:	4198      	sbcs	r0, r3
10007eb8:	0080      	lsls	r0, r0, #2
10007eba:	2f00      	cmp	r7, #0
10007ebc:	d001      	beq.n	10007ec2 <cyw43_ll_parse_async_event+0x112>
10007ebe:	2202      	movs	r2, #2
10007ec0:	4310      	orrs	r0, r2
10007ec2:	8bb2      	ldrh	r2, [r6, #28]
10007ec4:	06d2      	lsls	r2, r2, #27
10007ec6:	d501      	bpl.n	10007ecc <cyw43_ll_parse_async_event+0x11c>
10007ec8:	2201      	movs	r2, #1
10007eca:	4310      	orrs	r0, r2
10007ecc:	2284      	movs	r2, #132	@ 0x84
10007ece:	5ca9      	ldrb	r1, [r5, r2]
10007ed0:	52a9      	strh	r1, [r5, r2]
10007ed2:	3204      	adds	r2, #4
10007ed4:	54a8      	strb	r0, [r5, r2]
10007ed6:	e7a5      	b.n	10007e24 <cyw43_ll_parse_async_event+0x74>
10007ed8:	2000      	movs	r0, #0
10007eda:	e7f2      	b.n	10007ec2 <cyw43_ll_parse_async_event+0x112>

10007edc <cyw43_kso_set>:
10007edc:	b5f0      	push	{r4, r5, r6, r7, lr}
10007ede:	46c6      	mov	lr, r8
10007ee0:	000e      	movs	r6, r1
10007ee2:	0005      	movs	r5, r0
10007ee4:	000b      	movs	r3, r1
10007ee6:	b500      	push	{lr}
10007ee8:	2101      	movs	r1, #1
10007eea:	4a1a      	ldr	r2, [pc, #104]	@ (10007f54 <cyw43_kso_set+0x78>)
10007eec:	f7ff fd98 	bl	10007a20 <cyw43_write_reg_u8>
10007ef0:	0033      	movs	r3, r6
10007ef2:	2101      	movs	r1, #1
10007ef4:	0028      	movs	r0, r5
10007ef6:	4a17      	ldr	r2, [pc, #92]	@ (10007f54 <cyw43_kso_set+0x78>)
10007ef8:	f7ff fd92 	bl	10007a20 <cyw43_write_reg_u8>
10007efc:	2e00      	cmp	r6, #0
10007efe:	d025      	beq.n	10007f4c <cyw43_kso_set+0x70>
10007f00:	2303      	movs	r3, #3
10007f02:	2703      	movs	r7, #3
10007f04:	4698      	mov	r8, r3
10007f06:	2440      	movs	r4, #64	@ 0x40
10007f08:	e00b      	b.n	10007f22 <cyw43_kso_set+0x46>
10007f0a:	2001      	movs	r0, #1
10007f0c:	f002 f8b8 	bl	1000a080 <cyw43_delay_ms>
10007f10:	3c01      	subs	r4, #1
10007f12:	0033      	movs	r3, r6
10007f14:	2101      	movs	r1, #1
10007f16:	0028      	movs	r0, r5
10007f18:	4a0e      	ldr	r2, [pc, #56]	@ (10007f54 <cyw43_kso_set+0x78>)
10007f1a:	f7ff fd81 	bl	10007a20 <cyw43_write_reg_u8>
10007f1e:	2c00      	cmp	r4, #0
10007f20:	d00f      	beq.n	10007f42 <cyw43_kso_set+0x66>
10007f22:	2101      	movs	r1, #1
10007f24:	0028      	movs	r0, r5
10007f26:	4a0b      	ldr	r2, [pc, #44]	@ (10007f54 <cyw43_kso_set+0x78>)
10007f28:	f7ff fa60 	bl	100073ec <cyw43_read_reg_u8>
10007f2c:	2800      	cmp	r0, #0
10007f2e:	dbec      	blt.n	10007f0a <cyw43_kso_set+0x2e>
10007f30:	4643      	mov	r3, r8
10007f32:	4003      	ands	r3, r0
10007f34:	42bb      	cmp	r3, r7
10007f36:	d1e8      	bne.n	10007f0a <cyw43_kso_set+0x2e>
10007f38:	28ff      	cmp	r0, #255	@ 0xff
10007f3a:	d0e6      	beq.n	10007f0a <cyw43_kso_set+0x2e>
10007f3c:	bc80      	pop	{r7}
10007f3e:	46b8      	mov	r8, r7
10007f40:	bdf0      	pop	{r4, r5, r6, r7, pc}
10007f42:	0031      	movs	r1, r6
10007f44:	4804      	ldr	r0, [pc, #16]	@ (10007f58 <cyw43_kso_set+0x7c>)
10007f46:	f7fc f94f 	bl	100041e8 <__wrap_printf>
10007f4a:	e7f7      	b.n	10007f3c <cyw43_kso_set+0x60>
10007f4c:	2301      	movs	r3, #1
10007f4e:	2700      	movs	r7, #0
10007f50:	4698      	mov	r8, r3
10007f52:	e7d8      	b.n	10007f06 <cyw43_kso_set+0x2a>
10007f54:	0001001f 	.word	0x0001001f
10007f58:	1000b4c0 	.word	0x1000b4c0

10007f5c <cyw43_ll_sdpcm_poll_device>:
10007f5c:	b5f0      	push	{r4, r5, r6, r7, lr}
10007f5e:	4647      	mov	r7, r8
10007f60:	46ce      	mov	lr, r9
10007f62:	b580      	push	{r7, lr}
10007f64:	7cc3      	ldrb	r3, [r0, #19]
10007f66:	0005      	movs	r5, r0
10007f68:	000f      	movs	r7, r1
10007f6a:	4690      	mov	r8, r2
10007f6c:	b083      	sub	sp, #12
10007f6e:	2b00      	cmp	r3, #0
10007f70:	d105      	bne.n	10007f7e <cyw43_ll_sdpcm_poll_device+0x22>
10007f72:	6800      	ldr	r0, [r0, #0]
10007f74:	f001 fc12 	bl	1000979c <cyw43_cb_read_host_interrupt_pin>
10007f78:	2801      	cmp	r0, #1
10007f7a:	d000      	beq.n	10007f7e <cyw43_ll_sdpcm_poll_device+0x22>
10007f7c:	e093      	b.n	100080a6 <cyw43_ll_sdpcm_poll_device+0x14a>
10007f7e:	0028      	movs	r0, r5
10007f80:	f001 fc12 	bl	100097a8 <cyw43_cb_ensure_awake>
10007f84:	7cab      	ldrb	r3, [r5, #18]
10007f86:	2b00      	cmp	r3, #0
10007f88:	d105      	bne.n	10007f96 <cyw43_ll_sdpcm_poll_device+0x3a>
10007f8a:	2101      	movs	r1, #1
10007f8c:	0028      	movs	r0, r5
10007f8e:	f7ff ffa5 	bl	10007edc <cyw43_kso_set>
10007f92:	2301      	movs	r3, #1
10007f94:	74ab      	strb	r3, [r5, #18]
10007f96:	7ceb      	ldrb	r3, [r5, #19]
10007f98:	2b00      	cmp	r3, #0
10007f9a:	d100      	bne.n	10007f9e <cyw43_ll_sdpcm_poll_device+0x42>
10007f9c:	e06d      	b.n	1000807a <cyw43_ll_sdpcm_poll_device+0x11e>
10007f9e:	24fa      	movs	r4, #250	@ 0xfa
10007fa0:	00a4      	lsls	r4, r4, #2
10007fa2:	e003      	b.n	10007fac <cyw43_ll_sdpcm_poll_device+0x50>
10007fa4:	1824      	adds	r4, r4, r0
10007fa6:	2c00      	cmp	r4, #0
10007fa8:	d100      	bne.n	10007fac <cyw43_ll_sdpcm_poll_device+0x50>
10007faa:	e07c      	b.n	100080a6 <cyw43_ll_sdpcm_poll_device+0x14a>
10007fac:	2208      	movs	r2, #8
10007fae:	2100      	movs	r1, #0
10007fb0:	0028      	movs	r0, r5
10007fb2:	f7ff f9c7 	bl	10007344 <cyw43_read_reg_u32>
10007fb6:	1c43      	adds	r3, r0, #1
10007fb8:	d0f4      	beq.n	10007fa4 <cyw43_ll_sdpcm_poll_device+0x48>
10007fba:	05c3      	lsls	r3, r0, #23
10007fbc:	d400      	bmi.n	10007fc0 <cyw43_ll_sdpcm_poll_device+0x64>
10007fbe:	e0bc      	b.n	1000813a <cyw43_ll_sdpcm_poll_device+0x1de>
10007fc0:	22c0      	movs	r2, #192	@ 0xc0
10007fc2:	0303      	lsls	r3, r0, #12
10007fc4:	0d5b      	lsrs	r3, r3, #21
10007fc6:	1e59      	subs	r1, r3, #1
10007fc8:	00d2      	lsls	r2, r2, #3
10007fca:	4291      	cmp	r1, r2
10007fcc:	d300      	bcc.n	10007fd0 <cyw43_ll_sdpcm_poll_device+0x74>
10007fce:	e0ae      	b.n	1000812e <cyw43_ll_sdpcm_poll_device+0x1d2>
10007fd0:	0780      	lsls	r0, r0, #30
10007fd2:	d500      	bpl.n	10007fd6 <cyw43_ll_sdpcm_poll_device+0x7a>
10007fd4:	e0ab      	b.n	1000812e <cyw43_ll_sdpcm_poll_device+0x1d2>
10007fd6:	002c      	movs	r4, r5
10007fd8:	3428      	adds	r4, #40	@ 0x28
10007fda:	2200      	movs	r2, #0
10007fdc:	2102      	movs	r1, #2
10007fde:	0028      	movs	r0, r5
10007fe0:	9400      	str	r4, [sp, #0]
10007fe2:	f7ff fe17 	bl	10007c14 <cyw43_read_bytes>
10007fe6:	2800      	cmp	r0, #0
10007fe8:	d13b      	bne.n	10008062 <cyw43_ll_sdpcm_poll_device+0x106>
10007fea:	8d29      	ldrh	r1, [r5, #40]	@ 0x28
10007fec:	8d6a      	ldrh	r2, [r5, #42]	@ 0x2a
10007fee:	000b      	movs	r3, r1
10007ff0:	4313      	orrs	r3, r2
10007ff2:	d100      	bne.n	10007ff6 <cyw43_ll_sdpcm_poll_device+0x9a>
10007ff4:	e0a1      	b.n	1000813a <cyw43_ll_sdpcm_poll_device+0x1de>
10007ff6:	2301      	movs	r3, #1
10007ff8:	74eb      	strb	r3, [r5, #19]
10007ffa:	4b5f      	ldr	r3, [pc, #380]	@ (10008178 <cyw43_ll_sdpcm_poll_device+0x21c>)
10007ffc:	469c      	mov	ip, r3
10007ffe:	000b      	movs	r3, r1
10008000:	4053      	eors	r3, r2
10008002:	4563      	cmp	r3, ip
10008004:	d000      	beq.n	10008008 <cyw43_ll_sdpcm_poll_device+0xac>
10008006:	e09e      	b.n	10008146 <cyw43_ll_sdpcm_poll_device+0x1ea>
10008008:	43d2      	mvns	r2, r2
1000800a:	b292      	uxth	r2, r2
1000800c:	4291      	cmp	r1, r2
1000800e:	d000      	beq.n	10008012 <cyw43_ll_sdpcm_poll_device+0xb6>
10008010:	e096      	b.n	10008140 <cyw43_ll_sdpcm_poll_device+0x1e4>
10008012:	290b      	cmp	r1, #11
10008014:	d800      	bhi.n	10008018 <cyw43_ll_sdpcm_poll_device+0xbc>
10008016:	e09d      	b.n	10008154 <cyw43_ll_sdpcm_poll_device+0x1f8>
10008018:	7a23      	ldrb	r3, [r4, #8]
1000801a:	73ab      	strb	r3, [r5, #14]
1000801c:	230f      	movs	r3, #15
1000801e:	7962      	ldrb	r2, [r4, #5]
10008020:	4013      	ands	r3, r2
10008022:	2b02      	cmp	r3, #2
10008024:	d822      	bhi.n	1000806c <cyw43_ll_sdpcm_poll_device+0x110>
10008026:	7a62      	ldrb	r2, [r4, #9]
10008028:	4694      	mov	ip, r2
1000802a:	4666      	mov	r6, ip
1000802c:	7b6a      	ldrb	r2, [r5, #13]
1000802e:	1ab2      	subs	r2, r6, r2
10008030:	b2d2      	uxtb	r2, r2
10008032:	2a14      	cmp	r2, #20
10008034:	d93a      	bls.n	100080ac <cyw43_ll_sdpcm_poll_device+0x150>
10008036:	290c      	cmp	r1, #12
10008038:	d01c      	beq.n	10008074 <cyw43_ll_sdpcm_poll_device+0x118>
1000803a:	2b01      	cmp	r3, #1
1000803c:	d038      	beq.n	100080b0 <cyw43_ll_sdpcm_poll_device+0x154>
1000803e:	2b02      	cmp	r3, #2
10008040:	d05c      	beq.n	100080fc <cyw43_ll_sdpcm_poll_device+0x1a0>
10008042:	291b      	cmp	r1, #27
10008044:	d800      	bhi.n	10008048 <cyw43_ll_sdpcm_poll_device+0xec>
10008046:	e091      	b.n	1000816c <cyw43_ll_sdpcm_poll_device+0x210>
10008048:	79e3      	ldrb	r3, [r4, #7]
1000804a:	8a2d      	ldrh	r5, [r5, #16]
1000804c:	18e3      	adds	r3, r4, r3
1000804e:	895a      	ldrh	r2, [r3, #10]
10008050:	4295      	cmp	r5, r2
10008052:	d000      	beq.n	10008056 <cyw43_ll_sdpcm_poll_device+0xfa>
10008054:	e087      	b.n	10008166 <cyw43_ll_sdpcm_poll_device+0x20a>
10008056:	4642      	mov	r2, r8
10008058:	3310      	adds	r3, #16
1000805a:	1b1c      	subs	r4, r3, r4
1000805c:	1b0c      	subs	r4, r1, r4
1000805e:	603c      	str	r4, [r7, #0]
10008060:	6013      	str	r3, [r2, #0]
10008062:	b003      	add	sp, #12
10008064:	bcc0      	pop	{r6, r7}
10008066:	46b9      	mov	r9, r7
10008068:	46b0      	mov	r8, r6
1000806a:	bdf0      	pop	{r4, r5, r6, r7, pc}
1000806c:	200b      	movs	r0, #11
1000806e:	4240      	negs	r0, r0
10008070:	290c      	cmp	r1, #12
10008072:	d1f6      	bne.n	10008062 <cyw43_ll_sdpcm_poll_device+0x106>
10008074:	2004      	movs	r0, #4
10008076:	4240      	negs	r0, r0
10008078:	e7f3      	b.n	10008062 <cyw43_ll_sdpcm_poll_device+0x106>
1000807a:	2204      	movs	r2, #4
1000807c:	2100      	movs	r1, #0
1000807e:	0028      	movs	r0, r5
10008080:	f7ff f98a 	bl	10007398 <cyw43_read_reg_u16>
10008084:	4b3d      	ldr	r3, [pc, #244]	@ (1000817c <cyw43_ll_sdpcm_poll_device+0x220>)
10008086:	b284      	uxth	r4, r0
10008088:	4699      	mov	r9, r3
1000808a:	881b      	ldrh	r3, [r3, #0]
1000808c:	0006      	movs	r6, r0
1000808e:	42a3      	cmp	r3, r4
10008090:	d002      	beq.n	10008098 <cyw43_ll_sdpcm_poll_device+0x13c>
10008092:	2386      	movs	r3, #134	@ 0x86
10008094:	4203      	tst	r3, r0
10008096:	d12b      	bne.n	100080f0 <cyw43_ll_sdpcm_poll_device+0x194>
10008098:	2c00      	cmp	r4, #0
1000809a:	d141      	bne.n	10008120 <cyw43_ll_sdpcm_poll_device+0x1c4>
1000809c:	464b      	mov	r3, r9
1000809e:	801c      	strh	r4, [r3, #0]
100080a0:	06b4      	lsls	r4, r6, #26
100080a2:	d500      	bpl.n	100080a6 <cyw43_ll_sdpcm_poll_device+0x14a>
100080a4:	e77b      	b.n	10007f9e <cyw43_ll_sdpcm_poll_device+0x42>
100080a6:	2001      	movs	r0, #1
100080a8:	4240      	negs	r0, r0
100080aa:	e7da      	b.n	10008062 <cyw43_ll_sdpcm_poll_device+0x106>
100080ac:	736e      	strb	r6, [r5, #13]
100080ae:	e7c2      	b.n	10008036 <cyw43_ll_sdpcm_poll_device+0xda>
100080b0:	2910      	cmp	r1, #16
100080b2:	d95e      	bls.n	10008172 <cyw43_ll_sdpcm_poll_device+0x216>
100080b4:	79e3      	ldrb	r3, [r4, #7]
100080b6:	18e3      	adds	r3, r4, r3
100080b8:	78da      	ldrb	r2, [r3, #3]
100080ba:	0092      	lsls	r2, r2, #2
100080bc:	3204      	adds	r2, #4
100080be:	189b      	adds	r3, r3, r2
100080c0:	7b1a      	ldrb	r2, [r3, #12]
100080c2:	2a88      	cmp	r2, #136	@ 0x88
100080c4:	d149      	bne.n	1000815a <cyw43_ll_sdpcm_poll_device+0x1fe>
100080c6:	7b5a      	ldrb	r2, [r3, #13]
100080c8:	2a6c      	cmp	r2, #108	@ 0x6c
100080ca:	d146      	bne.n	1000815a <cyw43_ll_sdpcm_poll_device+0x1fe>
100080cc:	7cda      	ldrb	r2, [r3, #19]
100080ce:	2a00      	cmp	r2, #0
100080d0:	d13d      	bne.n	1000814e <cyw43_ll_sdpcm_poll_device+0x1f2>
100080d2:	7d1a      	ldrb	r2, [r3, #20]
100080d4:	2a10      	cmp	r2, #16
100080d6:	d13a      	bne.n	1000814e <cyw43_ll_sdpcm_poll_device+0x1f2>
100080d8:	7d5a      	ldrb	r2, [r3, #21]
100080da:	2a18      	cmp	r2, #24
100080dc:	d137      	bne.n	1000814e <cyw43_ll_sdpcm_poll_device+0x1f2>
100080de:	4642      	mov	r2, r8
100080e0:	1b1c      	subs	r4, r3, r4
100080e2:	1b09      	subs	r1, r1, r4
100080e4:	3918      	subs	r1, #24
100080e6:	3318      	adds	r3, #24
100080e8:	6039      	str	r1, [r7, #0]
100080ea:	2001      	movs	r0, #1
100080ec:	6013      	str	r3, [r2, #0]
100080ee:	e7b8      	b.n	10008062 <cyw43_ll_sdpcm_poll_device+0x106>
100080f0:	0401      	lsls	r1, r0, #16
100080f2:	0c09      	lsrs	r1, r1, #16
100080f4:	4822      	ldr	r0, [pc, #136]	@ (10008180 <cyw43_ll_sdpcm_poll_device+0x224>)
100080f6:	f7fc f877 	bl	100041e8 <__wrap_printf>
100080fa:	e7cd      	b.n	10008098 <cyw43_ll_sdpcm_poll_device+0x13c>
100080fc:	2910      	cmp	r1, #16
100080fe:	d92f      	bls.n	10008160 <cyw43_ll_sdpcm_poll_device+0x204>
10008100:	79e2      	ldrb	r2, [r4, #7]
10008102:	2002      	movs	r0, #2
10008104:	18a2      	adds	r2, r4, r2
10008106:	78d3      	ldrb	r3, [r2, #3]
10008108:	009b      	lsls	r3, r3, #2
1000810a:	3304      	adds	r3, #4
1000810c:	18d3      	adds	r3, r2, r3
1000810e:	7892      	ldrb	r2, [r2, #2]
10008110:	1b1c      	subs	r4, r3, r4
10008112:	07d2      	lsls	r2, r2, #31
10008114:	1b0c      	subs	r4, r1, r4
10008116:	4314      	orrs	r4, r2
10008118:	4642      	mov	r2, r8
1000811a:	603c      	str	r4, [r7, #0]
1000811c:	6013      	str	r3, [r2, #0]
1000811e:	e7a0      	b.n	10008062 <cyw43_ll_sdpcm_poll_device+0x106>
10008120:	0023      	movs	r3, r4
10008122:	2204      	movs	r2, #4
10008124:	2100      	movs	r1, #0
10008126:	0028      	movs	r0, r5
10008128:	f7ff fb80 	bl	1000782c <cyw43_write_reg_u16>
1000812c:	e7b6      	b.n	1000809c <cyw43_ll_sdpcm_poll_device+0x140>
1000812e:	2301      	movs	r3, #1
10008130:	2101      	movs	r1, #1
10008132:	0028      	movs	r0, r5
10008134:	4a13      	ldr	r2, [pc, #76]	@ (10008184 <cyw43_ll_sdpcm_poll_device+0x228>)
10008136:	f7ff fc73 	bl	10007a20 <cyw43_write_reg_u8>
1000813a:	2300      	movs	r3, #0
1000813c:	74eb      	strb	r3, [r5, #19]
1000813e:	e7b2      	b.n	100080a6 <cyw43_ll_sdpcm_poll_device+0x14a>
10008140:	2002      	movs	r0, #2
10008142:	4240      	negs	r0, r0
10008144:	e78d      	b.n	10008062 <cyw43_ll_sdpcm_poll_device+0x106>
10008146:	4810      	ldr	r0, [pc, #64]	@ (10008188 <cyw43_ll_sdpcm_poll_device+0x22c>)
10008148:	f7fc f84e 	bl	100041e8 <__wrap_printf>
1000814c:	e7ab      	b.n	100080a6 <cyw43_ll_sdpcm_poll_device+0x14a>
1000814e:	200a      	movs	r0, #10
10008150:	4240      	negs	r0, r0
10008152:	e786      	b.n	10008062 <cyw43_ll_sdpcm_poll_device+0x106>
10008154:	2003      	movs	r0, #3
10008156:	4240      	negs	r0, r0
10008158:	e783      	b.n	10008062 <cyw43_ll_sdpcm_poll_device+0x106>
1000815a:	2009      	movs	r0, #9
1000815c:	4240      	negs	r0, r0
1000815e:	e780      	b.n	10008062 <cyw43_ll_sdpcm_poll_device+0x106>
10008160:	2007      	movs	r0, #7
10008162:	4240      	negs	r0, r0
10008164:	e77d      	b.n	10008062 <cyw43_ll_sdpcm_poll_device+0x106>
10008166:	2006      	movs	r0, #6
10008168:	4240      	negs	r0, r0
1000816a:	e77a      	b.n	10008062 <cyw43_ll_sdpcm_poll_device+0x106>
1000816c:	2005      	movs	r0, #5
1000816e:	4240      	negs	r0, r0
10008170:	e777      	b.n	10008062 <cyw43_ll_sdpcm_poll_device+0x106>
10008172:	2008      	movs	r0, #8
10008174:	4240      	negs	r0, r0
10008176:	e774      	b.n	10008062 <cyw43_ll_sdpcm_poll_device+0x106>
10008178:	0000ffff 	.word	0x0000ffff
1000817c:	2002215e 	.word	0x2002215e
10008180:	1000b4e4 	.word	0x1000b4e4
10008184:	0001000d 	.word	0x0001000d
10008188:	1000b510 	.word	0x1000b510

1000818c <cyw43_sdpcm_send_common>:
1000818c:	b5f0      	push	{r4, r5, r6, r7, lr}
1000818e:	46de      	mov	lr, fp
10008190:	4657      	mov	r7, sl
10008192:	464e      	mov	r6, r9
10008194:	4645      	mov	r5, r8
10008196:	0004      	movs	r4, r0
10008198:	b5e0      	push	{r5, r6, r7, lr}
1000819a:	b085      	sub	sp, #20
1000819c:	469b      	mov	fp, r3
1000819e:	4689      	mov	r9, r1
100081a0:	4692      	mov	sl, r2
100081a2:	f001 fb01 	bl	100097a8 <cyw43_cb_ensure_awake>
100081a6:	7ca3      	ldrb	r3, [r4, #18]
100081a8:	2b00      	cmp	r3, #0
100081aa:	d105      	bne.n	100081b8 <cyw43_sdpcm_send_common+0x2c>
100081ac:	2101      	movs	r1, #1
100081ae:	0020      	movs	r0, r4
100081b0:	f7ff fe94 	bl	10007edc <cyw43_kso_set>
100081b4:	2301      	movs	r3, #1
100081b6:	74a3      	strb	r3, [r4, #18]
100081b8:	7ba3      	ldrb	r3, [r4, #14]
100081ba:	2b00      	cmp	r3, #0
100081bc:	d024      	beq.n	10008208 <cyw43_sdpcm_send_common+0x7c>
100081be:	4e2d      	ldr	r6, [pc, #180]	@ (10008274 <cyw43_sdpcm_send_common+0xe8>)
100081c0:	4f2d      	ldr	r7, [pc, #180]	@ (10008278 <cyw43_sdpcm_send_common+0xec>)
100081c2:	6ab3      	ldr	r3, [r6, #40]	@ 0x28
100081c4:	4698      	mov	r8, r3
100081c6:	e00e      	b.n	100081e6 <cyw43_sdpcm_send_common+0x5a>
100081c8:	7ba1      	ldrb	r1, [r4, #14]
100081ca:	2900      	cmp	r1, #0
100081cc:	d103      	bne.n	100081d6 <cyw43_sdpcm_send_common+0x4a>
100081ce:	7b23      	ldrb	r3, [r4, #12]
100081d0:	7b62      	ldrb	r2, [r4, #13]
100081d2:	429a      	cmp	r2, r3
100081d4:	d11c      	bne.n	10008210 <cyw43_sdpcm_send_common+0x84>
100081d6:	4643      	mov	r3, r8
100081d8:	1aed      	subs	r5, r5, r3
100081da:	42bd      	cmp	r5, r7
100081dc:	d841      	bhi.n	10008262 <cyw43_sdpcm_send_common+0xd6>
100081de:	20fa      	movs	r0, #250	@ 0xfa
100081e0:	0080      	lsls	r0, r0, #2
100081e2:	f001 ff1f 	bl	1000a024 <cyw43_await_background_or_timeout_us>
100081e6:	0020      	movs	r0, r4
100081e8:	aa03      	add	r2, sp, #12
100081ea:	a902      	add	r1, sp, #8
100081ec:	6ab5      	ldr	r5, [r6, #40]	@ 0x28
100081ee:	f7ff feb5 	bl	10007f5c <cyw43_ll_sdpcm_poll_device>
100081f2:	2801      	cmp	r0, #1
100081f4:	d1e8      	bne.n	100081c8 <cyw43_sdpcm_send_common+0x3c>
100081f6:	9903      	ldr	r1, [sp, #12]
100081f8:	9802      	ldr	r0, [sp, #8]
100081fa:	f7ff fdd9 	bl	10007db0 <cyw43_ll_parse_async_event>
100081fe:	0001      	movs	r1, r0
10008200:	0020      	movs	r0, r4
10008202:	f001 fad7 	bl	100097b4 <cyw43_cb_process_async_event>
10008206:	e7df      	b.n	100081c8 <cyw43_sdpcm_send_common+0x3c>
10008208:	7b23      	ldrb	r3, [r4, #12]
1000820a:	7b62      	ldrb	r2, [r4, #13]
1000820c:	429a      	cmp	r2, r3
1000820e:	d0d6      	beq.n	100081be <cyw43_sdpcm_send_common+0x32>
10008210:	4652      	mov	r2, sl
10008212:	465d      	mov	r5, fp
10008214:	320c      	adds	r2, #12
10008216:	b292      	uxth	r2, r2
10008218:	802a      	strh	r2, [r5, #0]
1000821a:	43d2      	mvns	r2, r2
1000821c:	806a      	strh	r2, [r5, #2]
1000821e:	464a      	mov	r2, r9
10008220:	716a      	strb	r2, [r5, #5]
10008222:	3a02      	subs	r2, #2
10008224:	1e50      	subs	r0, r2, #1
10008226:	4182      	sbcs	r2, r0
10008228:	2001      	movs	r0, #1
1000822a:	2100      	movs	r1, #0
1000822c:	4252      	negs	r2, r2
1000822e:	4382      	bics	r2, r0
10008230:	712b      	strb	r3, [r5, #4]
10008232:	320e      	adds	r2, #14
10008234:	3301      	adds	r3, #1
10008236:	71a9      	strb	r1, [r5, #6]
10008238:	71ea      	strb	r2, [r5, #7]
1000823a:	8129      	strh	r1, [r5, #8]
1000823c:	8169      	strh	r1, [r5, #10]
1000823e:	7323      	strb	r3, [r4, #12]
10008240:	4653      	mov	r3, sl
10008242:	2203      	movs	r2, #3
10008244:	330f      	adds	r3, #15
10008246:	4393      	bics	r3, r2
10008248:	0020      	movs	r0, r4
1000824a:	2200      	movs	r2, #0
1000824c:	9500      	str	r5, [sp, #0]
1000824e:	3102      	adds	r1, #2
10008250:	f7ff fd20 	bl	10007c94 <cyw43_write_bytes>
10008254:	b005      	add	sp, #20
10008256:	bcf0      	pop	{r4, r5, r6, r7}
10008258:	46bb      	mov	fp, r7
1000825a:	46b2      	mov	sl, r6
1000825c:	46a9      	mov	r9, r5
1000825e:	46a0      	mov	r8, r4
10008260:	bdf0      	pop	{r4, r5, r6, r7, pc}
10008262:	7b63      	ldrb	r3, [r4, #13]
10008264:	7b22      	ldrb	r2, [r4, #12]
10008266:	4805      	ldr	r0, [pc, #20]	@ (1000827c <cyw43_sdpcm_send_common+0xf0>)
10008268:	f7fb ffbe 	bl	100041e8 <__wrap_printf>
1000826c:	2002      	movs	r0, #2
1000826e:	4240      	negs	r0, r0
10008270:	e7f0      	b.n	10008254 <cyw43_sdpcm_send_common+0xc8>
10008272:	46c0      	nop			@ (mov r8, r8)
10008274:	40054000 	.word	0x40054000
10008278:	000f4240 	.word	0x000f4240
1000827c:	1000b53c 	.word	0x1000b53c

10008280 <cyw43_do_ioctl.part.0>:
10008280:	b5f0      	push	{r4, r5, r6, r7, lr}
10008282:	4657      	mov	r7, sl
10008284:	464e      	mov	r6, r9
10008286:	46de      	mov	lr, fp
10008288:	4645      	mov	r5, r8
1000828a:	b5e0      	push	{r5, r6, r7, lr}
1000828c:	4e29      	ldr	r6, [pc, #164]	@ (10008334 <cyw43_do_ioctl.part.0+0xb4>)
1000828e:	4693      	mov	fp, r2
10008290:	6ab7      	ldr	r7, [r6, #40]	@ 0x28
10008292:	4699      	mov	r9, r3
10008294:	4a28      	ldr	r2, [pc, #160]	@ (10008338 <cyw43_do_ioctl.part.0+0xb8>)
10008296:	6ab3      	ldr	r3, [r6, #40]	@ 0x28
10008298:	0005      	movs	r5, r0
1000829a:	468a      	mov	sl, r1
1000829c:	b083      	sub	sp, #12
1000829e:	1bdb      	subs	r3, r3, r7
100082a0:	4293      	cmp	r3, r2
100082a2:	d82e      	bhi.n	10008302 <cyw43_do_ioctl.part.0+0x82>
100082a4:	4b25      	ldr	r3, [pc, #148]	@ (1000833c <cyw43_do_ioctl.part.0+0xbc>)
100082a6:	4698      	mov	r8, r3
100082a8:	e010      	b.n	100082cc <cyw43_do_ioctl.part.0+0x4c>
100082aa:	2802      	cmp	r0, #2
100082ac:	d020      	beq.n	100082f0 <cyw43_do_ioctl.part.0+0x70>
100082ae:	2800      	cmp	r0, #0
100082b0:	db03      	blt.n	100082ba <cyw43_do_ioctl.part.0+0x3a>
100082b2:	0001      	movs	r1, r0
100082b4:	4640      	mov	r0, r8
100082b6:	f7fb ff97 	bl	100041e8 <__wrap_printf>
100082ba:	20fa      	movs	r0, #250	@ 0xfa
100082bc:	0080      	lsls	r0, r0, #2
100082be:	f001 feb1 	bl	1000a024 <cyw43_await_background_or_timeout_us>
100082c2:	6ab3      	ldr	r3, [r6, #40]	@ 0x28
100082c4:	4a1c      	ldr	r2, [pc, #112]	@ (10008338 <cyw43_do_ioctl.part.0+0xb8>)
100082c6:	1bdb      	subs	r3, r3, r7
100082c8:	4293      	cmp	r3, r2
100082ca:	d81a      	bhi.n	10008302 <cyw43_do_ioctl.part.0+0x82>
100082cc:	4669      	mov	r1, sp
100082ce:	0028      	movs	r0, r5
100082d0:	aa01      	add	r2, sp, #4
100082d2:	f7ff fe43 	bl	10007f5c <cyw43_ll_sdpcm_poll_device>
100082d6:	1e04      	subs	r4, r0, #0
100082d8:	d023      	beq.n	10008322 <cyw43_do_ioctl.part.0+0xa2>
100082da:	2801      	cmp	r0, #1
100082dc:	d1e5      	bne.n	100082aa <cyw43_do_ioctl.part.0+0x2a>
100082de:	9901      	ldr	r1, [sp, #4]
100082e0:	9800      	ldr	r0, [sp, #0]
100082e2:	f7ff fd65 	bl	10007db0 <cyw43_ll_parse_async_event>
100082e6:	0001      	movs	r1, r0
100082e8:	0028      	movs	r0, r5
100082ea:	f001 fa63 	bl	100097b4 <cyw43_cb_process_async_event>
100082ee:	e7e4      	b.n	100082ba <cyw43_do_ioctl.part.0+0x3a>
100082f0:	9900      	ldr	r1, [sp, #0]
100082f2:	9b01      	ldr	r3, [sp, #4]
100082f4:	004a      	lsls	r2, r1, #1
100082f6:	6828      	ldr	r0, [r5, #0]
100082f8:	0852      	lsrs	r2, r2, #1
100082fa:	0fc9      	lsrs	r1, r1, #31
100082fc:	f001 fef0 	bl	1000a0e0 <cyw43_cb_process_ethernet>
10008300:	e7db      	b.n	100082ba <cyw43_do_ioctl.part.0+0x3a>
10008302:	464b      	mov	r3, r9
10008304:	465a      	mov	r2, fp
10008306:	4651      	mov	r1, sl
10008308:	2402      	movs	r4, #2
1000830a:	480d      	ldr	r0, [pc, #52]	@ (10008340 <cyw43_do_ioctl.part.0+0xc0>)
1000830c:	f7fb ff6c 	bl	100041e8 <__wrap_printf>
10008310:	4264      	negs	r4, r4
10008312:	0020      	movs	r0, r4
10008314:	b003      	add	sp, #12
10008316:	bcf0      	pop	{r4, r5, r6, r7}
10008318:	46bb      	mov	fp, r7
1000831a:	46b2      	mov	sl, r6
1000831c:	46a9      	mov	r9, r5
1000831e:	46a0      	mov	r8, r4
10008320:	bdf0      	pop	{r4, r5, r6, r7, pc}
10008322:	9a00      	ldr	r2, [sp, #0]
10008324:	454a      	cmp	r2, r9
10008326:	d900      	bls.n	1000832a <cyw43_do_ioctl.part.0+0xaa>
10008328:	464a      	mov	r2, r9
1000832a:	9901      	ldr	r1, [sp, #4]
1000832c:	980c      	ldr	r0, [sp, #48]	@ 0x30
1000832e:	f002 ff7b 	bl	1000b228 <__memmove_veneer>
10008332:	e7ee      	b.n	10008312 <cyw43_do_ioctl.part.0+0x92>
10008334:	40054000 	.word	0x40054000
10008338:	000f423f 	.word	0x000f423f
1000833c:	1000b560 	.word	0x1000b560
10008340:	1000b58c 	.word	0x1000b58c

10008344 <cyw43_write_iovar_u32.constprop.0>:
10008344:	2344      	movs	r3, #68	@ 0x44
10008346:	469c      	mov	ip, r3
10008348:	b5f0      	push	{r4, r5, r6, r7, lr}
1000834a:	46c6      	mov	lr, r8
1000834c:	4484      	add	ip, r0
1000834e:	4663      	mov	r3, ip
10008350:	4688      	mov	r8, r1
10008352:	b500      	push	{lr}
10008354:	0004      	movs	r4, r0
10008356:	b084      	sub	sp, #16
10008358:	0008      	movs	r0, r1
1000835a:	0016      	movs	r6, r2
1000835c:	9303      	str	r3, [sp, #12]
1000835e:	f002 fddf 	bl	1000af20 <strlen>
10008362:	9b03      	ldr	r3, [sp, #12]
10008364:	4641      	mov	r1, r8
10008366:	4698      	mov	r8, r3
10008368:	1c47      	adds	r7, r0, #1
1000836a:	003a      	movs	r2, r7
1000836c:	0005      	movs	r5, r0
1000836e:	0018      	movs	r0, r3
10008370:	f7fa f958 	bl	10002624 <__wrap___aeabi_memcpy>
10008374:	4643      	mov	r3, r8
10008376:	0a32      	lsrs	r2, r6, #8
10008378:	19df      	adds	r7, r3, r7
1000837a:	707a      	strb	r2, [r7, #1]
1000837c:	0c32      	lsrs	r2, r6, #16
1000837e:	70ba      	strb	r2, [r7, #2]
10008380:	0e32      	lsrs	r2, r6, #24
10008382:	70fa      	strb	r2, [r7, #3]
10008384:	002a      	movs	r2, r5
10008386:	9303      	str	r3, [sp, #12]
10008388:	2380      	movs	r3, #128	@ 0x80
1000838a:	3221      	adds	r2, #33	@ 0x21
1000838c:	703e      	strb	r6, [r7, #0]
1000838e:	011b      	lsls	r3, r3, #4
10008390:	429a      	cmp	r2, r3
10008392:	d821      	bhi.n	100083d8 <cyw43_write_iovar_u32.constprop.0+0x94>
10008394:	2208      	movs	r2, #8
10008396:	8a23      	ldrh	r3, [r4, #16]
10008398:	32ff      	adds	r2, #255	@ 0xff
1000839a:	3301      	adds	r3, #1
1000839c:	6362      	str	r2, [r4, #52]	@ 0x34
1000839e:	3a06      	subs	r2, #6
100083a0:	3aff      	subs	r2, #255	@ 0xff
100083a2:	8223      	strh	r3, [r4, #16]
100083a4:	041b      	lsls	r3, r3, #16
100083a6:	4313      	orrs	r3, r2
100083a8:	63e3      	str	r3, [r4, #60]	@ 0x3c
100083aa:	2300      	movs	r3, #0
100083ac:	002a      	movs	r2, r5
100083ae:	6423      	str	r3, [r4, #64]	@ 0x40
100083b0:	0023      	movs	r3, r4
100083b2:	1d6f      	adds	r7, r5, #5
100083b4:	2100      	movs	r1, #0
100083b6:	0020      	movs	r0, r4
100083b8:	63a7      	str	r7, [r4, #56]	@ 0x38
100083ba:	3215      	adds	r2, #21
100083bc:	3328      	adds	r3, #40	@ 0x28
100083be:	f7ff fee5 	bl	1000818c <cyw43_sdpcm_send_common>
100083c2:	2800      	cmp	r0, #0
100083c4:	d108      	bne.n	100083d8 <cyw43_write_iovar_u32.constprop.0+0x94>
100083c6:	2208      	movs	r2, #8
100083c8:	9b03      	ldr	r3, [sp, #12]
100083ca:	2102      	movs	r1, #2
100083cc:	9300      	str	r3, [sp, #0]
100083ce:	0020      	movs	r0, r4
100083d0:	003b      	movs	r3, r7
100083d2:	32ff      	adds	r2, #255	@ 0xff
100083d4:	f7ff ff54 	bl	10008280 <cyw43_do_ioctl.part.0>
100083d8:	b004      	add	sp, #16
100083da:	bc80      	pop	{r7}
100083dc:	46b8      	mov	r8, r7
100083de:	bdf0      	pop	{r4, r5, r6, r7, pc}

100083e0 <cyw43_write_iovar_n>:
100083e0:	b5f0      	push	{r4, r5, r6, r7, lr}
100083e2:	46ce      	mov	lr, r9
100083e4:	4647      	mov	r7, r8
100083e6:	b580      	push	{r7, lr}
100083e8:	0006      	movs	r6, r0
100083ea:	b083      	sub	sp, #12
100083ec:	0005      	movs	r5, r0
100083ee:	0008      	movs	r0, r1
100083f0:	4699      	mov	r9, r3
100083f2:	4688      	mov	r8, r1
100083f4:	0017      	movs	r7, r2
100083f6:	f002 fd93 	bl	1000af20 <strlen>
100083fa:	3644      	adds	r6, #68	@ 0x44
100083fc:	1c44      	adds	r4, r0, #1
100083fe:	003a      	movs	r2, r7
10008400:	4649      	mov	r1, r9
10008402:	1930      	adds	r0, r6, r4
10008404:	f002 ff10 	bl	1000b228 <__memmove_veneer>
10008408:	0022      	movs	r2, r4
1000840a:	4641      	mov	r1, r8
1000840c:	0030      	movs	r0, r6
1000840e:	19e4      	adds	r4, r4, r7
10008410:	f7fa f908 	bl	10002624 <__wrap___aeabi_memcpy>
10008414:	0022      	movs	r2, r4
10008416:	2380      	movs	r3, #128	@ 0x80
10008418:	321c      	adds	r2, #28
1000841a:	011b      	lsls	r3, r3, #4
1000841c:	429a      	cmp	r2, r3
1000841e:	d81f      	bhi.n	10008460 <cyw43_write_iovar_n+0x80>
10008420:	8a29      	ldrh	r1, [r5, #16]
10008422:	9b0a      	ldr	r3, [sp, #40]	@ 0x28
10008424:	3101      	adds	r1, #1
10008426:	031b      	lsls	r3, r3, #12
10008428:	8229      	strh	r1, [r5, #16]
1000842a:	0409      	lsls	r1, r1, #16
1000842c:	4319      	orrs	r1, r3
1000842e:	2302      	movs	r3, #2
10008430:	4319      	orrs	r1, r3
10008432:	2300      	movs	r3, #0
10008434:	2708      	movs	r7, #8
10008436:	642b      	str	r3, [r5, #64]	@ 0x40
10008438:	002b      	movs	r3, r5
1000843a:	37ff      	adds	r7, #255	@ 0xff
1000843c:	63e9      	str	r1, [r5, #60]	@ 0x3c
1000843e:	0028      	movs	r0, r5
10008440:	2100      	movs	r1, #0
10008442:	636f      	str	r7, [r5, #52]	@ 0x34
10008444:	63ac      	str	r4, [r5, #56]	@ 0x38
10008446:	3328      	adds	r3, #40	@ 0x28
10008448:	3a0c      	subs	r2, #12
1000844a:	f7ff fe9f 	bl	1000818c <cyw43_sdpcm_send_common>
1000844e:	2800      	cmp	r0, #0
10008450:	d106      	bne.n	10008460 <cyw43_write_iovar_n+0x80>
10008452:	0023      	movs	r3, r4
10008454:	003a      	movs	r2, r7
10008456:	2102      	movs	r1, #2
10008458:	0028      	movs	r0, r5
1000845a:	9600      	str	r6, [sp, #0]
1000845c:	f7ff ff10 	bl	10008280 <cyw43_do_ioctl.part.0>
10008460:	b003      	add	sp, #12
10008462:	bcc0      	pop	{r6, r7}
10008464:	46b9      	mov	r9, r7
10008466:	46b0      	mov	r8, r6
10008468:	bdf0      	pop	{r4, r5, r6, r7, pc}
1000846a:	46c0      	nop			@ (mov r8, r8)

1000846c <cyw43_read_backplane.constprop.0>:
1000846c:	6883      	ldr	r3, [r0, #8]
1000846e:	b570      	push	{r4, r5, r6, lr}
10008470:	0bce      	lsrs	r6, r1, #15
10008472:	0004      	movs	r4, r0
10008474:	000d      	movs	r5, r1
10008476:	03f6      	lsls	r6, r6, #15
10008478:	429e      	cmp	r6, r3
1000847a:	d00d      	beq.n	10008498 <cyw43_read_backplane.constprop.0+0x2c>
1000847c:	2280      	movs	r2, #128	@ 0x80
1000847e:	4073      	eors	r3, r6
10008480:	0452      	lsls	r2, r2, #17
10008482:	4293      	cmp	r3, r2
10008484:	d239      	bcs.n	100084fa <cyw43_read_backplane.constprop.0+0x8e>
10008486:	22ff      	movs	r2, #255	@ 0xff
10008488:	0412      	lsls	r2, r2, #16
1000848a:	4213      	tst	r3, r2
1000848c:	d12c      	bne.n	100084e8 <cyw43_read_backplane.constprop.0+0x7c>
1000848e:	22ff      	movs	r2, #255	@ 0xff
10008490:	0212      	lsls	r2, r2, #8
10008492:	4213      	tst	r3, r2
10008494:	d121      	bne.n	100084da <cyw43_read_backplane.constprop.0+0x6e>
10008496:	60a6      	str	r6, [r4, #8]
10008498:	2280      	movs	r2, #128	@ 0x80
1000849a:	046d      	lsls	r5, r5, #17
1000849c:	0c6d      	lsrs	r5, r5, #17
1000849e:	0212      	lsls	r2, r2, #8
100084a0:	432a      	orrs	r2, r5
100084a2:	2101      	movs	r1, #1
100084a4:	0020      	movs	r0, r4
100084a6:	f7fe ffa1 	bl	100073ec <cyw43_read_reg_u8>
100084aa:	25c0      	movs	r5, #192	@ 0xc0
100084ac:	68a3      	ldr	r3, [r4, #8]
100084ae:	0006      	movs	r6, r0
100084b0:	056d      	lsls	r5, r5, #21
100084b2:	42ab      	cmp	r3, r5
100084b4:	d00f      	beq.n	100084d6 <cyw43_read_backplane.constprop.0+0x6a>
100084b6:	2280      	movs	r2, #128	@ 0x80
100084b8:	406b      	eors	r3, r5
100084ba:	0452      	lsls	r2, r2, #17
100084bc:	4293      	cmp	r3, r2
100084be:	d238      	bcs.n	10008532 <cyw43_read_backplane.constprop.0+0xc6>
100084c0:	22ff      	movs	r2, #255	@ 0xff
100084c2:	0412      	lsls	r2, r2, #16
100084c4:	4213      	tst	r3, r2
100084c6:	d128      	bne.n	1000851a <cyw43_read_backplane.constprop.0+0xae>
100084c8:	22ff      	movs	r2, #255	@ 0xff
100084ca:	0212      	lsls	r2, r2, #8
100084cc:	4213      	tst	r3, r2
100084ce:	d11c      	bne.n	1000850a <cyw43_read_backplane.constprop.0+0x9e>
100084d0:	23c0      	movs	r3, #192	@ 0xc0
100084d2:	055b      	lsls	r3, r3, #21
100084d4:	60a3      	str	r3, [r4, #8]
100084d6:	0030      	movs	r0, r6
100084d8:	bd70      	pop	{r4, r5, r6, pc}
100084da:	2101      	movs	r1, #1
100084dc:	0020      	movs	r0, r4
100084de:	4a19      	ldr	r2, [pc, #100]	@ (10008544 <cyw43_read_backplane.constprop.0+0xd8>)
100084e0:	0a33      	lsrs	r3, r6, #8
100084e2:	f7ff fa9d 	bl	10007a20 <cyw43_write_reg_u8>
100084e6:	e7d6      	b.n	10008496 <cyw43_read_backplane.constprop.0+0x2a>
100084e8:	0c33      	lsrs	r3, r6, #16
100084ea:	2101      	movs	r1, #1
100084ec:	0020      	movs	r0, r4
100084ee:	4a16      	ldr	r2, [pc, #88]	@ (10008548 <cyw43_read_backplane.constprop.0+0xdc>)
100084f0:	f7ff fa96 	bl	10007a20 <cyw43_write_reg_u8>
100084f4:	68a3      	ldr	r3, [r4, #8]
100084f6:	4073      	eors	r3, r6
100084f8:	e7c9      	b.n	1000848e <cyw43_read_backplane.constprop.0+0x22>
100084fa:	0e33      	lsrs	r3, r6, #24
100084fc:	2101      	movs	r1, #1
100084fe:	4a13      	ldr	r2, [pc, #76]	@ (1000854c <cyw43_read_backplane.constprop.0+0xe0>)
10008500:	f7ff fa8e 	bl	10007a20 <cyw43_write_reg_u8>
10008504:	68a3      	ldr	r3, [r4, #8]
10008506:	4073      	eors	r3, r6
10008508:	e7bd      	b.n	10008486 <cyw43_read_backplane.constprop.0+0x1a>
1000850a:	23c0      	movs	r3, #192	@ 0xc0
1000850c:	2101      	movs	r1, #1
1000850e:	0020      	movs	r0, r4
10008510:	4a0c      	ldr	r2, [pc, #48]	@ (10008544 <cyw43_read_backplane.constprop.0+0xd8>)
10008512:	035b      	lsls	r3, r3, #13
10008514:	f7ff fa84 	bl	10007a20 <cyw43_write_reg_u8>
10008518:	e7da      	b.n	100084d0 <cyw43_read_backplane.constprop.0+0x64>
1000851a:	23c0      	movs	r3, #192	@ 0xc0
1000851c:	4a0a      	ldr	r2, [pc, #40]	@ (10008548 <cyw43_read_backplane.constprop.0+0xdc>)
1000851e:	015b      	lsls	r3, r3, #5
10008520:	2101      	movs	r1, #1
10008522:	0020      	movs	r0, r4
10008524:	f7ff fa7c 	bl	10007a20 <cyw43_write_reg_u8>
10008528:	23c0      	movs	r3, #192	@ 0xc0
1000852a:	68a2      	ldr	r2, [r4, #8]
1000852c:	055b      	lsls	r3, r3, #21
1000852e:	4053      	eors	r3, r2
10008530:	e7ca      	b.n	100084c8 <cyw43_read_backplane.constprop.0+0x5c>
10008532:	2318      	movs	r3, #24
10008534:	2101      	movs	r1, #1
10008536:	0020      	movs	r0, r4
10008538:	4a04      	ldr	r2, [pc, #16]	@ (1000854c <cyw43_read_backplane.constprop.0+0xe0>)
1000853a:	f7ff fa71 	bl	10007a20 <cyw43_write_reg_u8>
1000853e:	68a3      	ldr	r3, [r4, #8]
10008540:	406b      	eors	r3, r5
10008542:	e7bd      	b.n	100084c0 <cyw43_read_backplane.constprop.0+0x54>
10008544:	0001000a 	.word	0x0001000a
10008548:	0001000b 	.word	0x0001000b
1000854c:	0001000c 	.word	0x0001000c

10008550 <cyw43_write_backplane>:
10008550:	b5f0      	push	{r4, r5, r6, r7, lr}
10008552:	46c6      	mov	lr, r8
10008554:	4698      	mov	r8, r3
10008556:	6883      	ldr	r3, [r0, #8]
10008558:	0bce      	lsrs	r6, r1, #15
1000855a:	0004      	movs	r4, r0
1000855c:	000d      	movs	r5, r1
1000855e:	0017      	movs	r7, r2
10008560:	b500      	push	{lr}
10008562:	03f6      	lsls	r6, r6, #15
10008564:	429e      	cmp	r6, r3
10008566:	d00d      	beq.n	10008584 <cyw43_write_backplane+0x34>
10008568:	2280      	movs	r2, #128	@ 0x80
1000856a:	4073      	eors	r3, r6
1000856c:	0452      	lsls	r2, r2, #17
1000856e:	4293      	cmp	r3, r2
10008570:	d262      	bcs.n	10008638 <cyw43_write_backplane+0xe8>
10008572:	22ff      	movs	r2, #255	@ 0xff
10008574:	0412      	lsls	r2, r2, #16
10008576:	4213      	tst	r3, r2
10008578:	d155      	bne.n	10008626 <cyw43_write_backplane+0xd6>
1000857a:	22ff      	movs	r2, #255	@ 0xff
1000857c:	0212      	lsls	r2, r2, #8
1000857e:	4213      	tst	r3, r2
10008580:	d124      	bne.n	100085cc <cyw43_write_backplane+0x7c>
10008582:	60a6      	str	r6, [r4, #8]
10008584:	2280      	movs	r2, #128	@ 0x80
10008586:	046d      	lsls	r5, r5, #17
10008588:	0c6d      	lsrs	r5, r5, #17
1000858a:	0212      	lsls	r2, r2, #8
1000858c:	4643      	mov	r3, r8
1000858e:	2101      	movs	r1, #1
10008590:	0020      	movs	r0, r4
10008592:	432a      	orrs	r2, r5
10008594:	2f01      	cmp	r7, #1
10008596:	d020      	beq.n	100085da <cyw43_write_backplane+0x8a>
10008598:	f7ff f84e 	bl	10007638 <cyw43_write_reg_u32>
1000859c:	25c0      	movs	r5, #192	@ 0xc0
1000859e:	68a3      	ldr	r3, [r4, #8]
100085a0:	056d      	lsls	r5, r5, #21
100085a2:	42ab      	cmp	r3, r5
100085a4:	d00f      	beq.n	100085c6 <cyw43_write_backplane+0x76>
100085a6:	2280      	movs	r2, #128	@ 0x80
100085a8:	406b      	eors	r3, r5
100085aa:	0452      	lsls	r2, r2, #17
100085ac:	4293      	cmp	r3, r2
100085ae:	d217      	bcs.n	100085e0 <cyw43_write_backplane+0x90>
100085b0:	22ff      	movs	r2, #255	@ 0xff
100085b2:	0412      	lsls	r2, r2, #16
100085b4:	4213      	tst	r3, r2
100085b6:	d11f      	bne.n	100085f8 <cyw43_write_backplane+0xa8>
100085b8:	22ff      	movs	r2, #255	@ 0xff
100085ba:	0212      	lsls	r2, r2, #8
100085bc:	4213      	tst	r3, r2
100085be:	d12a      	bne.n	10008616 <cyw43_write_backplane+0xc6>
100085c0:	23c0      	movs	r3, #192	@ 0xc0
100085c2:	055b      	lsls	r3, r3, #21
100085c4:	60a3      	str	r3, [r4, #8]
100085c6:	bc80      	pop	{r7}
100085c8:	46b8      	mov	r8, r7
100085ca:	bdf0      	pop	{r4, r5, r6, r7, pc}
100085cc:	2101      	movs	r1, #1
100085ce:	0020      	movs	r0, r4
100085d0:	4a1d      	ldr	r2, [pc, #116]	@ (10008648 <cyw43_write_backplane+0xf8>)
100085d2:	0a33      	lsrs	r3, r6, #8
100085d4:	f7ff fa24 	bl	10007a20 <cyw43_write_reg_u8>
100085d8:	e7d3      	b.n	10008582 <cyw43_write_backplane+0x32>
100085da:	f7ff fa21 	bl	10007a20 <cyw43_write_reg_u8>
100085de:	e7dd      	b.n	1000859c <cyw43_write_backplane+0x4c>
100085e0:	2318      	movs	r3, #24
100085e2:	4a1a      	ldr	r2, [pc, #104]	@ (1000864c <cyw43_write_backplane+0xfc>)
100085e4:	2101      	movs	r1, #1
100085e6:	0020      	movs	r0, r4
100085e8:	f7ff fa1a 	bl	10007a20 <cyw43_write_reg_u8>
100085ec:	22ff      	movs	r2, #255	@ 0xff
100085ee:	68a3      	ldr	r3, [r4, #8]
100085f0:	0412      	lsls	r2, r2, #16
100085f2:	406b      	eors	r3, r5
100085f4:	4213      	tst	r3, r2
100085f6:	d0df      	beq.n	100085b8 <cyw43_write_backplane+0x68>
100085f8:	23c0      	movs	r3, #192	@ 0xc0
100085fa:	4a15      	ldr	r2, [pc, #84]	@ (10008650 <cyw43_write_backplane+0x100>)
100085fc:	015b      	lsls	r3, r3, #5
100085fe:	2101      	movs	r1, #1
10008600:	0020      	movs	r0, r4
10008602:	f7ff fa0d 	bl	10007a20 <cyw43_write_reg_u8>
10008606:	23c0      	movs	r3, #192	@ 0xc0
10008608:	68a2      	ldr	r2, [r4, #8]
1000860a:	055b      	lsls	r3, r3, #21
1000860c:	4053      	eors	r3, r2
1000860e:	22ff      	movs	r2, #255	@ 0xff
10008610:	0212      	lsls	r2, r2, #8
10008612:	4213      	tst	r3, r2
10008614:	d0d4      	beq.n	100085c0 <cyw43_write_backplane+0x70>
10008616:	23c0      	movs	r3, #192	@ 0xc0
10008618:	2101      	movs	r1, #1
1000861a:	0020      	movs	r0, r4
1000861c:	4a0a      	ldr	r2, [pc, #40]	@ (10008648 <cyw43_write_backplane+0xf8>)
1000861e:	035b      	lsls	r3, r3, #13
10008620:	f7ff f9fe 	bl	10007a20 <cyw43_write_reg_u8>
10008624:	e7cc      	b.n	100085c0 <cyw43_write_backplane+0x70>
10008626:	0c33      	lsrs	r3, r6, #16
10008628:	2101      	movs	r1, #1
1000862a:	0020      	movs	r0, r4
1000862c:	4a08      	ldr	r2, [pc, #32]	@ (10008650 <cyw43_write_backplane+0x100>)
1000862e:	f7ff f9f7 	bl	10007a20 <cyw43_write_reg_u8>
10008632:	68a3      	ldr	r3, [r4, #8]
10008634:	4073      	eors	r3, r6
10008636:	e7a0      	b.n	1000857a <cyw43_write_backplane+0x2a>
10008638:	0e33      	lsrs	r3, r6, #24
1000863a:	2101      	movs	r1, #1
1000863c:	4a03      	ldr	r2, [pc, #12]	@ (1000864c <cyw43_write_backplane+0xfc>)
1000863e:	f7ff f9ef 	bl	10007a20 <cyw43_write_reg_u8>
10008642:	68a3      	ldr	r3, [r4, #8]
10008644:	4073      	eors	r3, r6
10008646:	e794      	b.n	10008572 <cyw43_write_backplane+0x22>
10008648:	0001000a 	.word	0x0001000a
1000864c:	0001000c 	.word	0x0001000c
10008650:	0001000b 	.word	0x0001000b

10008654 <reset_device_core.constprop.0>:
10008654:	b5f8      	push	{r3, r4, r5, r6, r7, lr}
10008656:	46ce      	mov	lr, r9
10008658:	4647      	mov	r7, r8
1000865a:	0004      	movs	r4, r0
1000865c:	000d      	movs	r5, r1
1000865e:	b580      	push	{r7, lr}
10008660:	2901      	cmp	r1, #1
10008662:	d100      	bne.n	10008666 <reset_device_core.constprop.0+0x12>
10008664:	e1e0      	b.n	10008a28 <reset_device_core.constprop.0+0x3d4>
10008666:	4bd6      	ldr	r3, [pc, #856]	@ (100089c0 <reset_device_core.constprop.0+0x36c>)
10008668:	27c8      	movs	r7, #200	@ 0xc8
1000866a:	4698      	mov	r8, r3
1000866c:	023f      	lsls	r7, r7, #8
1000866e:	26c0      	movs	r6, #192	@ 0xc0
10008670:	4641      	mov	r1, r8
10008672:	0020      	movs	r0, r4
10008674:	f7ff fb68 	bl	10007d48 <cyw43_set_backplane_window>
10008678:	003a      	movs	r2, r7
1000867a:	2101      	movs	r1, #1
1000867c:	0020      	movs	r0, r4
1000867e:	f7fe feb5 	bl	100073ec <cyw43_read_reg_u8>
10008682:	68a3      	ldr	r3, [r4, #8]
10008684:	0576      	lsls	r6, r6, #21
10008686:	42b3      	cmp	r3, r6
10008688:	d012      	beq.n	100086b0 <reset_device_core.constprop.0+0x5c>
1000868a:	2280      	movs	r2, #128	@ 0x80
1000868c:	4073      	eors	r3, r6
1000868e:	0452      	lsls	r2, r2, #17
10008690:	4293      	cmp	r3, r2
10008692:	d300      	bcc.n	10008696 <reset_device_core.constprop.0+0x42>
10008694:	e0e5      	b.n	10008862 <reset_device_core.constprop.0+0x20e>
10008696:	22ff      	movs	r2, #255	@ 0xff
10008698:	0412      	lsls	r2, r2, #16
1000869a:	4213      	tst	r3, r2
1000869c:	d000      	beq.n	100086a0 <reset_device_core.constprop.0+0x4c>
1000869e:	e0ed      	b.n	1000887c <reset_device_core.constprop.0+0x228>
100086a0:	22ff      	movs	r2, #255	@ 0xff
100086a2:	0212      	lsls	r2, r2, #8
100086a4:	4213      	tst	r3, r2
100086a6:	d000      	beq.n	100086aa <reset_device_core.constprop.0+0x56>
100086a8:	e0f8      	b.n	1000889c <reset_device_core.constprop.0+0x248>
100086aa:	23c0      	movs	r3, #192	@ 0xc0
100086ac:	055b      	lsls	r3, r3, #21
100086ae:	60a3      	str	r3, [r4, #8]
100086b0:	4641      	mov	r1, r8
100086b2:	0020      	movs	r0, r4
100086b4:	f7ff fb48 	bl	10007d48 <cyw43_set_backplane_window>
100086b8:	003a      	movs	r2, r7
100086ba:	2101      	movs	r1, #1
100086bc:	0020      	movs	r0, r4
100086be:	f7fe fe95 	bl	100073ec <cyw43_read_reg_u8>
100086c2:	26c0      	movs	r6, #192	@ 0xc0
100086c4:	68a3      	ldr	r3, [r4, #8]
100086c6:	4681      	mov	r9, r0
100086c8:	0576      	lsls	r6, r6, #21
100086ca:	42b3      	cmp	r3, r6
100086cc:	d012      	beq.n	100086f4 <reset_device_core.constprop.0+0xa0>
100086ce:	2280      	movs	r2, #128	@ 0x80
100086d0:	4073      	eors	r3, r6
100086d2:	0452      	lsls	r2, r2, #17
100086d4:	4293      	cmp	r3, r2
100086d6:	d300      	bcc.n	100086da <reset_device_core.constprop.0+0x86>
100086d8:	e19d      	b.n	10008a16 <reset_device_core.constprop.0+0x3c2>
100086da:	22ff      	movs	r2, #255	@ 0xff
100086dc:	0412      	lsls	r2, r2, #16
100086de:	4213      	tst	r3, r2
100086e0:	d000      	beq.n	100086e4 <reset_device_core.constprop.0+0x90>
100086e2:	e18c      	b.n	100089fe <reset_device_core.constprop.0+0x3aa>
100086e4:	22ff      	movs	r2, #255	@ 0xff
100086e6:	0212      	lsls	r2, r2, #8
100086e8:	4213      	tst	r3, r2
100086ea:	d000      	beq.n	100086ee <reset_device_core.constprop.0+0x9a>
100086ec:	e17f      	b.n	100089ee <reset_device_core.constprop.0+0x39a>
100086ee:	23c0      	movs	r3, #192	@ 0xc0
100086f0:	055b      	lsls	r3, r3, #21
100086f2:	60a3      	str	r3, [r4, #8]
100086f4:	464b      	mov	r3, r9
100086f6:	07de      	lsls	r6, r3, #31
100086f8:	d400      	bmi.n	100086fc <reset_device_core.constprop.0+0xa8>
100086fa:	e19d      	b.n	10008a38 <reset_device_core.constprop.0+0x3e4>
100086fc:	2d01      	cmp	r5, #1
100086fe:	d100      	bne.n	10008702 <reset_device_core.constprop.0+0xae>
10008700:	e197      	b.n	10008a32 <reset_device_core.constprop.0+0x3de>
10008702:	4db0      	ldr	r5, [pc, #704]	@ (100089c4 <reset_device_core.constprop.0+0x370>)
10008704:	4eb0      	ldr	r6, [pc, #704]	@ (100089c8 <reset_device_core.constprop.0+0x374>)
10008706:	0031      	movs	r1, r6
10008708:	0020      	movs	r0, r4
1000870a:	f7ff fb1d 	bl	10007d48 <cyw43_set_backplane_window>
1000870e:	2303      	movs	r3, #3
10008710:	002a      	movs	r2, r5
10008712:	2101      	movs	r1, #1
10008714:	0020      	movs	r0, r4
10008716:	f7ff f983 	bl	10007a20 <cyw43_write_reg_u8>
1000871a:	22c0      	movs	r2, #192	@ 0xc0
1000871c:	68a3      	ldr	r3, [r4, #8]
1000871e:	0552      	lsls	r2, r2, #21
10008720:	4293      	cmp	r3, r2
10008722:	d012      	beq.n	1000874a <reset_device_core.constprop.0+0xf6>
10008724:	4053      	eors	r3, r2
10008726:	2280      	movs	r2, #128	@ 0x80
10008728:	0452      	lsls	r2, r2, #17
1000872a:	4293      	cmp	r3, r2
1000872c:	d300      	bcc.n	10008730 <reset_device_core.constprop.0+0xdc>
1000872e:	e153      	b.n	100089d8 <reset_device_core.constprop.0+0x384>
10008730:	22ff      	movs	r2, #255	@ 0xff
10008732:	0412      	lsls	r2, r2, #16
10008734:	4213      	tst	r3, r2
10008736:	d000      	beq.n	1000873a <reset_device_core.constprop.0+0xe6>
10008738:	e136      	b.n	100089a8 <reset_device_core.constprop.0+0x354>
1000873a:	22ff      	movs	r2, #255	@ 0xff
1000873c:	0212      	lsls	r2, r2, #8
1000873e:	4213      	tst	r3, r2
10008740:	d000      	beq.n	10008744 <reset_device_core.constprop.0+0xf0>
10008742:	e129      	b.n	10008998 <reset_device_core.constprop.0+0x344>
10008744:	23c0      	movs	r3, #192	@ 0xc0
10008746:	055b      	lsls	r3, r3, #21
10008748:	60a3      	str	r3, [r4, #8]
1000874a:	0031      	movs	r1, r6
1000874c:	0020      	movs	r0, r4
1000874e:	f7ff fafb 	bl	10007d48 <cyw43_set_backplane_window>
10008752:	002a      	movs	r2, r5
10008754:	2101      	movs	r1, #1
10008756:	0020      	movs	r0, r4
10008758:	f7fe fe48 	bl	100073ec <cyw43_read_reg_u8>
1000875c:	22c0      	movs	r2, #192	@ 0xc0
1000875e:	68a3      	ldr	r3, [r4, #8]
10008760:	0552      	lsls	r2, r2, #21
10008762:	4293      	cmp	r3, r2
10008764:	d012      	beq.n	1000878c <reset_device_core.constprop.0+0x138>
10008766:	4053      	eors	r3, r2
10008768:	2280      	movs	r2, #128	@ 0x80
1000876a:	0452      	lsls	r2, r2, #17
1000876c:	4293      	cmp	r3, r2
1000876e:	d300      	bcc.n	10008772 <reset_device_core.constprop.0+0x11e>
10008770:	e107      	b.n	10008982 <reset_device_core.constprop.0+0x32e>
10008772:	22ff      	movs	r2, #255	@ 0xff
10008774:	0412      	lsls	r2, r2, #16
10008776:	4213      	tst	r3, r2
10008778:	d000      	beq.n	1000877c <reset_device_core.constprop.0+0x128>
1000877a:	e0f6      	b.n	1000896a <reset_device_core.constprop.0+0x316>
1000877c:	22ff      	movs	r2, #255	@ 0xff
1000877e:	0212      	lsls	r2, r2, #8
10008780:	4213      	tst	r3, r2
10008782:	d000      	beq.n	10008786 <reset_device_core.constprop.0+0x132>
10008784:	e0e9      	b.n	1000895a <reset_device_core.constprop.0+0x306>
10008786:	23c0      	movs	r3, #192	@ 0xc0
10008788:	055b      	lsls	r3, r3, #21
1000878a:	60a3      	str	r3, [r4, #8]
1000878c:	4641      	mov	r1, r8
1000878e:	0020      	movs	r0, r4
10008790:	f7ff fada 	bl	10007d48 <cyw43_set_backplane_window>
10008794:	003a      	movs	r2, r7
10008796:	27c0      	movs	r7, #192	@ 0xc0
10008798:	2300      	movs	r3, #0
1000879a:	2101      	movs	r1, #1
1000879c:	0020      	movs	r0, r4
1000879e:	f7ff f93f 	bl	10007a20 <cyw43_write_reg_u8>
100087a2:	68a3      	ldr	r3, [r4, #8]
100087a4:	057f      	lsls	r7, r7, #21
100087a6:	42bb      	cmp	r3, r7
100087a8:	d012      	beq.n	100087d0 <reset_device_core.constprop.0+0x17c>
100087aa:	2280      	movs	r2, #128	@ 0x80
100087ac:	407b      	eors	r3, r7
100087ae:	0452      	lsls	r2, r2, #17
100087b0:	4293      	cmp	r3, r2
100087b2:	d300      	bcc.n	100087b6 <reset_device_core.constprop.0+0x162>
100087b4:	e0c8      	b.n	10008948 <reset_device_core.constprop.0+0x2f4>
100087b6:	22ff      	movs	r2, #255	@ 0xff
100087b8:	0412      	lsls	r2, r2, #16
100087ba:	4213      	tst	r3, r2
100087bc:	d000      	beq.n	100087c0 <reset_device_core.constprop.0+0x16c>
100087be:	e0b7      	b.n	10008930 <reset_device_core.constprop.0+0x2dc>
100087c0:	22ff      	movs	r2, #255	@ 0xff
100087c2:	0212      	lsls	r2, r2, #8
100087c4:	4213      	tst	r3, r2
100087c6:	d000      	beq.n	100087ca <reset_device_core.constprop.0+0x176>
100087c8:	e0aa      	b.n	10008920 <reset_device_core.constprop.0+0x2cc>
100087ca:	23c0      	movs	r3, #192	@ 0xc0
100087cc:	055b      	lsls	r3, r3, #21
100087ce:	60a3      	str	r3, [r4, #8]
100087d0:	27c0      	movs	r7, #192	@ 0xc0
100087d2:	2001      	movs	r0, #1
100087d4:	f001 fc54 	bl	1000a080 <cyw43_delay_ms>
100087d8:	0031      	movs	r1, r6
100087da:	0020      	movs	r0, r4
100087dc:	f7ff fab4 	bl	10007d48 <cyw43_set_backplane_window>
100087e0:	2301      	movs	r3, #1
100087e2:	002a      	movs	r2, r5
100087e4:	2101      	movs	r1, #1
100087e6:	0020      	movs	r0, r4
100087e8:	f7ff f91a 	bl	10007a20 <cyw43_write_reg_u8>
100087ec:	68a3      	ldr	r3, [r4, #8]
100087ee:	057f      	lsls	r7, r7, #21
100087f0:	42bb      	cmp	r3, r7
100087f2:	d011      	beq.n	10008818 <reset_device_core.constprop.0+0x1c4>
100087f4:	2280      	movs	r2, #128	@ 0x80
100087f6:	407b      	eors	r3, r7
100087f8:	0452      	lsls	r2, r2, #17
100087fa:	4293      	cmp	r3, r2
100087fc:	d300      	bcc.n	10008800 <reset_device_core.constprop.0+0x1ac>
100087fe:	e086      	b.n	1000890e <reset_device_core.constprop.0+0x2ba>
10008800:	22ff      	movs	r2, #255	@ 0xff
10008802:	0412      	lsls	r2, r2, #16
10008804:	4213      	tst	r3, r2
10008806:	d000      	beq.n	1000880a <reset_device_core.constprop.0+0x1b6>
10008808:	e075      	b.n	100088f6 <reset_device_core.constprop.0+0x2a2>
1000880a:	22ff      	movs	r2, #255	@ 0xff
1000880c:	0212      	lsls	r2, r2, #8
1000880e:	4213      	tst	r3, r2
10008810:	d169      	bne.n	100088e6 <reset_device_core.constprop.0+0x292>
10008812:	23c0      	movs	r3, #192	@ 0xc0
10008814:	055b      	lsls	r3, r3, #21
10008816:	60a3      	str	r3, [r4, #8]
10008818:	0031      	movs	r1, r6
1000881a:	0020      	movs	r0, r4
1000881c:	f7ff fa94 	bl	10007d48 <cyw43_set_backplane_window>
10008820:	002a      	movs	r2, r5
10008822:	25c0      	movs	r5, #192	@ 0xc0
10008824:	2101      	movs	r1, #1
10008826:	0020      	movs	r0, r4
10008828:	f7fe fde0 	bl	100073ec <cyw43_read_reg_u8>
1000882c:	68a3      	ldr	r3, [r4, #8]
1000882e:	056d      	lsls	r5, r5, #21
10008830:	42ab      	cmp	r3, r5
10008832:	d00f      	beq.n	10008854 <reset_device_core.constprop.0+0x200>
10008834:	2280      	movs	r2, #128	@ 0x80
10008836:	406b      	eors	r3, r5
10008838:	0452      	lsls	r2, r2, #17
1000883a:	4293      	cmp	r3, r2
1000883c:	d24a      	bcs.n	100088d4 <reset_device_core.constprop.0+0x280>
1000883e:	22ff      	movs	r2, #255	@ 0xff
10008840:	0412      	lsls	r2, r2, #16
10008842:	4213      	tst	r3, r2
10008844:	d13a      	bne.n	100088bc <reset_device_core.constprop.0+0x268>
10008846:	22ff      	movs	r2, #255	@ 0xff
10008848:	0212      	lsls	r2, r2, #8
1000884a:	4213      	tst	r3, r2
1000884c:	d12e      	bne.n	100088ac <reset_device_core.constprop.0+0x258>
1000884e:	23c0      	movs	r3, #192	@ 0xc0
10008850:	055b      	lsls	r3, r3, #21
10008852:	60a3      	str	r3, [r4, #8]
10008854:	2001      	movs	r0, #1
10008856:	f001 fc13 	bl	1000a080 <cyw43_delay_ms>
1000885a:	bcc0      	pop	{r6, r7}
1000885c:	46b9      	mov	r9, r7
1000885e:	46b0      	mov	r8, r6
10008860:	bdf8      	pop	{r3, r4, r5, r6, r7, pc}
10008862:	2318      	movs	r3, #24
10008864:	4a59      	ldr	r2, [pc, #356]	@ (100089cc <reset_device_core.constprop.0+0x378>)
10008866:	2101      	movs	r1, #1
10008868:	0020      	movs	r0, r4
1000886a:	f7ff f8d9 	bl	10007a20 <cyw43_write_reg_u8>
1000886e:	22ff      	movs	r2, #255	@ 0xff
10008870:	68a3      	ldr	r3, [r4, #8]
10008872:	0412      	lsls	r2, r2, #16
10008874:	4073      	eors	r3, r6
10008876:	4213      	tst	r3, r2
10008878:	d100      	bne.n	1000887c <reset_device_core.constprop.0+0x228>
1000887a:	e711      	b.n	100086a0 <reset_device_core.constprop.0+0x4c>
1000887c:	23c0      	movs	r3, #192	@ 0xc0
1000887e:	4a54      	ldr	r2, [pc, #336]	@ (100089d0 <reset_device_core.constprop.0+0x37c>)
10008880:	015b      	lsls	r3, r3, #5
10008882:	2101      	movs	r1, #1
10008884:	0020      	movs	r0, r4
10008886:	f7ff f8cb 	bl	10007a20 <cyw43_write_reg_u8>
1000888a:	23c0      	movs	r3, #192	@ 0xc0
1000888c:	68a2      	ldr	r2, [r4, #8]
1000888e:	055b      	lsls	r3, r3, #21
10008890:	4053      	eors	r3, r2
10008892:	22ff      	movs	r2, #255	@ 0xff
10008894:	0212      	lsls	r2, r2, #8
10008896:	4213      	tst	r3, r2
10008898:	d100      	bne.n	1000889c <reset_device_core.constprop.0+0x248>
1000889a:	e706      	b.n	100086aa <reset_device_core.constprop.0+0x56>
1000889c:	23c0      	movs	r3, #192	@ 0xc0
1000889e:	2101      	movs	r1, #1
100088a0:	0020      	movs	r0, r4
100088a2:	4a4c      	ldr	r2, [pc, #304]	@ (100089d4 <reset_device_core.constprop.0+0x380>)
100088a4:	035b      	lsls	r3, r3, #13
100088a6:	f7ff f8bb 	bl	10007a20 <cyw43_write_reg_u8>
100088aa:	e6fe      	b.n	100086aa <reset_device_core.constprop.0+0x56>
100088ac:	23c0      	movs	r3, #192	@ 0xc0
100088ae:	2101      	movs	r1, #1
100088b0:	0020      	movs	r0, r4
100088b2:	4a48      	ldr	r2, [pc, #288]	@ (100089d4 <reset_device_core.constprop.0+0x380>)
100088b4:	035b      	lsls	r3, r3, #13
100088b6:	f7ff f8b3 	bl	10007a20 <cyw43_write_reg_u8>
100088ba:	e7c8      	b.n	1000884e <reset_device_core.constprop.0+0x1fa>
100088bc:	23c0      	movs	r3, #192	@ 0xc0
100088be:	4a44      	ldr	r2, [pc, #272]	@ (100089d0 <reset_device_core.constprop.0+0x37c>)
100088c0:	015b      	lsls	r3, r3, #5
100088c2:	2101      	movs	r1, #1
100088c4:	0020      	movs	r0, r4
100088c6:	f7ff f8ab 	bl	10007a20 <cyw43_write_reg_u8>
100088ca:	23c0      	movs	r3, #192	@ 0xc0
100088cc:	68a2      	ldr	r2, [r4, #8]
100088ce:	055b      	lsls	r3, r3, #21
100088d0:	4053      	eors	r3, r2
100088d2:	e7b8      	b.n	10008846 <reset_device_core.constprop.0+0x1f2>
100088d4:	2318      	movs	r3, #24
100088d6:	2101      	movs	r1, #1
100088d8:	0020      	movs	r0, r4
100088da:	4a3c      	ldr	r2, [pc, #240]	@ (100089cc <reset_device_core.constprop.0+0x378>)
100088dc:	f7ff f8a0 	bl	10007a20 <cyw43_write_reg_u8>
100088e0:	68a3      	ldr	r3, [r4, #8]
100088e2:	406b      	eors	r3, r5
100088e4:	e7ab      	b.n	1000883e <reset_device_core.constprop.0+0x1ea>
100088e6:	23c0      	movs	r3, #192	@ 0xc0
100088e8:	2101      	movs	r1, #1
100088ea:	0020      	movs	r0, r4
100088ec:	4a39      	ldr	r2, [pc, #228]	@ (100089d4 <reset_device_core.constprop.0+0x380>)
100088ee:	035b      	lsls	r3, r3, #13
100088f0:	f7ff f896 	bl	10007a20 <cyw43_write_reg_u8>
100088f4:	e78d      	b.n	10008812 <reset_device_core.constprop.0+0x1be>
100088f6:	23c0      	movs	r3, #192	@ 0xc0
100088f8:	4a35      	ldr	r2, [pc, #212]	@ (100089d0 <reset_device_core.constprop.0+0x37c>)
100088fa:	015b      	lsls	r3, r3, #5
100088fc:	2101      	movs	r1, #1
100088fe:	0020      	movs	r0, r4
10008900:	f7ff f88e 	bl	10007a20 <cyw43_write_reg_u8>
10008904:	23c0      	movs	r3, #192	@ 0xc0
10008906:	68a2      	ldr	r2, [r4, #8]
10008908:	055b      	lsls	r3, r3, #21
1000890a:	4053      	eors	r3, r2
1000890c:	e77d      	b.n	1000880a <reset_device_core.constprop.0+0x1b6>
1000890e:	2318      	movs	r3, #24
10008910:	2101      	movs	r1, #1
10008912:	0020      	movs	r0, r4
10008914:	4a2d      	ldr	r2, [pc, #180]	@ (100089cc <reset_device_core.constprop.0+0x378>)
10008916:	f7ff f883 	bl	10007a20 <cyw43_write_reg_u8>
1000891a:	68a3      	ldr	r3, [r4, #8]
1000891c:	407b      	eors	r3, r7
1000891e:	e76f      	b.n	10008800 <reset_device_core.constprop.0+0x1ac>
10008920:	23c0      	movs	r3, #192	@ 0xc0
10008922:	2101      	movs	r1, #1
10008924:	0020      	movs	r0, r4
10008926:	4a2b      	ldr	r2, [pc, #172]	@ (100089d4 <reset_device_core.constprop.0+0x380>)
10008928:	035b      	lsls	r3, r3, #13
1000892a:	f7ff f879 	bl	10007a20 <cyw43_write_reg_u8>
1000892e:	e74c      	b.n	100087ca <reset_device_core.constprop.0+0x176>
10008930:	23c0      	movs	r3, #192	@ 0xc0
10008932:	4a27      	ldr	r2, [pc, #156]	@ (100089d0 <reset_device_core.constprop.0+0x37c>)
10008934:	015b      	lsls	r3, r3, #5
10008936:	2101      	movs	r1, #1
10008938:	0020      	movs	r0, r4
1000893a:	f7ff f871 	bl	10007a20 <cyw43_write_reg_u8>
1000893e:	23c0      	movs	r3, #192	@ 0xc0
10008940:	68a2      	ldr	r2, [r4, #8]
10008942:	055b      	lsls	r3, r3, #21
10008944:	4053      	eors	r3, r2
10008946:	e73b      	b.n	100087c0 <reset_device_core.constprop.0+0x16c>
10008948:	2318      	movs	r3, #24
1000894a:	2101      	movs	r1, #1
1000894c:	0020      	movs	r0, r4
1000894e:	4a1f      	ldr	r2, [pc, #124]	@ (100089cc <reset_device_core.constprop.0+0x378>)
10008950:	f7ff f866 	bl	10007a20 <cyw43_write_reg_u8>
10008954:	68a3      	ldr	r3, [r4, #8]
10008956:	407b      	eors	r3, r7
10008958:	e72d      	b.n	100087b6 <reset_device_core.constprop.0+0x162>
1000895a:	23c0      	movs	r3, #192	@ 0xc0
1000895c:	2101      	movs	r1, #1
1000895e:	0020      	movs	r0, r4
10008960:	4a1c      	ldr	r2, [pc, #112]	@ (100089d4 <reset_device_core.constprop.0+0x380>)
10008962:	035b      	lsls	r3, r3, #13
10008964:	f7ff f85c 	bl	10007a20 <cyw43_write_reg_u8>
10008968:	e70d      	b.n	10008786 <reset_device_core.constprop.0+0x132>
1000896a:	23c0      	movs	r3, #192	@ 0xc0
1000896c:	4a18      	ldr	r2, [pc, #96]	@ (100089d0 <reset_device_core.constprop.0+0x37c>)
1000896e:	015b      	lsls	r3, r3, #5
10008970:	2101      	movs	r1, #1
10008972:	0020      	movs	r0, r4
10008974:	f7ff f854 	bl	10007a20 <cyw43_write_reg_u8>
10008978:	23c0      	movs	r3, #192	@ 0xc0
1000897a:	68a2      	ldr	r2, [r4, #8]
1000897c:	055b      	lsls	r3, r3, #21
1000897e:	4053      	eors	r3, r2
10008980:	e6fc      	b.n	1000877c <reset_device_core.constprop.0+0x128>
10008982:	2318      	movs	r3, #24
10008984:	4a11      	ldr	r2, [pc, #68]	@ (100089cc <reset_device_core.constprop.0+0x378>)
10008986:	2101      	movs	r1, #1
10008988:	0020      	movs	r0, r4
1000898a:	f7ff f849 	bl	10007a20 <cyw43_write_reg_u8>
1000898e:	22c0      	movs	r2, #192	@ 0xc0
10008990:	68a3      	ldr	r3, [r4, #8]
10008992:	0552      	lsls	r2, r2, #21
10008994:	4053      	eors	r3, r2
10008996:	e6ec      	b.n	10008772 <reset_device_core.constprop.0+0x11e>
10008998:	23c0      	movs	r3, #192	@ 0xc0
1000899a:	2101      	movs	r1, #1
1000899c:	0020      	movs	r0, r4
1000899e:	4a0d      	ldr	r2, [pc, #52]	@ (100089d4 <reset_device_core.constprop.0+0x380>)
100089a0:	035b      	lsls	r3, r3, #13
100089a2:	f7ff f83d 	bl	10007a20 <cyw43_write_reg_u8>
100089a6:	e6cd      	b.n	10008744 <reset_device_core.constprop.0+0xf0>
100089a8:	23c0      	movs	r3, #192	@ 0xc0
100089aa:	4a09      	ldr	r2, [pc, #36]	@ (100089d0 <reset_device_core.constprop.0+0x37c>)
100089ac:	015b      	lsls	r3, r3, #5
100089ae:	2101      	movs	r1, #1
100089b0:	0020      	movs	r0, r4
100089b2:	f7ff f835 	bl	10007a20 <cyw43_write_reg_u8>
100089b6:	23c0      	movs	r3, #192	@ 0xc0
100089b8:	68a2      	ldr	r2, [r4, #8]
100089ba:	055b      	lsls	r3, r3, #21
100089bc:	4053      	eors	r3, r2
100089be:	e6bc      	b.n	1000873a <reset_device_core.constprop.0+0xe6>
100089c0:	18104800 	.word	0x18104800
100089c4:	0000c408 	.word	0x0000c408
100089c8:	18104408 	.word	0x18104408
100089cc:	0001000c 	.word	0x0001000c
100089d0:	0001000b 	.word	0x0001000b
100089d4:	0001000a 	.word	0x0001000a
100089d8:	2318      	movs	r3, #24
100089da:	4a19      	ldr	r2, [pc, #100]	@ (10008a40 <reset_device_core.constprop.0+0x3ec>)
100089dc:	2101      	movs	r1, #1
100089de:	0020      	movs	r0, r4
100089e0:	f7ff f81e 	bl	10007a20 <cyw43_write_reg_u8>
100089e4:	22c0      	movs	r2, #192	@ 0xc0
100089e6:	68a3      	ldr	r3, [r4, #8]
100089e8:	0552      	lsls	r2, r2, #21
100089ea:	4053      	eors	r3, r2
100089ec:	e6a0      	b.n	10008730 <reset_device_core.constprop.0+0xdc>
100089ee:	23c0      	movs	r3, #192	@ 0xc0
100089f0:	2101      	movs	r1, #1
100089f2:	0020      	movs	r0, r4
100089f4:	4a13      	ldr	r2, [pc, #76]	@ (10008a44 <reset_device_core.constprop.0+0x3f0>)
100089f6:	035b      	lsls	r3, r3, #13
100089f8:	f7ff f812 	bl	10007a20 <cyw43_write_reg_u8>
100089fc:	e677      	b.n	100086ee <reset_device_core.constprop.0+0x9a>
100089fe:	23c0      	movs	r3, #192	@ 0xc0
10008a00:	4a11      	ldr	r2, [pc, #68]	@ (10008a48 <reset_device_core.constprop.0+0x3f4>)
10008a02:	015b      	lsls	r3, r3, #5
10008a04:	2101      	movs	r1, #1
10008a06:	0020      	movs	r0, r4
10008a08:	f7ff f80a 	bl	10007a20 <cyw43_write_reg_u8>
10008a0c:	23c0      	movs	r3, #192	@ 0xc0
10008a0e:	68a2      	ldr	r2, [r4, #8]
10008a10:	055b      	lsls	r3, r3, #21
10008a12:	4053      	eors	r3, r2
10008a14:	e666      	b.n	100086e4 <reset_device_core.constprop.0+0x90>
10008a16:	2318      	movs	r3, #24
10008a18:	2101      	movs	r1, #1
10008a1a:	0020      	movs	r0, r4
10008a1c:	4a08      	ldr	r2, [pc, #32]	@ (10008a40 <reset_device_core.constprop.0+0x3ec>)
10008a1e:	f7fe ffff 	bl	10007a20 <cyw43_write_reg_u8>
10008a22:	68a3      	ldr	r3, [r4, #8]
10008a24:	4073      	eors	r3, r6
10008a26:	e658      	b.n	100086da <reset_device_core.constprop.0+0x86>
10008a28:	27b8      	movs	r7, #184	@ 0xb8
10008a2a:	4b08      	ldr	r3, [pc, #32]	@ (10008a4c <reset_device_core.constprop.0+0x3f8>)
10008a2c:	023f      	lsls	r7, r7, #8
10008a2e:	4698      	mov	r8, r3
10008a30:	e61d      	b.n	1000866e <reset_device_core.constprop.0+0x1a>
10008a32:	4d07      	ldr	r5, [pc, #28]	@ (10008a50 <reset_device_core.constprop.0+0x3fc>)
10008a34:	4e07      	ldr	r6, [pc, #28]	@ (10008a54 <reset_device_core.constprop.0+0x400>)
10008a36:	e666      	b.n	10008706 <reset_device_core.constprop.0+0xb2>
10008a38:	4807      	ldr	r0, [pc, #28]	@ (10008a58 <reset_device_core.constprop.0+0x404>)
10008a3a:	f7fb fb53 	bl	100040e4 <__wrap_puts>
10008a3e:	e65d      	b.n	100086fc <reset_device_core.constprop.0+0xa8>
10008a40:	0001000c 	.word	0x0001000c
10008a44:	0001000a 	.word	0x0001000a
10008a48:	0001000b 	.word	0x0001000b
10008a4c:	18103800 	.word	0x18103800
10008a50:	0000b408 	.word	0x0000b408
10008a54:	18103408 	.word	0x18103408
10008a58:	1000b5b4 	.word	0x1000b5b4

10008a5c <cyw43_ll_init>:
10008a5c:	2280      	movs	r2, #128	@ 0x80
10008a5e:	2300      	movs	r3, #0
10008a60:	0052      	lsls	r2, r2, #1
10008a62:	8182      	strh	r2, [r0, #12]
10008a64:	4a03      	ldr	r2, [pc, #12]	@ (10008a74 <cyw43_ll_init+0x18>)
10008a66:	6001      	str	r1, [r0, #0]
10008a68:	6083      	str	r3, [r0, #8]
10008a6a:	7383      	strb	r3, [r0, #14]
10008a6c:	6103      	str	r3, [r0, #16]
10008a6e:	5083      	str	r3, [r0, r2]
10008a70:	4770      	bx	lr
10008a72:	46c0      	nop			@ (mov r8, r8)
10008a74:	0000084c 	.word	0x0000084c

10008a78 <cyw43_ll_deinit>:
10008a78:	b510      	push	{r4, lr}
10008a7a:	f7fe f93b 	bl	10006cf4 <cyw43_spi_deinit>
10008a7e:	bd10      	pop	{r4, pc}

10008a80 <cyw43_ll_process_packets>:
10008a80:	b510      	push	{r4, lr}
10008a82:	0004      	movs	r4, r0
10008a84:	b082      	sub	sp, #8
10008a86:	4669      	mov	r1, sp
10008a88:	0020      	movs	r0, r4
10008a8a:	aa01      	add	r2, sp, #4
10008a8c:	f7ff fa66 	bl	10007f5c <cyw43_ll_sdpcm_poll_device>
10008a90:	1c43      	adds	r3, r0, #1
10008a92:	d014      	beq.n	10008abe <cyw43_ll_process_packets+0x3e>
10008a94:	1d03      	adds	r3, r0, #4
10008a96:	d0f6      	beq.n	10008a86 <cyw43_ll_process_packets+0x6>
10008a98:	2801      	cmp	r0, #1
10008a9a:	d012      	beq.n	10008ac2 <cyw43_ll_process_packets+0x42>
10008a9c:	2802      	cmp	r0, #2
10008a9e:	d1f2      	bne.n	10008a86 <cyw43_ll_process_packets+0x6>
10008aa0:	9900      	ldr	r1, [sp, #0]
10008aa2:	9b01      	ldr	r3, [sp, #4]
10008aa4:	004a      	lsls	r2, r1, #1
10008aa6:	6820      	ldr	r0, [r4, #0]
10008aa8:	0852      	lsrs	r2, r2, #1
10008aaa:	0fc9      	lsrs	r1, r1, #31
10008aac:	f001 fb18 	bl	1000a0e0 <cyw43_cb_process_ethernet>
10008ab0:	4669      	mov	r1, sp
10008ab2:	0020      	movs	r0, r4
10008ab4:	aa01      	add	r2, sp, #4
10008ab6:	f7ff fa51 	bl	10007f5c <cyw43_ll_sdpcm_poll_device>
10008aba:	1c43      	adds	r3, r0, #1
10008abc:	d1ea      	bne.n	10008a94 <cyw43_ll_process_packets+0x14>
10008abe:	b002      	add	sp, #8
10008ac0:	bd10      	pop	{r4, pc}
10008ac2:	9901      	ldr	r1, [sp, #4]
10008ac4:	9800      	ldr	r0, [sp, #0]
10008ac6:	f7ff f973 	bl	10007db0 <cyw43_ll_parse_async_event>
10008aca:	0001      	movs	r1, r0
10008acc:	0020      	movs	r0, r4
10008ace:	f000 fe71 	bl	100097b4 <cyw43_cb_process_async_event>
10008ad2:	e7d8      	b.n	10008a86 <cyw43_ll_process_packets+0x6>

10008ad4 <cyw43_ll_ioctl>:
10008ad4:	b5f0      	push	{r4, r5, r6, r7, lr}
10008ad6:	46c6      	mov	lr, r8
10008ad8:	4698      	mov	r8, r3
10008ada:	2380      	movs	r3, #128	@ 0x80
10008adc:	b500      	push	{lr}
10008ade:	0015      	movs	r5, r2
10008ae0:	321c      	adds	r2, #28
10008ae2:	0004      	movs	r4, r0
10008ae4:	b082      	sub	sp, #8
10008ae6:	011b      	lsls	r3, r3, #4
10008ae8:	429a      	cmp	r2, r3
10008aea:	d82d      	bhi.n	10008b48 <cyw43_ll_ioctl+0x74>
10008aec:	2702      	movs	r7, #2
10008aee:	004b      	lsls	r3, r1, #1
10008af0:	8a02      	ldrh	r2, [r0, #16]
10008af2:	401f      	ands	r7, r3
10008af4:	084e      	lsrs	r6, r1, #1
10008af6:	042b      	lsls	r3, r5, #16
10008af8:	9908      	ldr	r1, [sp, #32]
10008afa:	0c1b      	lsrs	r3, r3, #16
10008afc:	6383      	str	r3, [r0, #56]	@ 0x38
10008afe:	3201      	adds	r2, #1
10008b00:	030b      	lsls	r3, r1, #12
10008b02:	8202      	strh	r2, [r0, #16]
10008b04:	433b      	orrs	r3, r7
10008b06:	0412      	lsls	r2, r2, #16
10008b08:	4313      	orrs	r3, r2
10008b0a:	63c3      	str	r3, [r0, #60]	@ 0x3c
10008b0c:	2300      	movs	r3, #0
10008b0e:	002a      	movs	r2, r5
10008b10:	6403      	str	r3, [r0, #64]	@ 0x40
10008b12:	4641      	mov	r1, r8
10008b14:	6346      	str	r6, [r0, #52]	@ 0x34
10008b16:	3044      	adds	r0, #68	@ 0x44
10008b18:	f002 fb86 	bl	1000b228 <__memmove_veneer>
10008b1c:	0023      	movs	r3, r4
10008b1e:	002a      	movs	r2, r5
10008b20:	2100      	movs	r1, #0
10008b22:	0020      	movs	r0, r4
10008b24:	3328      	adds	r3, #40	@ 0x28
10008b26:	3210      	adds	r2, #16
10008b28:	f7ff fb30 	bl	1000818c <cyw43_sdpcm_send_common>
10008b2c:	2800      	cmp	r0, #0
10008b2e:	d107      	bne.n	10008b40 <cyw43_ll_ioctl+0x6c>
10008b30:	4643      	mov	r3, r8
10008b32:	0032      	movs	r2, r6
10008b34:	9300      	str	r3, [sp, #0]
10008b36:	0039      	movs	r1, r7
10008b38:	002b      	movs	r3, r5
10008b3a:	0020      	movs	r0, r4
10008b3c:	f7ff fba0 	bl	10008280 <cyw43_do_ioctl.part.0>
10008b40:	b002      	add	sp, #8
10008b42:	bc80      	pop	{r7}
10008b44:	46b8      	mov	r8, r7
10008b46:	bdf0      	pop	{r4, r5, r6, r7, pc}
10008b48:	2005      	movs	r0, #5
10008b4a:	4240      	negs	r0, r0
10008b4c:	e7f8      	b.n	10008b40 <cyw43_ll_ioctl+0x6c>
10008b4e:	46c0      	nop			@ (mov r8, r8)

10008b50 <cyw43_ll_bus_sleep>:
10008b50:	b510      	push	{r4, lr}
10008b52:	0004      	movs	r4, r0
10008b54:	2900      	cmp	r1, #0
10008b56:	d009      	beq.n	10008b6c <cyw43_ll_bus_sleep+0x1c>
10008b58:	7c83      	ldrb	r3, [r0, #18]
10008b5a:	2b00      	cmp	r3, #0
10008b5c:	d100      	bne.n	10008b60 <cyw43_ll_bus_sleep+0x10>
10008b5e:	bd10      	pop	{r4, pc}
10008b60:	2300      	movs	r3, #0
10008b62:	2100      	movs	r1, #0
10008b64:	7483      	strb	r3, [r0, #18]
10008b66:	f7ff f9b9 	bl	10007edc <cyw43_kso_set>
10008b6a:	e7f8      	b.n	10008b5e <cyw43_ll_bus_sleep+0xe>
10008b6c:	f000 fe1c 	bl	100097a8 <cyw43_cb_ensure_awake>
10008b70:	7ca3      	ldrb	r3, [r4, #18]
10008b72:	2b00      	cmp	r3, #0
10008b74:	d1f3      	bne.n	10008b5e <cyw43_ll_bus_sleep+0xe>
10008b76:	2101      	movs	r1, #1
10008b78:	0020      	movs	r0, r4
10008b7a:	f7ff f9af 	bl	10007edc <cyw43_kso_set>
10008b7e:	2301      	movs	r3, #1
10008b80:	74a3      	strb	r3, [r4, #18]
10008b82:	e7ec      	b.n	10008b5e <cyw43_ll_bus_sleep+0xe>

10008b84 <cyw43_ll_wifi_get_mac>:
10008b84:	b5f0      	push	{r4, r5, r6, r7, lr}
10008b86:	46c6      	mov	lr, r8
10008b88:	0006      	movs	r6, r0
10008b8a:	0004      	movs	r4, r0
10008b8c:	b500      	push	{lr}
10008b8e:	3644      	adds	r6, #68	@ 0x44
10008b90:	2214      	movs	r2, #20
10008b92:	b082      	sub	sp, #8
10008b94:	4688      	mov	r8, r1
10008b96:	0030      	movs	r0, r6
10008b98:	4916      	ldr	r1, [pc, #88]	@ (10008bf4 <cyw43_ll_wifi_get_mac+0x70>)
10008b9a:	f7f9 fd43 	bl	10002624 <__wrap___aeabi_memcpy>
10008b9e:	8a23      	ldrh	r3, [r4, #16]
10008ba0:	2783      	movs	r7, #131	@ 0x83
10008ba2:	3301      	adds	r3, #1
10008ba4:	8223      	strh	r3, [r4, #16]
10008ba6:	041b      	lsls	r3, r3, #16
10008ba8:	63e3      	str	r3, [r4, #60]	@ 0x3c
10008baa:	2300      	movs	r3, #0
10008bac:	2214      	movs	r2, #20
10008bae:	6423      	str	r3, [r4, #64]	@ 0x40
10008bb0:	0023      	movs	r3, r4
10008bb2:	007f      	lsls	r7, r7, #1
10008bb4:	63a2      	str	r2, [r4, #56]	@ 0x38
10008bb6:	2100      	movs	r1, #0
10008bb8:	0020      	movs	r0, r4
10008bba:	6367      	str	r7, [r4, #52]	@ 0x34
10008bbc:	3328      	adds	r3, #40	@ 0x28
10008bbe:	3210      	adds	r2, #16
10008bc0:	f7ff fae4 	bl	1000818c <cyw43_sdpcm_send_common>
10008bc4:	1e05      	subs	r5, r0, #0
10008bc6:	d10d      	bne.n	10008be4 <cyw43_ll_wifi_get_mac+0x60>
10008bc8:	2314      	movs	r3, #20
10008bca:	003a      	movs	r2, r7
10008bcc:	2100      	movs	r1, #0
10008bce:	0020      	movs	r0, r4
10008bd0:	9600      	str	r6, [sp, #0]
10008bd2:	f7ff fb55 	bl	10008280 <cyw43_do_ioctl.part.0>
10008bd6:	1e05      	subs	r5, r0, #0
10008bd8:	d109      	bne.n	10008bee <cyw43_ll_wifi_get_mac+0x6a>
10008bda:	2206      	movs	r2, #6
10008bdc:	0031      	movs	r1, r6
10008bde:	4640      	mov	r0, r8
10008be0:	f7f9 fd20 	bl	10002624 <__wrap___aeabi_memcpy>
10008be4:	0028      	movs	r0, r5
10008be6:	b002      	add	sp, #8
10008be8:	bc80      	pop	{r7}
10008bea:	46b8      	mov	r8, r7
10008bec:	bdf0      	pop	{r4, r5, r6, r7, pc}
10008bee:	2502      	movs	r5, #2
10008bf0:	426d      	negs	r5, r5
10008bf2:	e7f7      	b.n	10008be4 <cyw43_ll_wifi_get_mac+0x60>
10008bf4:	10042df4 	.word	0x10042df4

10008bf8 <cyw43_ll_bus_init>:
10008bf8:	b5f0      	push	{r4, r5, r6, r7, lr}
10008bfa:	4645      	mov	r5, r8
10008bfc:	46de      	mov	lr, fp
10008bfe:	4657      	mov	r7, sl
10008c00:	464e      	mov	r6, r9
10008c02:	b5e0      	push	{r5, r6, r7, lr}
10008c04:	4ba8      	ldr	r3, [pc, #672]	@ (10008ea8 <cyw43_ll_bus_init+0x2b0>)
10008c06:	b089      	sub	sp, #36	@ 0x24
10008c08:	6a9b      	ldr	r3, [r3, #40]	@ 0x28
10008c0a:	0004      	movs	r4, r0
10008c0c:	6043      	str	r3, [r0, #4]
10008c0e:	4688      	mov	r8, r1
10008c10:	f7fe f8a6 	bl	10006d60 <cyw43_spi_init>
10008c14:	2800      	cmp	r0, #0
10008c16:	d112      	bne.n	10008c3e <cyw43_ll_bus_init+0x46>
10008c18:	f7fe fb40 	bl	1000729c <cyw43_spi_gpio_setup>
10008c1c:	250a      	movs	r5, #10
10008c1e:	f7fe fb5b 	bl	100072d8 <cyw43_spi_reset>
10008c22:	4ea2      	ldr	r6, [pc, #648]	@ (10008eac <cyw43_ll_bus_init+0x2b4>)
10008c24:	2214      	movs	r2, #20
10008c26:	2100      	movs	r1, #0
10008c28:	0020      	movs	r0, r4
10008c2a:	f7fe fb69 	bl	10007300 <read_reg_u32_swap>
10008c2e:	42b0      	cmp	r0, r6
10008c30:	d012      	beq.n	10008c58 <cyw43_ll_bus_init+0x60>
10008c32:	2001      	movs	r0, #1
10008c34:	3d01      	subs	r5, #1
10008c36:	f001 fa23 	bl	1000a080 <cyw43_delay_ms>
10008c3a:	2d00      	cmp	r5, #0
10008c3c:	d1f2      	bne.n	10008c24 <cyw43_ll_bus_init+0x2c>
10008c3e:	489c      	ldr	r0, [pc, #624]	@ (10008eb0 <cyw43_ll_bus_init+0x2b8>)
10008c40:	f7fb fa50 	bl	100040e4 <__wrap_puts>
10008c44:	2506      	movs	r5, #6
10008c46:	426d      	negs	r5, r5
10008c48:	0028      	movs	r0, r5
10008c4a:	b009      	add	sp, #36	@ 0x24
10008c4c:	bcf0      	pop	{r4, r5, r6, r7}
10008c4e:	46bb      	mov	fp, r7
10008c50:	46b2      	mov	sl, r6
10008c52:	46a9      	mov	r9, r5
10008c54:	46a0      	mov	r8, r4
10008c56:	bdf0      	pop	{r4, r5, r6, r7, pc}
10008c58:	2200      	movs	r2, #0
10008c5a:	2100      	movs	r1, #0
10008c5c:	0020      	movs	r0, r4
10008c5e:	4b95      	ldr	r3, [pc, #596]	@ (10008eb4 <cyw43_ll_bus_init+0x2bc>)
10008c60:	f7fe fbee 	bl	10007440 <write_reg_u32_swap>
10008c64:	2800      	cmp	r0, #0
10008c66:	d1ea      	bne.n	10008c3e <cyw43_ll_bus_init+0x46>
10008c68:	2200      	movs	r2, #0
10008c6a:	2100      	movs	r1, #0
10008c6c:	0020      	movs	r0, r4
10008c6e:	f7fe fb69 	bl	10007344 <cyw43_read_reg_u32>
10008c72:	2310      	movs	r3, #16
10008c74:	221d      	movs	r2, #29
10008c76:	2100      	movs	r1, #0
10008c78:	0020      	movs	r0, r4
10008c7a:	f7fe fed1 	bl	10007a20 <cyw43_write_reg_u8>
10008c7e:	2800      	cmp	r0, #0
10008c80:	d1dd      	bne.n	10008c3e <cyw43_ll_bus_init+0x46>
10008c82:	2399      	movs	r3, #153	@ 0x99
10008c84:	2204      	movs	r2, #4
10008c86:	2100      	movs	r1, #0
10008c88:	0020      	movs	r0, r4
10008c8a:	f7fe fec9 	bl	10007a20 <cyw43_write_reg_u8>
10008c8e:	2800      	cmp	r0, #0
10008c90:	d1d5      	bne.n	10008c3e <cyw43_ll_bus_init+0x46>
10008c92:	23be      	movs	r3, #190	@ 0xbe
10008c94:	2206      	movs	r2, #6
10008c96:	2100      	movs	r1, #0
10008c98:	0020      	movs	r0, r4
10008c9a:	f7fe fdc7 	bl	1000782c <cyw43_write_reg_u16>
10008c9e:	2800      	cmp	r0, #0
10008ca0:	d1cd      	bne.n	10008c3e <cyw43_ll_bus_init+0x46>
10008ca2:	2308      	movs	r3, #8
10008ca4:	2101      	movs	r1, #1
10008ca6:	0020      	movs	r0, r4
10008ca8:	4a83      	ldr	r2, [pc, #524]	@ (10008eb8 <cyw43_ll_bus_init+0x2c0>)
10008caa:	f7fe feb9 	bl	10007a20 <cyw43_write_reg_u8>
10008cae:	250a      	movs	r5, #10
10008cb0:	2640      	movs	r6, #64	@ 0x40
10008cb2:	2101      	movs	r1, #1
10008cb4:	0020      	movs	r0, r4
10008cb6:	4a80      	ldr	r2, [pc, #512]	@ (10008eb8 <cyw43_ll_bus_init+0x2c0>)
10008cb8:	f7fe fb98 	bl	100073ec <cyw43_read_reg_u8>
10008cbc:	4206      	tst	r6, r0
10008cbe:	d109      	bne.n	10008cd4 <cyw43_ll_bus_init+0xdc>
10008cc0:	2001      	movs	r0, #1
10008cc2:	3d01      	subs	r5, #1
10008cc4:	f001 f9dc 	bl	1000a080 <cyw43_delay_ms>
10008cc8:	2d00      	cmp	r5, #0
10008cca:	d1f2      	bne.n	10008cb2 <cyw43_ll_bus_init+0xba>
10008ccc:	487b      	ldr	r0, [pc, #492]	@ (10008ebc <cyw43_ll_bus_init+0x2c4>)
10008cce:	f7fb fa09 	bl	100040e4 <__wrap_puts>
10008cd2:	e7b7      	b.n	10008c44 <cyw43_ll_bus_init+0x4c>
10008cd4:	2300      	movs	r3, #0
10008cd6:	4a78      	ldr	r2, [pc, #480]	@ (10008eb8 <cyw43_ll_bus_init+0x2c0>)
10008cd8:	2101      	movs	r1, #1
10008cda:	0020      	movs	r0, r4
10008cdc:	f7fe fea0 	bl	10007a20 <cyw43_write_reg_u8>
10008ce0:	0020      	movs	r0, r4
10008ce2:	4977      	ldr	r1, [pc, #476]	@ (10008ec0 <cyw43_ll_bus_init+0x2c8>)
10008ce4:	f7ff f830 	bl	10007d48 <cyw43_set_backplane_window>
10008ce8:	22b8      	movs	r2, #184	@ 0xb8
10008cea:	25c0      	movs	r5, #192	@ 0xc0
10008cec:	2101      	movs	r1, #1
10008cee:	0020      	movs	r0, r4
10008cf0:	0212      	lsls	r2, r2, #8
10008cf2:	f7fe fb7b 	bl	100073ec <cyw43_read_reg_u8>
10008cf6:	68a3      	ldr	r3, [r4, #8]
10008cf8:	056d      	lsls	r5, r5, #21
10008cfa:	42ab      	cmp	r3, r5
10008cfc:	d012      	beq.n	10008d24 <cyw43_ll_bus_init+0x12c>
10008cfe:	2280      	movs	r2, #128	@ 0x80
10008d00:	406b      	eors	r3, r5
10008d02:	0452      	lsls	r2, r2, #17
10008d04:	4293      	cmp	r3, r2
10008d06:	d300      	bcc.n	10008d0a <cyw43_ll_bus_init+0x112>
10008d08:	e2ca      	b.n	100092a0 <cyw43_ll_bus_init+0x6a8>
10008d0a:	22ff      	movs	r2, #255	@ 0xff
10008d0c:	0412      	lsls	r2, r2, #16
10008d0e:	4213      	tst	r3, r2
10008d10:	d000      	beq.n	10008d14 <cyw43_ll_bus_init+0x11c>
10008d12:	e2b9      	b.n	10009288 <cyw43_ll_bus_init+0x690>
10008d14:	22ff      	movs	r2, #255	@ 0xff
10008d16:	0212      	lsls	r2, r2, #8
10008d18:	4213      	tst	r3, r2
10008d1a:	d000      	beq.n	10008d1e <cyw43_ll_bus_init+0x126>
10008d1c:	e2ac      	b.n	10009278 <cyw43_ll_bus_init+0x680>
10008d1e:	23c0      	movs	r3, #192	@ 0xc0
10008d20:	055b      	lsls	r3, r3, #21
10008d22:	60a3      	str	r3, [r4, #8]
10008d24:	0020      	movs	r0, r4
10008d26:	4966      	ldr	r1, [pc, #408]	@ (10008ec0 <cyw43_ll_bus_init+0x2c8>)
10008d28:	f7ff f80e 	bl	10007d48 <cyw43_set_backplane_window>
10008d2c:	22b8      	movs	r2, #184	@ 0xb8
10008d2e:	2101      	movs	r1, #1
10008d30:	0020      	movs	r0, r4
10008d32:	0212      	lsls	r2, r2, #8
10008d34:	f7fe fb5a 	bl	100073ec <cyw43_read_reg_u8>
10008d38:	26c0      	movs	r6, #192	@ 0xc0
10008d3a:	68a3      	ldr	r3, [r4, #8]
10008d3c:	0005      	movs	r5, r0
10008d3e:	0576      	lsls	r6, r6, #21
10008d40:	42b3      	cmp	r3, r6
10008d42:	d012      	beq.n	10008d6a <cyw43_ll_bus_init+0x172>
10008d44:	2280      	movs	r2, #128	@ 0x80
10008d46:	4073      	eors	r3, r6
10008d48:	0452      	lsls	r2, r2, #17
10008d4a:	4293      	cmp	r3, r2
10008d4c:	d300      	bcc.n	10008d50 <cyw43_ll_bus_init+0x158>
10008d4e:	e28a      	b.n	10009266 <cyw43_ll_bus_init+0x66e>
10008d50:	22ff      	movs	r2, #255	@ 0xff
10008d52:	0412      	lsls	r2, r2, #16
10008d54:	4213      	tst	r3, r2
10008d56:	d000      	beq.n	10008d5a <cyw43_ll_bus_init+0x162>
10008d58:	e279      	b.n	1000924e <cyw43_ll_bus_init+0x656>
10008d5a:	22ff      	movs	r2, #255	@ 0xff
10008d5c:	0212      	lsls	r2, r2, #8
10008d5e:	4213      	tst	r3, r2
10008d60:	d000      	beq.n	10008d64 <cyw43_ll_bus_init+0x16c>
10008d62:	e26c      	b.n	1000923e <cyw43_ll_bus_init+0x646>
10008d64:	23c0      	movs	r3, #192	@ 0xc0
10008d66:	055b      	lsls	r3, r3, #21
10008d68:	60a3      	str	r3, [r4, #8]
10008d6a:	07ed      	lsls	r5, r5, #31
10008d6c:	d400      	bmi.n	10008d70 <cyw43_ll_bus_init+0x178>
10008d6e:	e37d      	b.n	1000946c <cyw43_ll_bus_init+0x874>
10008d70:	0020      	movs	r0, r4
10008d72:	4954      	ldr	r1, [pc, #336]	@ (10008ec4 <cyw43_ll_bus_init+0x2cc>)
10008d74:	f7fe ffe8 	bl	10007d48 <cyw43_set_backplane_window>
10008d78:	22c8      	movs	r2, #200	@ 0xc8
10008d7a:	25c0      	movs	r5, #192	@ 0xc0
10008d7c:	2101      	movs	r1, #1
10008d7e:	0020      	movs	r0, r4
10008d80:	0212      	lsls	r2, r2, #8
10008d82:	f7fe fb33 	bl	100073ec <cyw43_read_reg_u8>
10008d86:	68a3      	ldr	r3, [r4, #8]
10008d88:	056d      	lsls	r5, r5, #21
10008d8a:	42ab      	cmp	r3, r5
10008d8c:	d012      	beq.n	10008db4 <cyw43_ll_bus_init+0x1bc>
10008d8e:	2280      	movs	r2, #128	@ 0x80
10008d90:	406b      	eors	r3, r5
10008d92:	0452      	lsls	r2, r2, #17
10008d94:	4293      	cmp	r3, r2
10008d96:	d300      	bcc.n	10008d9a <cyw43_ll_bus_init+0x1a2>
10008d98:	e2d4      	b.n	10009344 <cyw43_ll_bus_init+0x74c>
10008d9a:	22ff      	movs	r2, #255	@ 0xff
10008d9c:	0412      	lsls	r2, r2, #16
10008d9e:	4213      	tst	r3, r2
10008da0:	d000      	beq.n	10008da4 <cyw43_ll_bus_init+0x1ac>
10008da2:	e2c3      	b.n	1000932c <cyw43_ll_bus_init+0x734>
10008da4:	22ff      	movs	r2, #255	@ 0xff
10008da6:	0212      	lsls	r2, r2, #8
10008da8:	4213      	tst	r3, r2
10008daa:	d000      	beq.n	10008dae <cyw43_ll_bus_init+0x1b6>
10008dac:	e2b6      	b.n	1000931c <cyw43_ll_bus_init+0x724>
10008dae:	23c0      	movs	r3, #192	@ 0xc0
10008db0:	055b      	lsls	r3, r3, #21
10008db2:	60a3      	str	r3, [r4, #8]
10008db4:	0020      	movs	r0, r4
10008db6:	4943      	ldr	r1, [pc, #268]	@ (10008ec4 <cyw43_ll_bus_init+0x2cc>)
10008db8:	f7fe ffc6 	bl	10007d48 <cyw43_set_backplane_window>
10008dbc:	22c8      	movs	r2, #200	@ 0xc8
10008dbe:	2101      	movs	r1, #1
10008dc0:	0020      	movs	r0, r4
10008dc2:	0212      	lsls	r2, r2, #8
10008dc4:	f7fe fb12 	bl	100073ec <cyw43_read_reg_u8>
10008dc8:	26c0      	movs	r6, #192	@ 0xc0
10008dca:	68a3      	ldr	r3, [r4, #8]
10008dcc:	0005      	movs	r5, r0
10008dce:	0576      	lsls	r6, r6, #21
10008dd0:	42b3      	cmp	r3, r6
10008dd2:	d012      	beq.n	10008dfa <cyw43_ll_bus_init+0x202>
10008dd4:	2280      	movs	r2, #128	@ 0x80
10008dd6:	4073      	eors	r3, r6
10008dd8:	0452      	lsls	r2, r2, #17
10008dda:	4293      	cmp	r3, r2
10008ddc:	d300      	bcc.n	10008de0 <cyw43_ll_bus_init+0x1e8>
10008dde:	e268      	b.n	100092b2 <cyw43_ll_bus_init+0x6ba>
10008de0:	22ff      	movs	r2, #255	@ 0xff
10008de2:	0412      	lsls	r2, r2, #16
10008de4:	4213      	tst	r3, r2
10008de6:	d000      	beq.n	10008dea <cyw43_ll_bus_init+0x1f2>
10008de8:	e2bd      	b.n	10009366 <cyw43_ll_bus_init+0x76e>
10008dea:	22ff      	movs	r2, #255	@ 0xff
10008dec:	0212      	lsls	r2, r2, #8
10008dee:	4213      	tst	r3, r2
10008df0:	d000      	beq.n	10008df4 <cyw43_ll_bus_init+0x1fc>
10008df2:	e2b0      	b.n	10009356 <cyw43_ll_bus_init+0x75e>
10008df4:	23c0      	movs	r3, #192	@ 0xc0
10008df6:	055b      	lsls	r3, r3, #21
10008df8:	60a3      	str	r3, [r4, #8]
10008dfa:	07ed      	lsls	r5, r5, #31
10008dfc:	d400      	bmi.n	10008e00 <cyw43_ll_bus_init+0x208>
10008dfe:	e339      	b.n	10009474 <cyw43_ll_bus_init+0x87c>
10008e00:	2102      	movs	r1, #2
10008e02:	0020      	movs	r0, r4
10008e04:	f7ff fc26 	bl	10008654 <reset_device_core.constprop.0>
10008e08:	2303      	movs	r3, #3
10008e0a:	2204      	movs	r2, #4
10008e0c:	0020      	movs	r0, r4
10008e0e:	492e      	ldr	r1, [pc, #184]	@ (10008ec8 <cyw43_ll_bus_init+0x2d0>)
10008e10:	f7ff fb9e 	bl	10008550 <cyw43_write_backplane>
10008e14:	2300      	movs	r3, #0
10008e16:	2204      	movs	r2, #4
10008e18:	492c      	ldr	r1, [pc, #176]	@ (10008ecc <cyw43_ll_bus_init+0x2d4>)
10008e1a:	0020      	movs	r0, r4
10008e1c:	f7ff fb98 	bl	10008550 <cyw43_write_backplane>
10008e20:	21fa      	movs	r1, #250	@ 0xfa
10008e22:	4f2b      	ldr	r7, [pc, #172]	@ (10008ed0 <cyw43_ll_bus_init+0x2d8>)
10008e24:	4a2b      	ldr	r2, [pc, #172]	@ (10008ed4 <cyw43_ll_bus_init+0x2dc>)
10008e26:	4b2c      	ldr	r3, [pc, #176]	@ (10008ed8 <cyw43_ll_bus_init+0x2e0>)
10008e28:	19d2      	adds	r2, r2, r7
10008e2a:	5ad6      	ldrh	r6, [r2, r3]
10008e2c:	46bb      	mov	fp, r7
10008e2e:	0049      	lsls	r1, r1, #1
10008e30:	428e      	cmp	r6, r1
10008e32:	db00      	blt.n	10008e36 <cyw43_ll_bus_init+0x23e>
10008e34:	e0b4      	b.n	10008fa0 <cyw43_ll_bus_init+0x3a8>
10008e36:	4929      	ldr	r1, [pc, #164]	@ (10008edc <cyw43_ll_bus_init+0x2e4>)
10008e38:	5c52      	ldrb	r2, [r2, r1]
10008e3a:	2a00      	cmp	r2, #0
10008e3c:	d000      	beq.n	10008e40 <cyw43_ll_bus_init+0x248>
10008e3e:	e0af      	b.n	10008fa0 <cyw43_ll_bus_init+0x3a8>
10008e40:	2e50      	cmp	r6, #80	@ 0x50
10008e42:	dc00      	bgt.n	10008e46 <cyw43_ll_bus_init+0x24e>
10008e44:	e0ac      	b.n	10008fa0 <cyw43_ll_bus_init+0x3a8>
10008e46:	4b26      	ldr	r3, [pc, #152]	@ (10008ee0 <cyw43_ll_bus_init+0x2e8>)
10008e48:	2550      	movs	r5, #80	@ 0x50
10008e4a:	4699      	mov	r9, r3
10008e4c:	46a2      	mov	sl, r4
10008e4e:	e003      	b.n	10008e58 <cyw43_ll_bus_init+0x260>
10008e50:	3501      	adds	r5, #1
10008e52:	42ae      	cmp	r6, r5
10008e54:	dc00      	bgt.n	10008e58 <cyw43_ll_bus_init+0x260>
10008e56:	e0a3      	b.n	10008fa0 <cyw43_ll_bus_init+0x3a8>
10008e58:	4b22      	ldr	r3, [pc, #136]	@ (10008ee4 <cyw43_ll_bus_init+0x2ec>)
10008e5a:	2209      	movs	r2, #9
10008e5c:	4649      	mov	r1, r9
10008e5e:	1b58      	subs	r0, r3, r5
10008e60:	f001 fffe 	bl	1000ae60 <strncmp>
10008e64:	2800      	cmp	r0, #0
10008e66:	d1f3      	bne.n	10008e50 <cyw43_ll_bus_init+0x258>
10008e68:	4654      	mov	r4, sl
10008e6a:	2600      	movs	r6, #0
10008e6c:	0031      	movs	r1, r6
10008e6e:	0020      	movs	r0, r4
10008e70:	f7fe ff6a 	bl	10007d48 <cyw43_set_backplane_window>
10008e74:	2380      	movs	r3, #128	@ 0x80
10008e76:	0472      	lsls	r2, r6, #17
10008e78:	021b      	lsls	r3, r3, #8
10008e7a:	0c52      	lsrs	r2, r2, #17
10008e7c:	431a      	orrs	r2, r3
10008e7e:	2101      	movs	r1, #1
10008e80:	2340      	movs	r3, #64	@ 0x40
10008e82:	0020      	movs	r0, r4
10008e84:	9700      	str	r7, [sp, #0]
10008e86:	f7fe ff05 	bl	10007c94 <cyw43_write_bytes>
10008e8a:	2800      	cmp	r0, #0
10008e8c:	d000      	beq.n	10008e90 <cyw43_ll_bus_init+0x298>
10008e8e:	e1cc      	b.n	1000922a <cyw43_ll_bus_init+0x632>
10008e90:	4b15      	ldr	r3, [pc, #84]	@ (10008ee8 <cyw43_ll_bus_init+0x2f0>)
10008e92:	3640      	adds	r6, #64	@ 0x40
10008e94:	3740      	adds	r7, #64	@ 0x40
10008e96:	429e      	cmp	r6, r3
10008e98:	d1e8      	bne.n	10008e6c <cyw43_ll_bus_init+0x274>
10008e9a:	4b14      	ldr	r3, [pc, #80]	@ (10008eec <cyw43_ll_bus_init+0x2f4>)
10008e9c:	0025      	movs	r5, r4
10008e9e:	469a      	mov	sl, r3
10008ea0:	2400      	movs	r4, #0
10008ea2:	9003      	str	r0, [sp, #12]
10008ea4:	e044      	b.n	10008f30 <cyw43_ll_bus_init+0x338>
10008ea6:	46c0      	nop			@ (mov r8, r8)
10008ea8:	40054000 	.word	0x40054000
10008eac:	feedbead 	.word	0xfeedbead
10008eb0:	1000b624 	.word	0x1000b624
10008eb4:	000204b3 	.word	0x000204b3
10008eb8:	0001000e 	.word	0x0001000e
10008ebc:	1000b678 	.word	0x1000b678
10008ec0:	18103800 	.word	0x18103800
10008ec4:	18104800 	.word	0x18104800
10008ec8:	18004010 	.word	0x18004010
10008ecc:	18004044 	.word	0x18004044
10008ed0:	1000bb20 	.word	0x1000bb20
10008ed4:	0003689e 	.word	0x0003689e
10008ed8:	0000030e 	.word	0x0000030e
10008edc:	0000030d 	.word	0x0000030d
10008ee0:	1000b644 	.word	0x1000b644
10008ee4:	100426cb 	.word	0x100426cb
10008ee8:	00036bc0 	.word	0x00036bc0
10008eec:	10042af8 	.word	0x10042af8
10008ef0:	22ff      	movs	r2, #255	@ 0xff
10008ef2:	0412      	lsls	r2, r2, #16
10008ef4:	4213      	tst	r3, r2
10008ef6:	d13d      	bne.n	10008f74 <cyw43_ll_bus_init+0x37c>
10008ef8:	22ff      	movs	r2, #255	@ 0xff
10008efa:	0212      	lsls	r2, r2, #8
10008efc:	4213      	tst	r3, r2
10008efe:	d147      	bne.n	10008f90 <cyw43_ll_bus_init+0x398>
10008f00:	23f0      	movs	r3, #240	@ 0xf0
10008f02:	02db      	lsls	r3, r3, #11
10008f04:	60ab      	str	r3, [r5, #8]
10008f06:	464b      	mov	r3, r9
10008f08:	045e      	lsls	r6, r3, #17
10008f0a:	4653      	mov	r3, sl
10008f0c:	2280      	movs	r2, #128	@ 0x80
10008f0e:	191b      	adds	r3, r3, r4
10008f10:	3b40      	subs	r3, #64	@ 0x40
10008f12:	0c76      	lsrs	r6, r6, #17
10008f14:	0212      	lsls	r2, r2, #8
10008f16:	9300      	str	r3, [sp, #0]
10008f18:	2101      	movs	r1, #1
10008f1a:	003b      	movs	r3, r7
10008f1c:	0028      	movs	r0, r5
10008f1e:	4332      	orrs	r2, r6
10008f20:	f7fe feb8 	bl	10007c94 <cyw43_write_bytes>
10008f24:	2800      	cmp	r0, #0
10008f26:	d13f      	bne.n	10008fa8 <cyw43_ll_bus_init+0x3b0>
10008f28:	23c0      	movs	r3, #192	@ 0xc0
10008f2a:	009b      	lsls	r3, r3, #2
10008f2c:	429c      	cmp	r4, r3
10008f2e:	d03b      	beq.n	10008fa8 <cyw43_ll_bus_init+0x3b0>
10008f30:	27ba      	movs	r7, #186	@ 0xba
10008f32:	0026      	movs	r6, r4
10008f34:	00bf      	lsls	r7, r7, #2
10008f36:	3440      	adds	r4, #64	@ 0x40
10008f38:	2317      	movs	r3, #23
10008f3a:	42a7      	cmp	r7, r4
10008f3c:	41bf      	sbcs	r7, r7
10008f3e:	4ae1      	ldr	r2, [pc, #900]	@ (100092c4 <cyw43_ll_bus_init+0x6cc>)
10008f40:	439f      	bics	r7, r3
10008f42:	18b3      	adds	r3, r6, r2
10008f44:	26f0      	movs	r6, #240	@ 0xf0
10008f46:	4699      	mov	r9, r3
10008f48:	68ab      	ldr	r3, [r5, #8]
10008f4a:	3740      	adds	r7, #64	@ 0x40
10008f4c:	02f6      	lsls	r6, r6, #11
10008f4e:	42b3      	cmp	r3, r6
10008f50:	d0d9      	beq.n	10008f06 <cyw43_ll_bus_init+0x30e>
10008f52:	2280      	movs	r2, #128	@ 0x80
10008f54:	4073      	eors	r3, r6
10008f56:	0452      	lsls	r2, r2, #17
10008f58:	4293      	cmp	r3, r2
10008f5a:	d3c9      	bcc.n	10008ef0 <cyw43_ll_bus_init+0x2f8>
10008f5c:	2300      	movs	r3, #0
10008f5e:	4ada      	ldr	r2, [pc, #872]	@ (100092c8 <cyw43_ll_bus_init+0x6d0>)
10008f60:	2101      	movs	r1, #1
10008f62:	0028      	movs	r0, r5
10008f64:	f7fe fd5c 	bl	10007a20 <cyw43_write_reg_u8>
10008f68:	22ff      	movs	r2, #255	@ 0xff
10008f6a:	68ab      	ldr	r3, [r5, #8]
10008f6c:	0412      	lsls	r2, r2, #16
10008f6e:	4073      	eors	r3, r6
10008f70:	4213      	tst	r3, r2
10008f72:	d0c1      	beq.n	10008ef8 <cyw43_ll_bus_init+0x300>
10008f74:	2307      	movs	r3, #7
10008f76:	4ad5      	ldr	r2, [pc, #852]	@ (100092cc <cyw43_ll_bus_init+0x6d4>)
10008f78:	2101      	movs	r1, #1
10008f7a:	0028      	movs	r0, r5
10008f7c:	f7fe fd50 	bl	10007a20 <cyw43_write_reg_u8>
10008f80:	23f0      	movs	r3, #240	@ 0xf0
10008f82:	68aa      	ldr	r2, [r5, #8]
10008f84:	02db      	lsls	r3, r3, #11
10008f86:	4053      	eors	r3, r2
10008f88:	22ff      	movs	r2, #255	@ 0xff
10008f8a:	0212      	lsls	r2, r2, #8
10008f8c:	4213      	tst	r3, r2
10008f8e:	d0b7      	beq.n	10008f00 <cyw43_ll_bus_init+0x308>
10008f90:	23f0      	movs	r3, #240	@ 0xf0
10008f92:	2101      	movs	r1, #1
10008f94:	0028      	movs	r0, r5
10008f96:	4ace      	ldr	r2, [pc, #824]	@ (100092d0 <cyw43_ll_bus_init+0x6d8>)
10008f98:	00db      	lsls	r3, r3, #3
10008f9a:	f7fe fd41 	bl	10007a20 <cyw43_write_reg_u8>
10008f9e:	e7af      	b.n	10008f00 <cyw43_ll_bus_init+0x308>
10008fa0:	48cc      	ldr	r0, [pc, #816]	@ (100092d4 <cyw43_ll_bus_init+0x6dc>)
10008fa2:	f7fb f89f 	bl	100040e4 <__wrap_puts>
10008fa6:	e64d      	b.n	10008c44 <cyw43_ll_bus_init+0x4c>
10008fa8:	002c      	movs	r4, r5
10008faa:	4bcb      	ldr	r3, [pc, #812]	@ (100092d8 <cyw43_ll_bus_init+0x6e0>)
10008fac:	2204      	movs	r2, #4
10008fae:	0020      	movs	r0, r4
10008fb0:	49ca      	ldr	r1, [pc, #808]	@ (100092dc <cyw43_ll_bus_init+0x6e4>)
10008fb2:	9d03      	ldr	r5, [sp, #12]
10008fb4:	f7ff facc 	bl	10008550 <cyw43_write_backplane>
10008fb8:	2101      	movs	r1, #1
10008fba:	0020      	movs	r0, r4
10008fbc:	f7ff fb4a 	bl	10008654 <reset_device_core.constprop.0>
10008fc0:	0020      	movs	r0, r4
10008fc2:	49c7      	ldr	r1, [pc, #796]	@ (100092e0 <cyw43_ll_bus_init+0x6e8>)
10008fc4:	f7ff fa52 	bl	1000846c <cyw43_read_backplane.constprop.0>
10008fc8:	2303      	movs	r3, #3
10008fca:	4003      	ands	r3, r0
10008fcc:	2b01      	cmp	r3, #1
10008fce:	d000      	beq.n	10008fd2 <cyw43_ll_bus_init+0x3da>
10008fd0:	e12d      	b.n	1000922e <cyw43_ll_bus_init+0x636>
10008fd2:	0020      	movs	r0, r4
10008fd4:	49c3      	ldr	r1, [pc, #780]	@ (100092e4 <cyw43_ll_bus_init+0x6ec>)
10008fd6:	f7ff fa49 	bl	1000846c <cyw43_read_backplane.constprop.0>
10008fda:	07c0      	lsls	r0, r0, #31
10008fdc:	d500      	bpl.n	10008fe0 <cyw43_ll_bus_init+0x3e8>
10008fde:	e12a      	b.n	10009236 <cyw43_ll_bus_init+0x63e>
10008fe0:	26fa      	movs	r6, #250	@ 0xfa
10008fe2:	2780      	movs	r7, #128	@ 0x80
10008fe4:	00b6      	lsls	r6, r6, #2
10008fe6:	e006      	b.n	10008ff6 <cyw43_ll_bus_init+0x3fe>
10008fe8:	2001      	movs	r0, #1
10008fea:	3e01      	subs	r6, #1
10008fec:	f001 f848 	bl	1000a080 <cyw43_delay_ms>
10008ff0:	2e00      	cmp	r6, #0
10008ff2:	d100      	bne.n	10008ff6 <cyw43_ll_bus_init+0x3fe>
10008ff4:	e230      	b.n	10009458 <cyw43_ll_bus_init+0x860>
10008ff6:	2101      	movs	r1, #1
10008ff8:	0020      	movs	r0, r4
10008ffa:	4abb      	ldr	r2, [pc, #748]	@ (100092e8 <cyw43_ll_bus_init+0x6f0>)
10008ffc:	f7fe f9f6 	bl	100073ec <cyw43_read_reg_u8>
10009000:	4207      	tst	r7, r0
10009002:	d0f1      	beq.n	10008fe8 <cyw43_ll_bus_init+0x3f0>
10009004:	26fa      	movs	r6, #250	@ 0xfa
10009006:	23f0      	movs	r3, #240	@ 0xf0
10009008:	2204      	movs	r2, #4
1000900a:	0020      	movs	r0, r4
1000900c:	49b7      	ldr	r1, [pc, #732]	@ (100092ec <cyw43_ll_bus_init+0x6f4>)
1000900e:	f7ff fa9f 	bl	10008550 <cyw43_write_backplane>
10009012:	2320      	movs	r3, #32
10009014:	2101      	movs	r1, #1
10009016:	0020      	movs	r0, r4
10009018:	4ab5      	ldr	r2, [pc, #724]	@ (100092f0 <cyw43_ll_bus_init+0x6f8>)
1000901a:	f7fe fd01 	bl	10007a20 <cyw43_write_reg_u8>
1000901e:	2720      	movs	r7, #32
10009020:	00b6      	lsls	r6, r6, #2
10009022:	e006      	b.n	10009032 <cyw43_ll_bus_init+0x43a>
10009024:	2001      	movs	r0, #1
10009026:	3e01      	subs	r6, #1
10009028:	f001 f82a 	bl	1000a080 <cyw43_delay_ms>
1000902c:	2e00      	cmp	r6, #0
1000902e:	d100      	bne.n	10009032 <cyw43_ll_bus_init+0x43a>
10009030:	e217      	b.n	10009462 <cyw43_ll_bus_init+0x86a>
10009032:	2208      	movs	r2, #8
10009034:	2100      	movs	r1, #0
10009036:	0020      	movs	r0, r4
10009038:	f7fe f984 	bl	10007344 <cyw43_read_reg_u32>
1000903c:	4207      	tst	r7, r0
1000903e:	d0f1      	beq.n	10009024 <cyw43_ll_bus_init+0x42c>
10009040:	2101      	movs	r1, #1
10009042:	4aac      	ldr	r2, [pc, #688]	@ (100092f4 <cyw43_ll_bus_init+0x6fc>)
10009044:	0020      	movs	r0, r4
10009046:	f7fe f9d1 	bl	100073ec <cyw43_read_reg_u8>
1000904a:	2302      	movs	r3, #2
1000904c:	4303      	orrs	r3, r0
1000904e:	2101      	movs	r1, #1
10009050:	4aa8      	ldr	r2, [pc, #672]	@ (100092f4 <cyw43_ll_bus_init+0x6fc>)
10009052:	b2db      	uxtb	r3, r3
10009054:	0020      	movs	r0, r4
10009056:	f7fe fce3 	bl	10007a20 <cyw43_write_reg_u8>
1000905a:	2308      	movs	r3, #8
1000905c:	22f0      	movs	r2, #240	@ 0xf0
1000905e:	2100      	movs	r1, #0
10009060:	0020      	movs	r0, r4
10009062:	f7fe fcdd 	bl	10007a20 <cyw43_write_reg_u8>
10009066:	2302      	movs	r3, #2
10009068:	2101      	movs	r1, #1
1000906a:	4a9f      	ldr	r2, [pc, #636]	@ (100092e8 <cyw43_ll_bus_init+0x6f0>)
1000906c:	0020      	movs	r0, r4
1000906e:	f7fe fcd7 	bl	10007a20 <cyw43_write_reg_u8>
10009072:	2101      	movs	r1, #1
10009074:	0020      	movs	r0, r4
10009076:	4aa0      	ldr	r2, [pc, #640]	@ (100092f8 <cyw43_ll_bus_init+0x700>)
10009078:	f7fe f9b8 	bl	100073ec <cyw43_read_reg_u8>
1000907c:	07c3      	lsls	r3, r0, #31
1000907e:	d400      	bmi.n	10009082 <cyw43_ll_bus_init+0x48a>
10009080:	e181      	b.n	10009386 <cyw43_ll_bus_init+0x78e>
10009082:	230f      	movs	r3, #15
10009084:	2101      	movs	r1, #1
10009086:	4a9d      	ldr	r2, [pc, #628]	@ (100092fc <cyw43_ll_bus_init+0x704>)
10009088:	0020      	movs	r0, r4
1000908a:	f7fe fcc9 	bl	10007a20 <cyw43_write_reg_u8>
1000908e:	2300      	movs	r3, #0
10009090:	2101      	movs	r1, #1
10009092:	4a9a      	ldr	r2, [pc, #616]	@ (100092fc <cyw43_ll_bus_init+0x704>)
10009094:	0020      	movs	r0, r4
10009096:	f7fe fcc3 	bl	10007a20 <cyw43_write_reg_u8>
1000909a:	2101      	movs	r1, #1
1000909c:	4a97      	ldr	r2, [pc, #604]	@ (100092fc <cyw43_ll_bus_init+0x704>)
1000909e:	0020      	movs	r0, r4
100090a0:	f7fe f9a4 	bl	100073ec <cyw43_read_reg_u8>
100090a4:	2204      	movs	r2, #4
100090a6:	2100      	movs	r1, #0
100090a8:	0020      	movs	r0, r4
100090aa:	f7fe f975 	bl	10007398 <cyw43_read_reg_u16>
100090ae:	07c3      	lsls	r3, r0, #31
100090b0:	d500      	bpl.n	100090b4 <cyw43_ll_bus_init+0x4bc>
100090b2:	e171      	b.n	10009398 <cyw43_ll_bus_init+0x7a0>
100090b4:	26c0      	movs	r6, #192	@ 0xc0
100090b6:	68a3      	ldr	r3, [r4, #8]
100090b8:	0576      	lsls	r6, r6, #21
100090ba:	42b3      	cmp	r3, r6
100090bc:	d012      	beq.n	100090e4 <cyw43_ll_bus_init+0x4ec>
100090be:	2280      	movs	r2, #128	@ 0x80
100090c0:	4073      	eors	r3, r6
100090c2:	0452      	lsls	r2, r2, #17
100090c4:	4293      	cmp	r3, r2
100090c6:	d300      	bcc.n	100090ca <cyw43_ll_bus_init+0x4d2>
100090c8:	e1bd      	b.n	10009446 <cyw43_ll_bus_init+0x84e>
100090ca:	22ff      	movs	r2, #255	@ 0xff
100090cc:	0412      	lsls	r2, r2, #16
100090ce:	4213      	tst	r3, r2
100090d0:	d000      	beq.n	100090d4 <cyw43_ll_bus_init+0x4dc>
100090d2:	e1ac      	b.n	1000942e <cyw43_ll_bus_init+0x836>
100090d4:	22ff      	movs	r2, #255	@ 0xff
100090d6:	0212      	lsls	r2, r2, #8
100090d8:	4213      	tst	r3, r2
100090da:	d000      	beq.n	100090de <cyw43_ll_bus_init+0x4e6>
100090dc:	e19f      	b.n	1000941e <cyw43_ll_bus_init+0x826>
100090de:	23c0      	movs	r3, #192	@ 0xc0
100090e0:	055b      	lsls	r3, r3, #21
100090e2:	60a3      	str	r3, [r4, #8]
100090e4:	26c0      	movs	r6, #192	@ 0xc0
100090e6:	2101      	movs	r1, #1
100090e8:	0020      	movs	r0, r4
100090ea:	4a85      	ldr	r2, [pc, #532]	@ (10009300 <cyw43_ll_bus_init+0x708>)
100090ec:	f7fe f92a 	bl	10007344 <cyw43_read_reg_u32>
100090f0:	68a3      	ldr	r3, [r4, #8]
100090f2:	0576      	lsls	r6, r6, #21
100090f4:	42b3      	cmp	r3, r6
100090f6:	d012      	beq.n	1000911e <cyw43_ll_bus_init+0x526>
100090f8:	2280      	movs	r2, #128	@ 0x80
100090fa:	4073      	eors	r3, r6
100090fc:	0452      	lsls	r2, r2, #17
100090fe:	4293      	cmp	r3, r2
10009100:	d300      	bcc.n	10009104 <cyw43_ll_bus_init+0x50c>
10009102:	e17b      	b.n	100093fc <cyw43_ll_bus_init+0x804>
10009104:	22ff      	movs	r2, #255	@ 0xff
10009106:	0412      	lsls	r2, r2, #16
10009108:	4213      	tst	r3, r2
1000910a:	d000      	beq.n	1000910e <cyw43_ll_bus_init+0x516>
1000910c:	e16a      	b.n	100093e4 <cyw43_ll_bus_init+0x7ec>
1000910e:	22ff      	movs	r2, #255	@ 0xff
10009110:	0212      	lsls	r2, r2, #8
10009112:	4213      	tst	r3, r2
10009114:	d000      	beq.n	10009118 <cyw43_ll_bus_init+0x520>
10009116:	e17a      	b.n	1000940e <cyw43_ll_bus_init+0x816>
10009118:	23c0      	movs	r3, #192	@ 0xc0
1000911a:	055b      	lsls	r3, r3, #21
1000911c:	60a3      	str	r3, [r4, #8]
1000911e:	0020      	movs	r0, r4
10009120:	f000 fb42 	bl	100097a8 <cyw43_cb_ensure_awake>
10009124:	7ca3      	ldrb	r3, [r4, #18]
10009126:	2b00      	cmp	r3, #0
10009128:	d105      	bne.n	10009136 <cyw43_ll_bus_init+0x53e>
1000912a:	2101      	movs	r1, #1
1000912c:	0020      	movs	r0, r4
1000912e:	f7fe fed5 	bl	10007edc <cyw43_kso_set>
10009132:	2301      	movs	r3, #1
10009134:	74a3      	strb	r3, [r4, #18]
10009136:	4f73      	ldr	r7, [pc, #460]	@ (10009304 <cyw43_ll_bus_init+0x70c>)
10009138:	0026      	movs	r6, r4
1000913a:	0039      	movs	r1, r7
1000913c:	3644      	adds	r6, #68	@ 0x44
1000913e:	2208      	movs	r2, #8
10009140:	312c      	adds	r1, #44	@ 0x2c
10009142:	0030      	movs	r0, r6
10009144:	f7f9 fa6e 	bl	10002624 <__wrap___aeabi_memcpy>
10009148:	20db      	movs	r0, #219	@ 0xdb
1000914a:	4659      	mov	r1, fp
1000914c:	4b6e      	ldr	r3, [pc, #440]	@ (10009308 <cyw43_ll_bus_init+0x710>)
1000914e:	0280      	lsls	r0, r0, #10
10009150:	22f6      	movs	r2, #246	@ 0xf6
10009152:	1809      	adds	r1, r1, r0
10009154:	64e3      	str	r3, [r4, #76]	@ 0x4c
10009156:	0020      	movs	r0, r4
10009158:	2300      	movs	r3, #0
1000915a:	0092      	lsls	r2, r2, #2
1000915c:	6522      	str	r2, [r4, #80]	@ 0x50
1000915e:	6563      	str	r3, [r4, #84]	@ 0x54
10009160:	3058      	adds	r0, #88	@ 0x58
10009162:	f7f9 fa5f 	bl	10002624 <__wrap___aeabi_memcpy>
10009166:	2208      	movs	r2, #8
10009168:	32ff      	adds	r2, #255	@ 0xff
1000916a:	6362      	str	r2, [r4, #52]	@ 0x34
1000916c:	22fc      	movs	r2, #252	@ 0xfc
1000916e:	0092      	lsls	r2, r2, #2
10009170:	63a2      	str	r2, [r4, #56]	@ 0x38
10009172:	2202      	movs	r2, #2
10009174:	8a23      	ldrh	r3, [r4, #16]
10009176:	2100      	movs	r1, #0
10009178:	3301      	adds	r3, #1
1000917a:	8223      	strh	r3, [r4, #16]
1000917c:	041b      	lsls	r3, r3, #16
1000917e:	4313      	orrs	r3, r2
10009180:	63e3      	str	r3, [r4, #60]	@ 0x3c
10009182:	2300      	movs	r3, #0
10009184:	6423      	str	r3, [r4, #64]	@ 0x40
10009186:	3328      	adds	r3, #40	@ 0x28
10009188:	469c      	mov	ip, r3
1000918a:	2280      	movs	r2, #128	@ 0x80
1000918c:	44a4      	add	ip, r4
1000918e:	4663      	mov	r3, ip
10009190:	0020      	movs	r0, r4
10009192:	00d2      	lsls	r2, r2, #3
10009194:	46e1      	mov	r9, ip
10009196:	f7fe fff9 	bl	1000818c <cyw43_sdpcm_send_common>
1000919a:	2800      	cmp	r0, #0
1000919c:	d108      	bne.n	100091b0 <cyw43_ll_bus_init+0x5b8>
1000919e:	23fc      	movs	r3, #252	@ 0xfc
100091a0:	2208      	movs	r2, #8
100091a2:	2102      	movs	r1, #2
100091a4:	0020      	movs	r0, r4
100091a6:	9600      	str	r6, [sp, #0]
100091a8:	009b      	lsls	r3, r3, #2
100091aa:	32ff      	adds	r2, #255	@ 0xff
100091ac:	f7ff f868 	bl	10008280 <cyw43_do_ioctl.part.0>
100091b0:	0039      	movs	r1, r7
100091b2:	2213      	movs	r2, #19
100091b4:	3138      	adds	r1, #56	@ 0x38
100091b6:	0030      	movs	r0, r6
100091b8:	f7f9 fa34 	bl	10002624 <__wrap___aeabi_memcpy>
100091bc:	8a23      	ldrh	r3, [r4, #16]
100091be:	2283      	movs	r2, #131	@ 0x83
100091c0:	3301      	adds	r3, #1
100091c2:	8223      	strh	r3, [r4, #16]
100091c4:	041b      	lsls	r3, r3, #16
100091c6:	63e3      	str	r3, [r4, #60]	@ 0x3c
100091c8:	2300      	movs	r3, #0
100091ca:	0052      	lsls	r2, r2, #1
100091cc:	6362      	str	r2, [r4, #52]	@ 0x34
100091ce:	3af3      	subs	r2, #243	@ 0xf3
100091d0:	63a2      	str	r2, [r4, #56]	@ 0x38
100091d2:	6423      	str	r3, [r4, #64]	@ 0x40
100091d4:	2100      	movs	r1, #0
100091d6:	464b      	mov	r3, r9
100091d8:	0020      	movs	r0, r4
100091da:	3210      	adds	r2, #16
100091dc:	f7fe ffd6 	bl	1000818c <cyw43_sdpcm_send_common>
100091e0:	2800      	cmp	r0, #0
100091e2:	d107      	bne.n	100091f4 <cyw43_ll_bus_init+0x5fc>
100091e4:	2283      	movs	r2, #131	@ 0x83
100091e6:	2313      	movs	r3, #19
100091e8:	2100      	movs	r1, #0
100091ea:	0020      	movs	r0, r4
100091ec:	9600      	str	r6, [sp, #0]
100091ee:	0052      	lsls	r2, r2, #1
100091f0:	f7ff f846 	bl	10008280 <cyw43_do_ioctl.part.0>
100091f4:	6c63      	ldr	r3, [r4, #68]	@ 0x44
100091f6:	2b00      	cmp	r3, #0
100091f8:	d000      	beq.n	100091fc <cyw43_ll_bus_init+0x604>
100091fa:	e0c0      	b.n	1000937e <cyw43_ll_bus_init+0x786>
100091fc:	2200      	movs	r2, #0
100091fe:	0020      	movs	r0, r4
10009200:	4942      	ldr	r1, [pc, #264]	@ (1000930c <cyw43_ll_bus_init+0x714>)
10009202:	f7ff f89f 	bl	10008344 <cyw43_write_iovar_u32.constprop.0>
10009206:	2201      	movs	r2, #1
10009208:	0020      	movs	r0, r4
1000920a:	4941      	ldr	r1, [pc, #260]	@ (10009310 <cyw43_ll_bus_init+0x718>)
1000920c:	f7ff f89a 	bl	10008344 <cyw43_write_iovar_u32.constprop.0>
10009210:	4643      	mov	r3, r8
10009212:	2b00      	cmp	r3, #0
10009214:	d100      	bne.n	10009218 <cyw43_ll_bus_init+0x620>
10009216:	e0c6      	b.n	100093a6 <cyw43_ll_bus_init+0x7ae>
10009218:	2300      	movs	r3, #0
1000921a:	2206      	movs	r2, #6
1000921c:	9300      	str	r3, [sp, #0]
1000921e:	0020      	movs	r0, r4
10009220:	4643      	mov	r3, r8
10009222:	493c      	ldr	r1, [pc, #240]	@ (10009314 <cyw43_ll_bus_init+0x71c>)
10009224:	f7ff f8dc 	bl	100083e0 <cyw43_write_iovar_n>
10009228:	e50e      	b.n	10008c48 <cyw43_ll_bus_init+0x50>
1000922a:	0005      	movs	r5, r0
1000922c:	e50c      	b.n	10008c48 <cyw43_ll_bus_init+0x50>
1000922e:	483a      	ldr	r0, [pc, #232]	@ (10009318 <cyw43_ll_bus_init+0x720>)
10009230:	f7fa ff58 	bl	100040e4 <__wrap_puts>
10009234:	e6cd      	b.n	10008fd2 <cyw43_ll_bus_init+0x3da>
10009236:	4838      	ldr	r0, [pc, #224]	@ (10009318 <cyw43_ll_bus_init+0x720>)
10009238:	f7fa ff54 	bl	100040e4 <__wrap_puts>
1000923c:	e6d0      	b.n	10008fe0 <cyw43_ll_bus_init+0x3e8>
1000923e:	23c0      	movs	r3, #192	@ 0xc0
10009240:	2101      	movs	r1, #1
10009242:	0020      	movs	r0, r4
10009244:	4a22      	ldr	r2, [pc, #136]	@ (100092d0 <cyw43_ll_bus_init+0x6d8>)
10009246:	035b      	lsls	r3, r3, #13
10009248:	f7fe fbea 	bl	10007a20 <cyw43_write_reg_u8>
1000924c:	e58a      	b.n	10008d64 <cyw43_ll_bus_init+0x16c>
1000924e:	23c0      	movs	r3, #192	@ 0xc0
10009250:	4a1e      	ldr	r2, [pc, #120]	@ (100092cc <cyw43_ll_bus_init+0x6d4>)
10009252:	015b      	lsls	r3, r3, #5
10009254:	2101      	movs	r1, #1
10009256:	0020      	movs	r0, r4
10009258:	f7fe fbe2 	bl	10007a20 <cyw43_write_reg_u8>
1000925c:	23c0      	movs	r3, #192	@ 0xc0
1000925e:	68a2      	ldr	r2, [r4, #8]
10009260:	055b      	lsls	r3, r3, #21
10009262:	4053      	eors	r3, r2
10009264:	e579      	b.n	10008d5a <cyw43_ll_bus_init+0x162>
10009266:	2318      	movs	r3, #24
10009268:	2101      	movs	r1, #1
1000926a:	0020      	movs	r0, r4
1000926c:	4a16      	ldr	r2, [pc, #88]	@ (100092c8 <cyw43_ll_bus_init+0x6d0>)
1000926e:	f7fe fbd7 	bl	10007a20 <cyw43_write_reg_u8>
10009272:	68a3      	ldr	r3, [r4, #8]
10009274:	4073      	eors	r3, r6
10009276:	e56b      	b.n	10008d50 <cyw43_ll_bus_init+0x158>
10009278:	23c0      	movs	r3, #192	@ 0xc0
1000927a:	2101      	movs	r1, #1
1000927c:	0020      	movs	r0, r4
1000927e:	4a14      	ldr	r2, [pc, #80]	@ (100092d0 <cyw43_ll_bus_init+0x6d8>)
10009280:	035b      	lsls	r3, r3, #13
10009282:	f7fe fbcd 	bl	10007a20 <cyw43_write_reg_u8>
10009286:	e54a      	b.n	10008d1e <cyw43_ll_bus_init+0x126>
10009288:	23c0      	movs	r3, #192	@ 0xc0
1000928a:	4a10      	ldr	r2, [pc, #64]	@ (100092cc <cyw43_ll_bus_init+0x6d4>)
1000928c:	015b      	lsls	r3, r3, #5
1000928e:	2101      	movs	r1, #1
10009290:	0020      	movs	r0, r4
10009292:	f7fe fbc5 	bl	10007a20 <cyw43_write_reg_u8>
10009296:	23c0      	movs	r3, #192	@ 0xc0
10009298:	68a2      	ldr	r2, [r4, #8]
1000929a:	055b      	lsls	r3, r3, #21
1000929c:	4053      	eors	r3, r2
1000929e:	e539      	b.n	10008d14 <cyw43_ll_bus_init+0x11c>
100092a0:	2318      	movs	r3, #24
100092a2:	2101      	movs	r1, #1
100092a4:	0020      	movs	r0, r4
100092a6:	4a08      	ldr	r2, [pc, #32]	@ (100092c8 <cyw43_ll_bus_init+0x6d0>)
100092a8:	f7fe fbba 	bl	10007a20 <cyw43_write_reg_u8>
100092ac:	68a3      	ldr	r3, [r4, #8]
100092ae:	406b      	eors	r3, r5
100092b0:	e52b      	b.n	10008d0a <cyw43_ll_bus_init+0x112>
100092b2:	2318      	movs	r3, #24
100092b4:	2101      	movs	r1, #1
100092b6:	0020      	movs	r0, r4
100092b8:	4a03      	ldr	r2, [pc, #12]	@ (100092c8 <cyw43_ll_bus_init+0x6d0>)
100092ba:	f7fe fbb1 	bl	10007a20 <cyw43_write_reg_u8>
100092be:	68a3      	ldr	r3, [r4, #8]
100092c0:	4073      	eors	r3, r6
100092c2:	e58d      	b.n	10008de0 <cyw43_ll_bus_init+0x1e8>
100092c4:	0007fd14 	.word	0x0007fd14
100092c8:	0001000c 	.word	0x0001000c
100092cc:	0001000b 	.word	0x0001000b
100092d0:	0001000a 	.word	0x0001000a
100092d4:	1000b650 	.word	0x1000b650
100092d8:	ff4500ba 	.word	0xff4500ba
100092dc:	0007fffc 	.word	0x0007fffc
100092e0:	18103408 	.word	0x18103408
100092e4:	18103800 	.word	0x18103800
100092e8:	0001000e 	.word	0x0001000e
100092ec:	18002024 	.word	0x18002024
100092f0:	00010008 	.word	0x00010008
100092f4:	0001001e 	.word	0x0001001e
100092f8:	0001001f 	.word	0x0001001f
100092fc:	0001000f 	.word	0x0001000f
10009300:	00008508 	.word	0x00008508
10009304:	10042de0 	.word	0x10042de0
10009308:	00021006 	.word	0x00021006
1000930c:	1000b5d0 	.word	0x1000b5d0
10009310:	1000b5dc 	.word	0x1000b5dc
10009314:	1000b700 	.word	0x1000b700
10009318:	1000b6a4 	.word	0x1000b6a4
1000931c:	23c0      	movs	r3, #192	@ 0xc0
1000931e:	2101      	movs	r1, #1
10009320:	0020      	movs	r0, r4
10009322:	4a56      	ldr	r2, [pc, #344]	@ (1000947c <cyw43_ll_bus_init+0x884>)
10009324:	035b      	lsls	r3, r3, #13
10009326:	f7fe fb7b 	bl	10007a20 <cyw43_write_reg_u8>
1000932a:	e540      	b.n	10008dae <cyw43_ll_bus_init+0x1b6>
1000932c:	23c0      	movs	r3, #192	@ 0xc0
1000932e:	4a54      	ldr	r2, [pc, #336]	@ (10009480 <cyw43_ll_bus_init+0x888>)
10009330:	015b      	lsls	r3, r3, #5
10009332:	2101      	movs	r1, #1
10009334:	0020      	movs	r0, r4
10009336:	f7fe fb73 	bl	10007a20 <cyw43_write_reg_u8>
1000933a:	23c0      	movs	r3, #192	@ 0xc0
1000933c:	68a2      	ldr	r2, [r4, #8]
1000933e:	055b      	lsls	r3, r3, #21
10009340:	4053      	eors	r3, r2
10009342:	e52f      	b.n	10008da4 <cyw43_ll_bus_init+0x1ac>
10009344:	2318      	movs	r3, #24
10009346:	2101      	movs	r1, #1
10009348:	0020      	movs	r0, r4
1000934a:	4a4e      	ldr	r2, [pc, #312]	@ (10009484 <cyw43_ll_bus_init+0x88c>)
1000934c:	f7fe fb68 	bl	10007a20 <cyw43_write_reg_u8>
10009350:	68a3      	ldr	r3, [r4, #8]
10009352:	406b      	eors	r3, r5
10009354:	e521      	b.n	10008d9a <cyw43_ll_bus_init+0x1a2>
10009356:	23c0      	movs	r3, #192	@ 0xc0
10009358:	2101      	movs	r1, #1
1000935a:	0020      	movs	r0, r4
1000935c:	4a47      	ldr	r2, [pc, #284]	@ (1000947c <cyw43_ll_bus_init+0x884>)
1000935e:	035b      	lsls	r3, r3, #13
10009360:	f7fe fb5e 	bl	10007a20 <cyw43_write_reg_u8>
10009364:	e546      	b.n	10008df4 <cyw43_ll_bus_init+0x1fc>
10009366:	23c0      	movs	r3, #192	@ 0xc0
10009368:	4a45      	ldr	r2, [pc, #276]	@ (10009480 <cyw43_ll_bus_init+0x888>)
1000936a:	015b      	lsls	r3, r3, #5
1000936c:	2101      	movs	r1, #1
1000936e:	0020      	movs	r0, r4
10009370:	f7fe fb56 	bl	10007a20 <cyw43_write_reg_u8>
10009374:	23c0      	movs	r3, #192	@ 0xc0
10009376:	68a2      	ldr	r2, [r4, #8]
10009378:	055b      	lsls	r3, r3, #21
1000937a:	4053      	eors	r3, r2
1000937c:	e535      	b.n	10008dea <cyw43_ll_bus_init+0x1f2>
1000937e:	4842      	ldr	r0, [pc, #264]	@ (10009488 <cyw43_ll_bus_init+0x890>)
10009380:	f7fa feb0 	bl	100040e4 <__wrap_puts>
10009384:	e73a      	b.n	100091fc <cyw43_ll_bus_init+0x604>
10009386:	2301      	movs	r3, #1
10009388:	4303      	orrs	r3, r0
1000938a:	2101      	movs	r1, #1
1000938c:	0020      	movs	r0, r4
1000938e:	4a3f      	ldr	r2, [pc, #252]	@ (1000948c <cyw43_ll_bus_init+0x894>)
10009390:	b2db      	uxtb	r3, r3
10009392:	f7fe fb45 	bl	10007a20 <cyw43_write_reg_u8>
10009396:	e674      	b.n	10009082 <cyw43_ll_bus_init+0x48a>
10009398:	b283      	uxth	r3, r0
1000939a:	2204      	movs	r2, #4
1000939c:	2100      	movs	r1, #0
1000939e:	0020      	movs	r0, r4
100093a0:	f7fe fa44 	bl	1000782c <cyw43_write_reg_u16>
100093a4:	e686      	b.n	100090b4 <cyw43_ll_bus_init+0x4bc>
100093a6:	003b      	movs	r3, r7
100093a8:	6cfa      	ldr	r2, [r7, #76]	@ 0x4c
100093aa:	334c      	adds	r3, #76	@ 0x4c
100093ac:	9206      	str	r2, [sp, #24]
100093ae:	466a      	mov	r2, sp
100093b0:	889b      	ldrh	r3, [r3, #4]
100093b2:	ae04      	add	r6, sp, #16
100093b4:	0031      	movs	r1, r6
100093b6:	0020      	movs	r0, r4
100093b8:	8393      	strh	r3, [r2, #28]
100093ba:	f7ff fbe3 	bl	10008b84 <cyw43_ll_wifi_get_mac>
100093be:	2800      	cmp	r0, #0
100093c0:	d10a      	bne.n	100093d8 <cyw43_ll_bus_init+0x7e0>
100093c2:	9a04      	ldr	r2, [sp, #16]
100093c4:	9b06      	ldr	r3, [sp, #24]
100093c6:	429a      	cmp	r2, r3
100093c8:	d000      	beq.n	100093cc <cyw43_ll_bus_init+0x7d4>
100093ca:	e43d      	b.n	10008c48 <cyw43_ll_bus_init+0x50>
100093cc:	466b      	mov	r3, sp
100093ce:	88b2      	ldrh	r2, [r6, #4]
100093d0:	8b9b      	ldrh	r3, [r3, #28]
100093d2:	429a      	cmp	r2, r3
100093d4:	d000      	beq.n	100093d8 <cyw43_ll_bus_init+0x7e0>
100093d6:	e437      	b.n	10008c48 <cyw43_ll_bus_init+0x50>
100093d8:	0031      	movs	r1, r6
100093da:	2000      	movs	r0, #0
100093dc:	f000 fdfa 	bl	10009fd4 <cyw43_hal_generate_laa_mac>
100093e0:	46b0      	mov	r8, r6
100093e2:	e719      	b.n	10009218 <cyw43_ll_bus_init+0x620>
100093e4:	23c0      	movs	r3, #192	@ 0xc0
100093e6:	4a26      	ldr	r2, [pc, #152]	@ (10009480 <cyw43_ll_bus_init+0x888>)
100093e8:	015b      	lsls	r3, r3, #5
100093ea:	2101      	movs	r1, #1
100093ec:	0020      	movs	r0, r4
100093ee:	f7fe fb17 	bl	10007a20 <cyw43_write_reg_u8>
100093f2:	23c0      	movs	r3, #192	@ 0xc0
100093f4:	68a2      	ldr	r2, [r4, #8]
100093f6:	055b      	lsls	r3, r3, #21
100093f8:	4053      	eors	r3, r2
100093fa:	e688      	b.n	1000910e <cyw43_ll_bus_init+0x516>
100093fc:	2318      	movs	r3, #24
100093fe:	2101      	movs	r1, #1
10009400:	0020      	movs	r0, r4
10009402:	4a20      	ldr	r2, [pc, #128]	@ (10009484 <cyw43_ll_bus_init+0x88c>)
10009404:	f7fe fb0c 	bl	10007a20 <cyw43_write_reg_u8>
10009408:	68a3      	ldr	r3, [r4, #8]
1000940a:	4073      	eors	r3, r6
1000940c:	e67a      	b.n	10009104 <cyw43_ll_bus_init+0x50c>
1000940e:	23c0      	movs	r3, #192	@ 0xc0
10009410:	2101      	movs	r1, #1
10009412:	0020      	movs	r0, r4
10009414:	4a19      	ldr	r2, [pc, #100]	@ (1000947c <cyw43_ll_bus_init+0x884>)
10009416:	035b      	lsls	r3, r3, #13
10009418:	f7fe fb02 	bl	10007a20 <cyw43_write_reg_u8>
1000941c:	e67c      	b.n	10009118 <cyw43_ll_bus_init+0x520>
1000941e:	23c0      	movs	r3, #192	@ 0xc0
10009420:	2101      	movs	r1, #1
10009422:	0020      	movs	r0, r4
10009424:	4a15      	ldr	r2, [pc, #84]	@ (1000947c <cyw43_ll_bus_init+0x884>)
10009426:	035b      	lsls	r3, r3, #13
10009428:	f7fe fafa 	bl	10007a20 <cyw43_write_reg_u8>
1000942c:	e657      	b.n	100090de <cyw43_ll_bus_init+0x4e6>
1000942e:	23c0      	movs	r3, #192	@ 0xc0
10009430:	4a13      	ldr	r2, [pc, #76]	@ (10009480 <cyw43_ll_bus_init+0x888>)
10009432:	015b      	lsls	r3, r3, #5
10009434:	2101      	movs	r1, #1
10009436:	0020      	movs	r0, r4
10009438:	f7fe faf2 	bl	10007a20 <cyw43_write_reg_u8>
1000943c:	23c0      	movs	r3, #192	@ 0xc0
1000943e:	68a2      	ldr	r2, [r4, #8]
10009440:	055b      	lsls	r3, r3, #21
10009442:	4053      	eors	r3, r2
10009444:	e646      	b.n	100090d4 <cyw43_ll_bus_init+0x4dc>
10009446:	2318      	movs	r3, #24
10009448:	2101      	movs	r1, #1
1000944a:	0020      	movs	r0, r4
1000944c:	4a0d      	ldr	r2, [pc, #52]	@ (10009484 <cyw43_ll_bus_init+0x88c>)
1000944e:	f7fe fae7 	bl	10007a20 <cyw43_write_reg_u8>
10009452:	68a3      	ldr	r3, [r4, #8]
10009454:	4073      	eors	r3, r6
10009456:	e638      	b.n	100090ca <cyw43_ll_bus_init+0x4d2>
10009458:	480d      	ldr	r0, [pc, #52]	@ (10009490 <cyw43_ll_bus_init+0x898>)
1000945a:	f7fa fe43 	bl	100040e4 <__wrap_puts>
1000945e:	f7ff fbf1 	bl	10008c44 <cyw43_ll_bus_init+0x4c>
10009462:	480c      	ldr	r0, [pc, #48]	@ (10009494 <cyw43_ll_bus_init+0x89c>)
10009464:	f7fa fe3e 	bl	100040e4 <__wrap_puts>
10009468:	f7ff fbec 	bl	10008c44 <cyw43_ll_bus_init+0x4c>
1000946c:	480a      	ldr	r0, [pc, #40]	@ (10009498 <cyw43_ll_bus_init+0x8a0>)
1000946e:	f7fa fe39 	bl	100040e4 <__wrap_puts>
10009472:	e47d      	b.n	10008d70 <cyw43_ll_bus_init+0x178>
10009474:	4808      	ldr	r0, [pc, #32]	@ (10009498 <cyw43_ll_bus_init+0x8a0>)
10009476:	f7fa fe35 	bl	100040e4 <__wrap_puts>
1000947a:	e4c1      	b.n	10008e00 <cyw43_ll_bus_init+0x208>
1000947c:	0001000a 	.word	0x0001000a
10009480:	0001000b 	.word	0x0001000b
10009484:	0001000c 	.word	0x0001000c
10009488:	1000b6e8 	.word	0x1000b6e8
1000948c:	0001001f 	.word	0x0001001f
10009490:	1000b6b8 	.word	0x1000b6b8
10009494:	1000b6d0 	.word	0x1000b6d0
10009498:	1000b5b4 	.word	0x1000b5b4

1000949c <cyw43_ll_wifi_set_wpa_auth>:
1000949c:	2204      	movs	r2, #4
1000949e:	b510      	push	{r4, lr}
100094a0:	8a03      	ldrh	r3, [r0, #16]
100094a2:	b082      	sub	sp, #8
100094a4:	3301      	adds	r3, #1
100094a6:	6442      	str	r2, [r0, #68]	@ 0x44
100094a8:	8203      	strh	r3, [r0, #16]
100094aa:	6382      	str	r2, [r0, #56]	@ 0x38
100094ac:	041b      	lsls	r3, r3, #16
100094ae:	3a02      	subs	r2, #2
100094b0:	4313      	orrs	r3, r2
100094b2:	63c3      	str	r3, [r0, #60]	@ 0x3c
100094b4:	2300      	movs	r3, #0
100094b6:	21a5      	movs	r1, #165	@ 0xa5
100094b8:	6403      	str	r3, [r0, #64]	@ 0x40
100094ba:	0003      	movs	r3, r0
100094bc:	6341      	str	r1, [r0, #52]	@ 0x34
100094be:	3328      	adds	r3, #40	@ 0x28
100094c0:	2100      	movs	r1, #0
100094c2:	3212      	adds	r2, #18
100094c4:	0004      	movs	r4, r0
100094c6:	f7fe fe61 	bl	1000818c <cyw43_sdpcm_send_common>
100094ca:	2800      	cmp	r0, #0
100094cc:	d108      	bne.n	100094e0 <cyw43_ll_wifi_set_wpa_auth+0x44>
100094ce:	0023      	movs	r3, r4
100094d0:	3344      	adds	r3, #68	@ 0x44
100094d2:	9300      	str	r3, [sp, #0]
100094d4:	22a5      	movs	r2, #165	@ 0xa5
100094d6:	2304      	movs	r3, #4
100094d8:	2102      	movs	r1, #2
100094da:	0020      	movs	r0, r4
100094dc:	f7fe fed0 	bl	10008280 <cyw43_do_ioctl.part.0>
100094e0:	b002      	add	sp, #8
100094e2:	bd10      	pop	{r4, pc}

100094e4 <cyw43_ll_wifi_rejoin>:
100094e4:	221a      	movs	r2, #26
100094e6:	b530      	push	{r4, r5, lr}
100094e8:	4b13      	ldr	r3, [pc, #76]	@ (10009538 <cyw43_ll_wifi_rejoin+0x54>)
100094ea:	b083      	sub	sp, #12
100094ec:	18c5      	adds	r5, r0, r3
100094ee:	8a03      	ldrh	r3, [r0, #16]
100094f0:	6342      	str	r2, [r0, #52]	@ 0x34
100094f2:	3301      	adds	r3, #1
100094f4:	320a      	adds	r2, #10
100094f6:	8203      	strh	r3, [r0, #16]
100094f8:	6382      	str	r2, [r0, #56]	@ 0x38
100094fa:	041b      	lsls	r3, r3, #16
100094fc:	3a22      	subs	r2, #34	@ 0x22
100094fe:	4313      	orrs	r3, r2
10009500:	63c3      	str	r3, [r0, #60]	@ 0x3c
10009502:	2300      	movs	r3, #0
10009504:	0004      	movs	r4, r0
10009506:	6403      	str	r3, [r0, #64]	@ 0x40
10009508:	0029      	movs	r1, r5
1000950a:	3222      	adds	r2, #34	@ 0x22
1000950c:	3044      	adds	r0, #68	@ 0x44
1000950e:	f7f9 f889 	bl	10002624 <__wrap___aeabi_memcpy>
10009512:	0023      	movs	r3, r4
10009514:	2234      	movs	r2, #52	@ 0x34
10009516:	2100      	movs	r1, #0
10009518:	0020      	movs	r0, r4
1000951a:	3328      	adds	r3, #40	@ 0x28
1000951c:	f7fe fe36 	bl	1000818c <cyw43_sdpcm_send_common>
10009520:	2800      	cmp	r0, #0
10009522:	d106      	bne.n	10009532 <cyw43_ll_wifi_rejoin+0x4e>
10009524:	2324      	movs	r3, #36	@ 0x24
10009526:	221a      	movs	r2, #26
10009528:	2102      	movs	r1, #2
1000952a:	0020      	movs	r0, r4
1000952c:	9500      	str	r5, [sp, #0]
1000952e:	f7fe fea7 	bl	10008280 <cyw43_do_ioctl.part.0>
10009532:	b003      	add	sp, #12
10009534:	bd30      	pop	{r4, r5, pc}
10009536:	46c0      	nop			@ (mov r8, r8)
10009538:	00000828 	.word	0x00000828

1000953c <cyw43_ll_gpio_set>:
1000953c:	b5f0      	push	{r4, r5, r6, r7, lr}
1000953e:	0004      	movs	r4, r0
10009540:	b083      	sub	sp, #12
10009542:	2902      	cmp	r1, #2
10009544:	d83d      	bhi.n	100095c2 <cyw43_ll_gpio_set+0x86>
10009546:	0006      	movs	r6, r0
10009548:	1e53      	subs	r3, r2, #1
1000954a:	419a      	sbcs	r2, r3
1000954c:	2701      	movs	r7, #1
1000954e:	3644      	adds	r6, #68	@ 0x44
10009550:	408f      	lsls	r7, r1
10009552:	4255      	negs	r5, r2
10009554:	491c      	ldr	r1, [pc, #112]	@ (100095c8 <cyw43_ll_gpio_set+0x8c>)
10009556:	2208      	movs	r2, #8
10009558:	0030      	movs	r0, r6
1000955a:	f7f9 f863 	bl	10002624 <__wrap___aeabi_memcpy>
1000955e:	234c      	movs	r3, #76	@ 0x4c
10009560:	2200      	movs	r2, #0
10009562:	2110      	movs	r1, #16
10009564:	54e7      	strb	r7, [r4, r3]
10009566:	3301      	adds	r3, #1
10009568:	54e2      	strb	r2, [r4, r3]
1000956a:	3301      	adds	r3, #1
1000956c:	54e2      	strb	r2, [r4, r3]
1000956e:	3301      	adds	r3, #1
10009570:	54e2      	strb	r2, [r4, r3]
10009572:	403d      	ands	r5, r7
10009574:	3301      	adds	r3, #1
10009576:	54e5      	strb	r5, [r4, r3]
10009578:	3301      	adds	r3, #1
1000957a:	54e2      	strb	r2, [r4, r3]
1000957c:	3301      	adds	r3, #1
1000957e:	54e2      	strb	r2, [r4, r3]
10009580:	3301      	adds	r3, #1
10009582:	54e2      	strb	r2, [r4, r3]
10009584:	8a23      	ldrh	r3, [r4, #16]
10009586:	63a1      	str	r1, [r4, #56]	@ 0x38
10009588:	3301      	adds	r3, #1
1000958a:	390e      	subs	r1, #14
1000958c:	8223      	strh	r3, [r4, #16]
1000958e:	041b      	lsls	r3, r3, #16
10009590:	430b      	orrs	r3, r1
10009592:	2508      	movs	r5, #8
10009594:	63e3      	str	r3, [r4, #60]	@ 0x3c
10009596:	0023      	movs	r3, r4
10009598:	35ff      	adds	r5, #255	@ 0xff
1000959a:	6422      	str	r2, [r4, #64]	@ 0x40
1000959c:	2100      	movs	r1, #0
1000959e:	0020      	movs	r0, r4
100095a0:	6365      	str	r5, [r4, #52]	@ 0x34
100095a2:	3328      	adds	r3, #40	@ 0x28
100095a4:	3220      	adds	r2, #32
100095a6:	f7fe fdf1 	bl	1000818c <cyw43_sdpcm_send_common>
100095aa:	2800      	cmp	r0, #0
100095ac:	d106      	bne.n	100095bc <cyw43_ll_gpio_set+0x80>
100095ae:	2310      	movs	r3, #16
100095b0:	002a      	movs	r2, r5
100095b2:	2102      	movs	r1, #2
100095b4:	0020      	movs	r0, r4
100095b6:	9600      	str	r6, [sp, #0]
100095b8:	f7fe fe62 	bl	10008280 <cyw43_do_ioctl.part.0>
100095bc:	2000      	movs	r0, #0
100095be:	b003      	add	sp, #12
100095c0:	bdf0      	pop	{r4, r5, r6, r7, pc}
100095c2:	2001      	movs	r0, #1
100095c4:	4240      	negs	r0, r0
100095c6:	e7fa      	b.n	100095be <cyw43_ll_gpio_set+0x82>
100095c8:	1000b710 	.word	0x1000b710

100095cc <cyw43_ll_has_work>:
100095cc:	b510      	push	{r4, lr}
100095ce:	6800      	ldr	r0, [r0, #0]
100095d0:	f000 f8e4 	bl	1000979c <cyw43_cb_read_host_interrupt_pin>
100095d4:	3801      	subs	r0, #1
100095d6:	4243      	negs	r3, r0
100095d8:	4158      	adcs	r0, r3
100095da:	b2c0      	uxtb	r0, r0
100095dc:	bd10      	pop	{r4, pc}
100095de:	46c0      	nop			@ (mov r8, r8)

100095e0 <cyw43_poll_func>:
100095e0:	b510      	push	{r4, lr}
100095e2:	4b28      	ldr	r3, [pc, #160]	@ (10009684 <cyw43_poll_func+0xa4>)
100095e4:	b082      	sub	sp, #8
100095e6:	681b      	ldr	r3, [r3, #0]
100095e8:	2b00      	cmp	r3, #0
100095ea:	d017      	beq.n	1000961c <cyw43_poll_func+0x3c>
100095ec:	4c26      	ldr	r4, [pc, #152]	@ (10009688 <cyw43_poll_func+0xa8>)
100095ee:	0020      	movs	r0, r4
100095f0:	f7ff ffec 	bl	100095cc <cyw43_ll_has_work>
100095f4:	2800      	cmp	r0, #0
100095f6:	d13c      	bne.n	10009672 <cyw43_poll_func+0x92>
100095f8:	4b24      	ldr	r3, [pc, #144]	@ (1000968c <cyw43_poll_func+0xac>)
100095fa:	5ce2      	ldrb	r2, [r4, r3]
100095fc:	2a00      	cmp	r2, #0
100095fe:	d12b      	bne.n	10009658 <cyw43_poll_func+0x78>
10009600:	4b23      	ldr	r3, [pc, #140]	@ (10009690 <cyw43_poll_func+0xb0>)
10009602:	5ce2      	ldrb	r2, [r4, r3]
10009604:	2a00      	cmp	r2, #0
10009606:	d11d      	bne.n	10009644 <cyw43_poll_func+0x64>
10009608:	4b22      	ldr	r3, [pc, #136]	@ (10009694 <cyw43_poll_func+0xb4>)
1000960a:	5ce2      	ldrb	r2, [r4, r3]
1000960c:	2a00      	cmp	r2, #0
1000960e:	d10c      	bne.n	1000962a <cyw43_poll_func+0x4a>
10009610:	4b21      	ldr	r3, [pc, #132]	@ (10009698 <cyw43_poll_func+0xb8>)
10009612:	681b      	ldr	r3, [r3, #0]
10009614:	2b00      	cmp	r3, #0
10009616:	d003      	beq.n	10009620 <cyw43_poll_func+0x40>
10009618:	f000 fc86 	bl	10009f28 <cyw43_post_poll_hook>
1000961c:	b002      	add	sp, #8
1000961e:	bd10      	pop	{r4, pc}
10009620:	2101      	movs	r1, #1
10009622:	0020      	movs	r0, r4
10009624:	f7ff fa94 	bl	10008b50 <cyw43_ll_bus_sleep>
10009628:	e7f6      	b.n	10009618 <cyw43_poll_func+0x38>
1000962a:	2200      	movs	r2, #0
1000962c:	0020      	movs	r0, r4
1000962e:	54e2      	strb	r2, [r4, r3]
10009630:	f7ff ff58 	bl	100094e4 <cyw43_ll_wifi_rejoin>
10009634:	2201      	movs	r2, #1
10009636:	4b19      	ldr	r3, [pc, #100]	@ (1000969c <cyw43_poll_func+0xbc>)
10009638:	50e2      	str	r2, [r4, r3]
1000963a:	4b17      	ldr	r3, [pc, #92]	@ (10009698 <cyw43_poll_func+0xb8>)
1000963c:	681b      	ldr	r3, [r3, #0]
1000963e:	2b00      	cmp	r3, #0
10009640:	d1ea      	bne.n	10009618 <cyw43_poll_func+0x38>
10009642:	e7ed      	b.n	10009620 <cyw43_poll_func+0x40>
10009644:	2200      	movs	r2, #0
10009646:	0020      	movs	r0, r4
10009648:	54e2      	strb	r2, [r4, r3]
1000964a:	f7ff ff27 	bl	1000949c <cyw43_ll_wifi_set_wpa_auth>
1000964e:	4b11      	ldr	r3, [pc, #68]	@ (10009694 <cyw43_poll_func+0xb4>)
10009650:	5ce2      	ldrb	r2, [r4, r3]
10009652:	2a00      	cmp	r2, #0
10009654:	d0dc      	beq.n	10009610 <cyw43_poll_func+0x30>
10009656:	e7e8      	b.n	1000962a <cyw43_poll_func+0x4a>
10009658:	2200      	movs	r2, #0
1000965a:	2169      	movs	r1, #105	@ 0x69
1000965c:	54e2      	strb	r2, [r4, r3]
1000965e:	0020      	movs	r0, r4
10009660:	2300      	movs	r3, #0
10009662:	9200      	str	r2, [sp, #0]
10009664:	f7ff fa36 	bl	10008ad4 <cyw43_ll_ioctl>
10009668:	4b09      	ldr	r3, [pc, #36]	@ (10009690 <cyw43_poll_func+0xb0>)
1000966a:	5ce2      	ldrb	r2, [r4, r3]
1000966c:	2a00      	cmp	r2, #0
1000966e:	d0cb      	beq.n	10009608 <cyw43_poll_func+0x28>
10009670:	e7e8      	b.n	10009644 <cyw43_poll_func+0x64>
10009672:	0020      	movs	r0, r4
10009674:	f7ff fa04 	bl	10008a80 <cyw43_ll_process_packets>
10009678:	4b04      	ldr	r3, [pc, #16]	@ (1000968c <cyw43_poll_func+0xac>)
1000967a:	5ce2      	ldrb	r2, [r4, r3]
1000967c:	2a00      	cmp	r2, #0
1000967e:	d0bf      	beq.n	10009600 <cyw43_poll_func+0x20>
10009680:	e7ea      	b.n	10009658 <cyw43_poll_func+0x78>
10009682:	46c0      	nop			@ (mov r8, r8)
10009684:	20001398 	.word	0x20001398
10009688:	200013a0 	.word	0x200013a0
1000968c:	00000869 	.word	0x00000869
10009690:	0000086b 	.word	0x0000086b
10009694:	0000086a 	.word	0x0000086a
10009698:	2000139c 	.word	0x2000139c
1000969c:	0000085c 	.word	0x0000085c

100096a0 <cyw43_init>:
100096a0:	b570      	push	{r4, r5, r6, lr}
100096a2:	2380      	movs	r3, #128	@ 0x80
100096a4:	25d0      	movs	r5, #208	@ 0xd0
100096a6:	2680      	movs	r6, #128	@ 0x80
100096a8:	0004      	movs	r4, r0
100096aa:	062d      	lsls	r5, r5, #24
100096ac:	045b      	lsls	r3, r3, #17
100096ae:	62ab      	str	r3, [r5, #40]	@ 0x28
100096b0:	0436      	lsls	r6, r6, #16
100096b2:	2200      	movs	r2, #0
100096b4:	2100      	movs	r1, #0
100096b6:	2018      	movs	r0, #24
100096b8:	f7f6 fea4 	bl	10000404 <gpio_set_pulls>
100096bc:	626e      	str	r6, [r5, #36]	@ 0x24
100096be:	2200      	movs	r2, #0
100096c0:	2100      	movs	r1, #0
100096c2:	2017      	movs	r0, #23
100096c4:	f7f6 fe9e 	bl	10000404 <gpio_set_pulls>
100096c8:	61ae      	str	r6, [r5, #24]
100096ca:	0021      	movs	r1, r4
100096cc:	0020      	movs	r0, r4
100096ce:	f7ff f9c5 	bl	10008a5c <cyw43_ll_init>
100096d2:	2285      	movs	r2, #133	@ 0x85
100096d4:	2300      	movs	r3, #0
100096d6:	2103      	movs	r1, #3
100096d8:	0112      	lsls	r2, r2, #4
100096da:	54a3      	strb	r3, [r4, r2]
100096dc:	4a06      	ldr	r2, [pc, #24]	@ (100096f8 <cyw43_init+0x58>)
100096de:	50a3      	str	r3, [r4, r2]
100096e0:	4a06      	ldr	r2, [pc, #24]	@ (100096fc <cyw43_init+0x5c>)
100096e2:	50a3      	str	r3, [r4, r2]
100096e4:	3214      	adds	r2, #20
100096e6:	52a1      	strh	r1, [r4, r2]
100096e8:	4a05      	ldr	r2, [pc, #20]	@ (10009700 <cyw43_init+0x60>)
100096ea:	54a3      	strb	r3, [r4, r2]
100096ec:	4a05      	ldr	r2, [pc, #20]	@ (10009704 <cyw43_init+0x64>)
100096ee:	6013      	str	r3, [r2, #0]
100096f0:	2201      	movs	r2, #1
100096f2:	4b05      	ldr	r3, [pc, #20]	@ (10009708 <cyw43_init+0x68>)
100096f4:	50e2      	str	r2, [r4, r3]
100096f6:	bd70      	pop	{r4, r5, r6, pc}
100096f8:	00000858 	.word	0x00000858
100096fc:	0000085c 	.word	0x0000085c
10009700:	00000872 	.word	0x00000872
10009704:	20001398 	.word	0x20001398
10009708:	00000868 	.word	0x00000868

1000970c <cyw43_deinit>:
1000970c:	b5f8      	push	{r3, r4, r5, r6, r7, lr}
1000970e:	0004      	movs	r4, r0
10009710:	f000 fc74 	bl	10009ffc <cyw43_thread_enter>
10009714:	4e1c      	ldr	r6, [pc, #112]	@ (10009788 <cyw43_deinit+0x7c>)
10009716:	6833      	ldr	r3, [r6, #0]
10009718:	2b00      	cmp	r3, #0
1000971a:	d032      	beq.n	10009782 <cyw43_deinit+0x76>
1000971c:	2100      	movs	r1, #0
1000971e:	0020      	movs	r0, r4
10009720:	f000 fcd0 	bl	1000a0c4 <cyw43_cb_tcpip_deinit>
10009724:	2101      	movs	r1, #1
10009726:	0020      	movs	r0, r4
10009728:	f000 fccc 	bl	1000a0c4 <cyw43_cb_tcpip_deinit>
1000972c:	0020      	movs	r0, r4
1000972e:	f7ff f9a3 	bl	10008a78 <cyw43_ll_deinit>
10009732:	25d0      	movs	r5, #208	@ 0xd0
10009734:	2380      	movs	r3, #128	@ 0x80
10009736:	2780      	movs	r7, #128	@ 0x80
10009738:	045b      	lsls	r3, r3, #17
1000973a:	062d      	lsls	r5, r5, #24
1000973c:	62ab      	str	r3, [r5, #40]	@ 0x28
1000973e:	2200      	movs	r2, #0
10009740:	2100      	movs	r1, #0
10009742:	2018      	movs	r0, #24
10009744:	043f      	lsls	r7, r7, #16
10009746:	f7f6 fe5d 	bl	10000404 <gpio_set_pulls>
1000974a:	2200      	movs	r2, #0
1000974c:	2100      	movs	r1, #0
1000974e:	2017      	movs	r0, #23
10009750:	626f      	str	r7, [r5, #36]	@ 0x24
10009752:	f7f6 fe57 	bl	10000404 <gpio_set_pulls>
10009756:	0021      	movs	r1, r4
10009758:	0020      	movs	r0, r4
1000975a:	61af      	str	r7, [r5, #24]
1000975c:	f7ff f97e 	bl	10008a5c <cyw43_ll_init>
10009760:	2285      	movs	r2, #133	@ 0x85
10009762:	2300      	movs	r3, #0
10009764:	2103      	movs	r1, #3
10009766:	0112      	lsls	r2, r2, #4
10009768:	54a3      	strb	r3, [r4, r2]
1000976a:	4a08      	ldr	r2, [pc, #32]	@ (1000978c <cyw43_deinit+0x80>)
1000976c:	6033      	str	r3, [r6, #0]
1000976e:	50a3      	str	r3, [r4, r2]
10009770:	4a07      	ldr	r2, [pc, #28]	@ (10009790 <cyw43_deinit+0x84>)
10009772:	50a3      	str	r3, [r4, r2]
10009774:	3214      	adds	r2, #20
10009776:	52a1      	strh	r1, [r4, r2]
10009778:	4a06      	ldr	r2, [pc, #24]	@ (10009794 <cyw43_deinit+0x88>)
1000977a:	54a3      	strb	r3, [r4, r2]
1000977c:	2201      	movs	r2, #1
1000977e:	4b06      	ldr	r3, [pc, #24]	@ (10009798 <cyw43_deinit+0x8c>)
10009780:	50e2      	str	r2, [r4, r3]
10009782:	f000 fc45 	bl	1000a010 <cyw43_thread_exit>
10009786:	bdf8      	pop	{r3, r4, r5, r6, r7, pc}
10009788:	20001398 	.word	0x20001398
1000978c:	00000858 	.word	0x00000858
10009790:	0000085c 	.word	0x0000085c
10009794:	00000872 	.word	0x00000872
10009798:	00000868 	.word	0x00000868

1000979c <cyw43_cb_read_host_interrupt_pin>:
1000979c:	23d0      	movs	r3, #208	@ 0xd0
1000979e:	061b      	lsls	r3, r3, #24
100097a0:	6858      	ldr	r0, [r3, #4]
100097a2:	01c0      	lsls	r0, r0, #7
100097a4:	0fc0      	lsrs	r0, r0, #31
100097a6:	4770      	bx	lr

100097a8 <cyw43_cb_ensure_awake>:
100097a8:	2232      	movs	r2, #50	@ 0x32
100097aa:	4b01      	ldr	r3, [pc, #4]	@ (100097b0 <cyw43_cb_ensure_awake+0x8>)
100097ac:	601a      	str	r2, [r3, #0]
100097ae:	4770      	bx	lr
100097b0:	2000139c 	.word	0x2000139c

100097b4 <cyw43_cb_process_async_event>:
100097b4:	4b77      	ldr	r3, [pc, #476]	@ (10009994 <cyw43_cb_process_async_event+0x1e0>)
100097b6:	b570      	push	{r4, r5, r6, lr}
100097b8:	58c3      	ldr	r3, [r0, r3]
100097ba:	0004      	movs	r4, r0
100097bc:	000d      	movs	r5, r1
100097be:	07db      	lsls	r3, r3, #31
100097c0:	d412      	bmi.n	100097e8 <cyw43_cb_process_async_event+0x34>
100097c2:	686b      	ldr	r3, [r5, #4]
100097c4:	2b45      	cmp	r3, #69	@ 0x45
100097c6:	d005      	beq.n	100097d4 <cyw43_cb_process_async_event+0x20>
100097c8:	2b31      	cmp	r3, #49	@ 0x31
100097ca:	d807      	bhi.n	100097dc <cyw43_cb_process_async_event+0x28>
100097cc:	4a72      	ldr	r2, [pc, #456]	@ (10009998 <cyw43_cb_process_async_event+0x1e4>)
100097ce:	009b      	lsls	r3, r3, #2
100097d0:	58d3      	ldr	r3, [r2, r3]
100097d2:	469f      	mov	pc, r3
100097d4:	4a71      	ldr	r2, [pc, #452]	@ (1000999c <cyw43_cb_process_async_event+0x1e8>)
100097d6:	58a3      	ldr	r3, [r4, r2]
100097d8:	2b01      	cmp	r3, #1
100097da:	d03f      	beq.n	1000985c <cyw43_cb_process_async_event+0xa8>
100097dc:	4b70      	ldr	r3, [pc, #448]	@ (100099a0 <cyw43_cb_process_async_event+0x1ec>)
100097de:	58e3      	ldr	r3, [r4, r3]
100097e0:	4a70      	ldr	r2, [pc, #448]	@ (100099a4 <cyw43_cb_process_async_event+0x1f0>)
100097e2:	4293      	cmp	r3, r2
100097e4:	d022      	beq.n	1000982c <cyw43_cb_process_async_event+0x78>
100097e6:	bd70      	pop	{r4, r5, r6, pc}
100097e8:	f7f7 ff1c 	bl	10001624 <time_us_64>
100097ec:	2900      	cmp	r1, #0
100097ee:	d025      	beq.n	1000983c <cyw43_cb_process_async_event+0x88>
100097f0:	22fa      	movs	r2, #250	@ 0xfa
100097f2:	2300      	movs	r3, #0
100097f4:	0092      	lsls	r2, r2, #2
100097f6:	f7f8 fb2b 	bl	10001e50 <__wrap___aeabi_uldivmod>
100097fa:	886a      	ldrh	r2, [r5, #2]
100097fc:	0001      	movs	r1, r0
100097fe:	486a      	ldr	r0, [pc, #424]	@ (100099a8 <cyw43_cb_process_async_event+0x1f4>)
10009800:	f7fa fcf2 	bl	100041e8 <__wrap_printf>
10009804:	6869      	ldr	r1, [r5, #4]
10009806:	2958      	cmp	r1, #88	@ 0x58
10009808:	d824      	bhi.n	10009854 <cyw43_cb_process_async_event+0xa0>
1000980a:	4b68      	ldr	r3, [pc, #416]	@ (100099ac <cyw43_cb_process_async_event+0x1f8>)
1000980c:	008a      	lsls	r2, r1, #2
1000980e:	58d3      	ldr	r3, [r2, r3]
10009810:	2b00      	cmp	r3, #0
10009812:	d01f      	beq.n	10009854 <cyw43_cb_process_async_event+0xa0>
10009814:	0019      	movs	r1, r3
10009816:	4866      	ldr	r0, [pc, #408]	@ (100099b0 <cyw43_cb_process_async_event+0x1fc>)
10009818:	f7fa fce6 	bl	100041e8 <__wrap_printf>
1000981c:	232e      	movs	r3, #46	@ 0x2e
1000981e:	68ea      	ldr	r2, [r5, #12]
10009820:	5ceb      	ldrb	r3, [r5, r3]
10009822:	68a9      	ldr	r1, [r5, #8]
10009824:	4863      	ldr	r0, [pc, #396]	@ (100099b4 <cyw43_cb_process_async_event+0x200>)
10009826:	f7fa fcdf 	bl	100041e8 <__wrap_printf>
1000982a:	e7ca      	b.n	100097c2 <cyw43_cb_process_async_event+0xe>
1000982c:	2201      	movs	r2, #1
1000982e:	4b5c      	ldr	r3, [pc, #368]	@ (100099a0 <cyw43_cb_process_async_event+0x1ec>)
10009830:	2100      	movs	r1, #0
10009832:	0020      	movs	r0, r4
10009834:	50e2      	str	r2, [r4, r3]
10009836:	f000 fc47 	bl	1000a0c8 <cyw43_cb_tcpip_set_link_up>
1000983a:	e7d4      	b.n	100097e6 <cyw43_cb_process_async_event+0x32>
1000983c:	21fa      	movs	r1, #250	@ 0xfa
1000983e:	0089      	lsls	r1, r1, #2
10009840:	f7f8 fac8 	bl	10001dd4 <__wrap___aeabi_uidiv>
10009844:	886a      	ldrh	r2, [r5, #2]
10009846:	0001      	movs	r1, r0
10009848:	4857      	ldr	r0, [pc, #348]	@ (100099a8 <cyw43_cb_process_async_event+0x1f4>)
1000984a:	f7fa fccd 	bl	100041e8 <__wrap_printf>
1000984e:	6869      	ldr	r1, [r5, #4]
10009850:	2958      	cmp	r1, #88	@ 0x58
10009852:	d9da      	bls.n	1000980a <cyw43_cb_process_async_event+0x56>
10009854:	4858      	ldr	r0, [pc, #352]	@ (100099b8 <cyw43_cb_process_async_event+0x204>)
10009856:	f7fa fcc7 	bl	100041e8 <__wrap_printf>
1000985a:	e7df      	b.n	1000981c <cyw43_cb_process_async_event+0x68>
1000985c:	68a9      	ldr	r1, [r5, #8]
1000985e:	2908      	cmp	r1, #8
10009860:	d074      	beq.n	1000994c <cyw43_cb_process_async_event+0x198>
10009862:	4b4f      	ldr	r3, [pc, #316]	@ (100099a0 <cyw43_cb_process_async_event+0x1ec>)
10009864:	58e3      	ldr	r3, [r4, r3]
10009866:	2900      	cmp	r1, #0
10009868:	d1ba      	bne.n	100097e0 <cyw43_cb_process_async_event+0x2c>
1000986a:	3102      	adds	r1, #2
1000986c:	50a1      	str	r1, [r4, r2]
1000986e:	e7b7      	b.n	100097e0 <cyw43_cb_process_async_event+0x2c>
10009870:	2201      	movs	r2, #1
10009872:	4b52      	ldr	r3, [pc, #328]	@ (100099bc <cyw43_cb_process_async_event+0x208>)
10009874:	4852      	ldr	r0, [pc, #328]	@ (100099c0 <cyw43_cb_process_async_event+0x20c>)
10009876:	52e2      	strh	r2, [r4, r3]
10009878:	f000 fb5e 	bl	10009f38 <cyw43_schedule_internal_poll_dispatch>
1000987c:	e7ae      	b.n	100097dc <cyw43_cb_process_async_event+0x28>
1000987e:	68ab      	ldr	r3, [r5, #8]
10009880:	2b06      	cmp	r3, #6
10009882:	d06e      	beq.n	10009962 <cyw43_cb_process_async_event+0x1ae>
10009884:	2b04      	cmp	r3, #4
10009886:	d003      	beq.n	10009890 <cyw43_cb_process_async_event+0xdc>
10009888:	2202      	movs	r2, #2
1000988a:	4393      	bics	r3, r2
1000988c:	2b08      	cmp	r3, #8
1000988e:	d159      	bne.n	10009944 <cyw43_cb_process_async_event+0x190>
10009890:	68eb      	ldr	r3, [r5, #12]
10009892:	2b0f      	cmp	r3, #15
10009894:	d156      	bne.n	10009944 <cyw43_cb_process_async_event+0x190>
10009896:	4b49      	ldr	r3, [pc, #292]	@ (100099bc <cyw43_cb_process_async_event+0x208>)
10009898:	e02c      	b.n	100098f4 <cyw43_cb_process_async_event+0x140>
1000989a:	68ab      	ldr	r3, [r5, #8]
1000989c:	2b00      	cmp	r3, #0
1000989e:	d19d      	bne.n	100097dc <cyw43_cb_process_async_event+0x28>
100098a0:	68eb      	ldr	r3, [r5, #12]
100098a2:	2b08      	cmp	r3, #8
100098a4:	d19a      	bne.n	100097dc <cyw43_cb_process_async_event+0x28>
100098a6:	2202      	movs	r2, #2
100098a8:	4b44      	ldr	r3, [pc, #272]	@ (100099bc <cyw43_cb_process_async_event+0x208>)
100098aa:	32ff      	adds	r2, #255	@ 0xff
100098ac:	e7e2      	b.n	10009874 <cyw43_cb_process_async_event+0xc0>
100098ae:	68ab      	ldr	r3, [r5, #8]
100098b0:	2b00      	cmp	r3, #0
100098b2:	d000      	beq.n	100098b6 <cyw43_cb_process_async_event+0x102>
100098b4:	e792      	b.n	100097dc <cyw43_cb_process_async_event+0x28>
100098b6:	332e      	adds	r3, #46	@ 0x2e
100098b8:	5ce9      	ldrb	r1, [r5, r3]
100098ba:	886b      	ldrh	r3, [r5, #2]
100098bc:	07db      	lsls	r3, r3, #31
100098be:	d55d      	bpl.n	1000997c <cyw43_cb_process_async_event+0x1c8>
100098c0:	2900      	cmp	r1, #0
100098c2:	d161      	bne.n	10009988 <cyw43_cb_process_async_event+0x1d4>
100098c4:	2380      	movs	r3, #128	@ 0x80
100098c6:	4a36      	ldr	r2, [pc, #216]	@ (100099a0 <cyw43_cb_process_async_event+0x1ec>)
100098c8:	00db      	lsls	r3, r3, #3
100098ca:	58a1      	ldr	r1, [r4, r2]
100098cc:	430b      	orrs	r3, r1
100098ce:	50a3      	str	r3, [r4, r2]
100098d0:	e786      	b.n	100097e0 <cyw43_cb_process_async_event+0x2c>
100098d2:	2100      	movs	r1, #0
100098d4:	0020      	movs	r0, r4
100098d6:	f000 fbfd 	bl	1000a0d4 <cyw43_cb_tcpip_set_link_down>
100098da:	2200      	movs	r2, #0
100098dc:	4b30      	ldr	r3, [pc, #192]	@ (100099a0 <cyw43_cb_process_async_event+0x1ec>)
100098de:	50e2      	str	r2, [r4, r3]
100098e0:	e781      	b.n	100097e6 <cyw43_cb_process_async_event+0x32>
100098e2:	68ab      	ldr	r3, [r5, #8]
100098e4:	2b00      	cmp	r3, #0
100098e6:	d000      	beq.n	100098ea <cyw43_cb_process_async_event+0x136>
100098e8:	e778      	b.n	100097dc <cyw43_cb_process_async_event+0x28>
100098ea:	68eb      	ldr	r3, [r5, #12]
100098ec:	2b02      	cmp	r3, #2
100098ee:	d000      	beq.n	100098f2 <cyw43_cb_process_async_event+0x13e>
100098f0:	e774      	b.n	100097dc <cyw43_cb_process_async_event+0x28>
100098f2:	4b34      	ldr	r3, [pc, #208]	@ (100099c4 <cyw43_cb_process_async_event+0x210>)
100098f4:	2201      	movs	r2, #1
100098f6:	4832      	ldr	r0, [pc, #200]	@ (100099c0 <cyw43_cb_process_async_event+0x20c>)
100098f8:	54e2      	strb	r2, [r4, r3]
100098fa:	f000 fb1d 	bl	10009f38 <cyw43_schedule_internal_poll_dispatch>
100098fe:	4b28      	ldr	r3, [pc, #160]	@ (100099a0 <cyw43_cb_process_async_event+0x1ec>)
10009900:	58e3      	ldr	r3, [r4, r3]
10009902:	e76d      	b.n	100097e0 <cyw43_cb_process_async_event+0x2c>
10009904:	68ab      	ldr	r3, [r5, #8]
10009906:	2b00      	cmp	r3, #0
10009908:	d119      	bne.n	1000993e <cyw43_cb_process_async_event+0x18a>
1000990a:	4b25      	ldr	r3, [pc, #148]	@ (100099a0 <cyw43_cb_process_async_event+0x1ec>)
1000990c:	58e2      	ldr	r2, [r4, r3]
1000990e:	230f      	movs	r3, #15
10009910:	0019      	movs	r1, r3
10009912:	4011      	ands	r1, r2
10009914:	2904      	cmp	r1, #4
10009916:	d102      	bne.n	1000991e <cyw43_cb_process_async_event+0x16a>
10009918:	439a      	bics	r2, r3
1000991a:	3b0e      	subs	r3, #14
1000991c:	431a      	orrs	r2, r3
1000991e:	2380      	movs	r3, #128	@ 0x80
10009920:	009b      	lsls	r3, r3, #2
10009922:	4313      	orrs	r3, r2
10009924:	4a1e      	ldr	r2, [pc, #120]	@ (100099a0 <cyw43_cb_process_async_event+0x1ec>)
10009926:	50a3      	str	r3, [r4, r2]
10009928:	e75a      	b.n	100097e0 <cyw43_cb_process_async_event+0x2c>
1000992a:	68ab      	ldr	r3, [r5, #8]
1000992c:	2b00      	cmp	r3, #0
1000992e:	d100      	bne.n	10009932 <cyw43_cb_process_async_event+0x17e>
10009930:	e754      	b.n	100097dc <cyw43_cb_process_async_event+0x28>
10009932:	2b03      	cmp	r3, #3
10009934:	d01c      	beq.n	10009970 <cyw43_cb_process_async_event+0x1bc>
10009936:	2202      	movs	r2, #2
10009938:	4b19      	ldr	r3, [pc, #100]	@ (100099a0 <cyw43_cb_process_async_event+0x1ec>)
1000993a:	50e2      	str	r2, [r4, r3]
1000993c:	e753      	b.n	100097e6 <cyw43_cb_process_async_event+0x32>
1000993e:	2b06      	cmp	r3, #6
10009940:	d100      	bne.n	10009944 <cyw43_cb_process_async_event+0x190>
10009942:	e74b      	b.n	100097dc <cyw43_cb_process_async_event+0x28>
10009944:	2204      	movs	r2, #4
10009946:	4b16      	ldr	r3, [pc, #88]	@ (100099a0 <cyw43_cb_process_async_event+0x1ec>)
10009948:	50e2      	str	r2, [r4, r3]
1000994a:	e74c      	b.n	100097e6 <cyw43_cb_process_async_event+0x32>
1000994c:	2386      	movs	r3, #134	@ 0x86
1000994e:	0029      	movs	r1, r5
10009950:	011b      	lsls	r3, r3, #4
10009952:	58e0      	ldr	r0, [r4, r3]
10009954:	4b1c      	ldr	r3, [pc, #112]	@ (100099c8 <cyw43_cb_process_async_event+0x214>)
10009956:	3130      	adds	r1, #48	@ 0x30
10009958:	58e3      	ldr	r3, [r4, r3]
1000995a:	4798      	blx	r3
1000995c:	4b10      	ldr	r3, [pc, #64]	@ (100099a0 <cyw43_cb_process_async_event+0x1ec>)
1000995e:	58e3      	ldr	r3, [r4, r3]
10009960:	e73e      	b.n	100097e0 <cyw43_cb_process_async_event+0x2c>
10009962:	2380      	movs	r3, #128	@ 0x80
10009964:	4a0e      	ldr	r2, [pc, #56]	@ (100099a0 <cyw43_cb_process_async_event+0x1ec>)
10009966:	011b      	lsls	r3, r3, #4
10009968:	58a1      	ldr	r1, [r4, r2]
1000996a:	430b      	orrs	r3, r1
1000996c:	50a3      	str	r3, [r4, r2]
1000996e:	e737      	b.n	100097e0 <cyw43_cb_process_async_event+0x2c>
10009970:	68ea      	ldr	r2, [r5, #12]
10009972:	2a00      	cmp	r2, #0
10009974:	d1df      	bne.n	10009936 <cyw43_cb_process_async_event+0x182>
10009976:	4a0a      	ldr	r2, [pc, #40]	@ (100099a0 <cyw43_cb_process_async_event+0x1ec>)
10009978:	50a3      	str	r3, [r4, r2]
1000997a:	e734      	b.n	100097e6 <cyw43_cb_process_async_event+0x32>
1000997c:	0020      	movs	r0, r4
1000997e:	f000 fba9 	bl	1000a0d4 <cyw43_cb_tcpip_set_link_down>
10009982:	4b07      	ldr	r3, [pc, #28]	@ (100099a0 <cyw43_cb_process_async_event+0x1ec>)
10009984:	58e3      	ldr	r3, [r4, r3]
10009986:	e72b      	b.n	100097e0 <cyw43_cb_process_async_event+0x2c>
10009988:	0020      	movs	r0, r4
1000998a:	f000 fb9d 	bl	1000a0c8 <cyw43_cb_tcpip_set_link_up>
1000998e:	4b04      	ldr	r3, [pc, #16]	@ (100099a0 <cyw43_cb_process_async_event+0x1ec>)
10009990:	58e3      	ldr	r3, [r4, r3]
10009992:	e725      	b.n	100097e0 <cyw43_cb_process_async_event+0x2c>
10009994:	00000854 	.word	0x00000854
10009998:	10042e54 	.word	0x10042e54
1000999c:	00000858 	.word	0x00000858
100099a0:	0000085c 	.word	0x0000085c
100099a4:	00000e01 	.word	0x00000e01
100099a8:	1000b718 	.word	0x1000b718
100099ac:	10042f1c 	.word	0x10042f1c
100099b0:	1000b72c 	.word	0x1000b72c
100099b4:	1000b734 	.word	0x1000b734
100099b8:	1000b730 	.word	0x1000b730
100099bc:	0000086a 	.word	0x0000086a
100099c0:	100095e1 	.word	0x100095e1
100099c4:	00000869 	.word	0x00000869
100099c8:	00000864 	.word	0x00000864

100099cc <cyw43_gpio_set>:
100099cc:	b5f8      	push	{r3, r4, r5, r6, r7, lr}
100099ce:	46ce      	mov	lr, r9
100099d0:	4647      	mov	r7, r8
100099d2:	0005      	movs	r5, r0
100099d4:	b580      	push	{r7, lr}
100099d6:	4688      	mov	r8, r1
100099d8:	4691      	mov	r9, r2
100099da:	f000 fb0f 	bl	10009ffc <cyw43_thread_enter>
100099de:	4e1f      	ldr	r6, [pc, #124]	@ (10009a5c <cyw43_gpio_set+0x90>)
100099e0:	2100      	movs	r1, #0
100099e2:	6834      	ldr	r4, [r6, #0]
100099e4:	0028      	movs	r0, r5
100099e6:	2c00      	cmp	r4, #0
100099e8:	d00e      	beq.n	10009a08 <cyw43_gpio_set+0x3c>
100099ea:	f7ff f8b1 	bl	10008b50 <cyw43_ll_bus_sleep>
100099ee:	464a      	mov	r2, r9
100099f0:	4641      	mov	r1, r8
100099f2:	0028      	movs	r0, r5
100099f4:	f7ff fda2 	bl	1000953c <cyw43_ll_gpio_set>
100099f8:	0004      	movs	r4, r0
100099fa:	f000 fb09 	bl	1000a010 <cyw43_thread_exit>
100099fe:	0020      	movs	r0, r4
10009a00:	bcc0      	pop	{r6, r7}
10009a02:	46b9      	mov	r9, r7
10009a04:	46b0      	mov	r8, r6
10009a06:	bdf8      	pop	{r3, r4, r5, r6, r7, pc}
10009a08:	f000 fb5c 	bl	1000a0c4 <cyw43_cb_tcpip_deinit>
10009a0c:	2101      	movs	r1, #1
10009a0e:	0028      	movs	r0, r5
10009a10:	f000 fb58 	bl	1000a0c4 <cyw43_cb_tcpip_deinit>
10009a14:	2385      	movs	r3, #133	@ 0x85
10009a16:	011b      	lsls	r3, r3, #4
10009a18:	54ec      	strb	r4, [r5, r3]
10009a1a:	2380      	movs	r3, #128	@ 0x80
10009a1c:	24d0      	movs	r4, #208	@ 0xd0
10009a1e:	041b      	lsls	r3, r3, #16
10009a20:	001f      	movs	r7, r3
10009a22:	0624      	lsls	r4, r4, #24
10009a24:	61a3      	str	r3, [r4, #24]
10009a26:	2014      	movs	r0, #20
10009a28:	f000 fb2a 	bl	1000a080 <cyw43_delay_ms>
10009a2c:	2032      	movs	r0, #50	@ 0x32
10009a2e:	6167      	str	r7, [r4, #20]
10009a30:	f000 fb26 	bl	1000a080 <cyw43_delay_ms>
10009a34:	2100      	movs	r1, #0
10009a36:	0028      	movs	r0, r5
10009a38:	f7ff f8de 	bl	10008bf8 <cyw43_ll_bus_init>
10009a3c:	1e04      	subs	r4, r0, #0
10009a3e:	d1dc      	bne.n	100099fa <cyw43_gpio_set+0x2e>
10009a40:	4b07      	ldr	r3, [pc, #28]	@ (10009a60 <cyw43_gpio_set+0x94>)
10009a42:	0028      	movs	r0, r5
10009a44:	18e9      	adds	r1, r5, r3
10009a46:	f7ff f89d 	bl	10008b84 <cyw43_ll_wifi_get_mac>
10009a4a:	2232      	movs	r2, #50	@ 0x32
10009a4c:	4b05      	ldr	r3, [pc, #20]	@ (10009a64 <cyw43_gpio_set+0x98>)
10009a4e:	4806      	ldr	r0, [pc, #24]	@ (10009a68 <cyw43_gpio_set+0x9c>)
10009a50:	601a      	str	r2, [r3, #0]
10009a52:	6030      	str	r0, [r6, #0]
10009a54:	f000 fa70 	bl	10009f38 <cyw43_schedule_internal_poll_dispatch>
10009a58:	e7c9      	b.n	100099ee <cyw43_gpio_set+0x22>
10009a5a:	46c0      	nop			@ (mov r8, r8)
10009a5c:	20001398 	.word	0x20001398
10009a60:	000008d3 	.word	0x000008d3
10009a64:	2000139c 	.word	0x2000139c
10009a68:	100095e1 	.word	0x100095e1

10009a6c <pio_sm_set_pindirs_with_mask64>:
10009a6c:	b5f0      	push	{r4, r5, r6, r7, lr}
10009a6e:	46de      	mov	lr, fp
10009a70:	4657      	mov	r7, sl
10009a72:	464e      	mov	r6, r9
10009a74:	4645      	mov	r5, r8
10009a76:	b5e0      	push	{r5, r6, r7, lr}
10009a78:	0016      	movs	r6, r2
10009a7a:	22dc      	movs	r2, #220	@ 0xdc
10009a7c:	4692      	mov	sl, r2
10009a7e:	b085      	sub	sp, #20
10009a80:	004b      	lsls	r3, r1, #1
10009a82:	9301      	str	r3, [sp, #4]
10009a84:	185b      	adds	r3, r3, r1
10009a86:	00db      	lsls	r3, r3, #3
10009a88:	18c5      	adds	r5, r0, r3
10009a8a:	44aa      	add	sl, r5
10009a8c:	4652      	mov	r2, sl
10009a8e:	6812      	ldr	r2, [r2, #0]
10009a90:	9c0e      	ldr	r4, [sp, #56]	@ 0x38
10009a92:	4693      	mov	fp, r2
10009a94:	002a      	movs	r2, r5
10009a96:	32cc      	adds	r2, #204	@ 0xcc
10009a98:	6812      	ldr	r2, [r2, #0]
10009a9a:	9200      	str	r2, [sp, #0]
10009a9c:	4a1b      	ldr	r2, [pc, #108]	@ (10009b0c <pio_sm_set_pindirs_with_mask64+0xa0>)
10009a9e:	18ab      	adds	r3, r5, r2
10009aa0:	2280      	movs	r2, #128	@ 0x80
10009aa2:	0292      	lsls	r2, r2, #10
10009aa4:	601a      	str	r2, [r3, #0]
10009aa6:	2c00      	cmp	r4, #0
10009aa8:	d01e      	beq.n	10009ae8 <pio_sm_set_pindirs_with_mask64+0x7c>
10009aaa:	2380      	movs	r3, #128	@ 0x80
10009aac:	04db      	lsls	r3, r3, #19
10009aae:	4699      	mov	r9, r3
10009ab0:	2301      	movs	r3, #1
10009ab2:	4698      	mov	r8, r3
10009ab4:	0033      	movs	r3, r6
10009ab6:	35d8      	adds	r5, #216	@ 0xd8
10009ab8:	002e      	movs	r6, r5
10009aba:	4655      	mov	r5, sl
10009abc:	469a      	mov	sl, r3
10009abe:	4f14      	ldr	r7, [pc, #80]	@ (10009b10 <pio_sm_set_pindirs_with_mask64+0xa4>)
10009ac0:	9002      	str	r0, [sp, #8]
10009ac2:	9103      	str	r1, [sp, #12]
10009ac4:	0020      	movs	r0, r4
10009ac6:	f7f8 f957 	bl	10001d78 <__wrap___ctzsi2>
10009aca:	464a      	mov	r2, r9
10009acc:	0143      	lsls	r3, r0, #5
10009ace:	4313      	orrs	r3, r2
10009ad0:	602b      	str	r3, [r5, #0]
10009ad2:	4653      	mov	r3, sl
10009ad4:	4642      	mov	r2, r8
10009ad6:	40c3      	lsrs	r3, r0
10009ad8:	4013      	ands	r3, r2
10009ada:	433b      	orrs	r3, r7
10009adc:	6033      	str	r3, [r6, #0]
10009ade:	1e63      	subs	r3, r4, #1
10009ae0:	401c      	ands	r4, r3
10009ae2:	d1ef      	bne.n	10009ac4 <pio_sm_set_pindirs_with_mask64+0x58>
10009ae4:	9802      	ldr	r0, [sp, #8]
10009ae6:	9903      	ldr	r1, [sp, #12]
10009ae8:	9b01      	ldr	r3, [sp, #4]
10009aea:	185b      	adds	r3, r3, r1
10009aec:	00db      	lsls	r3, r3, #3
10009aee:	18c3      	adds	r3, r0, r3
10009af0:	001a      	movs	r2, r3
10009af2:	4659      	mov	r1, fp
10009af4:	32dc      	adds	r2, #220	@ 0xdc
10009af6:	6011      	str	r1, [r2, #0]
10009af8:	9a00      	ldr	r2, [sp, #0]
10009afa:	33cc      	adds	r3, #204	@ 0xcc
10009afc:	601a      	str	r2, [r3, #0]
10009afe:	b005      	add	sp, #20
10009b00:	bcf0      	pop	{r4, r5, r6, r7}
10009b02:	46bb      	mov	fp, r7
10009b04:	46b2      	mov	sl, r6
10009b06:	46a9      	mov	r9, r5
10009b08:	46a0      	mov	r8, r4
10009b0a:	bdf0      	pop	{r4, r5, r6, r7, pc}
10009b0c:	000030cc 	.word	0x000030cc
10009b10:	0000e080 	.word	0x0000e080

10009b14 <pio_set_input_sync_bypass_with_mask64>:
10009b14:	6b81      	ldr	r1, [r0, #56]	@ 0x38
10009b16:	9b00      	ldr	r3, [sp, #0]
10009b18:	4051      	eors	r1, r2
10009b1a:	4a02      	ldr	r2, [pc, #8]	@ (10009b24 <pio_set_input_sync_bypass_with_mask64+0x10>)
10009b1c:	400b      	ands	r3, r1
10009b1e:	1880      	adds	r0, r0, r2
10009b20:	6003      	str	r3, [r0, #0]
10009b22:	4770      	bx	lr
10009b24:	00001038 	.word	0x00001038

10009b28 <pio_sm_set_consecutive_pindirs>:
10009b28:	b5f0      	push	{r4, r5, r6, r7, lr}
10009b2a:	464e      	mov	r6, r9
10009b2c:	46de      	mov	lr, fp
10009b2e:	4657      	mov	r7, sl
10009b30:	4645      	mov	r5, r8
10009b32:	b5e0      	push	{r5, r6, r7, lr}
10009b34:	b083      	sub	sp, #12
10009b36:	000c      	movs	r4, r1
10009b38:	4689      	mov	r9, r1
10009b3a:	a90c      	add	r1, sp, #48	@ 0x30
10009b3c:	4684      	mov	ip, r0
10009b3e:	7808      	ldrb	r0, [r1, #0]
10009b40:	2a1f      	cmp	r2, #31
10009b42:	d842      	bhi.n	10009bca <pio_sm_set_consecutive_pindirs+0xa2>
10009b44:	0061      	lsls	r1, r4, #1
10009b46:	9101      	str	r1, [sp, #4]
10009b48:	1909      	adds	r1, r1, r4
10009b4a:	4664      	mov	r4, ip
10009b4c:	00c9      	lsls	r1, r1, #3
10009b4e:	1864      	adds	r4, r4, r1
10009b50:	0025      	movs	r5, r4
10009b52:	35dc      	adds	r5, #220	@ 0xdc
10009b54:	682e      	ldr	r6, [r5, #0]
10009b56:	46b2      	mov	sl, r6
10009b58:	0026      	movs	r6, r4
10009b5a:	36cc      	adds	r6, #204	@ 0xcc
10009b5c:	6836      	ldr	r6, [r6, #0]
10009b5e:	46b3      	mov	fp, r6
10009b60:	4e1b      	ldr	r6, [pc, #108]	@ (10009bd0 <pio_sm_set_consecutive_pindirs+0xa8>)
10009b62:	19a1      	adds	r1, r4, r6
10009b64:	2680      	movs	r6, #128	@ 0x80
10009b66:	02b6      	lsls	r6, r6, #10
10009b68:	600e      	str	r6, [r1, #0]
10009b6a:	1e41      	subs	r1, r0, #1
10009b6c:	4188      	sbcs	r0, r1
10009b6e:	4241      	negs	r1, r0
10009b70:	201f      	movs	r0, #31
10009b72:	4008      	ands	r0, r1
10009b74:	4917      	ldr	r1, [pc, #92]	@ (10009bd4 <pio_sm_set_consecutive_pindirs+0xac>)
10009b76:	1840      	adds	r0, r0, r1
10009b78:	2b05      	cmp	r3, #5
10009b7a:	d90c      	bls.n	10009b96 <pio_sm_set_consecutive_pindirs+0x6e>
10009b7c:	27a0      	movs	r7, #160	@ 0xa0
10009b7e:	261f      	movs	r6, #31
10009b80:	057f      	lsls	r7, r7, #21
10009b82:	34d8      	adds	r4, #216	@ 0xd8
10009b84:	0151      	lsls	r1, r2, #5
10009b86:	4339      	orrs	r1, r7
10009b88:	3205      	adds	r2, #5
10009b8a:	3b05      	subs	r3, #5
10009b8c:	6029      	str	r1, [r5, #0]
10009b8e:	4032      	ands	r2, r6
10009b90:	6020      	str	r0, [r4, #0]
10009b92:	2b05      	cmp	r3, #5
10009b94:	d8f6      	bhi.n	10009b84 <pio_sm_set_consecutive_pindirs+0x5c>
10009b96:	0152      	lsls	r2, r2, #5
10009b98:	069b      	lsls	r3, r3, #26
10009b9a:	4313      	orrs	r3, r2
10009b9c:	9a01      	ldr	r2, [sp, #4]
10009b9e:	444a      	add	r2, r9
10009ba0:	00d2      	lsls	r2, r2, #3
10009ba2:	4462      	add	r2, ip
10009ba4:	0011      	movs	r1, r2
10009ba6:	31dc      	adds	r1, #220	@ 0xdc
10009ba8:	600b      	str	r3, [r1, #0]
10009baa:	0013      	movs	r3, r2
10009bac:	33d8      	adds	r3, #216	@ 0xd8
10009bae:	6018      	str	r0, [r3, #0]
10009bb0:	4653      	mov	r3, sl
10009bb2:	600b      	str	r3, [r1, #0]
10009bb4:	465b      	mov	r3, fp
10009bb6:	2000      	movs	r0, #0
10009bb8:	32cc      	adds	r2, #204	@ 0xcc
10009bba:	6013      	str	r3, [r2, #0]
10009bbc:	b003      	add	sp, #12
10009bbe:	bcf0      	pop	{r4, r5, r6, r7}
10009bc0:	46bb      	mov	fp, r7
10009bc2:	46b2      	mov	sl, r6
10009bc4:	46a9      	mov	r9, r5
10009bc6:	46a0      	mov	r8, r4
10009bc8:	bdf0      	pop	{r4, r5, r6, r7, pc}
10009bca:	2005      	movs	r0, #5
10009bcc:	4240      	negs	r0, r0
10009bce:	e7f5      	b.n	10009bbc <pio_sm_set_consecutive_pindirs+0x94>
10009bd0:	000030cc 	.word	0x000030cc
10009bd4:	0000e080 	.word	0x0000e080

10009bd8 <pio_claim_free_sm_and_add_program>:
10009bd8:	b5f0      	push	{r4, r5, r6, r7, lr}
10009bda:	46de      	mov	lr, fp
10009bdc:	4657      	mov	r7, sl
10009bde:	464e      	mov	r6, r9
10009be0:	4645      	mov	r5, r8
10009be2:	b5e0      	push	{r5, r6, r7, lr}
10009be4:	b08b      	sub	sp, #44	@ 0x2c
10009be6:	9308      	str	r3, [sp, #32]
10009be8:	2302      	movs	r3, #2
10009bea:	2402      	movs	r4, #2
10009bec:	0006      	movs	r6, r0
10009bee:	469b      	mov	fp, r3
10009bf0:	3b01      	subs	r3, #1
10009bf2:	9305      	str	r3, [sp, #20]
10009bf4:	4b4a      	ldr	r3, [pc, #296]	@ (10009d20 <pio_claim_free_sm_and_add_program+0x148>)
10009bf6:	9106      	str	r1, [sp, #24]
10009bf8:	469a      	mov	sl, r3
10009bfa:	4b4a      	ldr	r3, [pc, #296]	@ (10009d24 <pio_claim_free_sm_and_add_program+0x14c>)
10009bfc:	9207      	str	r2, [sp, #28]
10009bfe:	9304      	str	r3, [sp, #16]
10009c00:	4b49      	ldr	r3, [pc, #292]	@ (10009d28 <pio_claim_free_sm_and_add_program+0x150>)
10009c02:	9302      	str	r3, [sp, #8]
10009c04:	4b49      	ldr	r3, [pc, #292]	@ (10009d2c <pio_claim_free_sm_and_add_program+0x154>)
10009c06:	4a4a      	ldr	r2, [pc, #296]	@ (10009d30 <pio_claim_free_sm_and_add_program+0x158>)
10009c08:	18e4      	adds	r4, r4, r3
10009c0a:	0524      	lsls	r4, r4, #20
10009c0c:	0ca3      	lsrs	r3, r4, #18
10009c0e:	189d      	adds	r5, r3, r2
10009c10:	4a48      	ldr	r2, [pc, #288]	@ (10009d34 <pio_claim_free_sm_and_add_program+0x15c>)
10009c12:	2100      	movs	r1, #0
10009c14:	189b      	adds	r3, r3, r2
10009c16:	9a04      	ldr	r2, [sp, #16]
10009c18:	4650      	mov	r0, sl
10009c1a:	9200      	str	r2, [sp, #0]
10009c1c:	002a      	movs	r2, r5
10009c1e:	f7f6 fcd9 	bl	100005d4 <hw_claim_unused_from_range>
10009c22:	0007      	movs	r7, r0
10009c24:	42a8      	cmp	r0, r5
10009c26:	db5b      	blt.n	10009ce0 <pio_claim_free_sm_and_add_program+0x108>
10009c28:	f7f6 fc96 	bl	10000558 <hw_claim_lock>
10009c2c:	7933      	ldrb	r3, [r6, #4]
10009c2e:	2101      	movs	r1, #1
10009c30:	469c      	mov	ip, r3
10009c32:	9b02      	ldr	r3, [sp, #8]
10009c34:	2205      	movs	r2, #5
10009c36:	595b      	ldr	r3, [r3, r5]
10009c38:	9003      	str	r0, [sp, #12]
10009c3a:	4699      	mov	r9, r3
10009c3c:	4663      	mov	r3, ip
10009c3e:	4660      	mov	r0, ip
10009c40:	4099      	lsls	r1, r3
10009c42:	2320      	movs	r3, #32
10009c44:	56b2      	ldrsb	r2, [r6, r2]
10009c46:	3901      	subs	r1, #1
10009c48:	1a1b      	subs	r3, r3, r0
10009c4a:	2a00      	cmp	r2, #0
10009c4c:	db59      	blt.n	10009d02 <pio_claim_free_sm_and_add_program+0x12a>
10009c4e:	429a      	cmp	r2, r3
10009c50:	d83f      	bhi.n	10009cd2 <pio_claim_free_sm_and_add_program+0xfa>
10009c52:	000b      	movs	r3, r1
10009c54:	4648      	mov	r0, r9
10009c56:	4093      	lsls	r3, r2
10009c58:	4218      	tst	r0, r3
10009c5a:	d13a      	bne.n	10009cd2 <pio_claim_free_sm_and_add_program+0xfa>
10009c5c:	79b3      	ldrb	r3, [r6, #6]
10009c5e:	2b00      	cmp	r3, #0
10009c60:	d137      	bne.n	10009cd2 <pio_claim_free_sm_and_add_program+0xfa>
10009c62:	4091      	lsls	r1, r2
10009c64:	6833      	ldr	r3, [r6, #0]
10009c66:	0008      	movs	r0, r1
10009c68:	9309      	str	r3, [sp, #36]	@ 0x24
10009c6a:	464b      	mov	r3, r9
10009c6c:	4018      	ands	r0, r3
10009c6e:	4680      	mov	r8, r0
10009c70:	4219      	tst	r1, r3
10009c72:	d12e      	bne.n	10009cd2 <pio_claim_free_sm_and_add_program+0xfa>
10009c74:	002e      	movs	r6, r5
10009c76:	9b09      	ldr	r3, [sp, #36]	@ 0x24
10009c78:	0015      	movs	r5, r2
10009c7a:	1bba      	subs	r2, r7, r6
10009c7c:	4660      	mov	r0, ip
10009c7e:	469c      	mov	ip, r3
10009c80:	4643      	mov	r3, r8
10009c82:	4690      	mov	r8, r2
10009c84:	2280      	movs	r2, #128	@ 0x80
10009c86:	0192      	lsls	r2, r2, #6
10009c88:	2800      	cmp	r0, #0
10009c8a:	d012      	beq.n	10009cb2 <pio_claim_free_sm_and_add_program+0xda>
10009c8c:	000f      	movs	r7, r1
10009c8e:	46b2      	mov	sl, r6
10009c90:	4661      	mov	r1, ip
10009c92:	0006      	movs	r6, r0
10009c94:	46bc      	mov	ip, r7
10009c96:	005f      	lsls	r7, r3, #1
10009c98:	5bc8      	ldrh	r0, [r1, r7]
10009c9a:	4290      	cmp	r0, r2
10009c9c:	d200      	bcs.n	10009ca0 <pio_claim_free_sm_and_add_program+0xc8>
10009c9e:	1940      	adds	r0, r0, r5
10009ca0:	195f      	adds	r7, r3, r5
10009ca2:	3712      	adds	r7, #18
10009ca4:	00bf      	lsls	r7, r7, #2
10009ca6:	3301      	adds	r3, #1
10009ca8:	5138      	str	r0, [r7, r4]
10009caa:	429e      	cmp	r6, r3
10009cac:	d8f3      	bhi.n	10009c96 <pio_claim_free_sm_and_add_program+0xbe>
10009cae:	4661      	mov	r1, ip
10009cb0:	4656      	mov	r6, sl
10009cb2:	464a      	mov	r2, r9
10009cb4:	9b02      	ldr	r3, [sp, #8]
10009cb6:	430a      	orrs	r2, r1
10009cb8:	9803      	ldr	r0, [sp, #12]
10009cba:	519a      	str	r2, [r3, r6]
10009cbc:	f7f6 fc58 	bl	10000570 <hw_claim_unlock>
10009cc0:	4642      	mov	r2, r8
10009cc2:	9b06      	ldr	r3, [sp, #24]
10009cc4:	2001      	movs	r0, #1
10009cc6:	601c      	str	r4, [r3, #0]
10009cc8:	9b07      	ldr	r3, [sp, #28]
10009cca:	601a      	str	r2, [r3, #0]
10009ccc:	9b08      	ldr	r3, [sp, #32]
10009cce:	601d      	str	r5, [r3, #0]
10009cd0:	e00a      	b.n	10009ce8 <pio_claim_free_sm_and_add_program+0x110>
10009cd2:	9803      	ldr	r0, [sp, #12]
10009cd4:	f7f6 fc4c 	bl	10000570 <hw_claim_unlock>
10009cd8:	0039      	movs	r1, r7
10009cda:	4650      	mov	r0, sl
10009cdc:	f7f6 fcbe 	bl	1000065c <hw_claim_clear>
10009ce0:	465b      	mov	r3, fp
10009ce2:	2b01      	cmp	r3, #1
10009ce4:	d107      	bne.n	10009cf6 <pio_claim_free_sm_and_add_program+0x11e>
10009ce6:	2000      	movs	r0, #0
10009ce8:	b00b      	add	sp, #44	@ 0x2c
10009cea:	bcf0      	pop	{r4, r5, r6, r7}
10009cec:	46bb      	mov	fp, r7
10009cee:	46b2      	mov	sl, r6
10009cf0:	46a9      	mov	r9, r5
10009cf2:	46a0      	mov	r8, r4
10009cf4:	bdf0      	pop	{r4, r5, r6, r7, pc}
10009cf6:	2301      	movs	r3, #1
10009cf8:	469b      	mov	fp, r3
10009cfa:	2300      	movs	r3, #0
10009cfc:	9c05      	ldr	r4, [sp, #20]
10009cfe:	9305      	str	r3, [sp, #20]
10009d00:	e780      	b.n	10009c04 <pio_claim_free_sm_and_add_program+0x2c>
10009d02:	2b00      	cmp	r3, #0
10009d04:	dbe5      	blt.n	10009cd2 <pio_claim_free_sm_and_add_program+0xfa>
10009d06:	46a0      	mov	r8, r4
10009d08:	4648      	mov	r0, r9
10009d0a:	e001      	b.n	10009d10 <pio_claim_free_sm_and_add_program+0x138>
10009d0c:	3b01      	subs	r3, #1
10009d0e:	d3e0      	bcc.n	10009cd2 <pio_claim_free_sm_and_add_program+0xfa>
10009d10:	000a      	movs	r2, r1
10009d12:	409a      	lsls	r2, r3
10009d14:	4210      	tst	r0, r2
10009d16:	d1f9      	bne.n	10009d0c <pio_claim_free_sm_and_add_program+0x134>
10009d18:	001a      	movs	r2, r3
10009d1a:	4644      	mov	r4, r8
10009d1c:	4681      	mov	r9, r0
10009d1e:	e79d      	b.n	10009c5c <pio_claim_free_sm_and_add_program+0x84>
10009d20:	20001368 	.word	0x20001368
10009d24:	1000b7e0 	.word	0x1000b7e0
10009d28:	20001228 	.word	0x20001228
10009d2c:	00000501 	.word	0x00000501
10009d30:	ffffebf8 	.word	0xffffebf8
10009d34:	ffffebfb 	.word	0xffffebfb

10009d38 <pio_claim_free_sm_and_add_program_for_gpio_range>:
10009d38:	b570      	push	{r4, r5, r6, lr}
10009d3a:	9c05      	ldr	r4, [sp, #20]
10009d3c:	0005      	movs	r5, r0
10009d3e:	9804      	ldr	r0, [sp, #16]
10009d40:	1900      	adds	r0, r0, r4
10009d42:	0004      	movs	r4, r0
10009d44:	2000      	movs	r0, #0
10009d46:	2c20      	cmp	r4, #32
10009d48:	d802      	bhi.n	10009d50 <pio_claim_free_sm_and_add_program_for_gpio_range+0x18>
10009d4a:	0028      	movs	r0, r5
10009d4c:	f7ff ff44 	bl	10009bd8 <pio_claim_free_sm_and_add_program>
10009d50:	bd70      	pop	{r4, r5, r6, pc}
10009d52:	46c0      	nop			@ (mov r8, r8)

10009d54 <pio_remove_program_and_unclaim_sm>:
10009d54:	b570      	push	{r4, r5, r6, lr}
10009d56:	2501      	movs	r5, #1
10009d58:	0016      	movs	r6, r2
10009d5a:	7902      	ldrb	r2, [r0, #4]
10009d5c:	000c      	movs	r4, r1
10009d5e:	4095      	lsls	r5, r2
10009d60:	3d01      	subs	r5, #1
10009d62:	409d      	lsls	r5, r3
10009d64:	f7f6 fbf8 	bl	10000558 <hw_claim_lock>
10009d68:	4b07      	ldr	r3, [pc, #28]	@ (10009d88 <pio_remove_program_and_unclaim_sm+0x34>)
10009d6a:	4a08      	ldr	r2, [pc, #32]	@ (10009d8c <pio_remove_program_and_unclaim_sm+0x38>)
10009d6c:	18e4      	adds	r4, r4, r3
10009d6e:	0d24      	lsrs	r4, r4, #20
10009d70:	00a4      	lsls	r4, r4, #2
10009d72:	58a3      	ldr	r3, [r4, r2]
10009d74:	43ab      	bics	r3, r5
10009d76:	50a3      	str	r3, [r4, r2]
10009d78:	f7f6 fbfa 	bl	10000570 <hw_claim_unlock>
10009d7c:	19a1      	adds	r1, r4, r6
10009d7e:	4804      	ldr	r0, [pc, #16]	@ (10009d90 <pio_remove_program_and_unclaim_sm+0x3c>)
10009d80:	f7f6 fc6c 	bl	1000065c <hw_claim_clear>
10009d84:	bd70      	pop	{r4, r5, r6, pc}
10009d86:	46c0      	nop			@ (mov r8, r8)
10009d88:	afe00000 	.word	0xafe00000
10009d8c:	20001228 	.word	0x20001228
10009d90:	20001368 	.word	0x20001368

10009d94 <dma_channel_unclaim>:
10009d94:	b510      	push	{r4, lr}
10009d96:	0001      	movs	r1, r0
10009d98:	4801      	ldr	r0, [pc, #4]	@ (10009da0 <dma_channel_unclaim+0xc>)
10009d9a:	f7f6 fc5f 	bl	1000065c <hw_claim_clear>
10009d9e:	bd10      	pop	{r4, pc}
10009da0:	2002215c 	.word	0x2002215c

10009da4 <dma_claim_unused_channel>:
10009da4:	b500      	push	{lr}
10009da6:	4b05      	ldr	r3, [pc, #20]	@ (10009dbc <dma_claim_unused_channel+0x18>)
10009da8:	b083      	sub	sp, #12
10009daa:	0001      	movs	r1, r0
10009dac:	9300      	str	r3, [sp, #0]
10009dae:	2200      	movs	r2, #0
10009db0:	230b      	movs	r3, #11
10009db2:	4803      	ldr	r0, [pc, #12]	@ (10009dc0 <dma_claim_unused_channel+0x1c>)
10009db4:	f7f6 fc0e 	bl	100005d4 <hw_claim_unused_from_range>
10009db8:	b003      	add	sp, #12
10009dba:	bd00      	pop	{pc}
10009dbc:	1000b804 	.word	0x1000b804
10009dc0:	2002215c 	.word	0x2002215c

10009dc4 <dma_channel_cleanup>:
10009dc4:	4b10      	ldr	r3, [pc, #64]	@ (10009e08 <dma_channel_cleanup+0x44>)
10009dc6:	0182      	lsls	r2, r0, #6
10009dc8:	18d3      	adds	r3, r2, r3
10009dca:	6819      	ldr	r1, [r3, #0]
10009dcc:	02c3      	lsls	r3, r0, #11
10009dce:	404b      	eors	r3, r1
10009dd0:	490e      	ldr	r1, [pc, #56]	@ (10009e0c <dma_channel_cleanup+0x48>)
10009dd2:	b510      	push	{r4, lr}
10009dd4:	400b      	ands	r3, r1
10009dd6:	490e      	ldr	r1, [pc, #56]	@ (10009e10 <dma_channel_cleanup+0x4c>)
10009dd8:	24a0      	movs	r4, #160	@ 0xa0
10009dda:	1851      	adds	r1, r2, r1
10009ddc:	600b      	str	r3, [r1, #0]
10009dde:	2301      	movs	r3, #1
10009de0:	4083      	lsls	r3, r0
10009de2:	0018      	movs	r0, r3
10009de4:	2180      	movs	r1, #128	@ 0x80
10009de6:	4b0b      	ldr	r3, [pc, #44]	@ (10009e14 <dma_channel_cleanup+0x50>)
10009de8:	05e4      	lsls	r4, r4, #23
10009dea:	6018      	str	r0, [r3, #0]
10009dec:	4b0a      	ldr	r3, [pc, #40]	@ (10009e18 <dma_channel_cleanup+0x54>)
10009dee:	0449      	lsls	r1, r1, #17
10009df0:	6018      	str	r0, [r3, #0]
10009df2:	4b0a      	ldr	r3, [pc, #40]	@ (10009e1c <dma_channel_cleanup+0x58>)
10009df4:	50e0      	str	r0, [r4, r3]
10009df6:	4b0a      	ldr	r3, [pc, #40]	@ (10009e20 <dma_channel_cleanup+0x5c>)
10009df8:	18d2      	adds	r2, r2, r3
10009dfa:	6813      	ldr	r3, [r2, #0]
10009dfc:	420b      	tst	r3, r1
10009dfe:	d1fc      	bne.n	10009dfa <dma_channel_cleanup+0x36>
10009e00:	2380      	movs	r3, #128	@ 0x80
10009e02:	00db      	lsls	r3, r3, #3
10009e04:	50e0      	str	r0, [r4, r3]
10009e06:	bd10      	pop	{r4, pc}
10009e08:	50000010 	.word	0x50000010
10009e0c:	00007801 	.word	0x00007801
10009e10:	50001010 	.word	0x50001010
10009e14:	50003404 	.word	0x50003404
10009e18:	50003414 	.word	0x50003414
10009e1c:	00000444 	.word	0x00000444
10009e20:	5000000c 	.word	0x5000000c

10009e24 <cyw43_sleep_timeout_reached>:
10009e24:	b510      	push	{r4, lr}
10009e26:	6803      	ldr	r3, [r0, #0]
10009e28:	4901      	ldr	r1, [pc, #4]	@ (10009e30 <cyw43_sleep_timeout_reached+0xc>)
10009e2a:	6a5b      	ldr	r3, [r3, #36]	@ 0x24
10009e2c:	4798      	blx	r3
10009e2e:	bd10      	pop	{r4, pc}
10009e30:	2000074c 	.word	0x2000074c

10009e34 <cyw43_irq_init>:
10009e34:	2080      	movs	r0, #128	@ 0x80
10009e36:	b510      	push	{r4, lr}
10009e38:	2240      	movs	r2, #64	@ 0x40
10009e3a:	4907      	ldr	r1, [pc, #28]	@ (10009e58 <cyw43_irq_init+0x24>)
10009e3c:	0440      	lsls	r0, r0, #17
10009e3e:	f7f6 fb29 	bl	10000494 <gpio_add_raw_irq_handler_with_order_priority_masked>
10009e42:	2201      	movs	r2, #1
10009e44:	2102      	movs	r1, #2
10009e46:	2018      	movs	r0, #24
10009e48:	f7f6 fb00 	bl	1000044c <gpio_set_irq_enabled>
10009e4c:	200d      	movs	r0, #13
10009e4e:	2101      	movs	r1, #1
10009e50:	f7f6 fc62 	bl	10000718 <irq_set_enabled>
10009e54:	2000      	movs	r0, #0
10009e56:	bd10      	pop	{r4, pc}
10009e58:	10009e7d 	.word	0x10009e7d

10009e5c <cyw43_irq_deinit>:
10009e5c:	b510      	push	{r4, lr}
10009e5e:	2200      	movs	r2, #0
10009e60:	2102      	movs	r1, #2
10009e62:	2018      	movs	r0, #24
10009e64:	f7f6 faf2 	bl	1000044c <gpio_set_irq_enabled>
10009e68:	2080      	movs	r0, #128	@ 0x80
10009e6a:	4903      	ldr	r1, [pc, #12]	@ (10009e78 <cyw43_irq_deinit+0x1c>)
10009e6c:	0440      	lsls	r0, r0, #17
10009e6e:	f7f6 fb27 	bl	100004c0 <gpio_remove_raw_irq_handler_masked>
10009e72:	2000      	movs	r0, #0
10009e74:	bd10      	pop	{r4, pc}
10009e76:	46c0      	nop			@ (mov r8, r8)
10009e78:	10009e7d 	.word	0x10009e7d

10009e7c <cyw43_gpio_irq_handler>:
10009e7c:	23d0      	movs	r3, #208	@ 0xd0
10009e7e:	061b      	lsls	r3, r3, #24
10009e80:	681a      	ldr	r2, [r3, #0]
10009e82:	b510      	push	{r4, lr}
10009e84:	0053      	lsls	r3, r2, #1
10009e86:	189b      	adds	r3, r3, r2
10009e88:	4a09      	ldr	r2, [pc, #36]	@ (10009eb0 <cyw43_gpio_irq_handler+0x34>)
10009e8a:	011b      	lsls	r3, r3, #4
10009e8c:	189b      	adds	r3, r3, r2
10009e8e:	6adb      	ldr	r3, [r3, #44]	@ 0x2c
10009e90:	079b      	lsls	r3, r3, #30
10009e92:	d400      	bmi.n	10009e96 <cyw43_gpio_irq_handler+0x1a>
10009e94:	bd10      	pop	{r4, pc}
10009e96:	2200      	movs	r2, #0
10009e98:	2102      	movs	r1, #2
10009e9a:	2018      	movs	r0, #24
10009e9c:	f7f6 fad6 	bl	1000044c <gpio_set_irq_enabled>
10009ea0:	4b04      	ldr	r3, [pc, #16]	@ (10009eb4 <cyw43_gpio_irq_handler+0x38>)
10009ea2:	4905      	ldr	r1, [pc, #20]	@ (10009eb8 <cyw43_gpio_irq_handler+0x3c>)
10009ea4:	6818      	ldr	r0, [r3, #0]
10009ea6:	6803      	ldr	r3, [r0, #0]
10009ea8:	6a5b      	ldr	r3, [r3, #36]	@ 0x24
10009eaa:	4798      	blx	r3
10009eac:	e7f2      	b.n	10009e94 <cyw43_gpio_irq_handler+0x18>
10009eae:	46c0      	nop			@ (mov r8, r8)
10009eb0:	40014100 	.word	0x40014100
10009eb4:	20001394 	.word	0x20001394
10009eb8:	2000074c 	.word	0x2000074c

10009ebc <cyw43_do_poll>:
10009ebc:	4b15      	ldr	r3, [pc, #84]	@ (10009f14 <cyw43_do_poll+0x58>)
10009ebe:	b570      	push	{r4, r5, r6, lr}
10009ec0:	681b      	ldr	r3, [r3, #0]
10009ec2:	0005      	movs	r5, r0
10009ec4:	2b00      	cmp	r3, #0
10009ec6:	d00e      	beq.n	10009ee6 <cyw43_do_poll+0x2a>
10009ec8:	4c13      	ldr	r4, [pc, #76]	@ (10009f18 <cyw43_do_poll+0x5c>)
10009eca:	6822      	ldr	r2, [r4, #0]
10009ecc:	2a00      	cmp	r2, #0
10009ece:	d001      	beq.n	10009ed4 <cyw43_do_poll+0x18>
10009ed0:	3a01      	subs	r2, #1
10009ed2:	6022      	str	r2, [r4, #0]
10009ed4:	4798      	blx	r3
10009ed6:	6823      	ldr	r3, [r4, #0]
10009ed8:	2b00      	cmp	r3, #0
10009eda:	d105      	bne.n	10009ee8 <cyw43_do_poll+0x2c>
10009edc:	682b      	ldr	r3, [r5, #0]
10009ede:	0028      	movs	r0, r5
10009ee0:	490e      	ldr	r1, [pc, #56]	@ (10009f1c <cyw43_do_poll+0x60>)
10009ee2:	699b      	ldr	r3, [r3, #24]
10009ee4:	4798      	blx	r3
10009ee6:	bd70      	pop	{r4, r5, r6, pc}
10009ee8:	f7f7 fb9c 	bl	10001624 <time_us_64>
10009eec:	2300      	movs	r3, #0
10009eee:	4a0c      	ldr	r2, [pc, #48]	@ (10009f20 <cyw43_do_poll+0x64>)
10009ef0:	4c0a      	ldr	r4, [pc, #40]	@ (10009f1c <cyw43_do_poll+0x60>)
10009ef2:	1880      	adds	r0, r0, r2
10009ef4:	4159      	adcs	r1, r3
10009ef6:	0002      	movs	r2, r0
10009ef8:	1e0b      	subs	r3, r1, #0
10009efa:	da02      	bge.n	10009f02 <cyw43_do_poll+0x46>
10009efc:	2201      	movs	r2, #1
10009efe:	4b09      	ldr	r3, [pc, #36]	@ (10009f24 <cyw43_do_poll+0x68>)
10009f00:	4252      	negs	r2, r2
10009f02:	60e3      	str	r3, [r4, #12]
10009f04:	682b      	ldr	r3, [r5, #0]
10009f06:	0021      	movs	r1, r4
10009f08:	0028      	movs	r0, r5
10009f0a:	695b      	ldr	r3, [r3, #20]
10009f0c:	60a2      	str	r2, [r4, #8]
10009f0e:	4798      	blx	r3
10009f10:	e7e9      	b.n	10009ee6 <cyw43_do_poll+0x2a>
10009f12:	46c0      	nop			@ (mov r8, r8)
10009f14:	20001398 	.word	0x20001398
10009f18:	2000139c 	.word	0x2000139c
10009f1c:	20000760 	.word	0x20000760
10009f20:	0000c350 	.word	0x0000c350
10009f24:	7fffffff 	.word	0x7fffffff

10009f28 <cyw43_post_poll_hook>:
10009f28:	b510      	push	{r4, lr}
10009f2a:	2201      	movs	r2, #1
10009f2c:	2102      	movs	r1, #2
10009f2e:	2018      	movs	r0, #24
10009f30:	f7f6 fa8c 	bl	1000044c <gpio_set_irq_enabled>
10009f34:	bd10      	pop	{r4, pc}
10009f36:	46c0      	nop			@ (mov r8, r8)

10009f38 <cyw43_schedule_internal_poll_dispatch>:
10009f38:	4b03      	ldr	r3, [pc, #12]	@ (10009f48 <cyw43_schedule_internal_poll_dispatch+0x10>)
10009f3a:	b510      	push	{r4, lr}
10009f3c:	6818      	ldr	r0, [r3, #0]
10009f3e:	4903      	ldr	r1, [pc, #12]	@ (10009f4c <cyw43_schedule_internal_poll_dispatch+0x14>)
10009f40:	6803      	ldr	r3, [r0, #0]
10009f42:	6a5b      	ldr	r3, [r3, #36]	@ 0x24
10009f44:	4798      	blx	r3
10009f46:	bd10      	pop	{r4, pc}
10009f48:	20001394 	.word	0x20001394
10009f4c:	2000074c 	.word	0x2000074c

10009f50 <cyw43_driver_init>:
10009f50:	b510      	push	{r4, lr}
10009f52:	0004      	movs	r4, r0
10009f54:	4808      	ldr	r0, [pc, #32]	@ (10009f78 <cyw43_driver_init+0x28>)
10009f56:	f7ff fba3 	bl	100096a0 <cyw43_init>
10009f5a:	4b08      	ldr	r3, [pc, #32]	@ (10009f7c <cyw43_driver_init+0x2c>)
10009f5c:	2200      	movs	r2, #0
10009f5e:	601c      	str	r4, [r3, #0]
10009f60:	6823      	ldr	r3, [r4, #0]
10009f62:	0020      	movs	r0, r4
10009f64:	4906      	ldr	r1, [pc, #24]	@ (10009f80 <cyw43_driver_init+0x30>)
10009f66:	691b      	ldr	r3, [r3, #16]
10009f68:	4798      	blx	r3
10009f6a:	6823      	ldr	r3, [r4, #0]
10009f6c:	0020      	movs	r0, r4
10009f6e:	4905      	ldr	r1, [pc, #20]	@ (10009f84 <cyw43_driver_init+0x34>)
10009f70:	69db      	ldr	r3, [r3, #28]
10009f72:	4798      	blx	r3
10009f74:	2001      	movs	r0, #1
10009f76:	bd10      	pop	{r4, pc}
10009f78:	200013a0 	.word	0x200013a0
10009f7c:	20001394 	.word	0x20001394
10009f80:	10009e35 	.word	0x10009e35
10009f84:	2000074c 	.word	0x2000074c

10009f88 <cyw43_driver_deinit>:
10009f88:	b570      	push	{r4, r5, r6, lr}
10009f8a:	4d0d      	ldr	r5, [pc, #52]	@ (10009fc0 <cyw43_driver_deinit+0x38>)
10009f8c:	0004      	movs	r4, r0
10009f8e:	682b      	ldr	r3, [r5, #0]
10009f90:	2b00      	cmp	r3, #0
10009f92:	d013      	beq.n	10009fbc <cyw43_driver_deinit+0x34>
10009f94:	6803      	ldr	r3, [r0, #0]
10009f96:	490b      	ldr	r1, [pc, #44]	@ (10009fc4 <cyw43_driver_deinit+0x3c>)
10009f98:	699b      	ldr	r3, [r3, #24]
10009f9a:	4798      	blx	r3
10009f9c:	6823      	ldr	r3, [r4, #0]
10009f9e:	490a      	ldr	r1, [pc, #40]	@ (10009fc8 <cyw43_driver_deinit+0x40>)
10009fa0:	6a1b      	ldr	r3, [r3, #32]
10009fa2:	0020      	movs	r0, r4
10009fa4:	4798      	blx	r3
10009fa6:	6823      	ldr	r3, [r4, #0]
10009fa8:	2200      	movs	r2, #0
10009faa:	691b      	ldr	r3, [r3, #16]
10009fac:	4907      	ldr	r1, [pc, #28]	@ (10009fcc <cyw43_driver_deinit+0x44>)
10009fae:	0020      	movs	r0, r4
10009fb0:	4798      	blx	r3
10009fb2:	4807      	ldr	r0, [pc, #28]	@ (10009fd0 <cyw43_driver_deinit+0x48>)
10009fb4:	f7ff fbaa 	bl	1000970c <cyw43_deinit>
10009fb8:	2300      	movs	r3, #0
10009fba:	602b      	str	r3, [r5, #0]
10009fbc:	bd70      	pop	{r4, r5, r6, pc}
10009fbe:	46c0      	nop			@ (mov r8, r8)
10009fc0:	20001394 	.word	0x20001394
10009fc4:	20000760 	.word	0x20000760
10009fc8:	2000074c 	.word	0x2000074c
10009fcc:	10009e5d 	.word	0x10009e5d
10009fd0:	200013a0 	.word	0x200013a0

10009fd4 <cyw43_hal_generate_laa_mac>:
10009fd4:	b510      	push	{r4, lr}
10009fd6:	b082      	sub	sp, #8
10009fd8:	4668      	mov	r0, sp
10009fda:	000c      	movs	r4, r1
10009fdc:	f7fc fe54 	bl	10006c88 <pico_get_unique_board_id>
10009fe0:	466b      	mov	r3, sp
10009fe2:	2206      	movs	r2, #6
10009fe4:	1c99      	adds	r1, r3, #2
10009fe6:	0020      	movs	r0, r4
10009fe8:	f7f8 fb1c 	bl	10002624 <__wrap___aeabi_memcpy>
10009fec:	2201      	movs	r2, #1
10009fee:	7823      	ldrb	r3, [r4, #0]
10009ff0:	4393      	bics	r3, r2
10009ff2:	2202      	movs	r2, #2
10009ff4:	4313      	orrs	r3, r2
10009ff6:	7023      	strb	r3, [r4, #0]
10009ff8:	b002      	add	sp, #8
10009ffa:	bd10      	pop	{r4, pc}

10009ffc <cyw43_thread_enter>:
10009ffc:	4b03      	ldr	r3, [pc, #12]	@ (1000a00c <cyw43_thread_enter+0x10>)
10009ffe:	b510      	push	{r4, lr}
1000a000:	6818      	ldr	r0, [r3, #0]
1000a002:	6803      	ldr	r3, [r0, #0]
1000a004:	685b      	ldr	r3, [r3, #4]
1000a006:	4798      	blx	r3
1000a008:	bd10      	pop	{r4, pc}
1000a00a:	46c0      	nop			@ (mov r8, r8)
1000a00c:	20001394 	.word	0x20001394

1000a010 <cyw43_thread_exit>:
1000a010:	4b03      	ldr	r3, [pc, #12]	@ (1000a020 <cyw43_thread_exit+0x10>)
1000a012:	b510      	push	{r4, lr}
1000a014:	6818      	ldr	r0, [r3, #0]
1000a016:	6803      	ldr	r3, [r0, #0]
1000a018:	689b      	ldr	r3, [r3, #8]
1000a01a:	4798      	blx	r3
1000a01c:	bd10      	pop	{r4, pc}
1000a01e:	46c0      	nop			@ (mov r8, r8)
1000a020:	20001394 	.word	0x20001394

1000a024 <cyw43_await_background_or_timeout_us>:
1000a024:	b570      	push	{r4, r5, r6, lr}
1000a026:	f3ef 8305 	mrs	r3, IPSR
1000a02a:	4a13      	ldr	r2, [pc, #76]	@ (1000a078 <cyw43_await_background_or_timeout_us+0x54>)
1000a02c:	0004      	movs	r4, r0
1000a02e:	2500      	movs	r5, #0
1000a030:	6816      	ldr	r6, [r2, #0]
1000a032:	2b00      	cmp	r3, #0
1000a034:	d110      	bne.n	1000a058 <cyw43_await_background_or_timeout_us+0x34>
1000a036:	f7f7 faf5 	bl	10001624 <time_us_64>
1000a03a:	0002      	movs	r2, r0
1000a03c:	000b      	movs	r3, r1
1000a03e:	1912      	adds	r2, r2, r4
1000a040:	416b      	adcs	r3, r5
1000a042:	2b00      	cmp	r3, #0
1000a044:	db04      	blt.n	1000a050 <cyw43_await_background_or_timeout_us+0x2c>
1000a046:	6831      	ldr	r1, [r6, #0]
1000a048:	0030      	movs	r0, r6
1000a04a:	6b09      	ldr	r1, [r1, #48]	@ 0x30
1000a04c:	4788      	blx	r1
1000a04e:	bd70      	pop	{r4, r5, r6, pc}
1000a050:	2201      	movs	r2, #1
1000a052:	4b0a      	ldr	r3, [pc, #40]	@ (1000a07c <cyw43_await_background_or_timeout_us+0x58>)
1000a054:	4252      	negs	r2, r2
1000a056:	e7f6      	b.n	1000a046 <cyw43_await_background_or_timeout_us+0x22>
1000a058:	f7f7 fae4 	bl	10001624 <time_us_64>
1000a05c:	0002      	movs	r2, r0
1000a05e:	000b      	movs	r3, r1
1000a060:	1912      	adds	r2, r2, r4
1000a062:	416b      	adcs	r3, r5
1000a064:	2b00      	cmp	r3, #0
1000a066:	da02      	bge.n	1000a06e <cyw43_await_background_or_timeout_us+0x4a>
1000a068:	2201      	movs	r2, #1
1000a06a:	4b04      	ldr	r3, [pc, #16]	@ (1000a07c <cyw43_await_background_or_timeout_us+0x58>)
1000a06c:	4252      	negs	r2, r2
1000a06e:	6831      	ldr	r1, [r6, #0]
1000a070:	0030      	movs	r0, r6
1000a072:	6ac9      	ldr	r1, [r1, #44]	@ 0x2c
1000a074:	4788      	blx	r1
1000a076:	e7ea      	b.n	1000a04e <cyw43_await_background_or_timeout_us+0x2a>
1000a078:	20001394 	.word	0x20001394
1000a07c:	7fffffff 	.word	0x7fffffff

1000a080 <cyw43_delay_ms>:
1000a080:	b5f8      	push	{r3, r4, r5, r6, r7, lr}
1000a082:	4b0e      	ldr	r3, [pc, #56]	@ (1000a0bc <cyw43_delay_ms+0x3c>)
1000a084:	0007      	movs	r7, r0
1000a086:	681c      	ldr	r4, [r3, #0]
1000a088:	f7f7 facc 	bl	10001624 <time_us_64>
1000a08c:	22fa      	movs	r2, #250	@ 0xfa
1000a08e:	0005      	movs	r5, r0
1000a090:	000e      	movs	r6, r1
1000a092:	2300      	movs	r3, #0
1000a094:	0092      	lsls	r2, r2, #2
1000a096:	0038      	movs	r0, r7
1000a098:	2100      	movs	r1, #0
1000a09a:	f7f8 fa15 	bl	100024c8 <__wrap___aeabi_lmul>
1000a09e:	002a      	movs	r2, r5
1000a0a0:	0033      	movs	r3, r6
1000a0a2:	1812      	adds	r2, r2, r0
1000a0a4:	414b      	adcs	r3, r1
1000a0a6:	2b00      	cmp	r3, #0
1000a0a8:	da02      	bge.n	1000a0b0 <cyw43_delay_ms+0x30>
1000a0aa:	2201      	movs	r2, #1
1000a0ac:	4b04      	ldr	r3, [pc, #16]	@ (1000a0c0 <cyw43_delay_ms+0x40>)
1000a0ae:	4252      	negs	r2, r2
1000a0b0:	6821      	ldr	r1, [r4, #0]
1000a0b2:	0020      	movs	r0, r4
1000a0b4:	6ac9      	ldr	r1, [r1, #44]	@ 0x2c
1000a0b6:	4788      	blx	r1
1000a0b8:	bdf8      	pop	{r3, r4, r5, r6, r7, pc}
1000a0ba:	46c0      	nop			@ (mov r8, r8)
1000a0bc:	20001394 	.word	0x20001394
1000a0c0:	7fffffff 	.word	0x7fffffff

1000a0c4 <cyw43_cb_tcpip_deinit>:
1000a0c4:	4770      	bx	lr
1000a0c6:	46c0      	nop			@ (mov r8, r8)

1000a0c8 <cyw43_cb_tcpip_set_link_up>:
1000a0c8:	b510      	push	{r4, lr}
1000a0ca:	4801      	ldr	r0, [pc, #4]	@ (1000a0d0 <cyw43_cb_tcpip_set_link_up+0x8>)
1000a0cc:	f7f6 fa26 	bl	1000051c <panic>
1000a0d0:	1000b824 	.word	0x1000b824

1000a0d4 <cyw43_cb_tcpip_set_link_down>:
1000a0d4:	b510      	push	{r4, lr}
1000a0d6:	4801      	ldr	r0, [pc, #4]	@ (1000a0dc <cyw43_cb_tcpip_set_link_down+0x8>)
1000a0d8:	f7f6 fa20 	bl	1000051c <panic>
1000a0dc:	1000b824 	.word	0x1000b824

1000a0e0 <cyw43_cb_process_ethernet>:
1000a0e0:	b510      	push	{r4, lr}
1000a0e2:	4801      	ldr	r0, [pc, #4]	@ (1000a0e8 <cyw43_cb_process_ethernet+0x8>)
1000a0e4:	f7f6 fa1a 	bl	1000051c <panic>
1000a0e8:	1000b824 	.word	0x1000b824

1000a0ec <async_context_threadsafe_background_acquire_lock_blocking>:
1000a0ec:	b510      	push	{r4, lr}
1000a0ee:	3030      	adds	r0, #48	@ 0x30
1000a0f0:	f001 f8ca 	bl	1000b288 <__recursive_mutex_enter_blocking_veneer>
1000a0f4:	bd10      	pop	{r4, pc}
1000a0f6:	46c0      	nop			@ (mov r8, r8)

1000a0f8 <async_context_threadsafe_background_deinit>:
1000a0f8:	b570      	push	{r4, r5, r6, lr}
1000a0fa:	254d      	movs	r5, #77	@ 0x4d
1000a0fc:	0004      	movs	r4, r0
1000a0fe:	5d40      	ldrb	r0, [r0, r5]
1000a100:	2800      	cmp	r0, #0
1000a102:	d118      	bne.n	1000a136 <async_context_threadsafe_background_deinit+0x3e>
1000a104:	6c63      	ldr	r3, [r4, #68]	@ 0x44
1000a106:	2b00      	cmp	r3, #0
1000a108:	dd03      	ble.n	1000a112 <async_context_threadsafe_background_deinit+0x1a>
1000a10a:	6c61      	ldr	r1, [r4, #68]	@ 0x44
1000a10c:	6a20      	ldr	r0, [r4, #32]
1000a10e:	f7f7 f923 	bl	10001358 <alarm_pool_cancel_alarm>
1000a112:	234c      	movs	r3, #76	@ 0x4c
1000a114:	5ce3      	ldrb	r3, [r4, r3]
1000a116:	2b00      	cmp	r3, #0
1000a118:	d11a      	bne.n	1000a150 <async_context_threadsafe_background_deinit+0x58>
1000a11a:	0025      	movs	r5, r4
1000a11c:	3530      	adds	r5, #48	@ 0x30
1000a11e:	0028      	movs	r0, r5
1000a120:	f001 f8b2 	bl	1000b288 <__recursive_mutex_enter_blocking_veneer>
1000a124:	0028      	movs	r0, r5
1000a126:	f001 f877 	bl	1000b218 <__recursive_mutex_exit_veneer>
1000a12a:	2250      	movs	r2, #80	@ 0x50
1000a12c:	2100      	movs	r1, #0
1000a12e:	0020      	movs	r0, r4
1000a130:	f7f8 fa72 	bl	10002618 <__wrap_memset>
1000a134:	bd70      	pop	{r4, r5, r6, pc}
1000a136:	2100      	movs	r1, #0
1000a138:	f7f6 faee 	bl	10000718 <irq_set_enabled>
1000a13c:	4906      	ldr	r1, [pc, #24]	@ (1000a158 <async_context_threadsafe_background_deinit+0x60>)
1000a13e:	5d60      	ldrb	r0, [r4, r5]
1000a140:	f7f6 fc0a 	bl	10000958 <irq_remove_handler>
1000a144:	5d60      	ldrb	r0, [r4, r5]
1000a146:	f7f6 fd53 	bl	10000bf0 <user_irq_unclaim>
1000a14a:	2300      	movs	r3, #0
1000a14c:	5563      	strb	r3, [r4, r5]
1000a14e:	e7d9      	b.n	1000a104 <async_context_threadsafe_background_deinit+0xc>
1000a150:	6a20      	ldr	r0, [r4, #32]
1000a152:	f7f7 f80f 	bl	10001174 <alarm_pool_destroy>
1000a156:	e7e0      	b.n	1000a11a <async_context_threadsafe_background_deinit+0x22>
1000a158:	1000a251 	.word	0x1000a251

1000a15c <handle_sync_func_call>:
1000a15c:	b570      	push	{r4, r5, r6, lr}
1000a15e:	0005      	movs	r5, r0
1000a160:	698b      	ldr	r3, [r1, #24]
1000a162:	69c8      	ldr	r0, [r1, #28]
1000a164:	000c      	movs	r4, r1
1000a166:	4798      	blx	r3
1000a168:	682b      	ldr	r3, [r5, #0]
1000a16a:	0021      	movs	r1, r4
1000a16c:	6a1b      	ldr	r3, [r3, #32]
1000a16e:	6220      	str	r0, [r4, #32]
1000a170:	0028      	movs	r0, r5
1000a172:	4798      	blx	r3
1000a174:	0020      	movs	r0, r4
1000a176:	3010      	adds	r0, #16
1000a178:	f001 f8a6 	bl	1000b2c8 <__sem_release_veneer>
1000a17c:	bd70      	pop	{r4, r5, r6, pc}
1000a17e:	46c0      	nop			@ (mov r8, r8)

1000a180 <process_under_lock>:
1000a180:	b5f0      	push	{r4, r5, r6, r7, lr}
1000a182:	4b31      	ldr	r3, [pc, #196]	@ (1000a248 <process_under_lock+0xc8>)
1000a184:	46d6      	mov	lr, sl
1000a186:	464f      	mov	r7, r9
1000a188:	4646      	mov	r6, r8
1000a18a:	681a      	ldr	r2, [r3, #0]
1000a18c:	685b      	ldr	r3, [r3, #4]
1000a18e:	0004      	movs	r4, r0
1000a190:	469a      	mov	sl, r3
1000a192:	4b2e      	ldr	r3, [pc, #184]	@ (1000a24c <process_under_lock+0xcc>)
1000a194:	4690      	mov	r8, r2
1000a196:	254e      	movs	r5, #78	@ 0x4e
1000a198:	4699      	mov	r9, r3
1000a19a:	b5c0      	push	{r6, r7, lr}
1000a19c:	b084      	sub	sp, #16
1000a19e:	0020      	movs	r0, r4
1000a1a0:	f7fa f972 	bl	10004488 <async_context_base_execute_once>
1000a1a4:	0006      	movs	r6, r0
1000a1a6:	000f      	movs	r7, r1
1000a1a8:	f7f7 fa3c 	bl	10001624 <time_us_64>
1000a1ac:	0032      	movs	r2, r6
1000a1ae:	003b      	movs	r3, r7
1000a1b0:	1a12      	subs	r2, r2, r0
1000a1b2:	418b      	sbcs	r3, r1
1000a1b4:	2b00      	cmp	r3, #0
1000a1b6:	dd29      	ble.n	1000a20c <process_under_lock+0x8c>
1000a1b8:	4546      	cmp	r6, r8
1000a1ba:	d02d      	beq.n	1000a218 <process_under_lock+0x98>
1000a1bc:	5d63      	ldrb	r3, [r4, r5]
1000a1be:	2b00      	cmp	r3, #0
1000a1c0:	d008      	beq.n	1000a1d4 <process_under_lock+0x54>
1000a1c2:	6aa2      	ldr	r2, [r4, #40]	@ 0x28
1000a1c4:	6ae3      	ldr	r3, [r4, #44]	@ 0x2c
1000a1c6:	0030      	movs	r0, r6
1000a1c8:	0039      	movs	r1, r7
1000a1ca:	1a80      	subs	r0, r0, r2
1000a1cc:	4199      	sbcs	r1, r3
1000a1ce:	2900      	cmp	r1, #0
1000a1d0:	dc27      	bgt.n	1000a222 <process_under_lock+0xa2>
1000a1d2:	d035      	beq.n	1000a240 <process_under_lock+0xc0>
1000a1d4:	6c63      	ldr	r3, [r4, #68]	@ 0x44
1000a1d6:	2b00      	cmp	r3, #0
1000a1d8:	dd03      	ble.n	1000a1e2 <process_under_lock+0x62>
1000a1da:	6c61      	ldr	r1, [r4, #68]	@ 0x44
1000a1dc:	6a20      	ldr	r0, [r4, #32]
1000a1de:	f7f7 f8bb 	bl	10001358 <alarm_pool_cancel_alarm>
1000a1e2:	2301      	movs	r3, #1
1000a1e4:	62a6      	str	r6, [r4, #40]	@ 0x28
1000a1e6:	62e7      	str	r7, [r4, #44]	@ 0x2c
1000a1e8:	5563      	strb	r3, [r4, r5]
1000a1ea:	2300      	movs	r3, #0
1000a1ec:	6a20      	ldr	r0, [r4, #32]
1000a1ee:	9302      	str	r3, [sp, #8]
1000a1f0:	464b      	mov	r3, r9
1000a1f2:	0032      	movs	r2, r6
1000a1f4:	9300      	str	r3, [sp, #0]
1000a1f6:	9401      	str	r4, [sp, #4]
1000a1f8:	003b      	movs	r3, r7
1000a1fa:	f7f6 ffe9 	bl	100011d0 <alarm_pool_add_alarm_at>
1000a1fe:	6460      	str	r0, [r4, #68]	@ 0x44
1000a200:	6c63      	ldr	r3, [r4, #68]	@ 0x44
1000a202:	2b00      	cmp	r3, #0
1000a204:	dc0d      	bgt.n	1000a222 <process_under_lock+0xa2>
1000a206:	2300      	movs	r3, #0
1000a208:	5563      	strb	r3, [r4, r5]
1000a20a:	e7c8      	b.n	1000a19e <process_under_lock+0x1e>
1000a20c:	2b00      	cmp	r3, #0
1000a20e:	d1c6      	bne.n	1000a19e <process_under_lock+0x1e>
1000a210:	2a00      	cmp	r2, #0
1000a212:	d0c4      	beq.n	1000a19e <process_under_lock+0x1e>
1000a214:	4546      	cmp	r6, r8
1000a216:	d1d1      	bne.n	1000a1bc <process_under_lock+0x3c>
1000a218:	4557      	cmp	r7, sl
1000a21a:	d1cf      	bne.n	1000a1bc <process_under_lock+0x3c>
1000a21c:	6c63      	ldr	r3, [r4, #68]	@ 0x44
1000a21e:	2b00      	cmp	r3, #0
1000a220:	dc05      	bgt.n	1000a22e <process_under_lock+0xae>
1000a222:	b004      	add	sp, #16
1000a224:	bce0      	pop	{r5, r6, r7}
1000a226:	46ba      	mov	sl, r7
1000a228:	46b1      	mov	r9, r6
1000a22a:	46a8      	mov	r8, r5
1000a22c:	bdf0      	pop	{r4, r5, r6, r7, pc}
1000a22e:	6c61      	ldr	r1, [r4, #68]	@ 0x44
1000a230:	6a20      	ldr	r0, [r4, #32]
1000a232:	f7f7 f891 	bl	10001358 <alarm_pool_cancel_alarm>
1000a236:	2300      	movs	r3, #0
1000a238:	224e      	movs	r2, #78	@ 0x4e
1000a23a:	6463      	str	r3, [r4, #68]	@ 0x44
1000a23c:	54a3      	strb	r3, [r4, r2]
1000a23e:	e7f0      	b.n	1000a222 <process_under_lock+0xa2>
1000a240:	2800      	cmp	r0, #0
1000a242:	d0c7      	beq.n	1000a1d4 <process_under_lock+0x54>
1000a244:	e7ed      	b.n	1000a222 <process_under_lock+0xa2>
1000a246:	46c0      	nop			@ (mov r8, r8)
1000a248:	1000b868 	.word	0x1000b868
1000a24c:	1000a40d 	.word	0x1000a40d

1000a250 <low_priority_irq_handler>:
1000a250:	b570      	push	{r4, r5, r6, lr}
1000a252:	f3ef 8305 	mrs	r3, IPSR
1000a256:	4a0d      	ldr	r2, [pc, #52]	@ (1000a28c <low_priority_irq_handler+0x3c>)
1000a258:	3b2a      	subs	r3, #42	@ 0x2a
1000a25a:	009b      	lsls	r3, r3, #2
1000a25c:	589c      	ldr	r4, [r3, r2]
1000a25e:	2c00      	cmp	r4, #0
1000a260:	d00f      	beq.n	1000a282 <low_priority_irq_handler+0x32>
1000a262:	2330      	movs	r3, #48	@ 0x30
1000a264:	469c      	mov	ip, r3
1000a266:	44a4      	add	ip, r4
1000a268:	4665      	mov	r5, ip
1000a26a:	2100      	movs	r1, #0
1000a26c:	0028      	movs	r0, r5
1000a26e:	f001 f823 	bl	1000b2b8 <__recursive_mutex_try_enter_veneer>
1000a272:	2800      	cmp	r0, #0
1000a274:	d005      	beq.n	1000a282 <low_priority_irq_handler+0x32>
1000a276:	7a2b      	ldrb	r3, [r5, #8]
1000a278:	2b01      	cmp	r3, #1
1000a27a:	d003      	beq.n	1000a284 <low_priority_irq_handler+0x34>
1000a27c:	0028      	movs	r0, r5
1000a27e:	f000 ffcb 	bl	1000b218 <__recursive_mutex_exit_veneer>
1000a282:	bd70      	pop	{r4, r5, r6, pc}
1000a284:	0020      	movs	r0, r4
1000a286:	f7ff ff7b 	bl	1000a180 <process_under_lock>
1000a28a:	e7f7      	b.n	1000a27c <low_priority_irq_handler+0x2c>
1000a28c:	20001234 	.word	0x20001234

1000a290 <async_context_threadsafe_background_wait_for_work_until>:
1000a290:	b510      	push	{r4, lr}
1000a292:	303c      	adds	r0, #60	@ 0x3c
1000a294:	f000 fff0 	bl	1000b278 <__sem_acquire_block_until_veneer>
1000a298:	bd10      	pop	{r4, pc}
1000a29a:	46c0      	nop			@ (mov r8, r8)

1000a29c <async_context_threadsafe_background_wait_until>:
1000a29c:	b510      	push	{r4, lr}
1000a29e:	f3ef 8105 	mrs	r1, IPSR
1000a2a2:	0010      	movs	r0, r2
1000a2a4:	2900      	cmp	r1, #0
1000a2a6:	d003      	beq.n	1000a2b0 <async_context_threadsafe_background_wait_until+0x14>
1000a2a8:	0019      	movs	r1, r3
1000a2aa:	f7f7 f9fb 	bl	100016a4 <busy_wait_until>
1000a2ae:	bd10      	pop	{r4, pc}
1000a2b0:	0019      	movs	r1, r3
1000a2b2:	f7f7 f88d 	bl	100013d0 <sleep_until>
1000a2b6:	e7fa      	b.n	1000a2ae <async_context_threadsafe_background_wait_until+0x12>

1000a2b8 <async_context_threadsafe_background_execute_sync>:
1000a2b8:	b5f0      	push	{r4, r5, r6, r7, lr}
1000a2ba:	46c6      	mov	lr, r8
1000a2bc:	25d0      	movs	r5, #208	@ 0xd0
1000a2be:	b500      	push	{lr}
1000a2c0:	062d      	lsls	r5, r5, #24
1000a2c2:	0016      	movs	r6, r2
1000a2c4:	4690      	mov	r8, r2
1000a2c6:	682b      	ldr	r3, [r5, #0]
1000a2c8:	7e82      	ldrb	r2, [r0, #26]
1000a2ca:	0004      	movs	r4, r0
1000a2cc:	000f      	movs	r7, r1
1000a2ce:	b08c      	sub	sp, #48	@ 0x30
1000a2d0:	429a      	cmp	r2, r3
1000a2d2:	d020      	beq.n	1000a316 <async_context_threadsafe_background_execute_sync+0x5e>
1000a2d4:	2224      	movs	r2, #36	@ 0x24
1000a2d6:	2100      	movs	r1, #0
1000a2d8:	a803      	add	r0, sp, #12
1000a2da:	f7f8 f99d 	bl	10002618 <__wrap_memset>
1000a2de:	4b2c      	ldr	r3, [pc, #176]	@ (1000a390 <async_context_threadsafe_background_execute_sync+0xd8>)
1000a2e0:	2201      	movs	r2, #1
1000a2e2:	2100      	movs	r1, #0
1000a2e4:	a807      	add	r0, sp, #28
1000a2e6:	9304      	str	r3, [sp, #16]
1000a2e8:	9709      	str	r7, [sp, #36]	@ 0x24
1000a2ea:	960a      	str	r6, [sp, #40]	@ 0x28
1000a2ec:	f7f6 fc9e 	bl	10000c2c <sem_init>
1000a2f0:	6823      	ldr	r3, [r4, #0]
1000a2f2:	a903      	add	r1, sp, #12
1000a2f4:	69db      	ldr	r3, [r3, #28]
1000a2f6:	0020      	movs	r0, r4
1000a2f8:	4798      	blx	r3
1000a2fa:	6823      	ldr	r3, [r4, #0]
1000a2fc:	0020      	movs	r0, r4
1000a2fe:	6a5b      	ldr	r3, [r3, #36]	@ 0x24
1000a300:	a903      	add	r1, sp, #12
1000a302:	4798      	blx	r3
1000a304:	a807      	add	r0, sp, #28
1000a306:	f000 ffa7 	bl	1000b258 <__sem_acquire_blocking_veneer>
1000a30a:	9f0b      	ldr	r7, [sp, #44]	@ 0x2c
1000a30c:	0038      	movs	r0, r7
1000a30e:	b00c      	add	sp, #48	@ 0x30
1000a310:	bc80      	pop	{r7}
1000a312:	46b8      	mov	r8, r7
1000a314:	bdf0      	pop	{r4, r5, r6, r7, pc}
1000a316:	2330      	movs	r3, #48	@ 0x30
1000a318:	469c      	mov	ip, r3
1000a31a:	4484      	add	ip, r0
1000a31c:	4666      	mov	r6, ip
1000a31e:	0030      	movs	r0, r6
1000a320:	f000 ffb2 	bl	1000b288 <__recursive_mutex_enter_blocking_veneer>
1000a324:	4640      	mov	r0, r8
1000a326:	47b8      	blx	r7
1000a328:	7a33      	ldrb	r3, [r6, #8]
1000a32a:	0007      	movs	r7, r0
1000a32c:	2b01      	cmp	r3, #1
1000a32e:	d003      	beq.n	1000a338 <async_context_threadsafe_background_execute_sync+0x80>
1000a330:	0030      	movs	r0, r6
1000a332:	f000 ff71 	bl	1000b218 <__recursive_mutex_exit_veneer>
1000a336:	e7e9      	b.n	1000a30c <async_context_threadsafe_background_execute_sync+0x54>
1000a338:	7ea2      	ldrb	r2, [r4, #26]
1000a33a:	682b      	ldr	r3, [r5, #0]
1000a33c:	0020      	movs	r0, r4
1000a33e:	429a      	cmp	r2, r3
1000a340:	d01e      	beq.n	1000a380 <async_context_threadsafe_background_execute_sync+0xc8>
1000a342:	f7fa f927 	bl	10004594 <async_context_base_needs_servicing>
1000a346:	2800      	cmp	r0, #0
1000a348:	d0f2      	beq.n	1000a330 <async_context_threadsafe_background_execute_sync+0x78>
1000a34a:	0030      	movs	r0, r6
1000a34c:	f000 ff64 	bl	1000b218 <__recursive_mutex_exit_veneer>
1000a350:	7ea2      	ldrb	r2, [r4, #26]
1000a352:	682b      	ldr	r3, [r5, #0]
1000a354:	429a      	cmp	r2, r3
1000a356:	d016      	beq.n	1000a386 <async_context_threadsafe_background_execute_sync+0xce>
1000a358:	6ca1      	ldr	r1, [r4, #72]	@ 0x48
1000a35a:	2900      	cmp	r1, #0
1000a35c:	dd02      	ble.n	1000a364 <async_context_threadsafe_background_execute_sync+0xac>
1000a35e:	6a20      	ldr	r0, [r4, #32]
1000a360:	f7f6 fffa 	bl	10001358 <alarm_pool_cancel_alarm>
1000a364:	4b0b      	ldr	r3, [pc, #44]	@ (1000a394 <async_context_threadsafe_background_execute_sync+0xdc>)
1000a366:	6a20      	ldr	r0, [r4, #32]
1000a368:	2200      	movs	r2, #0
1000a36a:	9300      	str	r3, [sp, #0]
1000a36c:	9401      	str	r4, [sp, #4]
1000a36e:	2300      	movs	r3, #0
1000a370:	f7f6 ff94 	bl	1000129c <alarm_pool_add_alarm_at_force_in_context>
1000a374:	64a0      	str	r0, [r4, #72]	@ 0x48
1000a376:	0020      	movs	r0, r4
1000a378:	303c      	adds	r0, #60	@ 0x3c
1000a37a:	f000 ffa5 	bl	1000b2c8 <__sem_release_veneer>
1000a37e:	e7c5      	b.n	1000a30c <async_context_threadsafe_background_execute_sync+0x54>
1000a380:	f7ff fefe 	bl	1000a180 <process_under_lock>
1000a384:	e7d4      	b.n	1000a330 <async_context_threadsafe_background_execute_sync+0x78>
1000a386:	234d      	movs	r3, #77	@ 0x4d
1000a388:	5ce0      	ldrb	r0, [r4, r3]
1000a38a:	f7f6 f9d7 	bl	1000073c <irq_set_pending>
1000a38e:	e7f2      	b.n	1000a376 <async_context_threadsafe_background_execute_sync+0xbe>
1000a390:	1000a15d 	.word	0x1000a15d
1000a394:	1000a40d 	.word	0x1000a40d

1000a398 <async_context_threadsafe_background_lock_check>:
1000a398:	0003      	movs	r3, r0
1000a39a:	b510      	push	{r4, lr}
1000a39c:	3330      	adds	r3, #48	@ 0x30
1000a39e:	7a1b      	ldrb	r3, [r3, #8]
1000a3a0:	2b00      	cmp	r3, #0
1000a3a2:	d005      	beq.n	1000a3b0 <async_context_threadsafe_background_lock_check+0x18>
1000a3a4:	6b44      	ldr	r4, [r0, #52]	@ 0x34
1000a3a6:	f7fa fb61 	bl	10004a6c <ulPortLockGetCurrentOwnerId>
1000a3aa:	42a0      	cmp	r0, r4
1000a3ac:	d100      	bne.n	1000a3b0 <async_context_threadsafe_background_lock_check+0x18>
1000a3ae:	bd10      	pop	{r4, pc}
1000a3b0:	4801      	ldr	r0, [pc, #4]	@ (1000a3b8 <async_context_threadsafe_background_lock_check+0x20>)
1000a3b2:	f7f6 f8b3 	bl	1000051c <panic>
1000a3b6:	46c0      	nop			@ (mov r8, r8)
1000a3b8:	1000b844 	.word	0x1000b844

1000a3bc <async_context_threadsafe_background_set_work_pending>:
1000a3bc:	2301      	movs	r3, #1
1000a3be:	b510      	push	{r4, lr}
1000a3c0:	b082      	sub	sp, #8
1000a3c2:	720b      	strb	r3, [r1, #8]
1000a3c4:	23d0      	movs	r3, #208	@ 0xd0
1000a3c6:	061b      	lsls	r3, r3, #24
1000a3c8:	7e82      	ldrb	r2, [r0, #26]
1000a3ca:	681b      	ldr	r3, [r3, #0]
1000a3cc:	0004      	movs	r4, r0
1000a3ce:	429a      	cmp	r2, r3
1000a3d0:	d015      	beq.n	1000a3fe <async_context_threadsafe_background_set_work_pending+0x42>
1000a3d2:	6c81      	ldr	r1, [r0, #72]	@ 0x48
1000a3d4:	2900      	cmp	r1, #0
1000a3d6:	dc0e      	bgt.n	1000a3f6 <async_context_threadsafe_background_set_work_pending+0x3a>
1000a3d8:	4b0b      	ldr	r3, [pc, #44]	@ (1000a408 <async_context_threadsafe_background_set_work_pending+0x4c>)
1000a3da:	6a20      	ldr	r0, [r4, #32]
1000a3dc:	2200      	movs	r2, #0
1000a3de:	9300      	str	r3, [sp, #0]
1000a3e0:	9401      	str	r4, [sp, #4]
1000a3e2:	2300      	movs	r3, #0
1000a3e4:	f7f6 ff5a 	bl	1000129c <alarm_pool_add_alarm_at_force_in_context>
1000a3e8:	64a0      	str	r0, [r4, #72]	@ 0x48
1000a3ea:	0020      	movs	r0, r4
1000a3ec:	303c      	adds	r0, #60	@ 0x3c
1000a3ee:	f000 ff6b 	bl	1000b2c8 <__sem_release_veneer>
1000a3f2:	b002      	add	sp, #8
1000a3f4:	bd10      	pop	{r4, pc}
1000a3f6:	6a00      	ldr	r0, [r0, #32]
1000a3f8:	f7f6 ffae 	bl	10001358 <alarm_pool_cancel_alarm>
1000a3fc:	e7ec      	b.n	1000a3d8 <async_context_threadsafe_background_set_work_pending+0x1c>
1000a3fe:	234d      	movs	r3, #77	@ 0x4d
1000a400:	5cc0      	ldrb	r0, [r0, r3]
1000a402:	f7f6 f99b 	bl	1000073c <irq_set_pending>
1000a406:	e7f0      	b.n	1000a3ea <async_context_threadsafe_background_set_work_pending+0x2e>
1000a408:	1000a40d 	.word	0x1000a40d

1000a40c <alarm_handler>:
1000a40c:	2300      	movs	r3, #0
1000a40e:	224e      	movs	r2, #78	@ 0x4e
1000a410:	b510      	push	{r4, lr}
1000a412:	b082      	sub	sp, #8
1000a414:	648b      	str	r3, [r1, #72]	@ 0x48
1000a416:	548b      	strb	r3, [r1, r2]
1000a418:	23d0      	movs	r3, #208	@ 0xd0
1000a41a:	061b      	lsls	r3, r3, #24
1000a41c:	7e8a      	ldrb	r2, [r1, #26]
1000a41e:	681b      	ldr	r3, [r3, #0]
1000a420:	000c      	movs	r4, r1
1000a422:	429a      	cmp	r2, r3
1000a424:	d017      	beq.n	1000a456 <alarm_handler+0x4a>
1000a426:	6c89      	ldr	r1, [r1, #72]	@ 0x48
1000a428:	2900      	cmp	r1, #0
1000a42a:	dc10      	bgt.n	1000a44e <alarm_handler+0x42>
1000a42c:	4b0c      	ldr	r3, [pc, #48]	@ (1000a460 <alarm_handler+0x54>)
1000a42e:	6a20      	ldr	r0, [r4, #32]
1000a430:	2200      	movs	r2, #0
1000a432:	9300      	str	r3, [sp, #0]
1000a434:	9401      	str	r4, [sp, #4]
1000a436:	2300      	movs	r3, #0
1000a438:	f7f6 ff30 	bl	1000129c <alarm_pool_add_alarm_at_force_in_context>
1000a43c:	64a0      	str	r0, [r4, #72]	@ 0x48
1000a43e:	0020      	movs	r0, r4
1000a440:	303c      	adds	r0, #60	@ 0x3c
1000a442:	f000 ff41 	bl	1000b2c8 <__sem_release_veneer>
1000a446:	2000      	movs	r0, #0
1000a448:	2100      	movs	r1, #0
1000a44a:	b002      	add	sp, #8
1000a44c:	bd10      	pop	{r4, pc}
1000a44e:	6a20      	ldr	r0, [r4, #32]
1000a450:	f7f6 ff82 	bl	10001358 <alarm_pool_cancel_alarm>
1000a454:	e7ea      	b.n	1000a42c <alarm_handler+0x20>
1000a456:	234d      	movs	r3, #77	@ 0x4d
1000a458:	5cc8      	ldrb	r0, [r1, r3]
1000a45a:	f7f6 f96f 	bl	1000073c <irq_set_pending>
1000a45e:	e7ee      	b.n	1000a43e <alarm_handler+0x32>
1000a460:	1000a40d 	.word	0x1000a40d

1000a464 <async_context_threadsafe_background_release_lock>:
1000a464:	b530      	push	{r4, r5, lr}
1000a466:	0005      	movs	r5, r0
1000a468:	3530      	adds	r5, #48	@ 0x30
1000a46a:	7a2b      	ldrb	r3, [r5, #8]
1000a46c:	0004      	movs	r4, r0
1000a46e:	b083      	sub	sp, #12
1000a470:	2b01      	cmp	r3, #1
1000a472:	d004      	beq.n	1000a47e <async_context_threadsafe_background_release_lock+0x1a>
1000a474:	0028      	movs	r0, r5
1000a476:	f000 fecf 	bl	1000b218 <__recursive_mutex_exit_veneer>
1000a47a:	b003      	add	sp, #12
1000a47c:	bd30      	pop	{r4, r5, pc}
1000a47e:	23d0      	movs	r3, #208	@ 0xd0
1000a480:	061b      	lsls	r3, r3, #24
1000a482:	7e82      	ldrb	r2, [r0, #26]
1000a484:	681b      	ldr	r3, [r3, #0]
1000a486:	429a      	cmp	r2, r3
1000a488:	d021      	beq.n	1000a4ce <async_context_threadsafe_background_release_lock+0x6a>
1000a48a:	f7fa f883 	bl	10004594 <async_context_base_needs_servicing>
1000a48e:	2800      	cmp	r0, #0
1000a490:	d0f0      	beq.n	1000a474 <async_context_threadsafe_background_release_lock+0x10>
1000a492:	0028      	movs	r0, r5
1000a494:	f000 fec0 	bl	1000b218 <__recursive_mutex_exit_veneer>
1000a498:	23d0      	movs	r3, #208	@ 0xd0
1000a49a:	061b      	lsls	r3, r3, #24
1000a49c:	7ea2      	ldrb	r2, [r4, #26]
1000a49e:	681b      	ldr	r3, [r3, #0]
1000a4a0:	429a      	cmp	r2, r3
1000a4a2:	d017      	beq.n	1000a4d4 <async_context_threadsafe_background_release_lock+0x70>
1000a4a4:	6ca1      	ldr	r1, [r4, #72]	@ 0x48
1000a4a6:	2900      	cmp	r1, #0
1000a4a8:	dc0d      	bgt.n	1000a4c6 <async_context_threadsafe_background_release_lock+0x62>
1000a4aa:	4b0d      	ldr	r3, [pc, #52]	@ (1000a4e0 <async_context_threadsafe_background_release_lock+0x7c>)
1000a4ac:	6a20      	ldr	r0, [r4, #32]
1000a4ae:	2200      	movs	r2, #0
1000a4b0:	9300      	str	r3, [sp, #0]
1000a4b2:	9401      	str	r4, [sp, #4]
1000a4b4:	2300      	movs	r3, #0
1000a4b6:	f7f6 fef1 	bl	1000129c <alarm_pool_add_alarm_at_force_in_context>
1000a4ba:	64a0      	str	r0, [r4, #72]	@ 0x48
1000a4bc:	0020      	movs	r0, r4
1000a4be:	303c      	adds	r0, #60	@ 0x3c
1000a4c0:	f000 ff02 	bl	1000b2c8 <__sem_release_veneer>
1000a4c4:	e7d9      	b.n	1000a47a <async_context_threadsafe_background_release_lock+0x16>
1000a4c6:	6a20      	ldr	r0, [r4, #32]
1000a4c8:	f7f6 ff46 	bl	10001358 <alarm_pool_cancel_alarm>
1000a4cc:	e7ed      	b.n	1000a4aa <async_context_threadsafe_background_release_lock+0x46>
1000a4ce:	f7ff fe57 	bl	1000a180 <process_under_lock>
1000a4d2:	e7cf      	b.n	1000a474 <async_context_threadsafe_background_release_lock+0x10>
1000a4d4:	234d      	movs	r3, #77	@ 0x4d
1000a4d6:	5ce0      	ldrb	r0, [r4, r3]
1000a4d8:	f7f6 f930 	bl	1000073c <irq_set_pending>
1000a4dc:	e7ee      	b.n	1000a4bc <async_context_threadsafe_background_release_lock+0x58>
1000a4de:	46c0      	nop			@ (mov r8, r8)
1000a4e0:	1000a40d 	.word	0x1000a40d

1000a4e4 <async_context_threadsafe_background_add_at_time_worker>:
1000a4e4:	b570      	push	{r4, r5, r6, lr}
1000a4e6:	0005      	movs	r5, r0
1000a4e8:	000e      	movs	r6, r1
1000a4ea:	0004      	movs	r4, r0
1000a4ec:	3530      	adds	r5, #48	@ 0x30
1000a4ee:	0028      	movs	r0, r5
1000a4f0:	b082      	sub	sp, #8
1000a4f2:	f000 fec9 	bl	1000b288 <__recursive_mutex_enter_blocking_veneer>
1000a4f6:	0031      	movs	r1, r6
1000a4f8:	0020      	movs	r0, r4
1000a4fa:	f7f9 ff7b 	bl	100043f4 <async_context_base_add_at_time_worker>
1000a4fe:	7a2b      	ldrb	r3, [r5, #8]
1000a500:	0006      	movs	r6, r0
1000a502:	2b01      	cmp	r3, #1
1000a504:	d005      	beq.n	1000a512 <async_context_threadsafe_background_add_at_time_worker+0x2e>
1000a506:	0028      	movs	r0, r5
1000a508:	f000 fe86 	bl	1000b218 <__recursive_mutex_exit_veneer>
1000a50c:	0030      	movs	r0, r6
1000a50e:	b002      	add	sp, #8
1000a510:	bd70      	pop	{r4, r5, r6, pc}
1000a512:	23d0      	movs	r3, #208	@ 0xd0
1000a514:	061b      	lsls	r3, r3, #24
1000a516:	7ea2      	ldrb	r2, [r4, #26]
1000a518:	681b      	ldr	r3, [r3, #0]
1000a51a:	0020      	movs	r0, r4
1000a51c:	429a      	cmp	r2, r3
1000a51e:	d021      	beq.n	1000a564 <async_context_threadsafe_background_add_at_time_worker+0x80>
1000a520:	f7fa f838 	bl	10004594 <async_context_base_needs_servicing>
1000a524:	2800      	cmp	r0, #0
1000a526:	d0ee      	beq.n	1000a506 <async_context_threadsafe_background_add_at_time_worker+0x22>
1000a528:	0028      	movs	r0, r5
1000a52a:	f000 fe75 	bl	1000b218 <__recursive_mutex_exit_veneer>
1000a52e:	23d0      	movs	r3, #208	@ 0xd0
1000a530:	061b      	lsls	r3, r3, #24
1000a532:	7ea2      	ldrb	r2, [r4, #26]
1000a534:	681b      	ldr	r3, [r3, #0]
1000a536:	429a      	cmp	r2, r3
1000a538:	d017      	beq.n	1000a56a <async_context_threadsafe_background_add_at_time_worker+0x86>
1000a53a:	6ca1      	ldr	r1, [r4, #72]	@ 0x48
1000a53c:	2900      	cmp	r1, #0
1000a53e:	dc0d      	bgt.n	1000a55c <async_context_threadsafe_background_add_at_time_worker+0x78>
1000a540:	4b0c      	ldr	r3, [pc, #48]	@ (1000a574 <async_context_threadsafe_background_add_at_time_worker+0x90>)
1000a542:	6a20      	ldr	r0, [r4, #32]
1000a544:	2200      	movs	r2, #0
1000a546:	9300      	str	r3, [sp, #0]
1000a548:	9401      	str	r4, [sp, #4]
1000a54a:	2300      	movs	r3, #0
1000a54c:	f7f6 fea6 	bl	1000129c <alarm_pool_add_alarm_at_force_in_context>
1000a550:	64a0      	str	r0, [r4, #72]	@ 0x48
1000a552:	0020      	movs	r0, r4
1000a554:	303c      	adds	r0, #60	@ 0x3c
1000a556:	f000 feb7 	bl	1000b2c8 <__sem_release_veneer>
1000a55a:	e7d7      	b.n	1000a50c <async_context_threadsafe_background_add_at_time_worker+0x28>
1000a55c:	6a20      	ldr	r0, [r4, #32]
1000a55e:	f7f6 fefb 	bl	10001358 <alarm_pool_cancel_alarm>
1000a562:	e7ed      	b.n	1000a540 <async_context_threadsafe_background_add_at_time_worker+0x5c>
1000a564:	f7ff fe0c 	bl	1000a180 <process_under_lock>
1000a568:	e7cd      	b.n	1000a506 <async_context_threadsafe_background_add_at_time_worker+0x22>
1000a56a:	234d      	movs	r3, #77	@ 0x4d
1000a56c:	5ce0      	ldrb	r0, [r4, r3]
1000a56e:	f7f6 f8e5 	bl	1000073c <irq_set_pending>
1000a572:	e7ee      	b.n	1000a552 <async_context_threadsafe_background_add_at_time_worker+0x6e>
1000a574:	1000a40d 	.word	0x1000a40d

1000a578 <async_context_threadsafe_background_when_pending_worker>:
1000a578:	b570      	push	{r4, r5, r6, lr}
1000a57a:	0005      	movs	r5, r0
1000a57c:	000e      	movs	r6, r1
1000a57e:	0004      	movs	r4, r0
1000a580:	3530      	adds	r5, #48	@ 0x30
1000a582:	0028      	movs	r0, r5
1000a584:	b082      	sub	sp, #8
1000a586:	f000 fe7f 	bl	1000b288 <__recursive_mutex_enter_blocking_veneer>
1000a58a:	0031      	movs	r1, r6
1000a58c:	0020      	movs	r0, r4
1000a58e:	f7f9 ff69 	bl	10004464 <async_context_base_remove_when_pending_worker>
1000a592:	7a2b      	ldrb	r3, [r5, #8]
1000a594:	0006      	movs	r6, r0
1000a596:	2b01      	cmp	r3, #1
1000a598:	d005      	beq.n	1000a5a6 <async_context_threadsafe_background_when_pending_worker+0x2e>
1000a59a:	0028      	movs	r0, r5
1000a59c:	f000 fe3c 	bl	1000b218 <__recursive_mutex_exit_veneer>
1000a5a0:	0030      	movs	r0, r6
1000a5a2:	b002      	add	sp, #8
1000a5a4:	bd70      	pop	{r4, r5, r6, pc}
1000a5a6:	23d0      	movs	r3, #208	@ 0xd0
1000a5a8:	061b      	lsls	r3, r3, #24
1000a5aa:	7ea2      	ldrb	r2, [r4, #26]
1000a5ac:	681b      	ldr	r3, [r3, #0]
1000a5ae:	0020      	movs	r0, r4
1000a5b0:	429a      	cmp	r2, r3
1000a5b2:	d021      	beq.n	1000a5f8 <async_context_threadsafe_background_when_pending_worker+0x80>
1000a5b4:	f7f9 ffee 	bl	10004594 <async_context_base_needs_servicing>
1000a5b8:	2800      	cmp	r0, #0
1000a5ba:	d0ee      	beq.n	1000a59a <async_context_threadsafe_background_when_pending_worker+0x22>
1000a5bc:	0028      	movs	r0, r5
1000a5be:	f000 fe2b 	bl	1000b218 <__recursive_mutex_exit_veneer>
1000a5c2:	23d0      	movs	r3, #208	@ 0xd0
1000a5c4:	061b      	lsls	r3, r3, #24
1000a5c6:	7ea2      	ldrb	r2, [r4, #26]
1000a5c8:	681b      	ldr	r3, [r3, #0]
1000a5ca:	429a      	cmp	r2, r3
1000a5cc:	d017      	beq.n	1000a5fe <async_context_threadsafe_background_when_pending_worker+0x86>
1000a5ce:	6ca1      	ldr	r1, [r4, #72]	@ 0x48
1000a5d0:	2900      	cmp	r1, #0
1000a5d2:	dc0d      	bgt.n	1000a5f0 <async_context_threadsafe_background_when_pending_worker+0x78>
1000a5d4:	4b0c      	ldr	r3, [pc, #48]	@ (1000a608 <async_context_threadsafe_background_when_pending_worker+0x90>)
1000a5d6:	6a20      	ldr	r0, [r4, #32]
1000a5d8:	2200      	movs	r2, #0
1000a5da:	9300      	str	r3, [sp, #0]
1000a5dc:	9401      	str	r4, [sp, #4]
1000a5de:	2300      	movs	r3, #0
1000a5e0:	f7f6 fe5c 	bl	1000129c <alarm_pool_add_alarm_at_force_in_context>
1000a5e4:	64a0      	str	r0, [r4, #72]	@ 0x48
1000a5e6:	0020      	movs	r0, r4
1000a5e8:	303c      	adds	r0, #60	@ 0x3c
1000a5ea:	f000 fe6d 	bl	1000b2c8 <__sem_release_veneer>
1000a5ee:	e7d7      	b.n	1000a5a0 <async_context_threadsafe_background_when_pending_worker+0x28>
1000a5f0:	6a20      	ldr	r0, [r4, #32]
1000a5f2:	f7f6 feb1 	bl	10001358 <alarm_pool_cancel_alarm>
1000a5f6:	e7ed      	b.n	1000a5d4 <async_context_threadsafe_background_when_pending_worker+0x5c>
1000a5f8:	f7ff fdc2 	bl	1000a180 <process_under_lock>
1000a5fc:	e7cd      	b.n	1000a59a <async_context_threadsafe_background_when_pending_worker+0x22>
1000a5fe:	234d      	movs	r3, #77	@ 0x4d
1000a600:	5ce0      	ldrb	r0, [r4, r3]
1000a602:	f7f6 f89b 	bl	1000073c <irq_set_pending>
1000a606:	e7ee      	b.n	1000a5e6 <async_context_threadsafe_background_when_pending_worker+0x6e>
1000a608:	1000a40d 	.word	0x1000a40d

1000a60c <async_context_threadsafe_background_add_when_pending_worker>:
1000a60c:	b570      	push	{r4, r5, r6, lr}
1000a60e:	0005      	movs	r5, r0
1000a610:	000e      	movs	r6, r1
1000a612:	0004      	movs	r4, r0
1000a614:	3530      	adds	r5, #48	@ 0x30
1000a616:	0028      	movs	r0, r5
1000a618:	b082      	sub	sp, #8
1000a61a:	f000 fe35 	bl	1000b288 <__recursive_mutex_enter_blocking_veneer>
1000a61e:	0031      	movs	r1, r6
1000a620:	0020      	movs	r0, r4
1000a622:	f7f9 ff0d 	bl	10004440 <async_context_base_add_when_pending_worker>
1000a626:	7a2b      	ldrb	r3, [r5, #8]
1000a628:	0006      	movs	r6, r0
1000a62a:	2b01      	cmp	r3, #1
1000a62c:	d005      	beq.n	1000a63a <async_context_threadsafe_background_add_when_pending_worker+0x2e>
1000a62e:	0028      	movs	r0, r5
1000a630:	f000 fdf2 	bl	1000b218 <__recursive_mutex_exit_veneer>
1000a634:	0030      	movs	r0, r6
1000a636:	b002      	add	sp, #8
1000a638:	bd70      	pop	{r4, r5, r6, pc}
1000a63a:	23d0      	movs	r3, #208	@ 0xd0
1000a63c:	061b      	lsls	r3, r3, #24
1000a63e:	7ea2      	ldrb	r2, [r4, #26]
1000a640:	681b      	ldr	r3, [r3, #0]
1000a642:	0020      	movs	r0, r4
1000a644:	429a      	cmp	r2, r3
1000a646:	d021      	beq.n	1000a68c <async_context_threadsafe_background_add_when_pending_worker+0x80>
1000a648:	f7f9 ffa4 	bl	10004594 <async_context_base_needs_servicing>
1000a64c:	2800      	cmp	r0, #0
1000a64e:	d0ee      	beq.n	1000a62e <async_context_threadsafe_background_add_when_pending_worker+0x22>
1000a650:	0028      	movs	r0, r5
1000a652:	f000 fde1 	bl	1000b218 <__recursive_mutex_exit_veneer>
1000a656:	23d0      	movs	r3, #208	@ 0xd0
1000a658:	061b      	lsls	r3, r3, #24
1000a65a:	7ea2      	ldrb	r2, [r4, #26]
1000a65c:	681b      	ldr	r3, [r3, #0]
1000a65e:	429a      	cmp	r2, r3
1000a660:	d017      	beq.n	1000a692 <async_context_threadsafe_background_add_when_pending_worker+0x86>
1000a662:	6ca1      	ldr	r1, [r4, #72]	@ 0x48
1000a664:	2900      	cmp	r1, #0
1000a666:	dc0d      	bgt.n	1000a684 <async_context_threadsafe_background_add_when_pending_worker+0x78>
1000a668:	4b0c      	ldr	r3, [pc, #48]	@ (1000a69c <async_context_threadsafe_background_add_when_pending_worker+0x90>)
1000a66a:	6a20      	ldr	r0, [r4, #32]
1000a66c:	2200      	movs	r2, #0
1000a66e:	9300      	str	r3, [sp, #0]
1000a670:	9401      	str	r4, [sp, #4]
1000a672:	2300      	movs	r3, #0
1000a674:	f7f6 fe12 	bl	1000129c <alarm_pool_add_alarm_at_force_in_context>
1000a678:	64a0      	str	r0, [r4, #72]	@ 0x48
1000a67a:	0020      	movs	r0, r4
1000a67c:	303c      	adds	r0, #60	@ 0x3c
1000a67e:	f000 fe23 	bl	1000b2c8 <__sem_release_veneer>
1000a682:	e7d7      	b.n	1000a634 <async_context_threadsafe_background_add_when_pending_worker+0x28>
1000a684:	6a20      	ldr	r0, [r4, #32]
1000a686:	f7f6 fe67 	bl	10001358 <alarm_pool_cancel_alarm>
1000a68a:	e7ed      	b.n	1000a668 <async_context_threadsafe_background_add_when_pending_worker+0x5c>
1000a68c:	f7ff fd78 	bl	1000a180 <process_under_lock>
1000a690:	e7cd      	b.n	1000a62e <async_context_threadsafe_background_add_when_pending_worker+0x22>
1000a692:	234d      	movs	r3, #77	@ 0x4d
1000a694:	5ce0      	ldrb	r0, [r4, r3]
1000a696:	f7f6 f851 	bl	1000073c <irq_set_pending>
1000a69a:	e7ee      	b.n	1000a67a <async_context_threadsafe_background_add_when_pending_worker+0x6e>
1000a69c:	1000a40d 	.word	0x1000a40d

1000a6a0 <async_context_threadsafe_background_remove_at_time_worker>:
1000a6a0:	b570      	push	{r4, r5, r6, lr}
1000a6a2:	0005      	movs	r5, r0
1000a6a4:	000e      	movs	r6, r1
1000a6a6:	0004      	movs	r4, r0
1000a6a8:	3530      	adds	r5, #48	@ 0x30
1000a6aa:	0028      	movs	r0, r5
1000a6ac:	b082      	sub	sp, #8
1000a6ae:	f000 fdeb 	bl	1000b288 <__recursive_mutex_enter_blocking_veneer>
1000a6b2:	0031      	movs	r1, r6
1000a6b4:	0020      	movs	r0, r4
1000a6b6:	f7f9 feb1 	bl	1000441c <async_context_base_remove_at_time_worker>
1000a6ba:	7a2b      	ldrb	r3, [r5, #8]
1000a6bc:	0006      	movs	r6, r0
1000a6be:	2b01      	cmp	r3, #1
1000a6c0:	d005      	beq.n	1000a6ce <async_context_threadsafe_background_remove_at_time_worker+0x2e>
1000a6c2:	0028      	movs	r0, r5
1000a6c4:	f000 fda8 	bl	1000b218 <__recursive_mutex_exit_veneer>
1000a6c8:	0030      	movs	r0, r6
1000a6ca:	b002      	add	sp, #8
1000a6cc:	bd70      	pop	{r4, r5, r6, pc}
1000a6ce:	23d0      	movs	r3, #208	@ 0xd0
1000a6d0:	061b      	lsls	r3, r3, #24
1000a6d2:	7ea2      	ldrb	r2, [r4, #26]
1000a6d4:	681b      	ldr	r3, [r3, #0]
1000a6d6:	0020      	movs	r0, r4
1000a6d8:	429a      	cmp	r2, r3
1000a6da:	d021      	beq.n	1000a720 <async_context_threadsafe_background_remove_at_time_worker+0x80>
1000a6dc:	f7f9 ff5a 	bl	10004594 <async_context_base_needs_servicing>
1000a6e0:	2800      	cmp	r0, #0
1000a6e2:	d0ee      	beq.n	1000a6c2 <async_context_threadsafe_background_remove_at_time_worker+0x22>
1000a6e4:	0028      	movs	r0, r5
1000a6e6:	f000 fd97 	bl	1000b218 <__recursive_mutex_exit_veneer>
1000a6ea:	23d0      	movs	r3, #208	@ 0xd0
1000a6ec:	061b      	lsls	r3, r3, #24
1000a6ee:	7ea2      	ldrb	r2, [r4, #26]
1000a6f0:	681b      	ldr	r3, [r3, #0]
1000a6f2:	429a      	cmp	r2, r3
1000a6f4:	d017      	beq.n	1000a726 <async_context_threadsafe_background_remove_at_time_worker+0x86>
1000a6f6:	6ca1      	ldr	r1, [r4, #72]	@ 0x48
1000a6f8:	2900      	cmp	r1, #0
1000a6fa:	dc0d      	bgt.n	1000a718 <async_context_threadsafe_background_remove_at_time_worker+0x78>
1000a6fc:	4b0c      	ldr	r3, [pc, #48]	@ (1000a730 <async_context_threadsafe_background_remove_at_time_worker+0x90>)
1000a6fe:	6a20      	ldr	r0, [r4, #32]
1000a700:	2200      	movs	r2, #0
1000a702:	9300      	str	r3, [sp, #0]
1000a704:	9401      	str	r4, [sp, #4]
1000a706:	2300      	movs	r3, #0
1000a708:	f7f6 fdc8 	bl	1000129c <alarm_pool_add_alarm_at_force_in_context>
1000a70c:	64a0      	str	r0, [r4, #72]	@ 0x48
1000a70e:	0020      	movs	r0, r4
1000a710:	303c      	adds	r0, #60	@ 0x3c
1000a712:	f000 fdd9 	bl	1000b2c8 <__sem_release_veneer>
1000a716:	e7d7      	b.n	1000a6c8 <async_context_threadsafe_background_remove_at_time_worker+0x28>
1000a718:	6a20      	ldr	r0, [r4, #32]
1000a71a:	f7f6 fe1d 	bl	10001358 <alarm_pool_cancel_alarm>
1000a71e:	e7ed      	b.n	1000a6fc <async_context_threadsafe_background_remove_at_time_worker+0x5c>
1000a720:	f7ff fd2e 	bl	1000a180 <process_under_lock>
1000a724:	e7cd      	b.n	1000a6c2 <async_context_threadsafe_background_remove_at_time_worker+0x22>
1000a726:	234d      	movs	r3, #77	@ 0x4d
1000a728:	5ce0      	ldrb	r0, [r4, r3]
1000a72a:	f7f6 f807 	bl	1000073c <irq_set_pending>
1000a72e:	e7ee      	b.n	1000a70e <async_context_threadsafe_background_remove_at_time_worker+0x6e>
1000a730:	1000a40d 	.word	0x1000a40d

1000a734 <async_context_threadsafe_background_default_config>:
1000a734:	23ff      	movs	r3, #255	@ 0xff
1000a736:	7003      	strb	r3, [r0, #0]
1000a738:	2300      	movs	r3, #0
1000a73a:	6043      	str	r3, [r0, #4]
1000a73c:	4770      	bx	lr
1000a73e:	46c0      	nop			@ (mov r8, r8)

1000a740 <async_context_threadsafe_background_init>:
1000a740:	b570      	push	{r4, r5, r6, lr}
1000a742:	0004      	movs	r4, r0
1000a744:	000d      	movs	r5, r1
1000a746:	224c      	movs	r2, #76	@ 0x4c
1000a748:	2100      	movs	r1, #0
1000a74a:	3004      	adds	r0, #4
1000a74c:	f7f7 ff64 	bl	10002618 <__wrap_memset>
1000a750:	4b22      	ldr	r3, [pc, #136]	@ (1000a7dc <async_context_threadsafe_background_init+0x9c>)
1000a752:	6023      	str	r3, [r4, #0]
1000a754:	2303      	movs	r3, #3
1000a756:	8323      	strh	r3, [r4, #24]
1000a758:	23d0      	movs	r3, #208	@ 0xd0
1000a75a:	061b      	lsls	r3, r3, #24
1000a75c:	681b      	ldr	r3, [r3, #0]
1000a75e:	76a3      	strb	r3, [r4, #26]
1000a760:	686b      	ldr	r3, [r5, #4]
1000a762:	2b00      	cmp	r3, #0
1000a764:	d028      	beq.n	1000a7b8 <async_context_threadsafe_background_init+0x78>
1000a766:	6223      	str	r3, [r4, #32]
1000a768:	0020      	movs	r0, r4
1000a76a:	2201      	movs	r2, #1
1000a76c:	2101      	movs	r1, #1
1000a76e:	303c      	adds	r0, #60	@ 0x3c
1000a770:	f7f6 fa5c 	bl	10000c2c <sem_init>
1000a774:	0020      	movs	r0, r4
1000a776:	3030      	adds	r0, #48	@ 0x30
1000a778:	f7f6 fa9a 	bl	10000cb0 <recursive_mutex_init>
1000a77c:	2000      	movs	r0, #0
1000a77e:	782e      	ldrb	r6, [r5, #0]
1000a780:	f7f6 fa40 	bl	10000c04 <user_irq_claim_unused>
1000a784:	0003      	movs	r3, r0
1000a786:	2000      	movs	r0, #0
1000a788:	2b00      	cmp	r3, #0
1000a78a:	db14      	blt.n	1000a7b6 <async_context_threadsafe_background_init+0x76>
1000a78c:	0019      	movs	r1, r3
1000a78e:	254d      	movs	r5, #77	@ 0x4d
1000a790:	4a13      	ldr	r2, [pc, #76]	@ (1000a7e0 <async_context_threadsafe_background_init+0xa0>)
1000a792:	391a      	subs	r1, #26
1000a794:	0089      	lsls	r1, r1, #2
1000a796:	30ff      	adds	r0, #255	@ 0xff
1000a798:	508c      	str	r4, [r1, r2]
1000a79a:	4018      	ands	r0, r3
1000a79c:	5563      	strb	r3, [r4, r5]
1000a79e:	4911      	ldr	r1, [pc, #68]	@ (1000a7e4 <async_context_threadsafe_background_init+0xa4>)
1000a7a0:	f7f5 ffd4 	bl	1000074c <irq_set_exclusive_handler>
1000a7a4:	2101      	movs	r1, #1
1000a7a6:	5d60      	ldrb	r0, [r4, r5]
1000a7a8:	f7f5 ffb6 	bl	10000718 <irq_set_enabled>
1000a7ac:	5d60      	ldrb	r0, [r4, r5]
1000a7ae:	0031      	movs	r1, r6
1000a7b0:	f7f6 f9b0 	bl	10000b14 <irq_set_priority>
1000a7b4:	2001      	movs	r0, #1
1000a7b6:	bd70      	pop	{r4, r5, r6, pc}
1000a7b8:	f7f6 fc82 	bl	100010c0 <alarm_pool_get_default>
1000a7bc:	6220      	str	r0, [r4, #32]
1000a7be:	7ea6      	ldrb	r6, [r4, #26]
1000a7c0:	f7f6 fe04 	bl	100013cc <alarm_pool_core_num>
1000a7c4:	4286      	cmp	r6, r0
1000a7c6:	d0cf      	beq.n	1000a768 <async_context_threadsafe_background_init+0x28>
1000a7c8:	f7f6 fefe 	bl	100015c8 <alarm_pool_get_default_timer>
1000a7cc:	2104      	movs	r1, #4
1000a7ce:	f7f6 fc7b 	bl	100010c8 <alarm_pool_create_on_timer_with_unused_hardware_alarm>
1000a7d2:	234c      	movs	r3, #76	@ 0x4c
1000a7d4:	2201      	movs	r2, #1
1000a7d6:	6220      	str	r0, [r4, #32]
1000a7d8:	54e2      	strb	r2, [r4, r3]
1000a7da:	e7c5      	b.n	1000a768 <async_context_threadsafe_background_init+0x28>
1000a7dc:	10043080 	.word	0x10043080
1000a7e0:	20001234 	.word	0x20001234
1000a7e4:	1000a251 	.word	0x1000a251

1000a7e8 <calloc>:
1000a7e8:	b510      	push	{r4, lr}
1000a7ea:	4b03      	ldr	r3, [pc, #12]	@ (1000a7f8 <calloc+0x10>)
1000a7ec:	000a      	movs	r2, r1
1000a7ee:	0001      	movs	r1, r0
1000a7f0:	6818      	ldr	r0, [r3, #0]
1000a7f2:	f000 f803 	bl	1000a7fc <_calloc_r>
1000a7f6:	bd10      	pop	{r4, pc}
1000a7f8:	20000b88 	.word	0x20000b88

1000a7fc <_calloc_r>:
1000a7fc:	b510      	push	{r4, lr}
1000a7fe:	0c0b      	lsrs	r3, r1, #16
1000a800:	0c14      	lsrs	r4, r2, #16
1000a802:	2b00      	cmp	r3, #0
1000a804:	d130      	bne.n	1000a868 <_calloc_r+0x6c>
1000a806:	2c00      	cmp	r4, #0
1000a808:	d144      	bne.n	1000a894 <_calloc_r+0x98>
1000a80a:	b28b      	uxth	r3, r1
1000a80c:	b291      	uxth	r1, r2
1000a80e:	4359      	muls	r1, r3
1000a810:	f000 f864 	bl	1000a8dc <_malloc_r>
1000a814:	1e04      	subs	r4, r0, #0
1000a816:	d03b      	beq.n	1000a890 <_calloc_r+0x94>
1000a818:	0003      	movs	r3, r0
1000a81a:	3b08      	subs	r3, #8
1000a81c:	685a      	ldr	r2, [r3, #4]
1000a81e:	2303      	movs	r3, #3
1000a820:	439a      	bics	r2, r3
1000a822:	3a04      	subs	r2, #4
1000a824:	2a24      	cmp	r2, #36	@ 0x24
1000a826:	d813      	bhi.n	1000a850 <_calloc_r+0x54>
1000a828:	0003      	movs	r3, r0
1000a82a:	2a13      	cmp	r2, #19
1000a82c:	d90b      	bls.n	1000a846 <_calloc_r+0x4a>
1000a82e:	2300      	movs	r3, #0
1000a830:	6003      	str	r3, [r0, #0]
1000a832:	6043      	str	r3, [r0, #4]
1000a834:	2a1b      	cmp	r2, #27
1000a836:	d910      	bls.n	1000a85a <_calloc_r+0x5e>
1000a838:	2300      	movs	r3, #0
1000a83a:	6083      	str	r3, [r0, #8]
1000a83c:	60c3      	str	r3, [r0, #12]
1000a83e:	2a24      	cmp	r2, #36	@ 0x24
1000a840:	d031      	beq.n	1000a8a6 <_calloc_r+0xaa>
1000a842:	0003      	movs	r3, r0
1000a844:	3310      	adds	r3, #16
1000a846:	2200      	movs	r2, #0
1000a848:	601a      	str	r2, [r3, #0]
1000a84a:	605a      	str	r2, [r3, #4]
1000a84c:	609a      	str	r2, [r3, #8]
1000a84e:	e002      	b.n	1000a856 <_calloc_r+0x5a>
1000a850:	2100      	movs	r1, #0
1000a852:	f7f7 fee1 	bl	10002618 <__wrap_memset>
1000a856:	0020      	movs	r0, r4
1000a858:	bd10      	pop	{r4, pc}
1000a85a:	0003      	movs	r3, r0
1000a85c:	2200      	movs	r2, #0
1000a85e:	3308      	adds	r3, #8
1000a860:	601a      	str	r2, [r3, #0]
1000a862:	605a      	str	r2, [r3, #4]
1000a864:	609a      	str	r2, [r3, #8]
1000a866:	e7f6      	b.n	1000a856 <_calloc_r+0x5a>
1000a868:	2c00      	cmp	r4, #0
1000a86a:	d116      	bne.n	1000a89a <_calloc_r+0x9e>
1000a86c:	1c14      	adds	r4, r2, #0
1000a86e:	b289      	uxth	r1, r1
1000a870:	b292      	uxth	r2, r2
1000a872:	434a      	muls	r2, r1
1000a874:	b2a4      	uxth	r4, r4
1000a876:	b29b      	uxth	r3, r3
1000a878:	4363      	muls	r3, r4
1000a87a:	0c11      	lsrs	r1, r2, #16
1000a87c:	185b      	adds	r3, r3, r1
1000a87e:	0c19      	lsrs	r1, r3, #16
1000a880:	d10b      	bne.n	1000a89a <_calloc_r+0x9e>
1000a882:	0419      	lsls	r1, r3, #16
1000a884:	b292      	uxth	r2, r2
1000a886:	4311      	orrs	r1, r2
1000a888:	f000 f828 	bl	1000a8dc <_malloc_r>
1000a88c:	1e04      	subs	r4, r0, #0
1000a88e:	d1c3      	bne.n	1000a818 <_calloc_r+0x1c>
1000a890:	2400      	movs	r4, #0
1000a892:	e7e0      	b.n	1000a856 <_calloc_r+0x5a>
1000a894:	1c23      	adds	r3, r4, #0
1000a896:	1c0c      	adds	r4, r1, #0
1000a898:	e7e9      	b.n	1000a86e <_calloc_r+0x72>
1000a89a:	f000 fb29 	bl	1000aef0 <__errno>
1000a89e:	230c      	movs	r3, #12
1000a8a0:	2400      	movs	r4, #0
1000a8a2:	6003      	str	r3, [r0, #0]
1000a8a4:	e7d7      	b.n	1000a856 <_calloc_r+0x5a>
1000a8a6:	2200      	movs	r2, #0
1000a8a8:	0003      	movs	r3, r0
1000a8aa:	6102      	str	r2, [r0, #16]
1000a8ac:	3318      	adds	r3, #24
1000a8ae:	6142      	str	r2, [r0, #20]
1000a8b0:	e7c9      	b.n	1000a846 <_calloc_r+0x4a>
1000a8b2:	46c0      	nop			@ (mov r8, r8)

1000a8b4 <malloc>:
1000a8b4:	b510      	push	{r4, lr}
1000a8b6:	4b03      	ldr	r3, [pc, #12]	@ (1000a8c4 <malloc+0x10>)
1000a8b8:	0001      	movs	r1, r0
1000a8ba:	6818      	ldr	r0, [r3, #0]
1000a8bc:	f000 f80e 	bl	1000a8dc <_malloc_r>
1000a8c0:	bd10      	pop	{r4, pc}
1000a8c2:	46c0      	nop			@ (mov r8, r8)
1000a8c4:	20000b88 	.word	0x20000b88

1000a8c8 <free>:
1000a8c8:	b510      	push	{r4, lr}
1000a8ca:	4b03      	ldr	r3, [pc, #12]	@ (1000a8d8 <free+0x10>)
1000a8cc:	0001      	movs	r1, r0
1000a8ce:	6818      	ldr	r0, [r3, #0]
1000a8d0:	f000 fbae 	bl	1000b030 <_free_r>
1000a8d4:	bd10      	pop	{r4, pc}
1000a8d6:	46c0      	nop			@ (mov r8, r8)
1000a8d8:	20000b88 	.word	0x20000b88

1000a8dc <_malloc_r>:
1000a8dc:	b5f0      	push	{r4, r5, r6, r7, lr}
1000a8de:	464e      	mov	r6, r9
1000a8e0:	46de      	mov	lr, fp
1000a8e2:	4657      	mov	r7, sl
1000a8e4:	4645      	mov	r5, r8
1000a8e6:	000c      	movs	r4, r1
1000a8e8:	b5e0      	push	{r5, r6, r7, lr}
1000a8ea:	340b      	adds	r4, #11
1000a8ec:	4681      	mov	r9, r0
1000a8ee:	b085      	sub	sp, #20
1000a8f0:	2c16      	cmp	r4, #22
1000a8f2:	d821      	bhi.n	1000a938 <_malloc_r+0x5c>
1000a8f4:	2910      	cmp	r1, #16
1000a8f6:	d900      	bls.n	1000a8fa <_malloc_r+0x1e>
1000a8f8:	e0d0      	b.n	1000aa9c <_malloc_r+0x1c0>
1000a8fa:	f000 faa1 	bl	1000ae40 <__malloc_lock>
1000a8fe:	2410      	movs	r4, #16
1000a900:	2318      	movs	r3, #24
1000a902:	2102      	movs	r1, #2
1000a904:	4dc9      	ldr	r5, [pc, #804]	@ (1000ac2c <_malloc_r+0x350>)
1000a906:	18eb      	adds	r3, r5, r3
1000a908:	001a      	movs	r2, r3
1000a90a:	685f      	ldr	r7, [r3, #4]
1000a90c:	3a08      	subs	r2, #8
1000a90e:	4297      	cmp	r7, r2
1000a910:	d100      	bne.n	1000a914 <_malloc_r+0x38>
1000a912:	e172      	b.n	1000abfa <_malloc_r+0x31e>
1000a914:	2203      	movs	r2, #3
1000a916:	687b      	ldr	r3, [r7, #4]
1000a918:	68b9      	ldr	r1, [r7, #8]
1000a91a:	4393      	bics	r3, r2
1000a91c:	68fa      	ldr	r2, [r7, #12]
1000a91e:	60ca      	str	r2, [r1, #12]
1000a920:	6091      	str	r1, [r2, #8]
1000a922:	2101      	movs	r1, #1
1000a924:	18fb      	adds	r3, r7, r3
1000a926:	685a      	ldr	r2, [r3, #4]
1000a928:	4648      	mov	r0, r9
1000a92a:	430a      	orrs	r2, r1
1000a92c:	605a      	str	r2, [r3, #4]
1000a92e:	f000 fa8f 	bl	1000ae50 <__malloc_unlock>
1000a932:	0038      	movs	r0, r7
1000a934:	3008      	adds	r0, #8
1000a936:	e0b5      	b.n	1000aaa4 <_malloc_r+0x1c8>
1000a938:	2307      	movs	r3, #7
1000a93a:	439c      	bics	r4, r3
1000a93c:	d500      	bpl.n	1000a940 <_malloc_r+0x64>
1000a93e:	e0ad      	b.n	1000aa9c <_malloc_r+0x1c0>
1000a940:	42a1      	cmp	r1, r4
1000a942:	d900      	bls.n	1000a946 <_malloc_r+0x6a>
1000a944:	e0aa      	b.n	1000aa9c <_malloc_r+0x1c0>
1000a946:	f000 fa7b 	bl	1000ae40 <__malloc_lock>
1000a94a:	23fc      	movs	r3, #252	@ 0xfc
1000a94c:	005b      	lsls	r3, r3, #1
1000a94e:	429c      	cmp	r4, r3
1000a950:	d200      	bcs.n	1000a954 <_malloc_r+0x78>
1000a952:	e1b9      	b.n	1000acc8 <_malloc_r+0x3ec>
1000a954:	0a61      	lsrs	r1, r4, #9
1000a956:	d100      	bne.n	1000a95a <_malloc_r+0x7e>
1000a958:	e0ab      	b.n	1000aab2 <_malloc_r+0x1d6>
1000a95a:	2904      	cmp	r1, #4
1000a95c:	d900      	bls.n	1000a960 <_malloc_r+0x84>
1000a95e:	e180      	b.n	1000ac62 <_malloc_r+0x386>
1000a960:	2338      	movs	r3, #56	@ 0x38
1000a962:	469c      	mov	ip, r3
1000a964:	09a1      	lsrs	r1, r4, #6
1000a966:	448c      	add	ip, r1
1000a968:	46e0      	mov	r8, ip
1000a96a:	3139      	adds	r1, #57	@ 0x39
1000a96c:	00cb      	lsls	r3, r1, #3
1000a96e:	2208      	movs	r2, #8
1000a970:	4252      	negs	r2, r2
1000a972:	4694      	mov	ip, r2
1000a974:	4dad      	ldr	r5, [pc, #692]	@ (1000ac2c <_malloc_r+0x350>)
1000a976:	18eb      	adds	r3, r5, r3
1000a978:	449c      	add	ip, r3
1000a97a:	4663      	mov	r3, ip
1000a97c:	68df      	ldr	r7, [r3, #12]
1000a97e:	45bc      	cmp	ip, r7
1000a980:	d012      	beq.n	1000a9a8 <_malloc_r+0xcc>
1000a982:	000b      	movs	r3, r1
1000a984:	2603      	movs	r6, #3
1000a986:	4661      	mov	r1, ip
1000a988:	469c      	mov	ip, r3
1000a98a:	e007      	b.n	1000a99c <_malloc_r+0xc0>
1000a98c:	68f8      	ldr	r0, [r7, #12]
1000a98e:	2a00      	cmp	r2, #0
1000a990:	db00      	blt.n	1000a994 <_malloc_r+0xb8>
1000a992:	e12c      	b.n	1000abee <_malloc_r+0x312>
1000a994:	4281      	cmp	r1, r0
1000a996:	d100      	bne.n	1000a99a <_malloc_r+0xbe>
1000a998:	e12d      	b.n	1000abf6 <_malloc_r+0x31a>
1000a99a:	0007      	movs	r7, r0
1000a99c:	687b      	ldr	r3, [r7, #4]
1000a99e:	43b3      	bics	r3, r6
1000a9a0:	1b1a      	subs	r2, r3, r4
1000a9a2:	2a0f      	cmp	r2, #15
1000a9a4:	ddf2      	ble.n	1000a98c <_malloc_r+0xb0>
1000a9a6:	4641      	mov	r1, r8
1000a9a8:	002a      	movs	r2, r5
1000a9aa:	692f      	ldr	r7, [r5, #16]
1000a9ac:	3208      	adds	r2, #8
1000a9ae:	4297      	cmp	r7, r2
1000a9b0:	d100      	bne.n	1000a9b4 <_malloc_r+0xd8>
1000a9b2:	e10b      	b.n	1000abcc <_malloc_r+0x2f0>
1000a9b4:	2003      	movs	r0, #3
1000a9b6:	687b      	ldr	r3, [r7, #4]
1000a9b8:	4383      	bics	r3, r0
1000a9ba:	1b18      	subs	r0, r3, r4
1000a9bc:	280f      	cmp	r0, #15
1000a9be:	dd00      	ble.n	1000a9c2 <_malloc_r+0xe6>
1000a9c0:	e186      	b.n	1000acd0 <_malloc_r+0x3f4>
1000a9c2:	612a      	str	r2, [r5, #16]
1000a9c4:	616a      	str	r2, [r5, #20]
1000a9c6:	2800      	cmp	r0, #0
1000a9c8:	daab      	bge.n	1000a922 <_malloc_r+0x46>
1000a9ca:	686a      	ldr	r2, [r5, #4]
1000a9cc:	4694      	mov	ip, r2
1000a9ce:	2280      	movs	r2, #128	@ 0x80
1000a9d0:	0092      	lsls	r2, r2, #2
1000a9d2:	4293      	cmp	r3, r2
1000a9d4:	d300      	bcc.n	1000a9d8 <_malloc_r+0xfc>
1000a9d6:	e116      	b.n	1000ac06 <_malloc_r+0x32a>
1000a9d8:	08da      	lsrs	r2, r3, #3
1000a9da:	0958      	lsrs	r0, r3, #5
1000a9dc:	2301      	movs	r3, #1
1000a9de:	4083      	lsls	r3, r0
1000a9e0:	4660      	mov	r0, ip
1000a9e2:	4318      	orrs	r0, r3
1000a9e4:	4684      	mov	ip, r0
1000a9e6:	00d3      	lsls	r3, r2, #3
1000a9e8:	195b      	adds	r3, r3, r5
1000a9ea:	689a      	ldr	r2, [r3, #8]
1000a9ec:	6068      	str	r0, [r5, #4]
1000a9ee:	60fb      	str	r3, [r7, #12]
1000a9f0:	60ba      	str	r2, [r7, #8]
1000a9f2:	609f      	str	r7, [r3, #8]
1000a9f4:	60d7      	str	r7, [r2, #12]
1000a9f6:	2001      	movs	r0, #1
1000a9f8:	108b      	asrs	r3, r1, #2
1000a9fa:	4098      	lsls	r0, r3
1000a9fc:	4560      	cmp	r0, ip
1000a9fe:	d85f      	bhi.n	1000aac0 <_malloc_r+0x1e4>
1000aa00:	4663      	mov	r3, ip
1000aa02:	4203      	tst	r3, r0
1000aa04:	d10a      	bne.n	1000aa1c <_malloc_r+0x140>
1000aa06:	2303      	movs	r3, #3
1000aa08:	4399      	bics	r1, r3
1000aa0a:	4663      	mov	r3, ip
1000aa0c:	0040      	lsls	r0, r0, #1
1000aa0e:	3104      	adds	r1, #4
1000aa10:	4203      	tst	r3, r0
1000aa12:	d103      	bne.n	1000aa1c <_malloc_r+0x140>
1000aa14:	0040      	lsls	r0, r0, #1
1000aa16:	3104      	adds	r1, #4
1000aa18:	4203      	tst	r3, r0
1000aa1a:	d0fb      	beq.n	1000aa14 <_malloc_r+0x138>
1000aa1c:	2303      	movs	r3, #3
1000aa1e:	46a8      	mov	r8, r5
1000aa20:	469c      	mov	ip, r3
1000aa22:	4683      	mov	fp, r0
1000aa24:	000d      	movs	r5, r1
1000aa26:	00e8      	lsls	r0, r5, #3
1000aa28:	4440      	add	r0, r8
1000aa2a:	0006      	movs	r6, r0
1000aa2c:	46aa      	mov	sl, r5
1000aa2e:	68f3      	ldr	r3, [r6, #12]
1000aa30:	e00b      	b.n	1000aa4a <_malloc_r+0x16e>
1000aa32:	4661      	mov	r1, ip
1000aa34:	685a      	ldr	r2, [r3, #4]
1000aa36:	438a      	bics	r2, r1
1000aa38:	1b17      	subs	r7, r2, r4
1000aa3a:	0019      	movs	r1, r3
1000aa3c:	68db      	ldr	r3, [r3, #12]
1000aa3e:	2f0f      	cmp	r7, #15
1000aa40:	dd00      	ble.n	1000aa44 <_malloc_r+0x168>
1000aa42:	e11b      	b.n	1000ac7c <_malloc_r+0x3a0>
1000aa44:	2f00      	cmp	r7, #0
1000aa46:	db00      	blt.n	1000aa4a <_malloc_r+0x16e>
1000aa48:	e12f      	b.n	1000acaa <_malloc_r+0x3ce>
1000aa4a:	429e      	cmp	r6, r3
1000aa4c:	d1f1      	bne.n	1000aa32 <_malloc_r+0x156>
1000aa4e:	4653      	mov	r3, sl
1000aa50:	3301      	adds	r3, #1
1000aa52:	469a      	mov	sl, r3
1000aa54:	3608      	adds	r6, #8
1000aa56:	079b      	lsls	r3, r3, #30
1000aa58:	d1e9      	bne.n	1000aa2e <_malloc_r+0x152>
1000aa5a:	2203      	movs	r2, #3
1000aa5c:	e005      	b.n	1000aa6a <_malloc_r+0x18e>
1000aa5e:	6803      	ldr	r3, [r0, #0]
1000aa60:	3808      	subs	r0, #8
1000aa62:	3d01      	subs	r5, #1
1000aa64:	4283      	cmp	r3, r0
1000aa66:	d000      	beq.n	1000aa6a <_malloc_r+0x18e>
1000aa68:	e1e2      	b.n	1000ae30 <_malloc_r+0x554>
1000aa6a:	422a      	tst	r2, r5
1000aa6c:	d1f7      	bne.n	1000aa5e <_malloc_r+0x182>
1000aa6e:	4642      	mov	r2, r8
1000aa70:	4659      	mov	r1, fp
1000aa72:	6853      	ldr	r3, [r2, #4]
1000aa74:	438b      	bics	r3, r1
1000aa76:	6053      	str	r3, [r2, #4]
1000aa78:	465a      	mov	r2, fp
1000aa7a:	0052      	lsls	r2, r2, #1
1000aa7c:	4693      	mov	fp, r2
1000aa7e:	429a      	cmp	r2, r3
1000aa80:	d81d      	bhi.n	1000aabe <_malloc_r+0x1e2>
1000aa82:	2a00      	cmp	r2, #0
1000aa84:	d106      	bne.n	1000aa94 <_malloc_r+0x1b8>
1000aa86:	e01a      	b.n	1000aabe <_malloc_r+0x1e2>
1000aa88:	4652      	mov	r2, sl
1000aa8a:	3204      	adds	r2, #4
1000aa8c:	4692      	mov	sl, r2
1000aa8e:	465a      	mov	r2, fp
1000aa90:	0052      	lsls	r2, r2, #1
1000aa92:	4693      	mov	fp, r2
1000aa94:	4213      	tst	r3, r2
1000aa96:	d0f7      	beq.n	1000aa88 <_malloc_r+0x1ac>
1000aa98:	4655      	mov	r5, sl
1000aa9a:	e7c4      	b.n	1000aa26 <_malloc_r+0x14a>
1000aa9c:	230c      	movs	r3, #12
1000aa9e:	464a      	mov	r2, r9
1000aaa0:	6013      	str	r3, [r2, #0]
1000aaa2:	2000      	movs	r0, #0
1000aaa4:	b005      	add	sp, #20
1000aaa6:	bcf0      	pop	{r4, r5, r6, r7}
1000aaa8:	46bb      	mov	fp, r7
1000aaaa:	46b2      	mov	sl, r6
1000aaac:	46a9      	mov	r9, r5
1000aaae:	46a0      	mov	r8, r4
1000aab0:	bdf0      	pop	{r4, r5, r6, r7, pc}
1000aab2:	2380      	movs	r3, #128	@ 0x80
1000aab4:	223f      	movs	r2, #63	@ 0x3f
1000aab6:	2140      	movs	r1, #64	@ 0x40
1000aab8:	4690      	mov	r8, r2
1000aaba:	009b      	lsls	r3, r3, #2
1000aabc:	e757      	b.n	1000a96e <_malloc_r+0x92>
1000aabe:	4645      	mov	r5, r8
1000aac0:	2203      	movs	r2, #3
1000aac2:	68af      	ldr	r7, [r5, #8]
1000aac4:	687b      	ldr	r3, [r7, #4]
1000aac6:	4393      	bics	r3, r2
1000aac8:	469a      	mov	sl, r3
1000aaca:	42a3      	cmp	r3, r4
1000aacc:	d302      	bcc.n	1000aad4 <_malloc_r+0x1f8>
1000aace:	1b1b      	subs	r3, r3, r4
1000aad0:	2b0f      	cmp	r3, #15
1000aad2:	dc7e      	bgt.n	1000abd2 <_malloc_r+0x2f6>
1000aad4:	4b56      	ldr	r3, [pc, #344]	@ (1000ac30 <_malloc_r+0x354>)
1000aad6:	2008      	movs	r0, #8
1000aad8:	681b      	ldr	r3, [r3, #0]
1000aada:	3310      	adds	r3, #16
1000aadc:	191e      	adds	r6, r3, r4
1000aade:	f000 fa0d 	bl	1000aefc <sysconf>
1000aae2:	4b54      	ldr	r3, [pc, #336]	@ (1000ac34 <_malloc_r+0x358>)
1000aae4:	4683      	mov	fp, r0
1000aae6:	9301      	str	r3, [sp, #4]
1000aae8:	681b      	ldr	r3, [r3, #0]
1000aaea:	3301      	adds	r3, #1
1000aaec:	d004      	beq.n	1000aaf8 <_malloc_r+0x21c>
1000aaee:	1e73      	subs	r3, r6, #1
1000aaf0:	181b      	adds	r3, r3, r0
1000aaf2:	4242      	negs	r2, r0
1000aaf4:	4013      	ands	r3, r2
1000aaf6:	001e      	movs	r6, r3
1000aaf8:	0031      	movs	r1, r6
1000aafa:	4648      	mov	r0, r9
1000aafc:	f000 f9e6 	bl	1000aecc <_sbrk_r>
1000ab00:	4680      	mov	r8, r0
1000ab02:	1c43      	adds	r3, r0, #1
1000ab04:	d100      	bne.n	1000ab08 <_malloc_r+0x22c>
1000ab06:	e0fd      	b.n	1000ad04 <_malloc_r+0x428>
1000ab08:	4653      	mov	r3, sl
1000ab0a:	18fb      	adds	r3, r7, r3
1000ab0c:	4283      	cmp	r3, r0
1000ab0e:	d900      	bls.n	1000ab12 <_malloc_r+0x236>
1000ab10:	e0f6      	b.n	1000ad00 <_malloc_r+0x424>
1000ab12:	4a49      	ldr	r2, [pc, #292]	@ (1000ac38 <_malloc_r+0x35c>)
1000ab14:	6811      	ldr	r1, [r2, #0]
1000ab16:	9202      	str	r2, [sp, #8]
1000ab18:	1989      	adds	r1, r1, r6
1000ab1a:	6011      	str	r1, [r2, #0]
1000ab1c:	465a      	mov	r2, fp
1000ab1e:	3a01      	subs	r2, #1
1000ab20:	4283      	cmp	r3, r0
1000ab22:	d100      	bne.n	1000ab26 <_malloc_r+0x24a>
1000ab24:	e139      	b.n	1000ad9a <_malloc_r+0x4be>
1000ab26:	9801      	ldr	r0, [sp, #4]
1000ab28:	6800      	ldr	r0, [r0, #0]
1000ab2a:	3001      	adds	r0, #1
1000ab2c:	d100      	bne.n	1000ab30 <_malloc_r+0x254>
1000ab2e:	e13f      	b.n	1000adb0 <_malloc_r+0x4d4>
1000ab30:	4640      	mov	r0, r8
1000ab32:	1ac3      	subs	r3, r0, r3
1000ab34:	185b      	adds	r3, r3, r1
1000ab36:	9902      	ldr	r1, [sp, #8]
1000ab38:	600b      	str	r3, [r1, #0]
1000ab3a:	4641      	mov	r1, r8
1000ab3c:	2307      	movs	r3, #7
1000ab3e:	0008      	movs	r0, r1
1000ab40:	4018      	ands	r0, r3
1000ab42:	9001      	str	r0, [sp, #4]
1000ab44:	4219      	tst	r1, r3
1000ab46:	d100      	bne.n	1000ab4a <_malloc_r+0x26e>
1000ab48:	e0f9      	b.n	1000ad3e <_malloc_r+0x462>
1000ab4a:	46c4      	mov	ip, r8
1000ab4c:	0031      	movs	r1, r6
1000ab4e:	3301      	adds	r3, #1
1000ab50:	1a1b      	subs	r3, r3, r0
1000ab52:	449c      	add	ip, r3
1000ab54:	4461      	add	r1, ip
1000ab56:	9103      	str	r1, [sp, #12]
1000ab58:	445b      	add	r3, fp
1000ab5a:	4011      	ands	r1, r2
1000ab5c:	1a5b      	subs	r3, r3, r1
1000ab5e:	401a      	ands	r2, r3
1000ab60:	0011      	movs	r1, r2
1000ab62:	4648      	mov	r0, r9
1000ab64:	46e0      	mov	r8, ip
1000ab66:	0016      	movs	r6, r2
1000ab68:	f000 f9b0 	bl	1000aecc <_sbrk_r>
1000ab6c:	1c43      	adds	r3, r0, #1
1000ab6e:	d100      	bne.n	1000ab72 <_malloc_r+0x296>
1000ab70:	e13a      	b.n	1000ade8 <_malloc_r+0x50c>
1000ab72:	9b02      	ldr	r3, [sp, #8]
1000ab74:	6819      	ldr	r1, [r3, #0]
1000ab76:	1989      	adds	r1, r1, r6
1000ab78:	6019      	str	r1, [r3, #0]
1000ab7a:	4643      	mov	r3, r8
1000ab7c:	1ac2      	subs	r2, r0, r3
1000ab7e:	2001      	movs	r0, #1
1000ab80:	1992      	adds	r2, r2, r6
1000ab82:	4302      	orrs	r2, r0
1000ab84:	60ab      	str	r3, [r5, #8]
1000ab86:	605a      	str	r2, [r3, #4]
1000ab88:	42af      	cmp	r7, r5
1000ab8a:	d013      	beq.n	1000abb4 <_malloc_r+0x2d8>
1000ab8c:	4653      	mov	r3, sl
1000ab8e:	2b0f      	cmp	r3, #15
1000ab90:	d800      	bhi.n	1000ab94 <_malloc_r+0x2b8>
1000ab92:	e111      	b.n	1000adb8 <_malloc_r+0x4dc>
1000ab94:	2207      	movs	r2, #7
1000ab96:	3b0c      	subs	r3, #12
1000ab98:	4393      	bics	r3, r2
1000ab9a:	687a      	ldr	r2, [r7, #4]
1000ab9c:	4002      	ands	r2, r0
1000ab9e:	2005      	movs	r0, #5
1000aba0:	431a      	orrs	r2, r3
1000aba2:	607a      	str	r2, [r7, #4]
1000aba4:	18fa      	adds	r2, r7, r3
1000aba6:	6050      	str	r0, [r2, #4]
1000aba8:	6090      	str	r0, [r2, #8]
1000abaa:	2b0f      	cmp	r3, #15
1000abac:	d900      	bls.n	1000abb0 <_malloc_r+0x2d4>
1000abae:	e121      	b.n	1000adf4 <_malloc_r+0x518>
1000abb0:	4643      	mov	r3, r8
1000abb2:	685a      	ldr	r2, [r3, #4]
1000abb4:	4b21      	ldr	r3, [pc, #132]	@ (1000ac3c <_malloc_r+0x360>)
1000abb6:	6818      	ldr	r0, [r3, #0]
1000abb8:	4288      	cmp	r0, r1
1000abba:	d200      	bcs.n	1000abbe <_malloc_r+0x2e2>
1000abbc:	6019      	str	r1, [r3, #0]
1000abbe:	4b20      	ldr	r3, [pc, #128]	@ (1000ac40 <_malloc_r+0x364>)
1000abc0:	6818      	ldr	r0, [r3, #0]
1000abc2:	4288      	cmp	r0, r1
1000abc4:	d200      	bcs.n	1000abc8 <_malloc_r+0x2ec>
1000abc6:	6019      	str	r1, [r3, #0]
1000abc8:	4647      	mov	r7, r8
1000abca:	e09d      	b.n	1000ad08 <_malloc_r+0x42c>
1000abcc:	686b      	ldr	r3, [r5, #4]
1000abce:	469c      	mov	ip, r3
1000abd0:	e711      	b.n	1000a9f6 <_malloc_r+0x11a>
1000abd2:	2201      	movs	r2, #1
1000abd4:	0021      	movs	r1, r4
1000abd6:	4313      	orrs	r3, r2
1000abd8:	4311      	orrs	r1, r2
1000abda:	193c      	adds	r4, r7, r4
1000abdc:	6079      	str	r1, [r7, #4]
1000abde:	4648      	mov	r0, r9
1000abe0:	60ac      	str	r4, [r5, #8]
1000abe2:	6063      	str	r3, [r4, #4]
1000abe4:	f000 f934 	bl	1000ae50 <__malloc_unlock>
1000abe8:	0038      	movs	r0, r7
1000abea:	3008      	adds	r0, #8
1000abec:	e75a      	b.n	1000aaa4 <_malloc_r+0x1c8>
1000abee:	68ba      	ldr	r2, [r7, #8]
1000abf0:	60d0      	str	r0, [r2, #12]
1000abf2:	6082      	str	r2, [r0, #8]
1000abf4:	e695      	b.n	1000a922 <_malloc_r+0x46>
1000abf6:	4661      	mov	r1, ip
1000abf8:	e6d6      	b.n	1000a9a8 <_malloc_r+0xcc>
1000abfa:	68df      	ldr	r7, [r3, #12]
1000abfc:	3102      	adds	r1, #2
1000abfe:	42bb      	cmp	r3, r7
1000ac00:	d100      	bne.n	1000ac04 <_malloc_r+0x328>
1000ac02:	e6d1      	b.n	1000a9a8 <_malloc_r+0xcc>
1000ac04:	e686      	b.n	1000a914 <_malloc_r+0x38>
1000ac06:	0a5a      	lsrs	r2, r3, #9
1000ac08:	2a04      	cmp	r2, #4
1000ac0a:	d973      	bls.n	1000acf4 <_malloc_r+0x418>
1000ac0c:	2a14      	cmp	r2, #20
1000ac0e:	d900      	bls.n	1000ac12 <_malloc_r+0x336>
1000ac10:	e0a7      	b.n	1000ad62 <_malloc_r+0x486>
1000ac12:	0010      	movs	r0, r2
1000ac14:	325c      	adds	r2, #92	@ 0x5c
1000ac16:	305b      	adds	r0, #91	@ 0x5b
1000ac18:	00d2      	lsls	r2, r2, #3
1000ac1a:	18aa      	adds	r2, r5, r2
1000ac1c:	3a08      	subs	r2, #8
1000ac1e:	0016      	movs	r6, r2
1000ac20:	6892      	ldr	r2, [r2, #8]
1000ac22:	4688      	mov	r8, r1
1000ac24:	4296      	cmp	r6, r2
1000ac26:	d110      	bne.n	1000ac4a <_malloc_r+0x36e>
1000ac28:	e081      	b.n	1000ad2e <_malloc_r+0x452>
1000ac2a:	46c0      	nop			@ (mov r8, r8)
1000ac2c:	20000780 	.word	0x20000780
1000ac30:	200010e4 	.word	0x200010e4
1000ac34:	20000778 	.word	0x20000778
1000ac38:	200010b4 	.word	0x200010b4
1000ac3c:	200010dc 	.word	0x200010dc
1000ac40:	200010e0 	.word	0x200010e0
1000ac44:	6892      	ldr	r2, [r2, #8]
1000ac46:	4296      	cmp	r6, r2
1000ac48:	d004      	beq.n	1000ac54 <_malloc_r+0x378>
1000ac4a:	2103      	movs	r1, #3
1000ac4c:	6850      	ldr	r0, [r2, #4]
1000ac4e:	4388      	bics	r0, r1
1000ac50:	4298      	cmp	r0, r3
1000ac52:	d8f7      	bhi.n	1000ac44 <_malloc_r+0x368>
1000ac54:	4641      	mov	r1, r8
1000ac56:	68d6      	ldr	r6, [r2, #12]
1000ac58:	60fe      	str	r6, [r7, #12]
1000ac5a:	60ba      	str	r2, [r7, #8]
1000ac5c:	60b7      	str	r7, [r6, #8]
1000ac5e:	60d7      	str	r7, [r2, #12]
1000ac60:	e6c9      	b.n	1000a9f6 <_malloc_r+0x11a>
1000ac62:	2914      	cmp	r1, #20
1000ac64:	d95c      	bls.n	1000ad20 <_malloc_r+0x444>
1000ac66:	2954      	cmp	r1, #84	@ 0x54
1000ac68:	d900      	bls.n	1000ac6c <_malloc_r+0x390>
1000ac6a:	e082      	b.n	1000ad72 <_malloc_r+0x496>
1000ac6c:	236e      	movs	r3, #110	@ 0x6e
1000ac6e:	469c      	mov	ip, r3
1000ac70:	0b21      	lsrs	r1, r4, #12
1000ac72:	448c      	add	ip, r1
1000ac74:	316f      	adds	r1, #111	@ 0x6f
1000ac76:	46e0      	mov	r8, ip
1000ac78:	00cb      	lsls	r3, r1, #3
1000ac7a:	e678      	b.n	1000a96e <_malloc_r+0x92>
1000ac7c:	2001      	movs	r0, #1
1000ac7e:	000e      	movs	r6, r1
1000ac80:	4645      	mov	r5, r8
1000ac82:	1909      	adds	r1, r1, r4
1000ac84:	4304      	orrs	r4, r0
1000ac86:	6074      	str	r4, [r6, #4]
1000ac88:	68b4      	ldr	r4, [r6, #8]
1000ac8a:	3508      	adds	r5, #8
1000ac8c:	60e3      	str	r3, [r4, #12]
1000ac8e:	4338      	orrs	r0, r7
1000ac90:	609c      	str	r4, [r3, #8]
1000ac92:	60a9      	str	r1, [r5, #8]
1000ac94:	60e9      	str	r1, [r5, #12]
1000ac96:	6048      	str	r0, [r1, #4]
1000ac98:	60cd      	str	r5, [r1, #12]
1000ac9a:	4648      	mov	r0, r9
1000ac9c:	608d      	str	r5, [r1, #8]
1000ac9e:	50b7      	str	r7, [r6, r2]
1000aca0:	f000 f8d6 	bl	1000ae50 <__malloc_unlock>
1000aca4:	0030      	movs	r0, r6
1000aca6:	3008      	adds	r0, #8
1000aca8:	e6fc      	b.n	1000aaa4 <_malloc_r+0x1c8>
1000acaa:	2001      	movs	r0, #1
1000acac:	000c      	movs	r4, r1
1000acae:	188a      	adds	r2, r1, r2
1000acb0:	6851      	ldr	r1, [r2, #4]
1000acb2:	3408      	adds	r4, #8
1000acb4:	4301      	orrs	r1, r0
1000acb6:	6051      	str	r1, [r2, #4]
1000acb8:	6822      	ldr	r2, [r4, #0]
1000acba:	4648      	mov	r0, r9
1000acbc:	60d3      	str	r3, [r2, #12]
1000acbe:	609a      	str	r2, [r3, #8]
1000acc0:	f000 f8c6 	bl	1000ae50 <__malloc_unlock>
1000acc4:	0020      	movs	r0, r4
1000acc6:	e6ed      	b.n	1000aaa4 <_malloc_r+0x1c8>
1000acc8:	0023      	movs	r3, r4
1000acca:	08e1      	lsrs	r1, r4, #3
1000accc:	3308      	adds	r3, #8
1000acce:	e619      	b.n	1000a904 <_malloc_r+0x28>
1000acd0:	2601      	movs	r6, #1
1000acd2:	1939      	adds	r1, r7, r4
1000acd4:	4334      	orrs	r4, r6
1000acd6:	607c      	str	r4, [r7, #4]
1000acd8:	6129      	str	r1, [r5, #16]
1000acda:	6169      	str	r1, [r5, #20]
1000acdc:	60ca      	str	r2, [r1, #12]
1000acde:	608a      	str	r2, [r1, #8]
1000ace0:	0032      	movs	r2, r6
1000ace2:	4302      	orrs	r2, r0
1000ace4:	604a      	str	r2, [r1, #4]
1000ace6:	50f8      	str	r0, [r7, r3]
1000ace8:	4648      	mov	r0, r9
1000acea:	f000 f8b1 	bl	1000ae50 <__malloc_unlock>
1000acee:	0038      	movs	r0, r7
1000acf0:	3008      	adds	r0, #8
1000acf2:	e6d7      	b.n	1000aaa4 <_malloc_r+0x1c8>
1000acf4:	099a      	lsrs	r2, r3, #6
1000acf6:	0010      	movs	r0, r2
1000acf8:	3239      	adds	r2, #57	@ 0x39
1000acfa:	3038      	adds	r0, #56	@ 0x38
1000acfc:	00d2      	lsls	r2, r2, #3
1000acfe:	e78c      	b.n	1000ac1a <_malloc_r+0x33e>
1000ad00:	42af      	cmp	r7, r5
1000ad02:	d042      	beq.n	1000ad8a <_malloc_r+0x4ae>
1000ad04:	68af      	ldr	r7, [r5, #8]
1000ad06:	687a      	ldr	r2, [r7, #4]
1000ad08:	2303      	movs	r3, #3
1000ad0a:	439a      	bics	r2, r3
1000ad0c:	1b13      	subs	r3, r2, r4
1000ad0e:	42a2      	cmp	r2, r4
1000ad10:	d302      	bcc.n	1000ad18 <_malloc_r+0x43c>
1000ad12:	2b0f      	cmp	r3, #15
1000ad14:	dd00      	ble.n	1000ad18 <_malloc_r+0x43c>
1000ad16:	e75c      	b.n	1000abd2 <_malloc_r+0x2f6>
1000ad18:	4648      	mov	r0, r9
1000ad1a:	f000 f899 	bl	1000ae50 <__malloc_unlock>
1000ad1e:	e6c0      	b.n	1000aaa2 <_malloc_r+0x1c6>
1000ad20:	235b      	movs	r3, #91	@ 0x5b
1000ad22:	469c      	mov	ip, r3
1000ad24:	448c      	add	ip, r1
1000ad26:	315c      	adds	r1, #92	@ 0x5c
1000ad28:	46e0      	mov	r8, ip
1000ad2a:	00cb      	lsls	r3, r1, #3
1000ad2c:	e61f      	b.n	1000a96e <_malloc_r+0x92>
1000ad2e:	2301      	movs	r3, #1
1000ad30:	1080      	asrs	r0, r0, #2
1000ad32:	4083      	lsls	r3, r0
1000ad34:	4660      	mov	r0, ip
1000ad36:	4318      	orrs	r0, r3
1000ad38:	4684      	mov	ip, r0
1000ad3a:	6068      	str	r0, [r5, #4]
1000ad3c:	e78c      	b.n	1000ac58 <_malloc_r+0x37c>
1000ad3e:	0033      	movs	r3, r6
1000ad40:	4659      	mov	r1, fp
1000ad42:	4443      	add	r3, r8
1000ad44:	9301      	str	r3, [sp, #4]
1000ad46:	4013      	ands	r3, r2
1000ad48:	1acb      	subs	r3, r1, r3
1000ad4a:	401a      	ands	r2, r3
1000ad4c:	0011      	movs	r1, r2
1000ad4e:	4648      	mov	r0, r9
1000ad50:	0016      	movs	r6, r2
1000ad52:	f000 f8bb 	bl	1000aecc <_sbrk_r>
1000ad56:	1c43      	adds	r3, r0, #1
1000ad58:	d000      	beq.n	1000ad5c <_malloc_r+0x480>
1000ad5a:	e70a      	b.n	1000ab72 <_malloc_r+0x296>
1000ad5c:	2600      	movs	r6, #0
1000ad5e:	9801      	ldr	r0, [sp, #4]
1000ad60:	e707      	b.n	1000ab72 <_malloc_r+0x296>
1000ad62:	2a54      	cmp	r2, #84	@ 0x54
1000ad64:	d82b      	bhi.n	1000adbe <_malloc_r+0x4e2>
1000ad66:	0b1a      	lsrs	r2, r3, #12
1000ad68:	0010      	movs	r0, r2
1000ad6a:	326f      	adds	r2, #111	@ 0x6f
1000ad6c:	306e      	adds	r0, #110	@ 0x6e
1000ad6e:	00d2      	lsls	r2, r2, #3
1000ad70:	e753      	b.n	1000ac1a <_malloc_r+0x33e>
1000ad72:	23aa      	movs	r3, #170	@ 0xaa
1000ad74:	005b      	lsls	r3, r3, #1
1000ad76:	4299      	cmp	r1, r3
1000ad78:	d82b      	bhi.n	1000add2 <_malloc_r+0x4f6>
1000ad7a:	3bdd      	subs	r3, #221	@ 0xdd
1000ad7c:	469c      	mov	ip, r3
1000ad7e:	0be1      	lsrs	r1, r4, #15
1000ad80:	448c      	add	ip, r1
1000ad82:	3178      	adds	r1, #120	@ 0x78
1000ad84:	46e0      	mov	r8, ip
1000ad86:	00cb      	lsls	r3, r1, #3
1000ad88:	e5f1      	b.n	1000a96e <_malloc_r+0x92>
1000ad8a:	4a2b      	ldr	r2, [pc, #172]	@ (1000ae38 <_malloc_r+0x55c>)
1000ad8c:	6811      	ldr	r1, [r2, #0]
1000ad8e:	9202      	str	r2, [sp, #8]
1000ad90:	1989      	adds	r1, r1, r6
1000ad92:	6011      	str	r1, [r2, #0]
1000ad94:	465a      	mov	r2, fp
1000ad96:	3a01      	subs	r2, #1
1000ad98:	e6c5      	b.n	1000ab26 <_malloc_r+0x24a>
1000ad9a:	4210      	tst	r0, r2
1000ad9c:	d000      	beq.n	1000ada0 <_malloc_r+0x4c4>
1000ad9e:	e6c2      	b.n	1000ab26 <_malloc_r+0x24a>
1000ada0:	4652      	mov	r2, sl
1000ada2:	2301      	movs	r3, #1
1000ada4:	68a8      	ldr	r0, [r5, #8]
1000ada6:	1992      	adds	r2, r2, r6
1000ada8:	431a      	orrs	r2, r3
1000adaa:	4680      	mov	r8, r0
1000adac:	6042      	str	r2, [r0, #4]
1000adae:	e701      	b.n	1000abb4 <_malloc_r+0x2d8>
1000adb0:	4641      	mov	r1, r8
1000adb2:	9b01      	ldr	r3, [sp, #4]
1000adb4:	6019      	str	r1, [r3, #0]
1000adb6:	e6c0      	b.n	1000ab3a <_malloc_r+0x25e>
1000adb8:	4643      	mov	r3, r8
1000adba:	6058      	str	r0, [r3, #4]
1000adbc:	e7ac      	b.n	1000ad18 <_malloc_r+0x43c>
1000adbe:	20aa      	movs	r0, #170	@ 0xaa
1000adc0:	0040      	lsls	r0, r0, #1
1000adc2:	4282      	cmp	r2, r0
1000adc4:	d821      	bhi.n	1000ae0a <_malloc_r+0x52e>
1000adc6:	0bda      	lsrs	r2, r3, #15
1000adc8:	0010      	movs	r0, r2
1000adca:	3278      	adds	r2, #120	@ 0x78
1000adcc:	3077      	adds	r0, #119	@ 0x77
1000adce:	00d2      	lsls	r2, r2, #3
1000add0:	e723      	b.n	1000ac1a <_malloc_r+0x33e>
1000add2:	4b1a      	ldr	r3, [pc, #104]	@ (1000ae3c <_malloc_r+0x560>)
1000add4:	4299      	cmp	r1, r3
1000add6:	d821      	bhi.n	1000ae1c <_malloc_r+0x540>
1000add8:	237c      	movs	r3, #124	@ 0x7c
1000adda:	469c      	mov	ip, r3
1000addc:	0ca1      	lsrs	r1, r4, #18
1000adde:	448c      	add	ip, r1
1000ade0:	317d      	adds	r1, #125	@ 0x7d
1000ade2:	46e0      	mov	r8, ip
1000ade4:	00cb      	lsls	r3, r1, #3
1000ade6:	e5c2      	b.n	1000a96e <_malloc_r+0x92>
1000ade8:	9801      	ldr	r0, [sp, #4]
1000adea:	9b03      	ldr	r3, [sp, #12]
1000adec:	3808      	subs	r0, #8
1000adee:	2600      	movs	r6, #0
1000adf0:	1818      	adds	r0, r3, r0
1000adf2:	e6be      	b.n	1000ab72 <_malloc_r+0x296>
1000adf4:	0039      	movs	r1, r7
1000adf6:	4648      	mov	r0, r9
1000adf8:	3108      	adds	r1, #8
1000adfa:	f000 f919 	bl	1000b030 <_free_r>
1000adfe:	9b02      	ldr	r3, [sp, #8]
1000ae00:	6819      	ldr	r1, [r3, #0]
1000ae02:	68ab      	ldr	r3, [r5, #8]
1000ae04:	4698      	mov	r8, r3
1000ae06:	685a      	ldr	r2, [r3, #4]
1000ae08:	e6d4      	b.n	1000abb4 <_malloc_r+0x2d8>
1000ae0a:	480c      	ldr	r0, [pc, #48]	@ (1000ae3c <_malloc_r+0x560>)
1000ae0c:	4282      	cmp	r2, r0
1000ae0e:	d80b      	bhi.n	1000ae28 <_malloc_r+0x54c>
1000ae10:	0c9a      	lsrs	r2, r3, #18
1000ae12:	0010      	movs	r0, r2
1000ae14:	327d      	adds	r2, #125	@ 0x7d
1000ae16:	307c      	adds	r0, #124	@ 0x7c
1000ae18:	00d2      	lsls	r2, r2, #3
1000ae1a:	e6fe      	b.n	1000ac1a <_malloc_r+0x33e>
1000ae1c:	23fe      	movs	r3, #254	@ 0xfe
1000ae1e:	227e      	movs	r2, #126	@ 0x7e
1000ae20:	217f      	movs	r1, #127	@ 0x7f
1000ae22:	4690      	mov	r8, r2
1000ae24:	009b      	lsls	r3, r3, #2
1000ae26:	e5a2      	b.n	1000a96e <_malloc_r+0x92>
1000ae28:	22fe      	movs	r2, #254	@ 0xfe
1000ae2a:	207e      	movs	r0, #126	@ 0x7e
1000ae2c:	0092      	lsls	r2, r2, #2
1000ae2e:	e6f4      	b.n	1000ac1a <_malloc_r+0x33e>
1000ae30:	4643      	mov	r3, r8
1000ae32:	685b      	ldr	r3, [r3, #4]
1000ae34:	e620      	b.n	1000aa78 <_malloc_r+0x19c>
1000ae36:	46c0      	nop			@ (mov r8, r8)
1000ae38:	200010b4 	.word	0x200010b4
1000ae3c:	00000554 	.word	0x00000554

1000ae40 <__malloc_lock>:
1000ae40:	b510      	push	{r4, lr}
1000ae42:	4802      	ldr	r0, [pc, #8]	@ (1000ae4c <__malloc_lock+0xc>)
1000ae44:	f000 f868 	bl	1000af18 <__retarget_lock_acquire_recursive>
1000ae48:	bd10      	pop	{r4, pc}
1000ae4a:	46c0      	nop			@ (mov r8, r8)
1000ae4c:	200010b0 	.word	0x200010b0

1000ae50 <__malloc_unlock>:
1000ae50:	b510      	push	{r4, lr}
1000ae52:	4802      	ldr	r0, [pc, #8]	@ (1000ae5c <__malloc_unlock+0xc>)
1000ae54:	f000 f862 	bl	1000af1c <__retarget_lock_release_recursive>
1000ae58:	bd10      	pop	{r4, pc}
1000ae5a:	46c0      	nop			@ (mov r8, r8)
1000ae5c:	200010b0 	.word	0x200010b0

1000ae60 <strncmp>:
1000ae60:	b510      	push	{r4, lr}
1000ae62:	2a00      	cmp	r2, #0
1000ae64:	d02a      	beq.n	1000aebc <strncmp+0x5c>
1000ae66:	0003      	movs	r3, r0
1000ae68:	430b      	orrs	r3, r1
1000ae6a:	079b      	lsls	r3, r3, #30
1000ae6c:	d115      	bne.n	1000ae9a <strncmp+0x3a>
1000ae6e:	2a03      	cmp	r2, #3
1000ae70:	d913      	bls.n	1000ae9a <strncmp+0x3a>
1000ae72:	4b14      	ldr	r3, [pc, #80]	@ (1000aec4 <strncmp+0x64>)
1000ae74:	469c      	mov	ip, r3
1000ae76:	e00c      	b.n	1000ae92 <strncmp+0x32>
1000ae78:	3a04      	subs	r2, #4
1000ae7a:	2a00      	cmp	r2, #0
1000ae7c:	d01e      	beq.n	1000aebc <strncmp+0x5c>
1000ae7e:	4c12      	ldr	r4, [pc, #72]	@ (1000aec8 <strncmp+0x68>)
1000ae80:	191c      	adds	r4, r3, r4
1000ae82:	439c      	bics	r4, r3
1000ae84:	4663      	mov	r3, ip
1000ae86:	421c      	tst	r4, r3
1000ae88:	d118      	bne.n	1000aebc <strncmp+0x5c>
1000ae8a:	3004      	adds	r0, #4
1000ae8c:	3104      	adds	r1, #4
1000ae8e:	2a03      	cmp	r2, #3
1000ae90:	d903      	bls.n	1000ae9a <strncmp+0x3a>
1000ae92:	6803      	ldr	r3, [r0, #0]
1000ae94:	680c      	ldr	r4, [r1, #0]
1000ae96:	42a3      	cmp	r3, r4
1000ae98:	d0ee      	beq.n	1000ae78 <strncmp+0x18>
1000ae9a:	7803      	ldrb	r3, [r0, #0]
1000ae9c:	780c      	ldrb	r4, [r1, #0]
1000ae9e:	3a01      	subs	r2, #1
1000aea0:	1882      	adds	r2, r0, r2
1000aea2:	42a3      	cmp	r3, r4
1000aea4:	d008      	beq.n	1000aeb8 <strncmp+0x58>
1000aea6:	e00b      	b.n	1000aec0 <strncmp+0x60>
1000aea8:	2b00      	cmp	r3, #0
1000aeaa:	d007      	beq.n	1000aebc <strncmp+0x5c>
1000aeac:	7843      	ldrb	r3, [r0, #1]
1000aeae:	784c      	ldrb	r4, [r1, #1]
1000aeb0:	3001      	adds	r0, #1
1000aeb2:	3101      	adds	r1, #1
1000aeb4:	42a3      	cmp	r3, r4
1000aeb6:	d103      	bne.n	1000aec0 <strncmp+0x60>
1000aeb8:	4290      	cmp	r0, r2
1000aeba:	d1f5      	bne.n	1000aea8 <strncmp+0x48>
1000aebc:	2000      	movs	r0, #0
1000aebe:	bd10      	pop	{r4, pc}
1000aec0:	1b18      	subs	r0, r3, r4
1000aec2:	e7fc      	b.n	1000aebe <strncmp+0x5e>
1000aec4:	80808080 	.word	0x80808080
1000aec8:	fefefeff 	.word	0xfefefeff

1000aecc <_sbrk_r>:
1000aecc:	2300      	movs	r3, #0
1000aece:	b570      	push	{r4, r5, r6, lr}
1000aed0:	4c06      	ldr	r4, [pc, #24]	@ (1000aeec <_sbrk_r+0x20>)
1000aed2:	0005      	movs	r5, r0
1000aed4:	0008      	movs	r0, r1
1000aed6:	6023      	str	r3, [r4, #0]
1000aed8:	f7f8 ff72 	bl	10003dc0 <_sbrk>
1000aedc:	1c43      	adds	r3, r0, #1
1000aede:	d000      	beq.n	1000aee2 <_sbrk_r+0x16>
1000aee0:	bd70      	pop	{r4, r5, r6, pc}
1000aee2:	6823      	ldr	r3, [r4, #0]
1000aee4:	2b00      	cmp	r3, #0
1000aee6:	d0fb      	beq.n	1000aee0 <_sbrk_r+0x14>
1000aee8:	602b      	str	r3, [r5, #0]
1000aeea:	e7f9      	b.n	1000aee0 <_sbrk_r+0x14>
1000aeec:	20001c80 	.word	0x20001c80

1000aef0 <__errno>:
1000aef0:	4b01      	ldr	r3, [pc, #4]	@ (1000aef8 <__errno+0x8>)
1000aef2:	6818      	ldr	r0, [r3, #0]
1000aef4:	4770      	bx	lr
1000aef6:	46c0      	nop			@ (mov r8, r8)
1000aef8:	20000b88 	.word	0x20000b88

1000aefc <sysconf>:
1000aefc:	2380      	movs	r3, #128	@ 0x80
1000aefe:	b510      	push	{r4, lr}
1000af00:	015b      	lsls	r3, r3, #5
1000af02:	2808      	cmp	r0, #8
1000af04:	d101      	bne.n	1000af0a <sysconf+0xe>
1000af06:	0018      	movs	r0, r3
1000af08:	bd10      	pop	{r4, pc}
1000af0a:	f7ff fff1 	bl	1000aef0 <__errno>
1000af0e:	2316      	movs	r3, #22
1000af10:	6003      	str	r3, [r0, #0]
1000af12:	3b17      	subs	r3, #23
1000af14:	e7f7      	b.n	1000af06 <sysconf+0xa>
1000af16:	46c0      	nop			@ (mov r8, r8)

1000af18 <__retarget_lock_acquire_recursive>:
1000af18:	4770      	bx	lr
1000af1a:	46c0      	nop			@ (mov r8, r8)

1000af1c <__retarget_lock_release_recursive>:
1000af1c:	4770      	bx	lr
1000af1e:	46c0      	nop			@ (mov r8, r8)

1000af20 <strlen>:
1000af20:	0003      	movs	r3, r0
1000af22:	4684      	mov	ip, r0
1000af24:	079b      	lsls	r3, r3, #30
1000af26:	d00b      	beq.n	1000af40 <strlen+0x20>
1000af28:	0003      	movs	r3, r0
1000af2a:	2103      	movs	r1, #3
1000af2c:	e002      	b.n	1000af34 <strlen+0x14>
1000af2e:	3301      	adds	r3, #1
1000af30:	420b      	tst	r3, r1
1000af32:	d006      	beq.n	1000af42 <strlen+0x22>
1000af34:	781a      	ldrb	r2, [r3, #0]
1000af36:	2a00      	cmp	r2, #0
1000af38:	d1f9      	bne.n	1000af2e <strlen+0xe>
1000af3a:	4662      	mov	r2, ip
1000af3c:	1a98      	subs	r0, r3, r2
1000af3e:	4770      	bx	lr
1000af40:	0003      	movs	r3, r0
1000af42:	6819      	ldr	r1, [r3, #0]
1000af44:	4a0c      	ldr	r2, [pc, #48]	@ (1000af78 <strlen+0x58>)
1000af46:	480d      	ldr	r0, [pc, #52]	@ (1000af7c <strlen+0x5c>)
1000af48:	188a      	adds	r2, r1, r2
1000af4a:	438a      	bics	r2, r1
1000af4c:	4202      	tst	r2, r0
1000af4e:	d10f      	bne.n	1000af70 <strlen+0x50>
1000af50:	6859      	ldr	r1, [r3, #4]
1000af52:	4a09      	ldr	r2, [pc, #36]	@ (1000af78 <strlen+0x58>)
1000af54:	3304      	adds	r3, #4
1000af56:	188a      	adds	r2, r1, r2
1000af58:	438a      	bics	r2, r1
1000af5a:	4202      	tst	r2, r0
1000af5c:	d108      	bne.n	1000af70 <strlen+0x50>
1000af5e:	6859      	ldr	r1, [r3, #4]
1000af60:	4a05      	ldr	r2, [pc, #20]	@ (1000af78 <strlen+0x58>)
1000af62:	3304      	adds	r3, #4
1000af64:	188a      	adds	r2, r1, r2
1000af66:	438a      	bics	r2, r1
1000af68:	4202      	tst	r2, r0
1000af6a:	d0f1      	beq.n	1000af50 <strlen+0x30>
1000af6c:	e000      	b.n	1000af70 <strlen+0x50>
1000af6e:	3301      	adds	r3, #1
1000af70:	781a      	ldrb	r2, [r3, #0]
1000af72:	2a00      	cmp	r2, #0
1000af74:	d1fb      	bne.n	1000af6e <strlen+0x4e>
1000af76:	e7e0      	b.n	1000af3a <strlen+0x1a>
1000af78:	fefefeff 	.word	0xfefefeff
1000af7c:	80808080 	.word	0x80808080

1000af80 <_malloc_trim_r>:
1000af80:	b5f0      	push	{r4, r5, r6, r7, lr}
1000af82:	46c6      	mov	lr, r8
1000af84:	0005      	movs	r5, r0
1000af86:	b500      	push	{lr}
1000af88:	4680      	mov	r8, r0
1000af8a:	2008      	movs	r0, #8
1000af8c:	000c      	movs	r4, r1
1000af8e:	f7ff ffb5 	bl	1000aefc <sysconf>
1000af92:	0006      	movs	r6, r0
1000af94:	0028      	movs	r0, r5
1000af96:	f7ff ff53 	bl	1000ae40 <__malloc_lock>
1000af9a:	4f22      	ldr	r7, [pc, #136]	@ (1000b024 <_malloc_trim_r+0xa4>)
1000af9c:	0031      	movs	r1, r6
1000af9e:	68bb      	ldr	r3, [r7, #8]
1000afa0:	685d      	ldr	r5, [r3, #4]
1000afa2:	2303      	movs	r3, #3
1000afa4:	439d      	bics	r5, r3
1000afa6:	0028      	movs	r0, r5
1000afa8:	3811      	subs	r0, #17
1000afaa:	1b00      	subs	r0, r0, r4
1000afac:	1980      	adds	r0, r0, r6
1000afae:	f7f6 ff11 	bl	10001dd4 <__wrap___aeabi_uidiv>
1000afb2:	1e44      	subs	r4, r0, #1
1000afb4:	4374      	muls	r4, r6
1000afb6:	42a6      	cmp	r6, r4
1000afb8:	dc07      	bgt.n	1000afca <_malloc_trim_r+0x4a>
1000afba:	2100      	movs	r1, #0
1000afbc:	4640      	mov	r0, r8
1000afbe:	f7ff ff85 	bl	1000aecc <_sbrk_r>
1000afc2:	68bb      	ldr	r3, [r7, #8]
1000afc4:	195b      	adds	r3, r3, r5
1000afc6:	4298      	cmp	r0, r3
1000afc8:	d006      	beq.n	1000afd8 <_malloc_trim_r+0x58>
1000afca:	4640      	mov	r0, r8
1000afcc:	f7ff ff40 	bl	1000ae50 <__malloc_unlock>
1000afd0:	2000      	movs	r0, #0
1000afd2:	bc80      	pop	{r7}
1000afd4:	46b8      	mov	r8, r7
1000afd6:	bdf0      	pop	{r4, r5, r6, r7, pc}
1000afd8:	4640      	mov	r0, r8
1000afda:	4261      	negs	r1, r4
1000afdc:	f7ff ff76 	bl	1000aecc <_sbrk_r>
1000afe0:	3001      	adds	r0, #1
1000afe2:	d00d      	beq.n	1000b000 <_malloc_trim_r+0x80>
1000afe4:	2201      	movs	r2, #1
1000afe6:	1b2d      	subs	r5, r5, r4
1000afe8:	68bb      	ldr	r3, [r7, #8]
1000afea:	4315      	orrs	r5, r2
1000afec:	4a0e      	ldr	r2, [pc, #56]	@ (1000b028 <_malloc_trim_r+0xa8>)
1000afee:	605d      	str	r5, [r3, #4]
1000aff0:	6813      	ldr	r3, [r2, #0]
1000aff2:	4640      	mov	r0, r8
1000aff4:	1b1b      	subs	r3, r3, r4
1000aff6:	6013      	str	r3, [r2, #0]
1000aff8:	f7ff ff2a 	bl	1000ae50 <__malloc_unlock>
1000affc:	2001      	movs	r0, #1
1000affe:	e7e8      	b.n	1000afd2 <_malloc_trim_r+0x52>
1000b000:	2100      	movs	r1, #0
1000b002:	4640      	mov	r0, r8
1000b004:	f7ff ff62 	bl	1000aecc <_sbrk_r>
1000b008:	68ba      	ldr	r2, [r7, #8]
1000b00a:	1a83      	subs	r3, r0, r2
1000b00c:	2b0f      	cmp	r3, #15
1000b00e:	dddc      	ble.n	1000afca <_malloc_trim_r+0x4a>
1000b010:	4c06      	ldr	r4, [pc, #24]	@ (1000b02c <_malloc_trim_r+0xac>)
1000b012:	4905      	ldr	r1, [pc, #20]	@ (1000b028 <_malloc_trim_r+0xa8>)
1000b014:	6824      	ldr	r4, [r4, #0]
1000b016:	1b00      	subs	r0, r0, r4
1000b018:	6008      	str	r0, [r1, #0]
1000b01a:	2101      	movs	r1, #1
1000b01c:	430b      	orrs	r3, r1
1000b01e:	6053      	str	r3, [r2, #4]
1000b020:	e7d3      	b.n	1000afca <_malloc_trim_r+0x4a>
1000b022:	46c0      	nop			@ (mov r8, r8)
1000b024:	20000780 	.word	0x20000780
1000b028:	200010b4 	.word	0x200010b4
1000b02c:	20000778 	.word	0x20000778

1000b030 <_free_r>:
1000b030:	b5f0      	push	{r4, r5, r6, r7, lr}
1000b032:	46c6      	mov	lr, r8
1000b034:	000c      	movs	r4, r1
1000b036:	4680      	mov	r8, r0
1000b038:	b500      	push	{lr}
1000b03a:	2900      	cmp	r1, #0
1000b03c:	d040      	beq.n	1000b0c0 <_free_r+0x90>
1000b03e:	f7ff feff 	bl	1000ae40 <__malloc_lock>
1000b042:	0021      	movs	r1, r4
1000b044:	3908      	subs	r1, #8
1000b046:	684e      	ldr	r6, [r1, #4]
1000b048:	2501      	movs	r5, #1
1000b04a:	0033      	movs	r3, r6
1000b04c:	2003      	movs	r0, #3
1000b04e:	43ab      	bics	r3, r5
1000b050:	18ca      	adds	r2, r1, r3
1000b052:	4694      	mov	ip, r2
1000b054:	6852      	ldr	r2, [r2, #4]
1000b056:	4382      	bics	r2, r0
1000b058:	0028      	movs	r0, r5
1000b05a:	4030      	ands	r0, r6
1000b05c:	0007      	movs	r7, r0
1000b05e:	4864      	ldr	r0, [pc, #400]	@ (1000b1f0 <_free_r+0x1c0>)
1000b060:	6884      	ldr	r4, [r0, #8]
1000b062:	4564      	cmp	r4, ip
1000b064:	d100      	bne.n	1000b068 <_free_r+0x38>
1000b066:	e071      	b.n	1000b14c <_free_r+0x11c>
1000b068:	4664      	mov	r4, ip
1000b06a:	6062      	str	r2, [r4, #4]
1000b06c:	18a4      	adds	r4, r4, r2
1000b06e:	6864      	ldr	r4, [r4, #4]
1000b070:	402c      	ands	r4, r5
1000b072:	2f00      	cmp	r7, #0
1000b074:	d127      	bne.n	1000b0c6 <_free_r+0x96>
1000b076:	680e      	ldr	r6, [r1, #0]
1000b078:	4f5e      	ldr	r7, [pc, #376]	@ (1000b1f4 <_free_r+0x1c4>)
1000b07a:	1b89      	subs	r1, r1, r6
1000b07c:	199b      	adds	r3, r3, r6
1000b07e:	688e      	ldr	r6, [r1, #8]
1000b080:	42be      	cmp	r6, r7
1000b082:	d056      	beq.n	1000b132 <_free_r+0x102>
1000b084:	68cf      	ldr	r7, [r1, #12]
1000b086:	60f7      	str	r7, [r6, #12]
1000b088:	60be      	str	r6, [r7, #8]
1000b08a:	2c00      	cmp	r4, #0
1000b08c:	d01d      	beq.n	1000b0ca <_free_r+0x9a>
1000b08e:	4662      	mov	r2, ip
1000b090:	431d      	orrs	r5, r3
1000b092:	604d      	str	r5, [r1, #4]
1000b094:	6013      	str	r3, [r2, #0]
1000b096:	2280      	movs	r2, #128	@ 0x80
1000b098:	0092      	lsls	r2, r2, #2
1000b09a:	4293      	cmp	r3, r2
1000b09c:	d22d      	bcs.n	1000b0fa <_free_r+0xca>
1000b09e:	08da      	lsrs	r2, r3, #3
1000b0a0:	095c      	lsrs	r4, r3, #5
1000b0a2:	2301      	movs	r3, #1
1000b0a4:	40a3      	lsls	r3, r4
1000b0a6:	6844      	ldr	r4, [r0, #4]
1000b0a8:	4323      	orrs	r3, r4
1000b0aa:	6043      	str	r3, [r0, #4]
1000b0ac:	00d3      	lsls	r3, r2, #3
1000b0ae:	181b      	adds	r3, r3, r0
1000b0b0:	689a      	ldr	r2, [r3, #8]
1000b0b2:	60cb      	str	r3, [r1, #12]
1000b0b4:	608a      	str	r2, [r1, #8]
1000b0b6:	6099      	str	r1, [r3, #8]
1000b0b8:	60d1      	str	r1, [r2, #12]
1000b0ba:	4640      	mov	r0, r8
1000b0bc:	f7ff fec8 	bl	1000ae50 <__malloc_unlock>
1000b0c0:	bc80      	pop	{r7}
1000b0c2:	46b8      	mov	r8, r7
1000b0c4:	bdf0      	pop	{r4, r5, r6, r7, pc}
1000b0c6:	2c00      	cmp	r4, #0
1000b0c8:	d10f      	bne.n	1000b0ea <_free_r+0xba>
1000b0ca:	189b      	adds	r3, r3, r2
1000b0cc:	4662      	mov	r2, ip
1000b0ce:	2401      	movs	r4, #1
1000b0d0:	6892      	ldr	r2, [r2, #8]
1000b0d2:	4d48      	ldr	r5, [pc, #288]	@ (1000b1f4 <_free_r+0x1c4>)
1000b0d4:	431c      	orrs	r4, r3
1000b0d6:	18ce      	adds	r6, r1, r3
1000b0d8:	42aa      	cmp	r2, r5
1000b0da:	d059      	beq.n	1000b190 <_free_r+0x160>
1000b0dc:	4665      	mov	r5, ip
1000b0de:	68ed      	ldr	r5, [r5, #12]
1000b0e0:	60d5      	str	r5, [r2, #12]
1000b0e2:	60aa      	str	r2, [r5, #8]
1000b0e4:	604c      	str	r4, [r1, #4]
1000b0e6:	6033      	str	r3, [r6, #0]
1000b0e8:	e7d5      	b.n	1000b096 <_free_r+0x66>
1000b0ea:	4662      	mov	r2, ip
1000b0ec:	4335      	orrs	r5, r6
1000b0ee:	604d      	str	r5, [r1, #4]
1000b0f0:	6013      	str	r3, [r2, #0]
1000b0f2:	2280      	movs	r2, #128	@ 0x80
1000b0f4:	0092      	lsls	r2, r2, #2
1000b0f6:	4293      	cmp	r3, r2
1000b0f8:	d3d1      	bcc.n	1000b09e <_free_r+0x6e>
1000b0fa:	0a5a      	lsrs	r2, r3, #9
1000b0fc:	2a04      	cmp	r2, #4
1000b0fe:	d83d      	bhi.n	1000b17c <_free_r+0x14c>
1000b100:	099a      	lsrs	r2, r3, #6
1000b102:	0014      	movs	r4, r2
1000b104:	3239      	adds	r2, #57	@ 0x39
1000b106:	3438      	adds	r4, #56	@ 0x38
1000b108:	00d6      	lsls	r6, r2, #3
1000b10a:	1986      	adds	r6, r0, r6
1000b10c:	6832      	ldr	r2, [r6, #0]
1000b10e:	3e08      	subs	r6, #8
1000b110:	2503      	movs	r5, #3
1000b112:	4296      	cmp	r6, r2
1000b114:	d103      	bne.n	1000b11e <_free_r+0xee>
1000b116:	e04c      	b.n	1000b1b2 <_free_r+0x182>
1000b118:	6892      	ldr	r2, [r2, #8]
1000b11a:	4296      	cmp	r6, r2
1000b11c:	d003      	beq.n	1000b126 <_free_r+0xf6>
1000b11e:	6850      	ldr	r0, [r2, #4]
1000b120:	43a8      	bics	r0, r5
1000b122:	4298      	cmp	r0, r3
1000b124:	d8f8      	bhi.n	1000b118 <_free_r+0xe8>
1000b126:	68d6      	ldr	r6, [r2, #12]
1000b128:	60ce      	str	r6, [r1, #12]
1000b12a:	608a      	str	r2, [r1, #8]
1000b12c:	60b1      	str	r1, [r6, #8]
1000b12e:	60d1      	str	r1, [r2, #12]
1000b130:	e7c3      	b.n	1000b0ba <_free_r+0x8a>
1000b132:	2c00      	cmp	r4, #0
1000b134:	d133      	bne.n	1000b19e <_free_r+0x16e>
1000b136:	18d2      	adds	r2, r2, r3
1000b138:	4660      	mov	r0, ip
1000b13a:	4663      	mov	r3, ip
1000b13c:	6880      	ldr	r0, [r0, #8]
1000b13e:	68db      	ldr	r3, [r3, #12]
1000b140:	4315      	orrs	r5, r2
1000b142:	60c3      	str	r3, [r0, #12]
1000b144:	6098      	str	r0, [r3, #8]
1000b146:	604d      	str	r5, [r1, #4]
1000b148:	508a      	str	r2, [r1, r2]
1000b14a:	e7b6      	b.n	1000b0ba <_free_r+0x8a>
1000b14c:	189a      	adds	r2, r3, r2
1000b14e:	2f00      	cmp	r7, #0
1000b150:	d106      	bne.n	1000b160 <_free_r+0x130>
1000b152:	680b      	ldr	r3, [r1, #0]
1000b154:	1ac9      	subs	r1, r1, r3
1000b156:	688c      	ldr	r4, [r1, #8]
1000b158:	18d2      	adds	r2, r2, r3
1000b15a:	68cb      	ldr	r3, [r1, #12]
1000b15c:	60e3      	str	r3, [r4, #12]
1000b15e:	609c      	str	r4, [r3, #8]
1000b160:	2301      	movs	r3, #1
1000b162:	4313      	orrs	r3, r2
1000b164:	604b      	str	r3, [r1, #4]
1000b166:	4b24      	ldr	r3, [pc, #144]	@ (1000b1f8 <_free_r+0x1c8>)
1000b168:	6081      	str	r1, [r0, #8]
1000b16a:	681b      	ldr	r3, [r3, #0]
1000b16c:	4293      	cmp	r3, r2
1000b16e:	d8a4      	bhi.n	1000b0ba <_free_r+0x8a>
1000b170:	4b22      	ldr	r3, [pc, #136]	@ (1000b1fc <_free_r+0x1cc>)
1000b172:	4640      	mov	r0, r8
1000b174:	6819      	ldr	r1, [r3, #0]
1000b176:	f7ff ff03 	bl	1000af80 <_malloc_trim_r>
1000b17a:	e79e      	b.n	1000b0ba <_free_r+0x8a>
1000b17c:	2a14      	cmp	r2, #20
1000b17e:	d913      	bls.n	1000b1a8 <_free_r+0x178>
1000b180:	2a54      	cmp	r2, #84	@ 0x54
1000b182:	d81d      	bhi.n	1000b1c0 <_free_r+0x190>
1000b184:	0b1a      	lsrs	r2, r3, #12
1000b186:	0014      	movs	r4, r2
1000b188:	326f      	adds	r2, #111	@ 0x6f
1000b18a:	346e      	adds	r4, #110	@ 0x6e
1000b18c:	00d6      	lsls	r6, r2, #3
1000b18e:	e7bc      	b.n	1000b10a <_free_r+0xda>
1000b190:	60d1      	str	r1, [r2, #12]
1000b192:	6091      	str	r1, [r2, #8]
1000b194:	60ca      	str	r2, [r1, #12]
1000b196:	608a      	str	r2, [r1, #8]
1000b198:	604c      	str	r4, [r1, #4]
1000b19a:	6033      	str	r3, [r6, #0]
1000b19c:	e78d      	b.n	1000b0ba <_free_r+0x8a>
1000b19e:	4662      	mov	r2, ip
1000b1a0:	431d      	orrs	r5, r3
1000b1a2:	604d      	str	r5, [r1, #4]
1000b1a4:	6013      	str	r3, [r2, #0]
1000b1a6:	e788      	b.n	1000b0ba <_free_r+0x8a>
1000b1a8:	0014      	movs	r4, r2
1000b1aa:	325c      	adds	r2, #92	@ 0x5c
1000b1ac:	345b      	adds	r4, #91	@ 0x5b
1000b1ae:	00d6      	lsls	r6, r2, #3
1000b1b0:	e7ab      	b.n	1000b10a <_free_r+0xda>
1000b1b2:	2301      	movs	r3, #1
1000b1b4:	10a4      	asrs	r4, r4, #2
1000b1b6:	40a3      	lsls	r3, r4
1000b1b8:	6844      	ldr	r4, [r0, #4]
1000b1ba:	4323      	orrs	r3, r4
1000b1bc:	6043      	str	r3, [r0, #4]
1000b1be:	e7b3      	b.n	1000b128 <_free_r+0xf8>
1000b1c0:	24aa      	movs	r4, #170	@ 0xaa
1000b1c2:	0064      	lsls	r4, r4, #1
1000b1c4:	42a2      	cmp	r2, r4
1000b1c6:	d805      	bhi.n	1000b1d4 <_free_r+0x1a4>
1000b1c8:	0bda      	lsrs	r2, r3, #15
1000b1ca:	0014      	movs	r4, r2
1000b1cc:	3278      	adds	r2, #120	@ 0x78
1000b1ce:	3477      	adds	r4, #119	@ 0x77
1000b1d0:	00d6      	lsls	r6, r2, #3
1000b1d2:	e79a      	b.n	1000b10a <_free_r+0xda>
1000b1d4:	4c0a      	ldr	r4, [pc, #40]	@ (1000b200 <_free_r+0x1d0>)
1000b1d6:	42a2      	cmp	r2, r4
1000b1d8:	d805      	bhi.n	1000b1e6 <_free_r+0x1b6>
1000b1da:	0c9a      	lsrs	r2, r3, #18
1000b1dc:	0014      	movs	r4, r2
1000b1de:	327d      	adds	r2, #125	@ 0x7d
1000b1e0:	347c      	adds	r4, #124	@ 0x7c
1000b1e2:	00d6      	lsls	r6, r2, #3
1000b1e4:	e791      	b.n	1000b10a <_free_r+0xda>
1000b1e6:	26fe      	movs	r6, #254	@ 0xfe
1000b1e8:	247e      	movs	r4, #126	@ 0x7e
1000b1ea:	00b6      	lsls	r6, r6, #2
1000b1ec:	e78d      	b.n	1000b10a <_free_r+0xda>
1000b1ee:	46c0      	nop			@ (mov r8, r8)
1000b1f0:	20000780 	.word	0x20000780
1000b1f4:	20000788 	.word	0x20000788
1000b1f8:	2000077c 	.word	0x2000077c
1000b1fc:	200010e4 	.word	0x200010e4
1000b200:	00000554 	.word	0x00000554
1000b204:	00000000 	.word	0x00000000

1000b208 <__mutex_exit_veneer>:
1000b208:	b401      	push	{r0}
1000b20a:	4802      	ldr	r0, [pc, #8]	@ (1000b214 <__mutex_exit_veneer+0xc>)
1000b20c:	4684      	mov	ip, r0
1000b20e:	bc01      	pop	{r0}
1000b210:	4760      	bx	ip
1000b212:	bf00      	nop
1000b214:	2000031d 	.word	0x2000031d

1000b218 <__recursive_mutex_exit_veneer>:
1000b218:	b401      	push	{r0}
1000b21a:	4802      	ldr	r0, [pc, #8]	@ (1000b224 <__recursive_mutex_exit_veneer+0xc>)
1000b21c:	4684      	mov	ip, r0
1000b21e:	bc01      	pop	{r0}
1000b220:	4760      	bx	ip
1000b222:	bf00      	nop
1000b224:	2000033d 	.word	0x2000033d

1000b228 <__memmove_veneer>:
1000b228:	b401      	push	{r0}
1000b22a:	4802      	ldr	r0, [pc, #8]	@ (1000b234 <__memmove_veneer+0xc>)
1000b22c:	4684      	mov	ip, r0
1000b22e:	bc01      	pop	{r0}
1000b230:	4760      	bx	ip
1000b232:	bf00      	nop
1000b234:	20000551 	.word	0x20000551

1000b238 <__mutex_enter_blocking_veneer>:
1000b238:	b401      	push	{r0}
1000b23a:	4802      	ldr	r0, [pc, #8]	@ (1000b244 <__mutex_enter_blocking_veneer+0xc>)
1000b23c:	4684      	mov	ip, r0
1000b23e:	bc01      	pop	{r0}
1000b240:	4760      	bx	ip
1000b242:	bf00      	nop
1000b244:	20000189 	.word	0x20000189

1000b248 <____aeabi_idiv0_veneer>:
1000b248:	b401      	push	{r0}
1000b24a:	4802      	ldr	r0, [pc, #8]	@ (1000b254 <____aeabi_idiv0_veneer+0xc>)
1000b24c:	4684      	mov	ip, r0
1000b24e:	bc01      	pop	{r0}
1000b250:	4760      	bx	ip
1000b252:	bf00      	nop
1000b254:	2000054d 	.word	0x2000054d

1000b258 <__sem_acquire_blocking_veneer>:
1000b258:	b401      	push	{r0}
1000b25a:	4802      	ldr	r0, [pc, #8]	@ (1000b264 <__sem_acquire_blocking_veneer+0xc>)
1000b25c:	4684      	mov	ip, r0
1000b25e:	bc01      	pop	{r0}
1000b260:	4760      	bx	ip
1000b262:	bf00      	nop
1000b264:	200000c1 	.word	0x200000c1

1000b268 <__flash_do_cmd_cs_veneer>:
1000b268:	b401      	push	{r0}
1000b26a:	4802      	ldr	r0, [pc, #8]	@ (1000b274 <__flash_do_cmd_cs_veneer+0xc>)
1000b26c:	4684      	mov	ip, r0
1000b26e:	bc01      	pop	{r0}
1000b270:	4760      	bx	ip
1000b272:	bf00      	nop
1000b274:	20000405 	.word	0x20000405

1000b278 <__sem_acquire_block_until_veneer>:
1000b278:	b401      	push	{r0}
1000b27a:	4802      	ldr	r0, [pc, #8]	@ (1000b284 <__sem_acquire_block_until_veneer+0xc>)
1000b27c:	4684      	mov	ip, r0
1000b27e:	bc01      	pop	{r0}
1000b280:	4760      	bx	ip
1000b282:	bf00      	nop
1000b284:	200000fd 	.word	0x200000fd

1000b288 <__recursive_mutex_enter_blocking_veneer>:
1000b288:	b401      	push	{r0}
1000b28a:	4802      	ldr	r0, [pc, #8]	@ (1000b294 <__recursive_mutex_enter_blocking_veneer+0xc>)
1000b28c:	4684      	mov	ip, r0
1000b28e:	bc01      	pop	{r0}
1000b290:	4760      	bx	ip
1000b292:	bf00      	nop
1000b294:	200001c5 	.word	0x200001c5

1000b298 <__mutex_try_enter_block_until_veneer>:
1000b298:	b401      	push	{r0}
1000b29a:	4802      	ldr	r0, [pc, #8]	@ (1000b2a4 <__mutex_try_enter_block_until_veneer+0xc>)
1000b29c:	4684      	mov	ip, r0
1000b29e:	bc01      	pop	{r0}
1000b2a0:	4760      	bx	ip
1000b2a2:	bf00      	nop
1000b2a4:	200002e9 	.word	0x200002e9

1000b2a8 <____aeabi_ldiv0_veneer>:
1000b2a8:	b401      	push	{r0}
1000b2aa:	4802      	ldr	r0, [pc, #8]	@ (1000b2b4 <____aeabi_ldiv0_veneer+0xc>)
1000b2ac:	4684      	mov	ip, r0
1000b2ae:	bc01      	pop	{r0}
1000b2b0:	4760      	bx	ip
1000b2b2:	bf00      	nop
1000b2b4:	2000054d 	.word	0x2000054d

1000b2b8 <__recursive_mutex_try_enter_veneer>:
1000b2b8:	b401      	push	{r0}
1000b2ba:	4802      	ldr	r0, [pc, #8]	@ (1000b2c4 <__recursive_mutex_try_enter_veneer+0xc>)
1000b2bc:	4684      	mov	ip, r0
1000b2be:	bc01      	pop	{r0}
1000b2c0:	4760      	bx	ip
1000b2c2:	bf00      	nop
1000b2c4:	2000024d 	.word	0x2000024d

1000b2c8 <__sem_release_veneer>:
1000b2c8:	b401      	push	{r0}
1000b2ca:	4802      	ldr	r0, [pc, #8]	@ (1000b2d4 <__sem_release_veneer+0xc>)
1000b2cc:	4684      	mov	ip, r0
1000b2ce:	bc01      	pop	{r0}
1000b2d0:	4760      	bx	ip
1000b2d2:	bf00      	nop
1000b2d4:	20000149 	.word	0x20000149

1000b2d8 <__pre_init_runtime_init_early_resets>:
1000b2d8:	10001b59                                Y...

1000b2dc <__pre_init_runtime_init_usb_power_down>:
1000b2dc:	10001b85 10001d69 10002609 100023fd     ....i....&...#..
1000b2ec:	10002509                                .%..

1000b2f0 <__pre_init_runtime_init_clocks>:
1000b2f0:	10001c91                                ....

1000b2f4 <__pre_init_runtime_init_post_clock_resets>:
1000b2f4:	10001ba1                                ....

1000b2f8 <__pre_init_runtime_init_rp2040_gpio_ie_disable>:
1000b2f8:	10001bc1                                ....

1000b2fc <__pre_init_runtime_init_spin_locks_reset>:
1000b2fc:	10001bd5                                ....

1000b300 <__pre_init_runtime_init_mutex>:
1000b300:	10000c5d                                ]...

1000b304 <__pre_init_runtime_init_install_ram_vector_table>:
1000b304:	10001bdd                                ....

1000b308 <__pre_init_runtime_init_default_alarm_pool>:
1000b308:	10000fe9                                ....

1000b30c <__pre_init_first_per_core_initializer>:
1000b30c:	10001b21                                !...

1000b310 <__pre_init_runtime_init_per_core_irq_priorities>:
1000b310:	100006d1                                ....

1000b314 <__pre_init_runtime_init_per_core_tls_setup>:
1000b314:	100043e9                                .C..

1000b318 <__init_array_start>:
1000b318:	10006c79 	.word	0x10006c79
1000b31c:	10004cad 	.word	0x10004cad

Disassembly of section .data:

200000c0 <sem_acquire_blocking>:
200000c0:	b510      	push	{r4, lr}
200000c2:	0004      	movs	r4, r0
200000c4:	e002      	b.n	200000cc <sem_acquire_blocking+0xc>
200000c6:	0020      	movs	r0, r4
200000c8:	f000 fac6 	bl	20000658 <__vPortLockInternalSpinUnlockWithWait_veneer>
200000cc:	6822      	ldr	r2, [r4, #0]
200000ce:	f3ef 8110 	mrs	r1, PRIMASK
200000d2:	b672      	cpsid	i
200000d4:	6813      	ldr	r3, [r2, #0]
200000d6:	2b00      	cmp	r3, #0
200000d8:	d0fc      	beq.n	200000d4 <sem_acquire_blocking+0x14>
200000da:	f3bf 8f5f 	dmb	sy
200000de:	2204      	movs	r2, #4
200000e0:	5ea3      	ldrsh	r3, [r4, r2]
200000e2:	2b00      	cmp	r3, #0
200000e4:	ddef      	ble.n	200000c6 <sem_acquire_blocking+0x6>
200000e6:	3b01      	subs	r3, #1
200000e8:	80a3      	strh	r3, [r4, #4]
200000ea:	6823      	ldr	r3, [r4, #0]
200000ec:	f3bf 8f5f 	dmb	sy
200000f0:	2200      	movs	r2, #0
200000f2:	601a      	str	r2, [r3, #0]
200000f4:	f381 8810 	msr	PRIMASK, r1
200000f8:	bd10      	pop	{r4, pc}
200000fa:	46c0      	nop			@ (mov r8, r8)

200000fc <sem_acquire_block_until>:
200000fc:	b5d0      	push	{r4, r6, r7, lr}
200000fe:	0004      	movs	r4, r0
20000100:	0016      	movs	r6, r2
20000102:	001f      	movs	r7, r3
20000104:	e006      	b.n	20000114 <sem_acquire_block_until+0x18>
20000106:	0032      	movs	r2, r6
20000108:	003b      	movs	r3, r7
2000010a:	0020      	movs	r0, r4
2000010c:	f000 faac 	bl	20000668 <__xPortLockInternalSpinUnlockWithBestEffortWaitOrTimeout_veneer>
20000110:	2800      	cmp	r0, #0
20000112:	d117      	bne.n	20000144 <sem_acquire_block_until+0x48>
20000114:	6822      	ldr	r2, [r4, #0]
20000116:	f3ef 8110 	mrs	r1, PRIMASK
2000011a:	b672      	cpsid	i
2000011c:	6813      	ldr	r3, [r2, #0]
2000011e:	2b00      	cmp	r3, #0
20000120:	d0fc      	beq.n	2000011c <sem_acquire_block_until+0x20>
20000122:	f3bf 8f5f 	dmb	sy
20000126:	2204      	movs	r2, #4
20000128:	5ea3      	ldrsh	r3, [r4, r2]
2000012a:	2b00      	cmp	r3, #0
2000012c:	ddeb      	ble.n	20000106 <sem_acquire_block_until+0xa>
2000012e:	3b01      	subs	r3, #1
20000130:	80a3      	strh	r3, [r4, #4]
20000132:	6823      	ldr	r3, [r4, #0]
20000134:	f3bf 8f5f 	dmb	sy
20000138:	2200      	movs	r2, #0
2000013a:	601a      	str	r2, [r3, #0]
2000013c:	f381 8810 	msr	PRIMASK, r1
20000140:	2001      	movs	r0, #1
20000142:	bdd0      	pop	{r4, r6, r7, pc}
20000144:	2000      	movs	r0, #0
20000146:	e7fc      	b.n	20000142 <sem_acquire_block_until+0x46>

20000148 <sem_release>:
20000148:	b510      	push	{r4, lr}
2000014a:	6802      	ldr	r2, [r0, #0]
2000014c:	f3ef 8110 	mrs	r1, PRIMASK
20000150:	b672      	cpsid	i
20000152:	6813      	ldr	r3, [r2, #0]
20000154:	2b00      	cmp	r3, #0
20000156:	d0fc      	beq.n	20000152 <sem_release+0xa>
20000158:	f3bf 8f5f 	dmb	sy
2000015c:	2204      	movs	r2, #4
2000015e:	5e83      	ldrsh	r3, [r0, r2]
20000160:	2406      	movs	r4, #6
20000162:	5f02      	ldrsh	r2, [r0, r4]
20000164:	429a      	cmp	r2, r3
20000166:	dc08      	bgt.n	2000017a <sem_release+0x32>
20000168:	6803      	ldr	r3, [r0, #0]
2000016a:	f3bf 8f5f 	dmb	sy
2000016e:	2200      	movs	r2, #0
20000170:	601a      	str	r2, [r3, #0]
20000172:	f381 8810 	msr	PRIMASK, r1
20000176:	2000      	movs	r0, #0
20000178:	bd10      	pop	{r4, pc}
2000017a:	3301      	adds	r3, #1
2000017c:	8083      	strh	r3, [r0, #4]
2000017e:	f000 fa7b 	bl	20000678 <__vPortLockInternalSpinUnlockWithNotify_veneer>
20000182:	2001      	movs	r0, #1
20000184:	e7f8      	b.n	20000178 <sem_release+0x30>
20000186:	46c0      	nop			@ (mov r8, r8)

20000188 <mutex_enter_blocking>:
20000188:	b570      	push	{r4, r5, r6, lr}
2000018a:	0004      	movs	r4, r0
2000018c:	f000 fa7c 	bl	20000688 <__ulPortLockGetCurrentOwnerId_veneer>
20000190:	0005      	movs	r5, r0
20000192:	e002      	b.n	2000019a <mutex_enter_blocking+0x12>
20000194:	0020      	movs	r0, r4
20000196:	f000 fa5f 	bl	20000658 <__vPortLockInternalSpinUnlockWithWait_veneer>
2000019a:	6822      	ldr	r2, [r4, #0]
2000019c:	f3ef 8110 	mrs	r1, PRIMASK
200001a0:	b672      	cpsid	i
200001a2:	6813      	ldr	r3, [r2, #0]
200001a4:	2b00      	cmp	r3, #0
200001a6:	d0fc      	beq.n	200001a2 <mutex_enter_blocking+0x1a>
200001a8:	f3bf 8f5f 	dmb	sy
200001ac:	6863      	ldr	r3, [r4, #4]
200001ae:	3301      	adds	r3, #1
200001b0:	d1f0      	bne.n	20000194 <mutex_enter_blocking+0xc>
200001b2:	6065      	str	r5, [r4, #4]
200001b4:	6823      	ldr	r3, [r4, #0]
200001b6:	f3bf 8f5f 	dmb	sy
200001ba:	2200      	movs	r2, #0
200001bc:	601a      	str	r2, [r3, #0]
200001be:	f381 8810 	msr	PRIMASK, r1
200001c2:	bd70      	pop	{r4, r5, r6, pc}

200001c4 <recursive_mutex_enter_blocking>:
200001c4:	b570      	push	{r4, r5, r6, lr}
200001c6:	0004      	movs	r4, r0
200001c8:	f000 fa5e 	bl	20000688 <__ulPortLockGetCurrentOwnerId_veneer>
200001cc:	0005      	movs	r5, r0
200001ce:	e004      	b.n	200001da <recursive_mutex_enter_blocking+0x16>
200001d0:	3301      	adds	r3, #1
200001d2:	d00e      	beq.n	200001f2 <recursive_mutex_enter_blocking+0x2e>
200001d4:	0020      	movs	r0, r4
200001d6:	f000 fa3f 	bl	20000658 <__vPortLockInternalSpinUnlockWithWait_veneer>
200001da:	6822      	ldr	r2, [r4, #0]
200001dc:	f3ef 8110 	mrs	r1, PRIMASK
200001e0:	b672      	cpsid	i
200001e2:	6813      	ldr	r3, [r2, #0]
200001e4:	2b00      	cmp	r3, #0
200001e6:	d0fc      	beq.n	200001e2 <recursive_mutex_enter_blocking+0x1e>
200001e8:	f3bf 8f5f 	dmb	sy
200001ec:	6863      	ldr	r3, [r4, #4]
200001ee:	42ab      	cmp	r3, r5
200001f0:	d1ee      	bne.n	200001d0 <recursive_mutex_enter_blocking+0xc>
200001f2:	7a23      	ldrb	r3, [r4, #8]
200001f4:	6065      	str	r5, [r4, #4]
200001f6:	3301      	adds	r3, #1
200001f8:	7223      	strb	r3, [r4, #8]
200001fa:	6823      	ldr	r3, [r4, #0]
200001fc:	f3bf 8f5f 	dmb	sy
20000200:	2200      	movs	r2, #0
20000202:	601a      	str	r2, [r3, #0]
20000204:	f381 8810 	msr	PRIMASK, r1
20000208:	bd70      	pop	{r4, r5, r6, pc}
2000020a:	46c0      	nop			@ (mov r8, r8)

2000020c <mutex_try_enter>:
2000020c:	b570      	push	{r4, r5, r6, lr}
2000020e:	6802      	ldr	r2, [r0, #0]
20000210:	0004      	movs	r4, r0
20000212:	f3ef 8510 	mrs	r5, PRIMASK
20000216:	b672      	cpsid	i
20000218:	6813      	ldr	r3, [r2, #0]
2000021a:	2b00      	cmp	r3, #0
2000021c:	d0fc      	beq.n	20000218 <mutex_try_enter+0xc>
2000021e:	f3bf 8f5f 	dmb	sy
20000222:	6863      	ldr	r3, [r4, #4]
20000224:	1c5a      	adds	r2, r3, #1
20000226:	d00b      	beq.n	20000240 <mutex_try_enter+0x34>
20000228:	2900      	cmp	r1, #0
2000022a:	d000      	beq.n	2000022e <mutex_try_enter+0x22>
2000022c:	600b      	str	r3, [r1, #0]
2000022e:	2000      	movs	r0, #0
20000230:	6823      	ldr	r3, [r4, #0]
20000232:	f3bf 8f5f 	dmb	sy
20000236:	2200      	movs	r2, #0
20000238:	601a      	str	r2, [r3, #0]
2000023a:	f385 8810 	msr	PRIMASK, r5
2000023e:	bd70      	pop	{r4, r5, r6, pc}
20000240:	f000 fa22 	bl	20000688 <__ulPortLockGetCurrentOwnerId_veneer>
20000244:	6060      	str	r0, [r4, #4]
20000246:	2001      	movs	r0, #1
20000248:	e7f2      	b.n	20000230 <mutex_try_enter+0x24>
2000024a:	46c0      	nop			@ (mov r8, r8)

2000024c <recursive_mutex_try_enter>:
2000024c:	b570      	push	{r4, r5, r6, lr}
2000024e:	0004      	movs	r4, r0
20000250:	000d      	movs	r5, r1
20000252:	f000 fa19 	bl	20000688 <__ulPortLockGetCurrentOwnerId_veneer>
20000256:	6822      	ldr	r2, [r4, #0]
20000258:	f3ef 8110 	mrs	r1, PRIMASK
2000025c:	b672      	cpsid	i
2000025e:	6813      	ldr	r3, [r2, #0]
20000260:	2b00      	cmp	r3, #0
20000262:	d0fc      	beq.n	2000025e <recursive_mutex_try_enter+0x12>
20000264:	f3bf 8f5f 	dmb	sy
20000268:	6863      	ldr	r3, [r4, #4]
2000026a:	1c5a      	adds	r2, r3, #1
2000026c:	d006      	beq.n	2000027c <recursive_mutex_try_enter+0x30>
2000026e:	4283      	cmp	r3, r0
20000270:	d004      	beq.n	2000027c <recursive_mutex_try_enter+0x30>
20000272:	2d00      	cmp	r5, #0
20000274:	d000      	beq.n	20000278 <recursive_mutex_try_enter+0x2c>
20000276:	602b      	str	r3, [r5, #0]
20000278:	2000      	movs	r0, #0
2000027a:	e004      	b.n	20000286 <recursive_mutex_try_enter+0x3a>
2000027c:	6060      	str	r0, [r4, #4]
2000027e:	2001      	movs	r0, #1
20000280:	7a23      	ldrb	r3, [r4, #8]
20000282:	3301      	adds	r3, #1
20000284:	7223      	strb	r3, [r4, #8]
20000286:	6823      	ldr	r3, [r4, #0]
20000288:	f3bf 8f5f 	dmb	sy
2000028c:	2200      	movs	r2, #0
2000028e:	601a      	str	r2, [r3, #0]
20000290:	f381 8810 	msr	PRIMASK, r1
20000294:	bd70      	pop	{r4, r5, r6, pc}
20000296:	46c0      	nop			@ (mov r8, r8)

20000298 <mutex_enter_block_until>:
20000298:	b5f8      	push	{r3, r4, r5, r6, r7, lr}
2000029a:	0004      	movs	r4, r0
2000029c:	0016      	movs	r6, r2
2000029e:	001f      	movs	r7, r3
200002a0:	f000 f9f2 	bl	20000688 <__ulPortLockGetCurrentOwnerId_veneer>
200002a4:	0005      	movs	r5, r0
200002a6:	e006      	b.n	200002b6 <mutex_enter_block_until+0x1e>
200002a8:	0032      	movs	r2, r6
200002aa:	003b      	movs	r3, r7
200002ac:	0020      	movs	r0, r4
200002ae:	f000 f9db 	bl	20000668 <__xPortLockInternalSpinUnlockWithBestEffortWaitOrTimeout_veneer>
200002b2:	2800      	cmp	r0, #0
200002b4:	d115      	bne.n	200002e2 <mutex_enter_block_until+0x4a>
200002b6:	6822      	ldr	r2, [r4, #0]
200002b8:	f3ef 8110 	mrs	r1, PRIMASK
200002bc:	b672      	cpsid	i
200002be:	6813      	ldr	r3, [r2, #0]
200002c0:	2b00      	cmp	r3, #0
200002c2:	d0fc      	beq.n	200002be <mutex_enter_block_until+0x26>
200002c4:	f3bf 8f5f 	dmb	sy
200002c8:	6863      	ldr	r3, [r4, #4]
200002ca:	3301      	adds	r3, #1
200002cc:	d1ec      	bne.n	200002a8 <mutex_enter_block_until+0x10>
200002ce:	6065      	str	r5, [r4, #4]
200002d0:	6823      	ldr	r3, [r4, #0]
200002d2:	f3bf 8f5f 	dmb	sy
200002d6:	2200      	movs	r2, #0
200002d8:	601a      	str	r2, [r3, #0]
200002da:	f381 8810 	msr	PRIMASK, r1
200002de:	2001      	movs	r0, #1
200002e0:	bdf8      	pop	{r3, r4, r5, r6, r7, pc}
200002e2:	2000      	movs	r0, #0
200002e4:	e7fc      	b.n	200002e0 <mutex_enter_block_until+0x48>
200002e6:	46c0      	nop			@ (mov r8, r8)

200002e8 <mutex_try_enter_block_until>:
200002e8:	b5f0      	push	{r4, r5, r6, r7, lr}
200002ea:	b083      	sub	sp, #12
200002ec:	a901      	add	r1, sp, #4
200002ee:	0005      	movs	r5, r0
200002f0:	0016      	movs	r6, r2
200002f2:	001f      	movs	r7, r3
200002f4:	f7ff ff8a 	bl	2000020c <mutex_try_enter>
200002f8:	1e04      	subs	r4, r0, #0
200002fa:	d002      	beq.n	20000302 <mutex_try_enter_block_until+0x1a>
200002fc:	0020      	movs	r0, r4
200002fe:	b003      	add	sp, #12
20000300:	bdf0      	pop	{r4, r5, r6, r7, pc}
20000302:	f000 f9c1 	bl	20000688 <__ulPortLockGetCurrentOwnerId_veneer>
20000306:	9b01      	ldr	r3, [sp, #4]
20000308:	4298      	cmp	r0, r3
2000030a:	d0f7      	beq.n	200002fc <mutex_try_enter_block_until+0x14>
2000030c:	0032      	movs	r2, r6
2000030e:	003b      	movs	r3, r7
20000310:	0028      	movs	r0, r5
20000312:	f7ff ffc1 	bl	20000298 <mutex_enter_block_until>
20000316:	0004      	movs	r4, r0
20000318:	e7f0      	b.n	200002fc <mutex_try_enter_block_until+0x14>
2000031a:	46c0      	nop			@ (mov r8, r8)

2000031c <mutex_exit>:
2000031c:	b510      	push	{r4, lr}
2000031e:	6802      	ldr	r2, [r0, #0]
20000320:	f3ef 8110 	mrs	r1, PRIMASK
20000324:	b672      	cpsid	i
20000326:	6813      	ldr	r3, [r2, #0]
20000328:	2b00      	cmp	r3, #0
2000032a:	d0fc      	beq.n	20000326 <mutex_exit+0xa>
2000032c:	f3bf 8f5f 	dmb	sy
20000330:	2301      	movs	r3, #1
20000332:	425b      	negs	r3, r3
20000334:	6043      	str	r3, [r0, #4]
20000336:	f000 f99f 	bl	20000678 <__vPortLockInternalSpinUnlockWithNotify_veneer>
2000033a:	bd10      	pop	{r4, pc}

2000033c <recursive_mutex_exit>:
2000033c:	b510      	push	{r4, lr}
2000033e:	6802      	ldr	r2, [r0, #0]
20000340:	f3ef 8110 	mrs	r1, PRIMASK
20000344:	b672      	cpsid	i
20000346:	6813      	ldr	r3, [r2, #0]
20000348:	2b00      	cmp	r3, #0
2000034a:	d0fc      	beq.n	20000346 <recursive_mutex_exit+0xa>
2000034c:	f3bf 8f5f 	dmb	sy
20000350:	7a03      	ldrb	r3, [r0, #8]
20000352:	3b01      	subs	r3, #1
20000354:	b2db      	uxtb	r3, r3
20000356:	7203      	strb	r3, [r0, #8]
20000358:	2b00      	cmp	r3, #0
2000035a:	d007      	beq.n	2000036c <recursive_mutex_exit+0x30>
2000035c:	6803      	ldr	r3, [r0, #0]
2000035e:	f3bf 8f5f 	dmb	sy
20000362:	2200      	movs	r2, #0
20000364:	601a      	str	r2, [r3, #0]
20000366:	f381 8810 	msr	PRIMASK, r1
2000036a:	bd10      	pop	{r4, pc}
2000036c:	3b01      	subs	r3, #1
2000036e:	6043      	str	r3, [r0, #4]
20000370:	f000 f982 	bl	20000678 <__vPortLockInternalSpinUnlockWithNotify_veneer>
20000374:	e7f9      	b.n	2000036a <recursive_mutex_exit+0x2e>
20000376:	46c0      	nop			@ (mov r8, r8)

20000378 <flash_init_boot2_copyout>:
20000378:	4b08      	ldr	r3, [pc, #32]	@ (2000039c <flash_init_boot2_copyout+0x24>)
2000037a:	469c      	mov	ip, r3
2000037c:	781b      	ldrb	r3, [r3, #0]
2000037e:	2b00      	cmp	r3, #0
20000380:	d10b      	bne.n	2000039a <flash_init_boot2_copyout+0x22>
20000382:	2380      	movs	r3, #128	@ 0x80
20000384:	4806      	ldr	r0, [pc, #24]	@ (200003a0 <flash_init_boot2_copyout+0x28>)
20000386:	4907      	ldr	r1, [pc, #28]	@ (200003a4 <flash_init_boot2_copyout+0x2c>)
20000388:	055b      	lsls	r3, r3, #21
2000038a:	681a      	ldr	r2, [r3, #0]
2000038c:	50c2      	str	r2, [r0, r3]
2000038e:	3304      	adds	r3, #4
20000390:	428b      	cmp	r3, r1
20000392:	d1fa      	bne.n	2000038a <flash_init_boot2_copyout+0x12>
20000394:	2301      	movs	r3, #1
20000396:	4662      	mov	r2, ip
20000398:	7013      	strb	r3, [r2, #0]
2000039a:	4770      	bx	lr
2000039c:	20022160 	.word	0x20022160
200003a0:	1000124c 	.word	0x1000124c
200003a4:	10000100 	.word	0x10000100

200003a8 <flash_enable_xip_via_boot2>:
200003a8:	b510      	push	{r4, lr}
200003aa:	4b01      	ldr	r3, [pc, #4]	@ (200003b0 <flash_enable_xip_via_boot2+0x8>)
200003ac:	4798      	blx	r3
200003ae:	bd10      	pop	{r4, pc}
200003b0:	2000124d 	.word	0x2000124d

200003b4 <flash_save_hardware_state>:
200003b4:	4b08      	ldr	r3, [pc, #32]	@ (200003d8 <flash_save_hardware_state+0x24>)
200003b6:	685a      	ldr	r2, [r3, #4]
200003b8:	6042      	str	r2, [r0, #4]
200003ba:	689a      	ldr	r2, [r3, #8]
200003bc:	6082      	str	r2, [r0, #8]
200003be:	68da      	ldr	r2, [r3, #12]
200003c0:	60c2      	str	r2, [r0, #12]
200003c2:	691a      	ldr	r2, [r3, #16]
200003c4:	6102      	str	r2, [r0, #16]
200003c6:	695a      	ldr	r2, [r3, #20]
200003c8:	6142      	str	r2, [r0, #20]
200003ca:	699b      	ldr	r3, [r3, #24]
200003cc:	6183      	str	r3, [r0, #24]
200003ce:	23a0      	movs	r3, #160	@ 0xa0
200003d0:	055b      	lsls	r3, r3, #21
200003d2:	681b      	ldr	r3, [r3, #0]
200003d4:	6003      	str	r3, [r0, #0]
200003d6:	4770      	bx	lr
200003d8:	40020000 	.word	0x40020000

200003dc <flash_restore_hardware_state>:
200003dc:	6842      	ldr	r2, [r0, #4]
200003de:	4b08      	ldr	r3, [pc, #32]	@ (20000400 <flash_restore_hardware_state+0x24>)
200003e0:	605a      	str	r2, [r3, #4]
200003e2:	6882      	ldr	r2, [r0, #8]
200003e4:	609a      	str	r2, [r3, #8]
200003e6:	68c2      	ldr	r2, [r0, #12]
200003e8:	60da      	str	r2, [r3, #12]
200003ea:	6902      	ldr	r2, [r0, #16]
200003ec:	611a      	str	r2, [r3, #16]
200003ee:	6942      	ldr	r2, [r0, #20]
200003f0:	615a      	str	r2, [r3, #20]
200003f2:	6982      	ldr	r2, [r0, #24]
200003f4:	619a      	str	r2, [r3, #24]
200003f6:	23a0      	movs	r3, #160	@ 0xa0
200003f8:	6802      	ldr	r2, [r0, #0]
200003fa:	055b      	lsls	r3, r3, #21
200003fc:	601a      	str	r2, [r3, #0]
200003fe:	4770      	bx	lr
20000400:	40020000 	.word	0x40020000

20000404 <flash_do_cmd_cs>:
20000404:	b5f0      	push	{r4, r5, r6, r7, lr}
20000406:	46d6      	mov	lr, sl
20000408:	464f      	mov	r7, r9
2000040a:	4646      	mov	r6, r8
2000040c:	2300      	movs	r3, #0
2000040e:	b5c0      	push	{r6, r7, lr}
20000410:	2718      	movs	r7, #24
20000412:	b088      	sub	sp, #32
20000414:	001e      	movs	r6, r3
20000416:	4681      	mov	r9, r0
20000418:	000d      	movs	r5, r1
2000041a:	8a98      	ldrh	r0, [r3, #20]
2000041c:	4946      	ldr	r1, [pc, #280]	@ (20000538 <flash_do_cmd_cs+0x134>)
2000041e:	883b      	ldrh	r3, [r7, #0]
20000420:	0014      	movs	r4, r2
20000422:	4798      	blx	r3
20000424:	883b      	ldrh	r3, [r7, #0]
20000426:	4680      	mov	r8, r0
20000428:	4944      	ldr	r1, [pc, #272]	@ (2000053c <flash_do_cmd_cs+0x138>)
2000042a:	8ab0      	ldrh	r0, [r6, #20]
2000042c:	4798      	blx	r3
2000042e:	2300      	movs	r3, #0
20000430:	4943      	ldr	r1, [pc, #268]	@ (20000540 <flash_do_cmd_cs+0x13c>)
20000432:	0006      	movs	r6, r0
20000434:	8a98      	ldrh	r0, [r3, #20]
20000436:	883b      	ldrh	r3, [r7, #0]
20000438:	4798      	blx	r3
2000043a:	4682      	mov	sl, r0
2000043c:	f7ff ff9c 	bl	20000378 <flash_init_boot2_copyout>
20000440:	a801      	add	r0, sp, #4
20000442:	f7ff ffb7 	bl	200003b4 <flash_save_hardware_state>
20000446:	47c0      	blx	r8
20000448:	47b0      	blx	r6
2000044a:	4b3e      	ldr	r3, [pc, #248]	@ (20000544 <flash_do_cmd_cs+0x140>)
2000044c:	0021      	movs	r1, r4
2000044e:	681a      	ldr	r2, [r3, #0]
20000450:	2380      	movs	r3, #128	@ 0x80
20000452:	009b      	lsls	r3, r3, #2
20000454:	4053      	eors	r3, r2
20000456:	22c0      	movs	r2, #192	@ 0xc0
20000458:	0092      	lsls	r2, r2, #2
2000045a:	4013      	ands	r3, r2
2000045c:	4a3a      	ldr	r2, [pc, #232]	@ (20000548 <flash_do_cmd_cs+0x144>)
2000045e:	6013      	str	r3, [r2, #0]
20000460:	2c00      	cmp	r4, #0
20000462:	d01c      	beq.n	2000049e <flash_do_cmd_cs+0x9a>
20000464:	2308      	movs	r3, #8
20000466:	20c0      	movs	r0, #192	@ 0xc0
20000468:	469c      	mov	ip, r3
2000046a:	0540      	lsls	r0, r0, #21
2000046c:	3f16      	subs	r7, #22
2000046e:	4662      	mov	r2, ip
20000470:	6a83      	ldr	r3, [r0, #40]	@ 0x28
20000472:	401a      	ands	r2, r3
20000474:	421f      	tst	r7, r3
20000476:	d039      	beq.n	200004ec <flash_do_cmd_cs+0xe8>
20000478:	1a63      	subs	r3, r4, r1
2000047a:	2900      	cmp	r1, #0
2000047c:	d12b      	bne.n	200004d6 <flash_do_cmd_cs+0xd2>
2000047e:	2a00      	cmp	r2, #0
20000480:	d10b      	bne.n	2000049a <flash_do_cmd_cs+0x96>
20000482:	2c00      	cmp	r4, #0
20000484:	d00b      	beq.n	2000049e <flash_do_cmd_cs+0x9a>
20000486:	23c0      	movs	r3, #192	@ 0xc0
20000488:	2208      	movs	r2, #8
2000048a:	2602      	movs	r6, #2
2000048c:	055b      	lsls	r3, r3, #21
2000048e:	6a9b      	ldr	r3, [r3, #40]	@ 0x28
20000490:	401a      	ands	r2, r3
20000492:	421e      	tst	r6, r3
20000494:	d042      	beq.n	2000051c <flash_do_cmd_cs+0x118>
20000496:	2a00      	cmp	r2, #0
20000498:	d0f5      	beq.n	20000486 <flash_do_cmd_cs+0x82>
2000049a:	2c00      	cmp	r4, #0
2000049c:	d130      	bne.n	20000500 <flash_do_cmd_cs+0xfc>
2000049e:	4b29      	ldr	r3, [pc, #164]	@ (20000544 <flash_do_cmd_cs+0x140>)
200004a0:	681a      	ldr	r2, [r3, #0]
200004a2:	23c0      	movs	r3, #192	@ 0xc0
200004a4:	009b      	lsls	r3, r3, #2
200004a6:	4393      	bics	r3, r2
200004a8:	4a27      	ldr	r2, [pc, #156]	@ (20000548 <flash_do_cmd_cs+0x144>)
200004aa:	6013      	str	r3, [r2, #0]
200004ac:	47d0      	blx	sl
200004ae:	f7ff ff7b 	bl	200003a8 <flash_enable_xip_via_boot2>
200004b2:	a801      	add	r0, sp, #4
200004b4:	f7ff ff92 	bl	200003dc <flash_restore_hardware_state>
200004b8:	b008      	add	sp, #32
200004ba:	bce0      	pop	{r5, r6, r7}
200004bc:	46ba      	mov	sl, r7
200004be:	46b1      	mov	r9, r6
200004c0:	46a8      	mov	r8, r5
200004c2:	bdf0      	pop	{r4, r5, r6, r7, pc}
200004c4:	2c00      	cmp	r4, #0
200004c6:	d12b      	bne.n	20000520 <flash_do_cmd_cs+0x11c>
200004c8:	22c0      	movs	r2, #192	@ 0xc0
200004ca:	0552      	lsls	r2, r2, #21
200004cc:	6a96      	ldr	r6, [r2, #40]	@ 0x28
200004ce:	2208      	movs	r2, #8
200004d0:	4032      	ands	r2, r6
200004d2:	07b6      	lsls	r6, r6, #30
200004d4:	d52b      	bpl.n	2000052e <flash_do_cmd_cs+0x12a>
200004d6:	2b0d      	cmp	r3, #13
200004d8:	d919      	bls.n	2000050e <flash_do_cmd_cs+0x10a>
200004da:	2a00      	cmp	r2, #0
200004dc:	d1f2      	bne.n	200004c4 <flash_do_cmd_cs+0xc0>
200004de:	22c0      	movs	r2, #192	@ 0xc0
200004e0:	0552      	lsls	r2, r2, #21
200004e2:	6a96      	ldr	r6, [r2, #40]	@ 0x28
200004e4:	2208      	movs	r2, #8
200004e6:	4032      	ands	r2, r6
200004e8:	07b6      	lsls	r6, r6, #30
200004ea:	d4f4      	bmi.n	200004d6 <flash_do_cmd_cs+0xd2>
200004ec:	2a00      	cmp	r2, #0
200004ee:	d104      	bne.n	200004fa <flash_do_cmd_cs+0xf6>
200004f0:	000b      	movs	r3, r1
200004f2:	4323      	orrs	r3, r4
200004f4:	2b00      	cmp	r3, #0
200004f6:	d1ba      	bne.n	2000046e <flash_do_cmd_cs+0x6a>
200004f8:	e7d1      	b.n	2000049e <flash_do_cmd_cs+0x9a>
200004fa:	000b      	movs	r3, r1
200004fc:	2c00      	cmp	r4, #0
200004fe:	d0f9      	beq.n	200004f4 <flash_do_cmd_cs+0xf0>
20000500:	6e03      	ldr	r3, [r0, #96]	@ 0x60
20000502:	3c01      	subs	r4, #1
20000504:	702b      	strb	r3, [r5, #0]
20000506:	0023      	movs	r3, r4
20000508:	3501      	adds	r5, #1
2000050a:	430b      	orrs	r3, r1
2000050c:	e7f2      	b.n	200004f4 <flash_do_cmd_cs+0xf0>
2000050e:	464b      	mov	r3, r9
20000510:	781b      	ldrb	r3, [r3, #0]
20000512:	3901      	subs	r1, #1
20000514:	6603      	str	r3, [r0, #96]	@ 0x60
20000516:	2301      	movs	r3, #1
20000518:	4499      	add	r9, r3
2000051a:	e7e7      	b.n	200004ec <flash_do_cmd_cs+0xe8>
2000051c:	2100      	movs	r1, #0
2000051e:	e7e5      	b.n	200004ec <flash_do_cmd_cs+0xe8>
20000520:	23c0      	movs	r3, #192	@ 0xc0
20000522:	055b      	lsls	r3, r3, #21
20000524:	6e1b      	ldr	r3, [r3, #96]	@ 0x60
20000526:	3c01      	subs	r4, #1
20000528:	702b      	strb	r3, [r5, #0]
2000052a:	3501      	adds	r5, #1
2000052c:	e79f      	b.n	2000046e <flash_do_cmd_cs+0x6a>
2000052e:	000b      	movs	r3, r1
20000530:	42a2      	cmp	r2, r4
20000532:	d1df      	bne.n	200004f4 <flash_do_cmd_cs+0xf0>
20000534:	e7dc      	b.n	200004f0 <flash_do_cmd_cs+0xec>
20000536:	46c0      	nop			@ (mov r8, r8)
20000538:	00004649 	.word	0x00004649
2000053c:	00005845 	.word	0x00005845
20000540:	00004346 	.word	0x00004346
20000544:	4001800c 	.word	0x4001800c
20000548:	4001900c 	.word	0x4001900c

2000054c <__aeabi_idiv0>:
2000054c:	4770      	bx	lr
2000054e:	46c0      	nop			@ (mov r8, r8)

20000550 <memmove>:
20000550:	b5f0      	push	{r4, r5, r6, r7, lr}
20000552:	46c6      	mov	lr, r8
20000554:	000d      	movs	r5, r1
20000556:	0016      	movs	r6, r2
20000558:	b500      	push	{lr}
2000055a:	4288      	cmp	r0, r1
2000055c:	d912      	bls.n	20000584 <memmove+0x34>
2000055e:	1889      	adds	r1, r1, r2
20000560:	4281      	cmp	r1, r0
20000562:	d90f      	bls.n	20000584 <memmove+0x34>
20000564:	1884      	adds	r4, r0, r2
20000566:	2a03      	cmp	r2, #3
20000568:	d856      	bhi.n	20000618 <memmove+0xc8>
2000056a:	1e73      	subs	r3, r6, #1
2000056c:	2e00      	cmp	r6, #0
2000056e:	d006      	beq.n	2000057e <memmove+0x2e>
20000570:	43da      	mvns	r2, r3
20000572:	1889      	adds	r1, r1, r2
20000574:	18a4      	adds	r4, r4, r2
20000576:	5cca      	ldrb	r2, [r1, r3]
20000578:	54e2      	strb	r2, [r4, r3]
2000057a:	3b01      	subs	r3, #1
2000057c:	d2fb      	bcs.n	20000576 <memmove+0x26>
2000057e:	bc80      	pop	{r7}
20000580:	46b8      	mov	r8, r7
20000582:	bdf0      	pop	{r4, r5, r6, r7, pc}
20000584:	2e03      	cmp	r6, #3
20000586:	d80b      	bhi.n	200005a0 <memmove+0x50>
20000588:	0004      	movs	r4, r0
2000058a:	1e71      	subs	r1, r6, #1
2000058c:	2e00      	cmp	r6, #0
2000058e:	d0f6      	beq.n	2000057e <memmove+0x2e>
20000590:	2300      	movs	r3, #0
20000592:	3101      	adds	r1, #1
20000594:	5cea      	ldrb	r2, [r5, r3]
20000596:	54e2      	strb	r2, [r4, r3]
20000598:	3301      	adds	r3, #1
2000059a:	4299      	cmp	r1, r3
2000059c:	d1fa      	bne.n	20000594 <memmove+0x44>
2000059e:	e7ee      	b.n	2000057e <memmove+0x2e>
200005a0:	2403      	movs	r4, #3
200005a2:	002a      	movs	r2, r5
200005a4:	0021      	movs	r1, r4
200005a6:	4302      	orrs	r2, r0
200005a8:	0003      	movs	r3, r0
200005aa:	4011      	ands	r1, r2
200005ac:	4214      	tst	r4, r2
200005ae:	d130      	bne.n	20000612 <memmove+0xc2>
200005b0:	2e0f      	cmp	r6, #15
200005b2:	d94b      	bls.n	2000064c <memmove+0xfc>
200005b4:	2710      	movs	r7, #16
200005b6:	46bc      	mov	ip, r7
200005b8:	002a      	movs	r2, r5
200005ba:	0934      	lsrs	r4, r6, #4
200005bc:	3c01      	subs	r4, #1
200005be:	0124      	lsls	r4, r4, #4
200005c0:	46a0      	mov	r8, r4
200005c2:	1904      	adds	r4, r0, r4
200005c4:	44a4      	add	ip, r4
200005c6:	6814      	ldr	r4, [r2, #0]
200005c8:	601c      	str	r4, [r3, #0]
200005ca:	6854      	ldr	r4, [r2, #4]
200005cc:	605c      	str	r4, [r3, #4]
200005ce:	6894      	ldr	r4, [r2, #8]
200005d0:	609c      	str	r4, [r3, #8]
200005d2:	68d4      	ldr	r4, [r2, #12]
200005d4:	3210      	adds	r2, #16
200005d6:	60dc      	str	r4, [r3, #12]
200005d8:	3310      	adds	r3, #16
200005da:	4563      	cmp	r3, ip
200005dc:	d1f3      	bne.n	200005c6 <memmove+0x76>
200005de:	220f      	movs	r2, #15
200005e0:	001c      	movs	r4, r3
200005e2:	230c      	movs	r3, #12
200005e4:	3510      	adds	r5, #16
200005e6:	4032      	ands	r2, r6
200005e8:	4033      	ands	r3, r6
200005ea:	4445      	add	r5, r8
200005ec:	0016      	movs	r6, r2
200005ee:	2b00      	cmp	r3, #0
200005f0:	d0cb      	beq.n	2000058a <memmove+0x3a>
200005f2:	586b      	ldr	r3, [r5, r1]
200005f4:	5063      	str	r3, [r4, r1]
200005f6:	3104      	adds	r1, #4
200005f8:	1a53      	subs	r3, r2, r1
200005fa:	2b03      	cmp	r3, #3
200005fc:	d8f9      	bhi.n	200005f2 <memmove+0xa2>
200005fe:	2603      	movs	r6, #3
20000600:	4016      	ands	r6, r2
20000602:	0892      	lsrs	r2, r2, #2
20000604:	3a01      	subs	r2, #1
20000606:	0092      	lsls	r2, r2, #2
20000608:	3504      	adds	r5, #4
2000060a:	3404      	adds	r4, #4
2000060c:	18ad      	adds	r5, r5, r2
2000060e:	18a4      	adds	r4, r4, r2
20000610:	e7bb      	b.n	2000058a <memmove+0x3a>
20000612:	0004      	movs	r4, r0
20000614:	1e71      	subs	r1, r6, #1
20000616:	e7bb      	b.n	20000590 <memmove+0x40>
20000618:	0023      	movs	r3, r4
2000061a:	430b      	orrs	r3, r1
2000061c:	079b      	lsls	r3, r3, #30
2000061e:	d001      	beq.n	20000624 <memmove+0xd4>
20000620:	1e53      	subs	r3, r2, #1
20000622:	e7a5      	b.n	20000570 <memmove+0x20>
20000624:	1f2b      	subs	r3, r5, #4
20000626:	469c      	mov	ip, r3
20000628:	0013      	movs	r3, r2
2000062a:	1f05      	subs	r5, r0, #4
2000062c:	4662      	mov	r2, ip
2000062e:	58d2      	ldr	r2, [r2, r3]
20000630:	50ea      	str	r2, [r5, r3]
20000632:	3b04      	subs	r3, #4
20000634:	2b03      	cmp	r3, #3
20000636:	d8f9      	bhi.n	2000062c <memmove+0xdc>
20000638:	2203      	movs	r2, #3
2000063a:	08b3      	lsrs	r3, r6, #2
2000063c:	3b01      	subs	r3, #1
2000063e:	009b      	lsls	r3, r3, #2
20000640:	1ac9      	subs	r1, r1, r3
20000642:	1ae4      	subs	r4, r4, r3
20000644:	4016      	ands	r6, r2
20000646:	3904      	subs	r1, #4
20000648:	3c04      	subs	r4, #4
2000064a:	e78e      	b.n	2000056a <memmove+0x1a>
2000064c:	0032      	movs	r2, r6
2000064e:	0004      	movs	r4, r0
20000650:	e7cf      	b.n	200005f2 <memmove+0xa2>
20000652:	46c0      	nop			@ (mov r8, r8)
20000654:	0000      	movs	r0, r0
	...

20000658 <__vPortLockInternalSpinUnlockWithWait_veneer>:
20000658:	b401      	push	{r0}
2000065a:	4802      	ldr	r0, [pc, #8]	@ (20000664 <__vPortLockInternalSpinUnlockWithWait_veneer+0xc>)
2000065c:	4684      	mov	ip, r0
2000065e:	bc01      	pop	{r0}
20000660:	4760      	bx	ip
20000662:	bf00      	nop
20000664:	10004a99 	.word	0x10004a99

20000668 <__xPortLockInternalSpinUnlockWithBestEffortWaitOrTimeout_veneer>:
20000668:	b401      	push	{r0}
2000066a:	4802      	ldr	r0, [pc, #8]	@ (20000674 <__xPortLockInternalSpinUnlockWithBestEffortWaitOrTimeout_veneer+0xc>)
2000066c:	4684      	mov	ip, r0
2000066e:	bc01      	pop	{r0}
20000670:	4760      	bx	ip
20000672:	bf00      	nop
20000674:	10004bc5 	.word	0x10004bc5

20000678 <__vPortLockInternalSpinUnlockWithNotify_veneer>:
20000678:	b401      	push	{r0}
2000067a:	4802      	ldr	r0, [pc, #8]	@ (20000684 <__vPortLockInternalSpinUnlockWithNotify_veneer+0xc>)
2000067c:	4684      	mov	ip, r0
2000067e:	bc01      	pop	{r0}
20000680:	4760      	bx	ip
20000682:	bf00      	nop
20000684:	10004afd 	.word	0x10004afd

20000688 <__ulPortLockGetCurrentOwnerId_veneer>:
20000688:	b401      	push	{r0}
2000068a:	4802      	ldr	r0, [pc, #8]	@ (20000694 <__ulPortLockGetCurrentOwnerId_veneer+0xc>)
2000068c:	4684      	mov	ip, r0
2000068e:	bc01      	pop	{r0}
20000690:	4760      	bx	ip
20000692:	bf00      	nop
20000694:	10004a6d 	.word	0x10004a6d

20000698 <striped_spin_lock_num>:
20000698:	00000010                                ....

2000069c <irq_handler_chain_slots>:
2000069c:	00000000 	.word	0x00000000
200006a0:	00010000 	.word	0x00010000
	...
200006ac:	00020000 	.word	0x00020000
	...
200006b8:	00030000 	.word	0x00030000
	...
200006c4:	00ff0000 	.word	0x00ff0000
200006c8:	00000000 	.word	0x00000000

200006cc <irq_handler_chain_first_slot>:
200006cc:	b501      	push	{r0, lr}
200006ce:	6848      	ldr	r0, [r1, #4]
200006d0:	3101      	adds	r1, #1
200006d2:	468e      	mov	lr, r1
200006d4:	4700      	bx	r0

200006d6 <irq_handler_chain_remove_tail>:
200006d6:	4670      	mov	r0, lr
200006d8:	3809      	subs	r0, #9
200006da:	4901      	ldr	r1, [pc, #4]	@ (200006e0 <irq_handler_chain_remove_tail+0xa>)
200006dc:	4788      	blx	r1
200006de:	bd01      	pop	{r0, pc}
200006e0:	10000b3d 	.word	0x10000b3d
200006e4:	00000000 	.word	0x00000000

200006e8 <last_added.0>:
200006e8:	ffffffff 7fffffff                       ........

200006f0 <default_alarm_pool>:
	...
20000704:	20000df0 00000000 00000000              ... ........

20000710 <aeabi_bits_funcs>:
20000710:	00003350 	.word	0x00003350
20000714:	0000334c 	.word	0x0000334c
20000718:	00003354 	.word	0x00003354
2000071c:	00003352 	.word	0x00003352

20000720 <aeabi_bits_funcs_end>:
20000720:	0000534d 	.word	0x0000534d
20000724:	0000434d 	.word	0x0000434d
20000728:	00003453 	.word	0x00003453
2000072c:	00003443 	.word	0x00003443

20000730 <stdio_uart>:
20000730:	10004201 10004301 1000424d 10004315     .B...C..MB...C..
20000740:	00000000 00000100                       ........

20000748 <ucPrimaryCoreNum>:
20000748:	000000ff                                ....

2000074c <cyw43_poll_worker>:
2000074c:	00000000 10009ebd 00000000 00000000     ................
2000075c:	00000000                                ....

20000760 <sleep_timeout_worker>:
20000760:	00000000 10009e25 00000000 00000000     ....%...........
	...

20000778 <__malloc_sbrk_base>:
20000778:	ffffffff                                ....

2000077c <__malloc_trim_threshold>:
2000077c:	00020000                                ....

20000780 <__malloc_av_>:
	...
20000788:	20000780 20000780 20000788 20000788     ... ... ... ... 
20000798:	20000790 20000790 20000798 20000798     ... ... ... ... 
200007a8:	200007a0 200007a0 200007a8 200007a8     ... ... ... ... 
200007b8:	200007b0 200007b0 200007b8 200007b8     ... ... ... ... 
200007c8:	200007c0 200007c0 200007c8 200007c8     ... ... ... ... 
200007d8:	200007d0 200007d0 200007d8 200007d8     ... ... ... ... 
200007e8:	200007e0 200007e0 200007e8 200007e8     ... ... ... ... 
200007f8:	200007f0 200007f0 200007f8 200007f8     ... ... ... ... 
20000808:	20000800 20000800 20000808 20000808     ... ... ... ... 
20000818:	20000810 20000810 20000818 20000818     ... ... ... ... 
20000828:	20000820 20000820 20000828 20000828      ..  .. (.. (.. 
20000838:	20000830 20000830 20000838 20000838     0.. 0.. 8.. 8.. 
20000848:	20000840 20000840 20000848 20000848     @.. @.. H.. H.. 
20000858:	20000850 20000850 20000858 20000858     P.. P.. X.. X.. 
20000868:	20000860 20000860 20000868 20000868     `.. `.. h.. h.. 
20000878:	20000870 20000870 20000878 20000878     p.. p.. x.. x.. 
20000888:	20000880 20000880 20000888 20000888     ... ... ... ... 
20000898:	20000890 20000890 20000898 20000898     ... ... ... ... 
200008a8:	200008a0 200008a0 200008a8 200008a8     ... ... ... ... 
200008b8:	200008b0 200008b0 200008b8 200008b8     ... ... ... ... 
200008c8:	200008c0 200008c0 200008c8 200008c8     ... ... ... ... 
200008d8:	200008d0 200008d0 200008d8 200008d8     ... ... ... ... 
200008e8:	200008e0 200008e0 200008e8 200008e8     ... ... ... ... 
200008f8:	200008f0 200008f0 200008f8 200008f8     ... ... ... ... 
20000908:	20000900 20000900 20000908 20000908     ... ... ... ... 
20000918:	20000910 20000910 20000918 20000918     ... ... ... ... 
20000928:	20000920 20000920 20000928 20000928      ..  .. (.. (.. 
20000938:	20000930 20000930 20000938 20000938     0.. 0.. 8.. 8.. 
20000948:	20000940 20000940 20000948 20000948     @.. @.. H.. H.. 
20000958:	20000950 20000950 20000958 20000958     P.. P.. X.. X.. 
20000968:	20000960 20000960 20000968 20000968     `.. `.. h.. h.. 
20000978:	20000970 20000970 20000978 20000978     p.. p.. x.. x.. 
20000988:	20000980 20000980 20000988 20000988     ... ... ... ... 
20000998:	20000990 20000990 20000998 20000998     ... ... ... ... 
200009a8:	200009a0 200009a0 200009a8 200009a8     ... ... ... ... 
200009b8:	200009b0 200009b0 200009b8 200009b8     ... ... ... ... 
200009c8:	200009c0 200009c0 200009c8 200009c8     ... ... ... ... 
200009d8:	200009d0 200009d0 200009d8 200009d8     ... ... ... ... 
200009e8:	200009e0 200009e0 200009e8 200009e8     ... ... ... ... 
200009f8:	200009f0 200009f0 200009f8 200009f8     ... ... ... ... 
20000a08:	20000a00 20000a00 20000a08 20000a08     ... ... ... ... 
20000a18:	20000a10 20000a10 20000a18 20000a18     ... ... ... ... 
20000a28:	20000a20 20000a20 20000a28 20000a28      ..  .. (.. (.. 
20000a38:	20000a30 20000a30 20000a38 20000a38     0.. 0.. 8.. 8.. 
20000a48:	20000a40 20000a40 20000a48 20000a48     @.. @.. H.. H.. 
20000a58:	20000a50 20000a50 20000a58 20000a58     P.. P.. X.. X.. 
20000a68:	20000a60 20000a60 20000a68 20000a68     `.. `.. h.. h.. 
20000a78:	20000a70 20000a70 20000a78 20000a78     p.. p.. x.. x.. 
20000a88:	20000a80 20000a80 20000a88 20000a88     ... ... ... ... 
20000a98:	20000a90 20000a90 20000a98 20000a98     ... ... ... ... 
20000aa8:	20000aa0 20000aa0 20000aa8 20000aa8     ... ... ... ... 
20000ab8:	20000ab0 20000ab0 20000ab8 20000ab8     ... ... ... ... 
20000ac8:	20000ac0 20000ac0 20000ac8 20000ac8     ... ... ... ... 
20000ad8:	20000ad0 20000ad0 20000ad8 20000ad8     ... ... ... ... 
20000ae8:	20000ae0 20000ae0 20000ae8 20000ae8     ... ... ... ... 
20000af8:	20000af0 20000af0 20000af8 20000af8     ... ... ... ... 
20000b08:	20000b00 20000b00 20000b08 20000b08     ... ... ... ... 
20000b18:	20000b10 20000b10 20000b18 20000b18     ... ... ... ... 
20000b28:	20000b20 20000b20 20000b28 20000b28      ..  .. (.. (.. 
20000b38:	20000b30 20000b30 20000b38 20000b38     0.. 0.. 8.. 8.. 
20000b48:	20000b40 20000b40 20000b48 20000b48     @.. @.. H.. H.. 
20000b58:	20000b50 20000b50 20000b58 20000b58     P.. P.. X.. X.. 
20000b68:	20000b60 20000b60 20000b68 20000b68     `.. `.. h.. h.. 
20000b78:	20000b70 20000b70 20000b78 20000b78     p.. p.. x.. x.. 

20000b88 <_impure_ptr>:
20000b88:	20000b90 00000000                       ... ....

20000b90 <_impure_data>:
20000b90:	00000000 200010e8 20001150 200011b8     ....... P.. ... 
	...
20000c28:	00000001 00000000 abcd330e e66d1234     .........3..4.m.
20000c38:	0005deec 0000000b 00000000 00000000     ................
	...

20000d90 <malloc_mutex>:
	...

20000d98 <print_mutex>:
	...
