:020000041000EA
:1000000000B5324B212058609868022188439860DF
:10001000D860186158612E4B002199600221596106
:100020000121F02299502B49196001219960352056
:1000300000F044F80222904214D00621196600F024
:1000400034F8196E01211966002018661A6600F04E
:100050002CF8196E196E196E052000F02FF8012189
:100060000842F9D1002199601B49196000215960AB
:100070001A491B48016001219960EB211966A021F2
:10008000196600F012F800219960164914480160C1
:100090000121996001BC002800D000471248134993
:1000A000086003C880F30888084703B5996A0420EC
:1000B0000142FBD001200142F8D103BD02B5186610
:1000C0001866FFF7F2FF186E186E02BD00000240BE
:1000D000000000180000070000035F00212200005C
:1000E000F4000018222000A00001001008ED00E03C
:1000F00000000000000000000000000074B24E7A12
:1001000000200420F7010010CB010010CD010010E9
:10011000C9010010C9010010C9010010C901001077
:10012000C9010010C9010010C9010010CF01001061
:10013000C9010010C9010010D1010010D301001045
:10014000C1010010C1010010C1010010C101001067
:10015000C1010010C1010010C1010010C101001057
:10016000C1010010C1010010C1010010C101001047
:10017000C1010010C1010010C1010010C101001037
:10018000C1010010C1010010C1010010C101001027
:10019000C1010010C1010010C1010010C101001017
:1001A000C1010010C1010010C1010010C101001007
:1001B000C1010010C1010010C1010010C1010010F7
:1001C000EFF30580103800BE00BE00BE00BE00BECA
:1001D00000BE00BEF2EB8871B8300410E4300410A9
:1001E0003802001090A31AE700201E49086006C8D4
:1001F00081F3088810471C480068002801D00020BF
:10020000F3E70DA40ECC002902D000F012F8F9E7B4
:100210001649174A002000E001C19142FCD115495E
:100220008847154988471549884700BEFDE701C939
:1002300001C29A42FBD37047E4300410C000002092
:10024000A00D0020C43D0410000004200000042084
:10025000C43D041000100420001004200000000021
:100260007047000008ED00E0000000D0A00D002065
:1002700064210220FD3D0010E5020010F53D001054
:1002800070B506000400084D0836642005F0B8FE7D
:10029000012221683000524200F05EF862680100DD
:1002A000280000F071F8F0E720B30010F8B507005F
:1002B000050000240A4E0837200000F07DF80400F5
:1002C000642005F09DFE012229683800524200F0AA
:1002D00043F86A680100300000F056F8ECE7C046C9
:1002E00028B3001030B585B003F0ACFE06F092FCE8
:1002F000051E25D10121012004F07CFF114C0121B4
:100300002060012004F076FFA5608022012502AB69
:1003100060600D4901930095230092000B4805F0A1
:10032000A1FC802203AB0A490193920023000095AF
:10033000084805F097FC05F031FD002005B030BD00
:1003400001F0F0FB901C002030B30010AD02001053
:100350003CB300108102001070B50D0006001100C2
:10036000280005F097F901280AD1346800230134E8
:10037000002200212800346004F070FF200070BDCE
:1003800001246442FAE7C04670B50D000121060061
:1003900014001000494205F07DF92A00310005489B
:1003A00003F022FF002300220021200004F056FF6A
:1003B00070BDC04648B3001001004B1E994110B5F6
:1003C000040082B00020C9B206F014FC6042604113
:1003D00002B010BD10B54024074A83009A18126875
:1003E000C0005440C0222240044C1B191A60044B28
:1003F000C018416010BDC04604C0014004D0014097
:1004000000400140064B8000C3181B68C9009200E1
:100410000A435A400C231340024A80180360704775
:1004200004C0014004D001408000002904D0054BE5
:10043000C018022303607047034BC01802230360F7
:10044000F9E7C04604E0014004F00140D02330B594
:1004500007241B0615001A6853009A18C308204089
:10046000800081401800084C3C30120180009B0045
:1004700001519B18002D03D0044A9B18196030BD10
:10048000034A9B181960FAE70040014000610140EF
:1004900000710140D02310B504001B061B680748FB
:1004A0009B0084461858044206D1204364461851E4
:1004B0000D2000F075F910BD01F034FB4C1F002039
:1004C00010B504000D2000F047FAD0231B061B686E
:1004D00002499B005A58A2435A5010BD4C1F00209D
:1004E0000123D0228340120693629361084A83005D
:1004F0009A1811684022514080320A400549C000D4
:100500005B181A60044BC018052343607047C0464F
:1005100004C0014004D00140004001400FB400B5C8
:10052000084883B003F0DEFD049B002B07D005A92B
:100530001800019103F024FC034803F0D3FD0120CF
:1005400003F036FC68B3001038B5001010B5014850
:10055000FFF7E4FF78B30010EFF3108072B6034AA0
:100560001368002BFCD0BFF35F8F70472C0100D0C5
:10057000BFF35F8F0022024B1A6080F31088704730
:100580002C0100D070B58C461600EFF3108472B6C3
:100590000F490B68002BFCD0BFF35F8F6346DB086D
:1005A000C5180722C05C63461A40012393401A0015
:1005B0000240034207D118432870BFF35F8F0A60DF
:1005C00084F3108870BD61463000FFF7A7FFC04676
:1005D0002C0100D0F8B5CE4647468C4680B51C00AD
:1005E000EFF3108872B61C490B68002BFCD0BFF3E8
:1005F0005F8FA24221D80723994602E0013294423C
:1006000018D34946012611408E40D308C718C35C51
:100610001E42F3D1100033433B70BFF35F8F0022C3
:100620000D4B1A6088F3108800280EDBC0BCB94659
:10063000B046F8BD01204042EFE7BFF35F8F0023D3
:100640000B6088F31088012040426346002BEDD0F8
:100650000898FFF763FFC0462C0100D010B5844610
:100660000A00EFF3108472B60B490B68002BFCD024
:10067000BFF35F8F0723D008134001229A406346DF
:100680001B5C934362461354BFF35F8F00230B60E0
:1006900084F3108810BDC0462C0100D0044A1078A5
:1006A000431CDBB2172B00D9102313707047C046D0
:1006B000980600200021044B044ABFF35F8F02C359
:1006C0009342FAD17047C046000100D0800100D0AB
:1006D000084B094A1360094A1360094A1360094A22
:1006E0001360094A1360094A1360094A1360094AF2
:1006F000136070478080808000E400E004E400E044
:1007000008E400E00CE400E010E400E014E400E0A1
:1007100018E400E01CE400E01F2318401E3B834067
:10072000002905D0C021044A490053501360704786
:10073000802201498B50FAE700E100E00123834069
:10074000014A13607047C04600E200E010B5EFF3C5
:10075000108C72B60F4A1368002BFCD0BFF35F8F6A
:100760000D4B10309B6880001B580C4A934201D0FF
:1007700099420CD1084B9B681950BFF35F8FBFF3B0
:100780005F8F0022034B1A608CF3108810BD01F0BC
:10079000C9F9C046240100D000ED00E0C1010010FD
:1007A000F0B5DE4657464E464546E0B58B4685B029
:1007B000EFF3108872B616005B4A1368002BFCD06A
:1007C000B246BFF35F8F002558494D57002D00DA20
:1007D000A8E06B00564A01935B199B00D418A779D7
:1007E00010300F7053498000896884460F58B91A39
:1007F0002F2933D8012039008143CE79564500D8BE
:100800006AE0A1465646039307E05800C0188000EE
:100810001018C479B4424DD901000623CB56002BE1
:10082000F3DA081D4C46B24681460293424B4E46CF
:10083000043CA41B2405414E640D34438C808D710F
:1008400001994919890052189380029B3C49937180
:100850005346D3715B461160936017E039498F426C
:1008600060D139490127D15238490233D3180439AC
:10087000CB1A324A1B055B0D13436380344BE67180
:10088000A380FF23A3715B462743A3606246294BE5
:100890009B689F50BFF35F8FBFF35F8F0022224B97
:1008A0001A6088F3108805B0F0BCBB46B246A94672
:1008B000A046F0BDB2460E1D4C46B1468888029354
:1008C000039B4005001504334844D318C31A1B0585
:1008D0001A485B0D0343AAE79E1CB14691444E465D
:1008E0000F001C4DBF1A7F417D432D0D164FA57182
:1008F000D752164F0433043FD318BF1BCB1A3F0502
:10090000043B7E0D1B050D4F5B0D3E431F435346BD
:10091000E3715B46A3600A4BA7806680044327000F
:100920000B60B3E701F0FEF8240100D06121022042
:100930009C06002000ED00E001BD000000E0FFFF8C
:1009400001488047C101001000A1FFFFCC06002034
:1009500001BDFFFFAAAA0000F0B5DE4657464E468D
:100960004546E0B583B0EFF3108972B65D4A13686F
:10097000002BFCD0BFF35F8F5B4B5C4E9A6803008B
:1009800010339C0012599846B2423BD08A424CD058
:10099000574FBC46D71B2F2F34D8564B1F271D68E7
:1009A0000740AA460125BD4080270195DD51BFF3D0
:1009B0005F8FEFF30585AB46002D38D101231D0075
:1009C0008540280055460540100098438768AA4690
:1009D000B94208D17CE073009B199B0063449F6877
:1009E000B9422DD0180006268657002EF3DAB942F8
:1009F0004CD05346002B1ED0C0213E4B01984900DD
:100A000058501860384B9B681A51BFF35F8FBFF383
:100A10005F8F0022334B1A6089F3108803B0F0BC5B
:100A2000BB46B246A946A046F0BD3200EAE7A8455B
:100A3000C4D001F077F880232E490198C850E1E72F
:100A40000627DF57002F22DB7900C81985002E000A
:100A50006644B0689860F079D87106203056987175
:100A6000002826DB6046B688C01A7605361576194A
:100A700080190005204E400D30439880CB191F4946
:100A80009B000878634498710F70B2E703005946E1
:100A9000002910D1FF3181711949818017486546BD
:100AA0000178997117495B1B5B415943090D01702E
:100AB0009FE71348E1E714491448C91A08394E0260
:100AC000760D30439880124849080143D98090E759
:100AD0000627C7570300002FB6DA59460029EAD186
:100AE0003200DBE7240100D000ED00E0C10100107E
:100AF0009C06002000E100E000E0FFFF61210220F1
:100B000001BDFFFFAAAA0000D606002000F0FFFFEB
:100B100000F8FFFF084A83089B009B181A6810B56D
:100B2000140003221040C000FC3282409443220093
:100B300081400A431A6010BD00E400E00123034332
:100B400070B59C46EFF30581EFF3108572B6214A2C
:100B50001368002BFCD0BFF35F8F1F4B04001F4AAC
:100B6000E41A64416243120D1D4C8900A66852B21A
:100B7000765866451CD00621595691421CD0122148
:100B80005956914222D01E215956914220D02A21F5
:100B900059560324914210D0124B19781A70817162
:100BA000BFF35F8F00220B4B1A6085F3108870BD76
:100BB000A3680D4C5C50EFE700246100091989001F
:100BC0005B18FF21997109499980E5E70124F4E751
:100BD0000224F2E7240100D09C060020AAAA00000B
:100BE00000ED00E061210220C101001001BDFFFF06
:100BF0001F2110B5091A0248FFF730FD10BDC0468D
:100C00006221022000B5074B83B00100009300224F
:100C100005230548FFF7DEFC002801DB1F23181A17
:100C200003B000BD88B300106221022070B504003B
:100C30000E001500FFF732FD0100200000F006F85D
:100C4000A680E580BFF35F8F70BDC046024BC91818
:100C5000890001607047C04640000034F8B5124C6E
:100C6000124DAC4212D20126002776422368002B97
:100C70000DD0FFF713FD01002000FFF7E7FF6660CE
:100C80002772BFF35F8F0C34AC42EFD3F8BDFFF790
:100C900005FD01002000FFF7D9FF6660BFF35F8FFD
:100CA0000834AC42E2D3F1E7900D0020A00D002003
:100CB00010B50400FFF7F2FC01002000FFF7C6FFAB
:100CC00001235B42636000232372BFF35F8F10BD7B
:100CD000F0B5DE4657464E464546E0B585B0EFF3E3
:100CE000058303221A40B34B91005F5801239340C0
:100CF0009B4602925A468846AF4B1A60AF4B03930D
:100D00005B46AF4843630823FE5E002E37DABB889C
:100D10001BB2002B00DBA4E0BB79002B00D0E5E088
:100D20000823F95E002920DB4B007A695B18DB00A1
:100D3000D3189D68DC686B1C00D104E1A048010059
:100D40004144826A0B69AE1A9B1A9E4215D3012355
:100D5000026A029883401A420FD0994800F05AFC68
:100D60008C4202DCCCD18542CAD940BF05B0F0BC70
:100D7000BB46B246A946A046F0BD0D61EDE77A69D3
:100D8000730091469B19DB0099444B469C68DD68D3
:100D900000F040FC8D42BADC00D1F6E0002D00DA14
:100DA000DBE04A464B4652691B699246039A9342DE
:100DB00000D1CCE04A460821785E528800045146B2
:100DC00010439847009001910099019A0B0013433A
:100DD00000D1C2E013000A00002B00DBD9E02000A4
:100DE0002900801A99414B469860D96000229B5E89
:100DF000002B00DA8BE75D007C69EA18D200A218AC
:100E000000949468D268A2468A4200DD7FE702D14E
:100E1000844200D97BE70824A4463B81BC44009C63
:100E200000972F006546B4463E0006E05E00F218CB
:100E3000D200A2189768D268BA468A4207DC00D16D
:100E4000B4E0F318DB00E518E35E002BEEDA66464B
:100E50004A46009F13802E80BB881BB2002B00DA0D
:100E60005AE73A69EFF3108172B61368002BFCD091
:100E7000BFF35F8F0123BE885B42BB8036B23B6904
:100E8000BFF35F8F00221A6081F31088002E00DA12
:100E900042E73B0008333A0099467D6973009B198D
:100EA0000824115FDB004846EB18002913DB9C681F
:100EB0000093A446DC6806E0A34240D00023F95E1C
:100EC0003800002906DB4F007F18FF00EF19FB6890
:100ED000A342F1DD009B068000201E5E1980002EDB
:100EE000DCDA1700BB79002B00D119E70023BB71B6
:100EF0000823F95E4B1C00D137E73D000835AC46AE
:100F00007C6903E084464B1C00D109E74B005B1869
:100F1000DB00E0180A00E15E43881BB2002BF1DA27
:100F200001256D42EE178560C66008257B5F934200
:100F3000E9D0634619803B8903803A81E3E7BB68C7
:100F40006345BBD9C6E7631C00D0F7E605E7534607
:100F500050461B699847002823D14B461B883A69A5
:100F60003B81EFF3108372B611680029FCD0BFF308
:100F70005F8F49467A880A803A697E80BFF35F8F27
:100F80000021116083F31088C1E6844200D805E790
:100F9000BDE60B4800F03EFB009B019CC018614180
:100FA00021E753460CCB009201930DE7824500D810
:100FB00047E74CE79C1C00203C700540D10C00101A
:100FC00000400540074810B50268EFF3108172B683
:100FD0001368002BFCD0BFF35F8F03F08FFD002060
:100FE000002110BD6020002070B52D4C2569002D1A
:100FF00004D00A212B48FFF729FE70BD2A4E032199
:10100000294800F0E5FAE660FFF748FB274B03228A
:10101000C018D02322701B061B6801216370244B6B
:101020008000A3600F23206102206380636949422E
:10103000A18019800231198647311D835852183119
:101040005A5275325C39995218320131995218321C
:1010500001319952183201319952083518329D5296
:101060000231183299521832013199521832013135
:10107000995218320131995218320131995218326D
:10108000013199520B4B0C49DC6001303562FFF79E
:101090005DFB01210320FFF73FFB084B1D60A8E724
:1010A000F006002060200020004005404000003491
:1010B000FFFF10009C1C0020D10C00103860054080
:1010C00000487047F0060020F8B5050018200F0012
:1010D00001F04AFA041E41D01821380001F062FAEA
:1010E0006061002837D00121280000F083FAE56014
:1010F0000600FFF7D3FA1A4B2670C018D0231B0640
:101100001B688000637001235B422381A380FB186E
:10111000206167816380002F0AD079006369C91953
:10112000C900104AC9181A80183301328B42FAD10B
:101130000127B7400C4BB20030000C492F62D4504D
:10114000FFF704FB01213000FFF7E6FA084BED182A
:101150002F602000F8BD200001F046FA0024F8E7D7
:1011600040000034FFFF00009C1C0020D10C001048
:1011700038200000124B70B5040098421ED00123A5
:101180000578C668AB400F4A3362B218136001217C
:101190002800FFF7C1FA28000B49FFF7DDFB290003
:1011A000300000F01FFA00212278084B606992009D
:1011B000D15001F019FA200001F016FA70BDC046B6
:1011C000F006002038300000D10C00109C1C0020DC
:1011D000F8B51F0008AB1B7804001600002B07D1E0
:1011E00000F020FA32003B00121A8B41002B51DB39
:1011F0002269EFF3108C72B61368002BFCD0BFF39A
:101200005F8F0223E15E256900293ADB4B006069AC
:101210005B18DB00C218C35A6380BFF35F8F0023E3
:101220002B608CF31088069B9660D7601361079B38
:101230005361538801335B045B0C181C002B1ED0D8
:1012400083B25080080418432569EFF3108672B604
:101250002B68002BFCD0BFF35F8FA3881380A18085
:101260002369BFF35F8F00221A6086F3108823780A
:1012700001329A400849E3685B181A60F8BD012002
:10128000DEE7BFF35F8F00232B608CF31088012013
:101290004042F3E70020F1E73C20000070B582B047
:1012A0000092019301000269EFF3108472B6136893
:1012B000002BFCD0BFF35F8F0223C85E0D690028AE
:1012C0003FDB4A69430016001B18DB00D218F35AB3
:1012D0004B80BFF35F8F00232B6084F31088069B45
:1012E0001361079B5361009B019C9360D4605388FA
:1012F00001335B045B0C1D1C002B20D0ACB203043B
:10130000558023430D69EFF3108C72B62C68002CC6
:10131000FCD0BFF35F8F8C88148088800A69BFF38C
:101320005F8F002010608CF310880A7801309040A5
:10133000CA68084952181060180002B070BD012533
:10134000DCE7BFF35F8F00232B6084F31088013B41
:10135000F2E7C0463C20000010B543890A149342CE
:101360001ADD53009B184269DB00D3180469EFF3C0
:10137000108C72B62268002AFCD0BFF35F8F5A88A7
:10138000090494B2090C8A4208D00369BFF35F8F45
:1013900000221A608CF31088002010BD094A2243F5
:1013A0005A80012302698371BFF35F8F00211160AE
:1013B0008CF31088027804499340C26801205218C7
:1013C0001360EAE70080FFFF3C2000004078704790
:1013D000F0B54746CE46060080B596246442E51730
:1013E0000F00A4197D4183B08D4215D812D000F0B2
:1013F00019F922002B00121A8B41002B16DC002B4E
:1014000040D03000390000F04DF903B0C0BCB946FF
:10141000B046F0BD8442EAD90024002500F002F96C
:1014200022002B00121A8B41002BE8DD00F0FAF8A5
:1014300022002B00121A8B41002B0ADB00230193A0
:10144000124B2200009312482B00FFF727FF0130B8
:10145000D7D0A846A1460F4D0F4C6B6A984504D8CB
:10146000AA6A4A45CDD29845CBD12268EFF31081C4
:1014700072B61368002BFCD0BFF35F8F200003F01F
:101480000BFBEAE7002ABCD0D0E7C046C50F00102E
:10149000F00600200040054060200020F0B5CE4658
:1014A000474680B504000D0085B0EFF305838946FB
:1014B000002B32D1404E336883422AD03F4FFB6825
:1014C0003A7898461800039200F0A4F8039A131D86
:1014D00042469B009B5822001B1A9C462B00121A66
:1014E0008B411900002310008B4225DC22D020BF45
:1014F000334B586A48452BD3401B9A6A431E984188
:101500000023A2425B41184305B0C0BCB946B046B7
:10151000F0BD73688B42D1D1E9E7294900204B6ABD
:10152000AB42F1D38A6A5B1B591E8B41A2424041F8
:101530001843E9E78445DAD900F074F822002B005B
:10154000121A8B41002B05DA1D4A536A4B4529D2EA
:101550000020D9E7002301931A4B220000933800A2
:101560002B00FFF79BFE0028EEDD154B30C65A6AB4
:101570004A4515D39B6AA34210D301003800FFF7F8
:10158000EBFE0F4A0020536A4B45BDD3926A5B1BAA
:10159000591E8B41A24240411843B5E74A45ECD160
:1015A00020BFEAE70020926A5B1BA24240415A1E1C
:1015B00093411843A8E7C046E8060020F006002043
:1015C00000400540C50F001000487047004005402E
:1015D00010B5024A0248FEF7D5FF10BDA4B30010B3
:1015E0006413002010B50248FFF738F810BDC0465C
:1015F0006413002000B5054B83B000930022032341
:101600000348FEF7E7FF03B000BDC046C8B30010B3
:10161000641300200300416A0A00986A596A8A42EA
:10162000FAD17047034B596A0A00986A596A914285
:10163000FAD170470040054070B505000E00184A09
:10164000536A1900946A536A8B42FAD12000190038
:101650002C00350024184D41AB4216D813D0104B46
:101660002A005B6A9D4203D90D494B6A9342FCD321
:10167000934207D10A4A02E0516A994202D1916A23
:10168000A142F9D370BDA042E9D9054B5B6A1C00A9
:101690005A1CEFD0012201246442E5175242E3E7CD
:1016A00000400540064A536A9942FCD807D1044BD2
:1016B00002E05A6A914202D19A6A9042F9D8704780
:1016C00000400540F8B5040006200D0000F06EF95A
:1016D000002843D0364B3749E3185A1E93418022E5
:1016E0005B429B0D12049B059B18334A1360334ADF
:1016F000136018000A689043FBD12D4B304AE31861
:1017000059424B4180215B0049000620995200F06C
:101710004DF92900C00000F05DFB0130C3091ED166
:10172000402701226262A362266BF30722D4E36A98
:10173000244B0620E51800232B60266300F036F9C1
:101740003900800000F046FB7023E26A5A400E33F5
:1017500013402B601C4B23630323A364F8BD1B4A77
:1017600093421DD900231A4A1A4F6262A362266B64
:10177000F307DCD5184B144AE3181A60656AA36AAC
:101780000620AD01ED1800F011F9144900F022FB1C
:101790000100A80200F01EFB0021FFF74DFFC6E785
:1017A00040069A01800E17181A000300BAE7C046D7
:1017B0000080FCBF08C0004000E0004000F0004096
:1017C000642000202C10000001030000FEFF000038
:1017D000FFFF0000C0FF3F00303000004E0E000051
:1017E000F8B5DE464E4645465746E0B505008B4601
:1017F00018000A99914600F0EDFA0A9B6C001E024F
:101800006419304BA400E418636880469E4200D9F6
:1018100066602F1FFBB29A46012B2FD9C02380226E
:10182000294FAD009B0179591201E3181A60002974
:101830001BD14B4622685B015340E02213408022BB
:101840005201A21813605346012B2FD98023802206
:101850009B01E31812011A60434666607B51F0BC9D
:10186000BB46B246A946A046F8BD786900F0B2FA78
:10187000013043001B18033BFDD2DAE75B46012B26
:10188000CCD1C02303229B01E3181A60023AA3685B
:101890001A42FCD04A46236852015A40E0231340C2
:1018A00080225201A218084F1360AD00584603234E
:1018B000216841400B40136001228240A3681A4214
:1018C000FCD0C3E7008000406C130020F0B5D64682
:1018D0004F464646440098462418324BA400E4186C
:1018E00063688A469146C0B5FF2B02D880235B000F
:1018F0006360061FF6B2012E2FD9C02380222A4F23
:1019000085009B0179591201E3181A6000291BD147
:101910004B4622685B015340E02213408022520173
:10192000A2181360012E30D9802380229B01E31876
:1019300012011A6080235B00636043467B51E0BC68
:10194000BA46B146A846F0BD786900F043FA0130C6
:1019500043001B18033BFDD2DAE75346012BCCD1E1
:10196000C02303229B01E3181A60023AA3681A42BB
:10197000FCD04A46236852015A40E023134080229B
:101980005201A218084F13608500504603232168B6
:1019900041400B40136001228240A3681A42FCD0F0
:1019A000C2E7C046008000406C130020014B80005D
:1019B000C05870476C130020F0B5C646040000B54F
:1019C0002348160098460D0000F004FA010030008C
:1019D00000F000FA4346069A1B04120313439C4688
:1019E00023680600002B22DB1A4B1B48E218531E0B
:1019F0009A4180235242120B9B011203D218174BBB
:101A00001A60174B1A60130001688B43FBD1212227
:101A1000144B2560E318A6601A602268002AFCDADD
:101A20006246E26008221A6080BCB846F0BD3F23DF
:101A300022681340AB42D7D1A3681B051B0D83421C
:101A4000D2D1EE22E368D20213406345CCD1EBE75A
:101A5000001BB7000040FDBF08C0004000E0004090
:101A600000F00040043000008023024A9B000B433A
:101A7000D362704700800540002310B50100988AAA
:101A80001B8B984710BDC046162310B5010018885F
:101A90005B88984710BDC046F8B54746CE4680B52E
:101AA0000F1E18D014239946043304000025012684
:101AB00098464B461888434621681B88984701C4BE
:101AC000431E984101350640AF42F2D13000C0BC00
:101AD000B946B046F8BD0126F8E7C046002370B508
:101AE00004000D00988A03491B8B984729000300C6
:101AF0002000984755420000AA23064A1B011360A4
:101B00008D235B00D3600449044B19605368002B9C
:101B1000FCDA70470040024000B0FA00006002406A
:101B20007047C04610B50148FEF7F8FCDCB3001062
:101B300070B5074D074EB54209D20024013E761B11
:101B4000B608013608CD01349847B442FAD170BDC9
:101B5000D8B2001018B30010054B064A06491A60A7
:101B6000064A074B1A6010000B689843FBD1704778
:101B700000E00040BFCDFBFE08C00040FE7F3C00FF
:101B800000F00040044BDB6C002B03D18022034BA0
:101B9000D2021A607047C046000011504C2011500C
:101BA000044A054B1A60054A1368DB018033FBD1F8
:101BB0007047C046FFFFFF0100F0004008C0004032
:101BC0004022034B9A675A671A67DA667047C04625
:101BD00000F0014010B5FEF76DFD10BD70B527494E
:101BE000274E284D761AB4082200302C00D9302216
:101BF0002800920000F016FD2F2C3BD823002A3B32
:101C0000214A052B1BD93020AE197107001B260075
:101C1000CB0F002902DAA1006A50661CC01AE31833
:101C20009B004108EB18C900C9181A605A600833B4
:101C30008B42FAD1012303421CD098438419A3009C
:101C4000EA50631C2F2C15D09B00EA50A31C2E2CAD
:101C500010D09B00EA50E31C2D2C0BD09B00EA50C7
:101C6000231D2C2C06D09B00EA50631D2B2C01D089
:101C70009B00EA50054B9D6070BDC04600010010FE
:101C8000C001001000000020C101001000ED00E0C4
:101C9000002310B5294C82B0A367FFF72DFF012266
:101CA000274B1A60636C012BFCD10322254B1A6071
:101CB000224A936B012BFCD1013300930121224A6C
:101CC00022480433FFF778FE052301210093204AC0
:101CD0002048FFF771FE0022022104201E4BFFF76F
:101CE000F5FD0022012105201C4BFFF7EFFD00222E
:101CF000002107201A4BFFF7E9FD002200210820F0
:101D0000174BFFF7E3FD8023DB0000930022002147
:101D10000920134BFFF764FD0022104B0021062021
:101D2000FFF7D4FD0420FFF741FE0E4900F052F802
:101D300001000020FFF798FE02B010BD00800040B7
:101D40003CB0004030B00040002F68590080024095
:101D5000008C864700C00240001BB7004059730743
:101D6000006CDC0240420F0001480421014B18477F
:101D700010070020991A0010014B9B6818470000BB
:101D800010070020124A936F9B0815D29066D16607
:101D9000002905D0FFE7FFE7FFE7516F106F70479D
:101DA00004B580210906C2175140002800D0C8435D
:101DB00009F04AFA002104BDF0B5146E556E576F54
:101DC000166FFFF7E3FF1466556657671667F0BD99
:101DD000000000D0114A936F9B0813D21066516621
:101DE000002905D0FFE7FFE7FFE7516F106F70474D
:101DF00004B5002801D00020C04309F025FA0021D5
:101E000004BDC046F0B5146E556E576F166FFFF7E0
:101E1000E5FF1466556657671667F0BD000000D0F1
:101E200094464A4A926F9208624601D228E0C04620
:101E3000F0B5464E346E756E776F366F00F020F851
:101E40009446424A14665566576716676246F0BD67
:101E500094463E4A926F9208624601D254E0C046D0
:101E6000F0B53A4E346E756E776F366F00F04CF801
:101E70009446364A14665566576716676246F0BD43
:101E8000002B24DB11D000293EDA00B5C9434042C3
:101E900000D1013100F038F8C943404200D101318E
:101EA000DB43524200D1013300BD002AEBD10028B0
:101EB00001D1002905D00020C90FC90701D1C043B5
:101EC000410800B509F0F0F90022002300BD00B57B
:101ED00000290ADBDB43524200D1013300F014F841
:101EE000C943404200D1013100BDC943404200D145
:101EF0000131DB43524200D1013300F005F8DB43EE
:101F0000524200D1013300BD002923D1002B18D14A
:101F1000002A0CD0BC460D4F38667A66002100239B
:101F2000FFE7FFE7FFE77A6F386F674670470028E3
:101F300001D00748010000B509F0B6F900220023DE
:101F400000BD02000B00002000217047000000D0FF
:101F5000FFFFFFFF002B00D0BFE0130C28D1002AA9
:101F6000E7D080B4114F39667A66FFE7FFE730B4F7
:101F7000040C7B6F396F1B0423433B667A66FFE7D3
:101F8000FFE7FFE7C04684B27B6F3D6F1B0423432E
:101F90003B667A66FFE7FFE7C04600232C042D0C62
:101FA0007A6F386F00196941B0BC7047000000D0EB
:101FB000F0B594460025140E01D112020835140F15
:101FC00001D112010435940F01D192000235D40FD2
:101FD00001D152000135D40B0134254F7C66254CCC
:101FE0003C660E0C93B2FFE7FFE7FFE73C6F6643EA
:101FF000360C7703BE467343DF0B5B04C01AB9414E
:10200000130C7343DB18C91ACE086643360CB6446A
:1020100093B273431F0F1B01C01AB941130C7343D2
:102020001F0B1B05C01AB941860D8F023E43664344
:10203000360C092D24DB520A7243801A7703460AB4
:102040006643360C16235B1BDE40DF40BF19644637
:102050006643821B7046043506330100D940A84010
:10206000C01900D30131A24206D20023F0BD000006
:10207000000000D0FFFFFFFF121B0130F3D3F1E798
:1020800009277F1BFE406446A2B27243801A00D229
:102090000139220C7243130C1204821A99410B006D
:1020A0007046043513370100F940A840801900D369
:1020B0000131002B02D1A2420AD2F0BD013000D37F
:1020C0000131121BFAD2013BF8D1A24200D2F0BD7D
:1020D000013000D30131121BF7E7F0B51C0C00D022
:1020E00080E00CB400251C0A04D11B02160E3343F9
:1020F000120208351C0B04D11B01160F33431201C9
:1021000004359C0B04D19B00960F3343920002359B
:10211000DC0B02D192185B4101351C009718644119
:102120000134464F7C66464C3C660E0CFFE7FFE7E9
:10213000FFE7C0463C6F6643360C7703BE4697B256
:102140007743C01B00D20139C01B00D201399FB2B6
:102150007743C91BC91B170C77437E04FF0B801BF9
:10216000B941CE086643360C0C2D33DBB644120B56
:102170001F053A431B0B97B27743C01B00D20139AE
:102180009FB27743C91B170C77433E043F0C801B5B
:10219000B941860D8F023E43664329277F1BFE40CF
:1021A0000C3D7746AF40BF1930BCA2B2ABB2724310
:1021B0007343801A9941220C7243130C1204801A43
:1021C000994102000B000137001BA941F9D2781E8A
:1021D0000021F0BD0C277F1BFE4077467F0BAF40F0
:1021E000FF19E0E700245D1C07D0144F7D663966B7
:1021F000FFE7FFE7FFE7FFE73C6F95B29EB265435D
:102200006643401BB141150C1E0C65436643360402
:102210002F0C3E432D04401BB141994204D20200D1
:102220000B0020000021F0BD01D19042F7D3801AAD
:10223000994101349942F2D3F6E70000000000D042
:10224000FFFFFFFF48404140484018B4134B5B6814
:10225000019308BD18B4114B1B68019308BD944647
:102260000F4A926F920805D2624618B40B4BDB6896
:10227000019308BD0A4AF0B5146E556E576F166F7C
:102280006246FFF7F2FF064A1466556657671667FF
:10229000F0BD18B4014B9B68019308BD700F00207E
:1022A000000000D0FFB550404240504059404B40E4
:1022B000594000E0FFB5154F4C00640D03D0BC42FF
:1022C00004D10C0314D80020090D09055C00640D2D
:1022D00003D0BC4204D11C030AD800221B0D1B05ED
:1022E00001264B4009D44B4003D58B4200D182429A
:1022F000FFBD9942FCD19042FFBD0B43DB18034365
:102300001343F5D0C9434918FFBD0000FF07000083
:1023100000B5FFF7CFFF804100BDC04600B5FFF715
:10232000C9FF01D9002000BD012000BD00B5FFF7A5
:10233000B9FF01D9002000BD012000BD00B5FFF7A5
:10234000B1FF804100BD012040054A00121804D8A9
:102350005A00121801D80020704701207047000071
:102360000021002805D17047C1174840401AFAD013
:10237000C90713B5064B1B6898470CBC441CA24008
:102380001005120B0349091B09051943114310BD20
:102390005C1F00201F04000010B54C00620D80235C
:1023A000D218DB00D21A5B057E2A10DD9E3A13DAC2
:1023B000CC170903490819435242D1406400013443
:1023C0001532202A05DAD0400843604310BD0020B2
:1023D00010BD0846604310BDC80FC018013810BDBD
:1023E00018B4024B5B6A019308BD0000700F002017
:1023F00010B50148FEF792F8E8B30010132370B54A
:102400001D78012D19D014DD1D48FFF73DFB060096
:102410001C48FFF739FB1C4C80223100200000F0E3
:1024200001F9022D06D01948FFF726FB184B18605A
:1024300070BD154C174BA364F5E7174B124C236086
:102440006360A360E36023616361A361E36123626E
:102450006362A362E36223636363A363E36323644E
:102460006364A364E36423656365A365E36523662E
:102470006366A366E36623676367A367E367D9E7D9
:102480005344000053460000700F00204C330000FE
:102490005C1F00209D240010F123001007B560464A
:1024A00001880A0A0230DF2AFAD1C9B2820804D3AD
:1024B000028840880004104300E00068014A505040
:1024C000039007BD700F002051434343C9188C4649
:1024D000110C83B24B4310B4040C614392B280B22E
:1024E000504362431C041B0C001910BC59411304D7
:1024F000120CC018514161447047000010B50148EA
:10250000FEF70CF838B50010132310B51C781148ED
:10251000FFF7BAFA012C0BD004DD010080220E482F
:1025200000F080F80D48FFF7A7FA0D4B186010BDBA
:10253000094C01005422200000F074F82200200011
:10254000084980320368002B00D1016004309042BA
:10255000F8D1E7E753460000601F00204C3300002D
:102560005C1F0020FD24001070B504000A4E3000EE
:1025700008F062FE200008F09DF90500300008F028
:1025800043FE002D05D0054B2C199C4201D8280094
:1025900070BD0348FDF7C2FF900D0020000004202D
:1025A00000B40010F8B507000C000C4E300008F025
:1025B00043FE2100380008F017F90500300008F04C
:1025C00023FE002D06D07C43054B2C199C4201D8DC
:1025D0002800F8BD0348FDF7A1FFC046900D00207C
:1025E0000000042000B4001070B50500054C200068
:1025F00008F022FE280008F067F9200008F004FE29
:1026000070BDC046900D002001480421014B1847C1
:1026100020070020991A0010014B1B681847000082
:1026200020070020014B5B681847000020070020AE
:102630007047C046F8B5DE4657464E464546E0B5BB
:1026400099460D9B0700884693469B0728D00B9B15
:10265000002B3CD016000B9C0A9D3619321B013C06
:102660004B464146285DB847002CF7D135000D9BFD
:102670009B070ED55B46EC1A0C9BA34209D91E00A2
:102680002A004B46414620200134B8470135B44268
:10269000F6D32800F0BCBB46B246A946A046F8BD1A
:1026A0000B9B0C9A934214D213005D460C000B9ABC
:1026B0009E1A76192A004B46013521002020B84782
:1026C000B542F7D10B9BA046002BC4D1E1E7150022
:1026D000CDE75E46002BBED15D46DAE7F0B54F464A
:1026E000D6464646C0B584B09C460EAB1F78129BBA
:1026F0009146BA460D9C109E119D9B074CD4002D0F
:1027000041D1B44248D20123129F1F40B8460C9BCE
:102710005F1E302303E001343B55A64201D9202C33
:10272000F9D14346002B00D187E00C9B5F1E30237C
:10273000A54204D830E001343B55AC422CD0202CCB
:10274000F9D1129BDB060DD5129B5B0557D4A6422F
:1027500067D0A54265D00F9B102B53D0022B5BD0C6
:10276000202C36D12023129C01930C9B4A460093C7
:10277000039463460295FFF75DFF04B0E0BCBA46E0
:10278000B146A846F0BD0123129A13409846012392
:1027900013422DD1B442BAD3129BDB061ED5129B35
:1027A0005B05D8D4002CD2D10F9B102B60D00F9B8F
:1027B000022B71D0302301240C9A13705346002B46
:1027C00011D1129B5B0740D52B260C9A631C165522
:1027D000C9E72300013430260C9AD654202CC1D0EE
:1027E0005346002BEDD02D260C9A631C1655BAE7E4
:1027F000002F34D0013DB44200D288E795E70F9B0B
:10280000102BAFD1129B9B063CD5202CAAD058236D
:102810000C9A13550134A3E7202CA3D023000134D4
:1028200007E0631E012CBFD00F9A102A36D0022A6F
:10283000D1D162260C9AD65492E7129BDB06CDD5F5
:10284000129B5B0500D482E785E7129A23001607E6
:1028500000D488E720260C9A0133165583E70C2311
:1028600013405F1EBB41ED1AB44200D24FE75CE754
:10287000129B9B060ED478230C9A022413703023EB
:1028800053709BE7202C00D16CE778230C9A1355EA
:10289000013465E75823EFE76033EDE70C9AA61E95
:1028A000B618129A920602D55822327093E778220F
:1028B000327090E710B5002800D110BD01F0C8FBC0
:1028C000FBE7C04610B5002803D04A680B6811002A
:1028D000984710BDF0B54E46DE4657464546E0B532
:1028E00095B083468946924698461E9A1F9B1000D3
:1028F0001900209EFFF727FD002800D0D2E11E9886
:102900001F990122C44B5242FFF702FD002800D05C
:1029100001E11E981F990122C04B5242FFF70EFDA4
:10292000002800D0D6E01E981F990022BC4BFFF76C
:1029300005FD002800D0B5E01E981F990022B94B74
:10294000FFF7E6FC002800D0ACE01E981F9900229B
:102950000023FFF7DDFC002800D0D1E000230B931B
:10296000229B5B0500D406260024302306E006AA3D
:10297000013417321355013E202C01D0092EF6D810
:102980001E981F99FFF708FDA74BF2009B180CCB70
:10299000050008920993FFF7E7FC02000B001E9860
:1029A0001F99FFF752FC089A099BFFF772FC0690EB
:1029B0000791FFF715FD0700FFF7D2FC02000B009F
:1029C00006980799FFF741FC0022984B0690079163
:1029D000FFF7B4FC002800D1E9E001373800FFF729
:1029E000BFFC02000B0008980999FFF797FC00282C
:1029F00001D000270135002E00D1B7E0069513E085
:102A0000172306AA9B180A21380001341D19FFF765
:102A1000E1F93031297038000A21013EFFF7DAF977
:102A2000092F00D8E1E00700202CE9D1069D2024E1
:102A30000CAB0693172706ABFF180DE028000A2100
:102A4000FFF7A0F901343031280039550A21FFF78A
:102A500099F9051E00D1B7E0202CEFD10323229A6B
:102A60001340012B17D1219B002B14D00B9B002B63
:102A700000D1E3E0219B013B2193202B0BD9302394
:102A8000219A06E006A9013417310B55944200D370
:102A9000A0E0202CF6D1229B01940393219B02936A
:102AA000069B21E0229B52460493219B49460393B7
:102AB00058461E9B1F9C029600930194434600F0CB
:102AC00043F90400200015B0F0BCBB46B246A9464D
:102AD000A046F0BD229B5B070FD40322544B2299E2
:102AE000019203912199029100935246434649462F
:102AF0005846FFF79FFD0400E4E704224D4BEEE744
:102B00001E9A1F9B00200021FFF79FFB01231E90B0
:102B10001F910B9324E70223229A54461A40229BCA
:102B200006929B0700D1ACE02600434D08942F1F6E
:102B30003200E87843464946013DD8470136BD4258
:102B4000F6D1089C069B0434002BBBD05746219A33
:102B5000E31B9A42B6D9150022004346494620207D
:102B60000134D847E31BAB42F6D3ABE72800FFF7AD
:102B7000FBFB02000B001E981F99FFF766FB2B4B17
:102B8000002206000F00FFF7C3FB0CAB06930028E2
:102B900000D04FE7002230003900244BFFF7CEFB76
:102BA000002800D046E7012301359D4342E700227B
:102BB000069807991D4BFFF7ABFB002800D01AE7DA
:102BC000002F59D1013716E70323229A1340012B16
:102BD00000D1A6E0202C00D15DE70B9B002B3AD062
:102BE0002D23069A1355013455E7069D202C00D15C
:102BF0001DE73023361906E006AA013417321355B3
:102C0000202C00D113E7A642F6D12E230CAA0134C2
:102C1000069293550EE7C046FFFFEFFFFFFFEF7FE1
:102C200065CDCD4165CDCDC170BA00100000E03F4B
:102C300058B4001050B4001060B400100C23229A55
:102C4000134257D0219B013B2193A34200D916E7A1
:102C5000202C00D11FE7229B5B0704D52B23069A6B
:102C60001355013417E7229B1B0700D413E72023D9
:102C7000069A135501340EE7FB0700D4BBE6013773
:102C8000B9E6219B042B00D84EE755464F46043C3D
:102C9000E4182A004346013539002020D847AC42C9
:102CA000F7D141E70227229B55461F409B0726D0BC
:102CB00006975F46234EEC1C2A00B07843464946EF
:102CC0000135B847013EAC42F6D1069F002F00D136
:102CD000F8E65746219AE31B9A4200D8F2E615001F
:102CE00022004346494620200134D847E31BAB422B
:102CF000F6D3E7E6219BA34200D9C0E6CBE6219BB1
:102D0000032BD5D9069754464F46033DED182200B4
:102D10004346013439002020D847A542F7D1069F09
:102D2000C6E7219B002B00D154E70B9B002B85D0DD
:102D3000219B013B21939C4200D2A0E6202C00D095
:102D40004EE7A8E65CB40010F0B54546DE465746AF
:102D50004E46E0B59BB0249C259D8246884693460E
:102D6000994622002B0020002900FFF7ECFA0028EA
:102D700000D0C1E00122200029007C4B5242FFF725
:102D8000DDFA002800D0B7E0012220002900784BAE
:102D90005242FFF7BDFA002800D0ADE00022002328
:102DA00020002900FFF7B4FA002800D0BBE1089406
:102DB0000995089809998023289ADB001A400F92F8
:102DC0008022289E1201164032000E96289E0F0087
:102DD0000A901E4200D0A4E00B00034300D0CBE0D9
:102DE000002A00D012E23200063326930223134059
:102DF0000C930223134200D00AE2279B042B00D23B
:102E000015E200270426043B0E9300220023200035
:102E10002900FFF77DFA002800D0C8E1554B289A19
:102E2000134004930E9B0393269B0293089B099CDB
:102E30000093019441464B465A465046FFF74AFDDF
:102E400002002020289B0025034059424B415B4251
:102E50001840531C089341464B464530D047FB175A
:102E6000FC185C40FB0F1F270A93731E0E930AABDE
:102E7000FF1806E020000A21FEF7ACFF0400202D19
:102E800008D00A212000FEF7A5FF01353031795521
:102E9000092CEFD8052306930E9B56460593002375
:102EA00004930A3303930A9B4146029312AB0093A7
:102EB00030004B46089A0195FFF710FC0C9B002B45
:102EC00028D05F46279BC41BA34223D982461D00FE
:102ED0003A194B46414620200134B047A542F7D865
:102EE00050465946279C421A01320023944200D38F
:102EF00095E1013018180DE0289B0094019504938A
:102F0000279B0393269B02934B465A4641465046C5
:102F1000FFF7E0FC1BB0F0BCBB46B246A946A0469A
:102F2000F0BD01432AD10E9B3200002B00D15DE79A
:102F30000027269B0026BB4200DD82E10022002301
:102F400020002900FFF7E4F9002800D04BE1289B7E
:102F5000084A02961A408023DB0013430493279B00
:102F60000393089B099C00930194CDE7FFFFEF7F3B
:102F7000FFFFEFFFFFF7FFFF06232693B24B78001A
:102F8000400DC018FFF7F0F9B04AB14BFFF781F9D7
:102F9000B04AB14BFFF75EF93F03B04B3F0B3B43E9
:102FA0000C900D9100220A981900AD4BFFF74DF9D6
:102FB000AC4AAD4BFFF76DF902000B000C980D9970
:102FC000FFF748F9FFF7E8F90700FFF7CDF9A74A3F
:102FD000A74B0A900B91FFF75CF90022A54BFFF776
:102FE00039F9FFF7D9F9A44A06000A980B99A34BBF
:102FF000FFF74FF90A900B913000FFF7B5F9A04A9F
:10300000A04BFFF746F902000B000A980B99FFF757
:103010001CF902000B000A900B91FFF73AF90C9093
:103020000D910A980B9902000B00FFF713F900228B
:10303000109011910C980D99934BFFF710F9002205
:10304000924BFFF707F902000B000C980D99FFF760
:1030500006F900228E4BFFF7FDF802000B000C98DA
:103060000D99FFF7FCF80A9A0B9B0C900D918021AB
:103070000020C905FFF7E9F802000B000C980D9934
:10308000FFF7E8F802000B0010981199FFF7E7F836
:103090000022724BFFF7DEF87E4B0022F618330554
:1030A000FFF7F7F802000B000A900B9108980999B6
:1030B000FFF72EF9002808D00A980B990022734BCD
:1030C000FFF7CDF80A900B91013F0A990B9A0B007C
:1030D00011003A006332C62A12D802222898042628
:1030E00010400E9A0C90002A26D1279B042B05D95C
:1030F000002800D0A1E0279B043B0E93042642E069
:103100000222289810400E9A0C90002A13D1279B77
:10311000052B00D889E0002800D084E0279B0526F5
:10312000053B0E9332E080231B069C46AC4463466D
:10313000089409933DE605260B4300D1F9E608986B
:103140000999554A554BFFF7F1F8002808D008981F
:1031500009990022524BFFF7DBF8002800D0E8E67F
:10316000269B002B34D00F9B002B31D0269B013B9C
:103170002693279BB34204D90C9B002B59D00223E2
:103180000C9300230E93002F00D13EE60A9A0B9B6E
:1031900008980999FFF763F8002208900991002325
:1031A00020002900FFF7B4F8002800D136E6089C7B
:1031B000099D289A80203B4B00061340220004936F
:1031C0000E9B0393269B02932B180092019331E6EA
:1031D000279BB342D5D90C9B002B2AD000230E93FA
:1031E00002330C93CFE7289B2E4A8020089C099D30
:1031F0001A408023DB00134322000493279B000620
:1032000003932B180092019302967DE6052695E61E
:1032100000230E930233002704260C93F5E54B1E82
:103220001B191B1A65E602230C930526AEE704233F
:10323000E7E5279B9B1B0E93A5E7022304260C932F
:10324000A1E7DB1B5E1E79E601FCFFFFFB799F50C7
:103250001344D33FB3C8608B288AC63F0000F03FB9
:103260000000F83F61436F63A787D23F71A37909DC
:103270004F930A400000E03F1655B5BBB16B0240CA
:10328000EF39FAFE422EE63F00002C4000002440B9
:1032900000001840FF0300002D431CEBE2361A3FEC
:1032A00080842E41FFF7FFFFF0B55746DE464E46BD
:1032B0004546E0B5A3B01F002C9B92460C93C94A2B
:1032C000C94B8B460B901A60002900D1BFE1002347
:1032D00038789946002800D1C1E1C44B4C46099387
:1032E000C34B0E935B460A9308E0220053460A99AB
:1032F0000B9DA84701343878002876D0013725285F
:10330000F3D110239B46083B9946043B9846033B68
:10331000002602259C463878791C0300203BDBB24E
:10332000102B03D8099A9B00D3589F460300303BCB
:10333000092B36D900252A2800D1A7E000230D93B8
:103340002E283FD00300683BDBB2122B1BD80E9A0D
:103350009B00D3589F4663460F001E43DBE70F00D8
:103360002E43D8E743460F001E43D4E75B460F00C9
:103370001E43D0E74B460F001E43CCE780237878EE
:103380005B001E4301310F00672845D82428ACD9C3
:103390000300253BDBB2422BA7D896499B00CB58B4
:1033A0009F460025AB005D196D002D1808780F00B1
:1033B0000300303B303D0131092BF3D900230D933D
:1033C0002E28BFD13022802052429046C0000643B2
:1033D00078780B0080444246092A00D851E12A2817
:1033E00000D15EE10F000131ACE70A9BA1469B468C
:1033F000CA4503D801235B425344994653464A4683
:10340000594600200B9DA847200023B0F0BCBB46C6
:10341000B246A946A046F0BD0300693BDBB20F2BC4
:1034200000D962E7012199408846734A11408B46D2
:10343000110042460A4200D013E10A2B2FD0072B7D
:1034400000D052E70C9D01CD002800D134E12123AA
:103450001E43B0461F260D9A12ABF618A14694469D
:103460005946340002E0000920290AD00F26064000
:1034700032003732092E00D8073A013162540F2842
:10348000F1D863464C468B460D9322E10C9B20CB32
:10349000002D52DB78780C930F0001314EE70C9B26
:1034A0000D9904CB90469B46002900D128E1434664
:1034B00018784144002801D100F029FC0D9A944667
:1034C0000A0004E059780133002900D195E19A42BD
:1034D000F8D163460D934346D31A0F93730500D476
:1034E0006CE10F9B0D9A934200D90F9202231A00B0
:1034F00032400C92334200D191E20C930D9BB946BD
:103500001E1943461B1BA84622001F000B9D08E006
:10351000541C53460A99A847385D002800D163E13E
:1035200022009642F4D145464F4634000C9B002BB6
:1035300000D097E15B460C93DDE6022278781643D3
:103540000F006D420C930131F8E678786C2800D1B9
:1035500059E180235B001E43013114E780239B0067
:1035600078781E4301310EE77878682800D150E161
:10357000802301311E4306E7672800D1C2E04728B7
:1035800000D134E1452800D134E107210C9B0D9A8C
:1035900007338B4319000496039502920CC90B98CC
:1035A000009201930C91220053460A99FFF7CCFB3D
:1035B0000400A0E6462800D1A8E007210C9B0D9A44
:1035C00007338B4319000496039502920CC90B989C
:1035D000009201930C91220053460A99FFF77AF961
:1035E000040088E6A93200108C1C0020D0B800101E
:1035F00014B9001060B90010419000002200534639
:1036000025200A990B9DA847013474E60C9B0433CE
:103610009B46631C9846B60700D4FFE00C9B220033
:1036200018780A9953460B9EB0476419012D00D8AB
:1036300049E245460B9EB8460A9F2A00534601358B
:1036400039002020B047A542F7D1474672E7DB4B4F
:1036500038780B9300239946002800D03DE60024DB
:10366000C6E66F2855D000D8BCE21023782800D1D8
:103670009EE09E430A239C4600230F930A339B46F9
:103680004DE000218A0052185200013311181878B9
:1036900030390200303A092AF4D90D911F00591C23
:1036A00050E60C9BB87804CB0237D143C9170A40C7
:1036B0000D920C93791C45E610233000984311338A
:1036C0001843802380463000DB0018401E4200D1A2
:1036D000C0E643460693082305930D9B22000493FE
:1036E00010230393002302935B4601931AAB0093CC
:1036F0000A9953460B98FEF7F1FF0C950400FAE582
:103700000139D4E680231B011E433EE720231E43DC
:1037100053E708239C4600230F9308339B468023DE
:103720003000DB0018401E4200D11AE10D233100A9
:10373000994380230A009B001A409146194200D009
:10374000C3E180230A005B001A4090460C9A0432C1
:103750000F92194200D08FE24B0600D597E10B067D
:1037600000D4E5E20C9B1B8899464B46002B00D009
:1037700005E210339943002800D100E20023984667
:103780000D9B069104935B460393002305950293DA
:103790004346D9E0582808D0622878D102239C46B5
:1037A00000230F9302339B46B9E720231E43103BAF
:1037B0009C4600230F9310339B46B0E702231A0068
:1037C00032400C92334200D105E20C934346B94695
:1037D0000B9E0A9FA8461D1B220053463900013448
:1037E000B047285D0028F7D145464F469EE6802326
:1037F0001B011E4320231E43C7E662460D9242462C
:103800009B1A0F936AE6C0239B00B8781E43F91CED
:10381000B9E5C023B8781E43F91CB4E5012D00D8E2
:103820004AE1631E9946A9444B4652462600A146EA
:10383000BA461C001700A8460B9D32003B0001361B
:1038400020200A99A847A642F7D13B0057469A463E
:103850004C460C9B320018780A9953460B9D444401
:10386000A84767E6A0460F9B9D4200D862E62C1948
:103870000B9E4546B8460A9FE41A2A005346013576
:1038800039002020B047A542F7D1474652E68023B1
:103890003200DB001A4090461E4200D1F3E01121B5
:1038A0008E43B4469846802362469B001A40934656
:1038B00062461A4259D180235B001A4091460C9A05
:1038C00004320F9262461A4200D0A0E163465B06C2
:1038D00000D5D4E063461B0600D412E20C9B002204
:1038E0009B5ED8171918414089B2DA0F0C92002B51
:1038F00000D187E188461F2612ABBB461495F71806
:1039000045464E46E046A14606E028000A21FEF75D
:1039100061FA0500202E08D00A212800FEF75AFA85
:1039200001363031B955092DEFD84C46C446B14661
:103930005F46149D634606930D9B059504930A23E9
:1039400003930C9B02934B4601931AAB2200009306
:103950000A9953460B98FEF7C1FE0F9B04000C9387
:10396000C9E40C2331009943E3E60822072191467C
:103970000C9B07338B4399444A460ACB08000C92B0
:10398000DA0F9346184300D085E00023994643465A
:10399000002B2FD1002200231092119300231F2609
:1039A000994612ABF6185B461495BB46E0463700C5
:1039B0000F934E46A146109C119D05E03126001044
:1039C00004000D00202E0CD00A2200232000290024
:1039D000FEF73EFA01363032BA55002DF0D1092CEF
:1039E000EED80F9B109411955F464C46C446B146E5
:1039F0009B46149D634606930D9B059504930A23ED
:103A000003935B4602934B4601931AAB220000934B
:103A10000A9953460B98FEF761FE04006BE40F9B76
:103A20009D4200D896E18023DB000C930F9B2E195A
:103A3000F61A43460F930D9BA84699465346BA463D
:103A40001F000B9D22003B00013420200A99A8474B
:103A5000B442F7D10F9B454698464B460D933B0029
:103A600057469A4643461878002800D162E56B1CF9
:103A70000F930C9B002B00D1A8E600233DE50C9B87
:103A80001B78190031E710239E43B4460BE70C9BCB
:103A90001B78994669E6DA17129213924A401092FF
:103AA000129813990A005A401192109A119B121AF7
:103AB0008B411092119371E70C9B220018780A99A0
:103AC00053460B9CA047444634E5082207269046FF
:103AD0000C9B0733B343984442460C921A685B68C8
:103AE000149208931300089A134305D11033994395
:103AF00000239846002838D161208B0600D541204C
:103B000000231F2698465A4612ABF6180300189257
:103B10000F9A0A3BB1461695179419974446664684
:103B200090469B46149F089D159103E007000D00E9
:103B3000202C13D03200002338002900FEF788F92A
:103B40005B46D2B2D318092A01D8130030334A4653
:103B500001341355A845E9D1BE42E7D9189BA046C8
:103B60009B461599169D179C199F0D9B06910493D2
:103B70005B460393002305950293434644E7612087
:103B80008B0600D541201F2612ABF21803000A3B1A
:103B90000C934B464646A146A8461C005D46149130
:103BA000BB46170002E00400202E0DD029002000A3
:103BB000FEF710F90C9BCB18092901D80B00303304
:103BC0000136BB55AC42EED25F464C46AB4614992B
:103BD0004546B046D4E50F9B9D4200D926E7013308
:103BE0000F93F3E5102332009A439446692800D0DE
:103BF000A2E080233200DB001A4090461E4200D132
:103C000051E64CE64346002B00D093E673E60C9B4E
:103C10001B68DA0F002B70D0D9175B184B40984601
:103C20001F2612ABF618A14614955C464546BB46C6
:103C3000E04637000C9206E028000A21FEF7CAF899
:103C40000500202C08D00A212800FEF7C3F8013413
:103C500030313955092DEFD85F46C446A3464C464E
:103C6000149D0C9A634606930D9B059504930A23B5
:103C7000029203935B4667E60C9B1B689846002BF9
:103C800003D11033994300282DD161208B0600D534
:103C900041201F2612ABF61803000A3B4A460C933C
:103CA000149143463100A846A1465E461400BB4627
:103CB0001D000F0002E00500202C0DD0310028006F
:103CC000FEF788F80C9BCB18092901D80B0030337C
:103CD00001343B55B542EED223005F464C46454683
:103CE000B346994614990D9B069104935B46039342
:103CF0000023059502934B4626E64346002BB1D19F
:103D00008EE70C9B1B68D81719184140EDE58023FE
:103D10003200DB001A400F921E420FD00230020028
:103D200032400F92304219D00023A0460F939AE5FB
:103D30000C9B1B68994618E516009BE402231A00A9
:103D400032400C92334200D08CE5002D00D06DE65D
:103D5000FFF7F0FB01330F93FFF7D0FB0C93F4E771
:103D600000B585B003910121029000930348130030
:103D70004A4202A9FFF798FA05B000BDC528001015
:103D800010B5094A0300146884B0002C08D0012241
:103D900000910648524203A9A047012004B010BD7B
:103DA00000F0A0F90020F9E78C1C0020B5280010D5
:103DB0000021002010B5FDF791FEC0467047C046B7
:103DC000094A1368002B06D008491818884208D8F9
:103DD000106018007047064B044918181360884299
:103DE000F6D901235B42F4E7881C00200000042080
:103DF0006421022010B5FFF7DBFFC04670B5FDF768
:103E000097FE074D074EB54209D20024013E761BAE
:103E1000B608013608CD01349847B442FAD170BDD6
:103E200018B3001020B30010030010B508001100F3
:103E30001B68984710BDC046F8B5437D07000D00CC
:103E40001600002B38D0002A1ADD0B780A2B18D068
:103E50000020012E09D0012421006B5C01340A2BC3
:103E60001AD0B442F8D1864203DD311A3B682818D3
:103E70009847AD19013D2B780D3B5A4253413B7594
:103E8000F8BD037D002BE3D102210E483B68984723
:103E9000012EEED00120DEE76B1E5B5C0D2BE0D027
:103EA000884203DA091A3B68281898470548022116
:103EB0003B6898472000D4E7036811002800984722
:103EC000DEE7C046C0BA0010F8B50B680D005A1CFA
:103ED000CB180A601871802A00D0F8BD0E4B1C6800
:103EE000002C15D00D4E0F1D02E02469002C0FD0C0
:103EF0002368002BF9D03368002B01D0A342F4D102
:103F0000200039002A68FFF797FF2469002CEFD1C1
:103F100000232B60E1E7C0467C1C0020841C0020AD
:103F2000F0B54646D6464F46C0B582B090461C0016
:103F300006000D00FDF776FB00232F4A12184B41B7
:103F4000002B02DA01222D4B52422D4908008A46ED
:103F500007F0A2F981466B1C03D1300006F0E0FFA8
:103F60000500002C27D0274F274B1C68002C18D0A9
:103F70004346002B21D1254B984602E02469002CB2
:103F80000FD02368002BF9D043461B68002B01D0CB
:103F90009C42F3D120002A003100B8472469002C4C
:103FA000EFD14B46002B23D1280002B0E0BCBA462B
:103FB000B146A846F0BD164FD6E7144B984602E02E
:103FC0002469002CEDD02368002BF9D043461B68F0
:103FD000002B01D0A342F3D12A0031002000B847C2
:103FE0006B460A222000DA71D91D093AB847E7E783
:103FF000504607F009F9D7E740420F00FFFFFF7F67
:10400000980D0020393E00107C1C0020841C0020EC
:10401000293E00100A4A1368002B05D10CE01A0053
:104020001B691032002B07D08342F8D1002902D13E
:1040300018691060196170470029FCD01060FAE718
:104040007C1C002010B500F0A7F9012010BDC0466F
:10405000F0B5CE46474680B583B06B460600DD1D01
:104060002870FDF7DFFA0023194A12184B41002B84
:1040700002DA0122174B524217490800894607F01D
:104080000BF9164B80461C68002C14D0144F02E02C
:104090002469002C0FD02368002BF9D03B68002B3B
:1040A00001D09C42F4D1200001222900FFF7C4FE78
:1040B0002469002CEFD14346002B05D1300003B01A
:1040C000C0BCB946B046F0BD484607F09DF8F5E7DC
:1040D00040420F00FFFFFF7F980D00207C1C002056
:1040E000841C002070B5040006F01AFF01230100B3
:1040F000050001222000FFF713FF084B1C68002C6D
:1041000006D06368002B05D098472469002CF8D1AD
:10411000280070BD2469002CF3D1F9E77C1C002035
:10412000F0B5CE46474680B5A3B004000E00FDF7BB
:1041300079FA0023264A12184B41002B02DA012299
:10414000244B5242244807F0A7F800232200019391
:1041500080463300214801A9FFF702FE204F019B52
:1041600081463C68002B19D0002C2FD01D4E02E058
:104170002469002C0FD02368002BF9D03368002B62
:1041800001D0A342F4D12000019A02A9FFF754FE06
:104190002469002CEFD100233C680193002C06D049
:1041A0006368002B0CD098472469002CF8D1434653
:1041B000002B07D1484623B0C0BCB946B046F0BD7D
:1041C0002469EBE7044807F01FF8F3E70194EEE7F2
:1041D00040420F00FFFFFF7F980D0020C93E0010F6
:1041E0007C1C0020841C00200FB400B583B004A9FF
:1041F00001C90191FFF794FF03B008BC04B0184750
:10420000F0B5002915DD0E4B0D271A680D4B0E4C2D
:10421000D3185D426B41451820215B001E5F047876
:10422000A64207D093691942FCD101301460A8421C
:10423000F5D1F0BD93691942FCD11760F2E7C04691
:10424000682000200080FCBF642000201F4B30B598
:104250001B680D1E9C462ADD441E102100201C4BAD
:104260001A689369194214D1013093691942FCD13B
:10427000136823548542F4D16346002B07D05023A2
:104280009363516B183B0B4012495218136028007E
:1042900030BD6346002B07D050239363516B183B0E
:1042A0000B400C49521813600028F1D10BE0002B91
:1042B00009D05022064B1B689A63596B183A0A4082
:1042C00004495B181A6003204042E1E75C130020B8
:1042D0006820002034100000064B10B51B68002B2E
:1042E00006D00021044A12689163044A1068984776
:1042F00010BDC0465C130020682000206013002021
:104300000822034B19688B691A42FCD17047C046DA
:104310006820002070B51A4E1A4B32680400D3187A
:1043200058424341184D143318002B68002C02D01A
:10433000002B0FD070BD002BFCD006000021946331
:10434000FCF7EAF930001149FCF706FB104B2C6032
:104350001C60EFE72C6004000D4B19600B49FCF763
:10436000F5F901212000FCF7D7F9502233689A6350
:10437000596B183A0A4007495B181A60DAE7C046D9
:10438000682000200080FCBF5C130020D942001090
:1043900060130020341000000D4B10B51B780D4B3E
:1043A0000D4C1B780D4B02211B780D4B0020236018
:1043B000FCF710F802210120FCF70CF8E12120683D
:1043C0004902FDF77FF901210648FFF723FE10BDE2
:1043D000E0300410DC30041068200020D8300410D5
:1043E00000400340300700200022014B5A60704714
:1043F000201200208368002B04D107E01A68002AED
:1044000006D013008B42F9D1002005E003000833E9
:104410001960002301200B607047C0468368002BA1
:104420000BD0083003E018001B68002B05D08B422E
:10443000F9D11B680360012000E000207047C046EE
:104440004368002B04D107E01A68002A05D0130046
:104450008B42F9D1002004E0031D196000230120E4
:104460000B6070474368002B0BD0043003E018004A
:104470001B68002B05D08B42F9D11B68036001201B
:1044800000E000207047C046F0B55746DE464E4675
:104490004546E0B53E4B83B018CB0093019483684A
:1044A0008246002B2BD0082353449846FDF7BAF8D8
:1044B00053469B6804000D00002B20D00022474685
:1044C0001E0094469946B268F36820002900801ABD
:1044D0009941002902DB14001D00BC4637003668F4
:1044E000002EF0D16246002A49D0116850460B6870
:1044F00013604B68984753469B68002BD6D15346B0
:104500005C68002C29D000255646237A002B32D037
:10451000210063682572300098472468002CF4D18C
:10452000B368B246002B18D0009C019D1E0003E02A
:1045300004000D00002E0ED0330022009868D968C8
:104540002B00121A8B413668002BF1DCF2D1002AC5
:10455000EED1002EF0D100940195009B019C5246B3
:10456000180021001361546103B0F0BCBB46B24691
:10457000A946A046F0BD2468002CC6D1D0E753461A
:104580005C68002CBFD1009C019D4E46D4E7C0461C
:1045900068B80010F0B5C646804600B5FDF742F891
:1045A00043469B6804000D00002B0AD09868D96828
:1045B00026002F00361A8F41002F10DA1B68002BBF
:1045C000F4D143465B68002B03D10AE01B68002B43
:1045D00002D0187A0028F9D080BCB846F0BD01207E
:1045E000FAE70020F8E7C046F0B5C646431E00B51E
:1045F0000A3340D8072304001A000834224023421B
:1046000046D101F035FC3C4A27001568002D51D0F9
:10461000002C36DB394E33689846A34231D33848F4
:10462000036804E01A68002A04D0180013005968CF
:10463000A142F7D3AB4224D01D001A6808350260AE
:104640000F1B102F04D919194F600A600160210057
:1046500042462C48521A04683260A24200D20260DC
:10466000802212060A435A6000221A60264A136802
:104670000133136006E001F0FBFB1F4A1368002BB7
:1046800016D0002501F0FCFB280080BCB846F0BD28
:104690001300093BA342EED31030841A01F0E8FB6B
:1046A000154A27001568002D04D0002FB2DCE8E77A
:1046B00000270024072515490B0008000D4202D0F1
:1046C000CB1DAB43180000250D4EAC467560306025
:1046D00007260F4D4D19B543156062466A602A6082
:1046E000084AEB1A1360054A436005601360002F07
:1046F00000DD8FE7C5E7C046BC1C0020E02002209B
:104700001C210220EC200220F82002206C20002036
:10471000F8FF010070B5002804D008384368040091
:10472000002B00DB70BD0268002AFBD15B005B0838
:104730004360060001F09CFB194A616813685B182E
:104740001360184B1A001B689C42FBD85068151860
:10475000AC420DD0601883421AD02360B24200D020
:104760001660114A13680133136001F089FBD9E721
:104770000918501851608342F3D10C4816000068A4
:1047800098420AD058681B68411871603360E5E7A9
:10479000064800688342F5D1DFE71360E1E7C046D1
:1047A000E02002201C210220FC200220BC1C002052
:1047B0007047C0460000000000000000000000003C
:1047C0000B4A13681868203080F30988022080F3B0
:1047D0001488BFF36F8F3FBCAE4608BC04BC62B602
:1047E0001847C046C046C046C046C046C046C04640
:1047F000B01C0020000000000000000000000000CD
:10480000EFF30980164B1A6820381060F0C0444658
:104810004D4656465F46F0C00D221207146E556E87
:10482000566F176F3038F0C008B572B601F048FC0B
:1048300062B60CBC116808681030F0C8A046A946E2
:10484000B246BB4680F309880D2212073038F0C803
:104850001466556656671767F0C81847C046C046C5
:10486000B01C0020D02300B51B061A6D83B0D20700
:1048700004D501219A6D1A6D1142FBD1D023FF227C
:104880001B061A650023114A01931168EFF3108C7F
:1048900072B60B68002BFCD0BFF35F8F00230C486F
:1048A000126801680360BFF35F8F13608CF3108898
:1048B000084B01AA186800F005FB019B002B03D0F0
:1048C0008022054B52051A6003B000BDAC1C0020CD
:1048D00074200220DC20022004ED00E010B5FBF77C
:1048E00035FEC04610B58024031F64041C60043BE1
:1048F00019600349043B1960143B40381A6010BD2D
:10490000DD4800108022044B52051A60BFF34F8F20
:10491000BFF36F8F7047C04604ED00E072B6044AE3
:10492000136801331360BFF34F8FBFF36F8F70476E
:1049300070200220094A1368013B1360002B0CD140
:1049400007490A68002A07D00B6006490968BFF3C7
:104950005F8F136081F3108862B670477020022069
:10496000481F00206C200220EFF3108072B67047C1
:1049700080F310887047C04610B5FFF7F5FF0400BC
:1049800001F08CFB002803D08022034B52051A60F3
:104990002000FFF7EDFF10BD04ED00E0002310B58F
:1049A000084A094C052023601360FCF7FFFFFA2139
:1049B0008900FDF70FFA054B0138186007232360C3
:1049C00010BDC04618E000E010E000E014E000E098
:1049D000FF221F4B1204196810B50A431A60FF2208
:1049E000196812060A431A601A490E2002F0DCF810
:1049F00019490F2002F0D8F818490B2002F0D4F81A
:104A0000FFF7CCFF0022164B1A60D0231B06154A75
:104A10001C681470FF221A651A6DD20704D5012193
:104A20009A6D1A6D1142FBD10F34FF212000FCF763
:104A300071F820000C49FBF789FE01212000FBF7EB
:104A40006BFEFFF7BDFE01F03BFBFBF77FFDC046B1
:104A500020ED00E00148001079490010B147001036
:104A6000702002204807002065480010D02310B5B0
:104A70001B061868074B1B78834200D010BDEFF36C
:104A80000583002B02D05B00C018F7E701F090FD12
:104A9000F4E7C0464807002000B5134A03681078C1
:104AA000D0221206126883B0904208D0BFF35F8F05
:104AB00000221A6081F3108820BF03B000BD0B4AAA
:104AC00013600B4A116002210A4AFF319B189B10A8
:104AD0009940094B0122186801235B420093090A9F
:104AE000002300F04BF9E8E748070020481F0020AA
:104AF0006C20022000FFFF2FDC2002202B4B0268DD
:104B000030B5D21802239210FF339340284A83B065
:104B10001478D022120612681B0A944221D040BF9A
:104B2000244C02682568AA4237D02A68002AFCD0A3
:104B3000BFF35F8F204A944612681A4363461A6097
:104B40002368BFF35F8F00221A600268D020002321
:104B500000064365BFF35F8F136081F3108803B0D5
:104B600030BD40BF0268BFF35F8F0024146081F343
:104B70001088EFF305821149D2B20868002A11D0DB
:104B8000190001AA019400F09DF9019B002BE6D0C9
:104B900080220B4B52051A60E1E7074C206818434E
:104BA0002060D3E7190000F045F9D8E700FFFF2F98
:104BB00048070020AC1C002074200220DC200220CA
:104BC00004ED00E0F0B51D00304B14001A78D0233E
:104BD0001B061B6806000F0083B09A420CD00368C6
:104BE000BFF35F8F00221A6081F310882000290034
:104BF000FCF754FC03B0F0BDFCF714FD22002B00C1
:104C0000121A8B41190001231000214A5B428018BF
:104C10005941366800291EDC19D0BFF35F8F00238D
:104C2000336087F310881B4B5A6A954205D89B6AFC
:104C30000120A342DED29542DCD18022164B5205E0
:104C40001A60BFF34F8FBFF36F8F0020D2E7FA23B4
:104C50009B009842E1D3FA2200239200FDF7E0F88E
:104C60000028DAD002210D4BFF311E600C4B0122CF
:104C70001F600C4BF618B610B1400B4B090A1E68AA
:104C800000900023300000F079F8CCE748070020BE
:104C900018FCFFFF0040054004ED00E0481F002025
:104CA0006C20022000FFFF2FDC20022010B5FBF754
:104CB000F5FC054A054B80188000186000F052F89A
:104CC000034B186010BDC04640000034AC1C0020EF
:104CD000DC200220F0B5D6464F464646C0B5060059
:104CE0000F00050001F0C4F83368346919000C3571
:104CF00039438C463160A5422BD000239A4680234D
:104D0000DB04994613E04746002F0DD080277F042F
:104D10003A4202D052461A43924680239B041943DA
:104D200001F0AEFB33689C466146A5420FD02000DF
:104D30000F000268646813021B0A1F40B8464F4602
:104D40003A42E0D04345E1D06146A542EFD1534617
:104D50009943316001F094F8E0BCBA46B146A846E8
:104D6000F0BDC04610B51C20FFF73EFC041E03D06A
:104D7000002308C000F0B2F8200010BDF0B5C64610
:104D80000D00060000B51F00904601F071F82B00E1
:104D900034682340002F0DD1002B28D04346002B30
:104DA00028D02300AB43336001F06AF8200080BCB8
:104DB000B846F0BD9D42F1D0069B002B1AD0434669
:104DC00080215A1E9341C9041B061943069A2943A0
:104DD000301D01F007FA01F053F8002824D001F04B
:104DE000A9FC040083010DD52402240ADEE7069BFA
:104DF000002B02D101F044F8D8E741464B1E9941FF
:104E00000906E3E7FFF78AFD346823002B40002FF3
:104E10000DD1002B05D04346002B02D02300AB431D
:104E20003360FFF787FDDFE7FFF76CFDD7E79D42B3
:104E3000F7D1F0E7F0B5D6464F4646460500C0B577
:104E40000F00060001F014F82B682C6919000C36CD
:104E500039438C462960A6422BD000239A468023F2
:104E6000DB04994613E04746002F0DD080277F04CE
:104E70003A4202D052461A43924680239B04194379
:104E800001F0FEFA2B689C466146A6420FD0200036
:104E90000F000268646813021B0A1F40B8464F46A1
:104EA0003A42E0D04345E1D06146A642EFD15346B5
:104EB0009943296000F0E4FF2868E0BCBA46B14697
:104EC000A846F0BD844610B513000A0002486146AA
:104ED00001F054FE10BDC046D54C0010030008334D
:104EE00001224360C3600361002352428260036079
:104EF0007047C046002303617047C04630B50500C7
:104F00002B0008680C000833421C0DD019005B68A8
:104F10001A688242FAD963609C602B68A1600133F1
:104F20004C6025612B6030BD29694B68F3E7C046B2
:104F30000369416882688A6051605968814205D07E
:104F40000022026118680138186070475A60F7E75C
:104F5000F0B5DE464E4657464546E0B583B00600FE
:104F6000FFF7DCFC4523F45C64B2002C1EDD213B22
:104F70009C46B444E04608E0AA6BEB6B01969A426B
:104F800041D3013CE4B2002C10D0B56C002DF3D11C
:104F9000736A002B0AD0404601F004FA0028F0D0D2
:104FA00001F000FB013CE4B2002CEED14523FF22CE
:104FB000F254FFF7BFFCFFF7B1FC44233500F45C6B
:104FC000103564B2002C04DC11E0013CE4B2002C8A
:104FD0000DD03369002B0AD0280001F0E3F9002836
:104FE000F3D0013CE4B201F0DDFA002CF1D144230E
:104FF000FF22F254FFF79EFC03B0F0BCBB46B24662
:10500000A946A046F0BD4523EF5CAB6B2A6C01338B
:1050100099467FB2002A12D12A689246002A2AD0E5
:10502000AB637B1C1CD16B6A002BAAD028002430F8
:1050300001F0B8F90028A4D001F0B4FAB2E768682A
:1050400001A9FDF7EFFA6B682A6C9B18AA686B60E0
:1050500093420ED32B686B604B46AB637B1CE2D054
:1050600001F016F8B84200D88BE745230137EF541A
:1050700087E74B46D4E7A86801F0EAFA5346AB60ED
:105080004B468346AB637B1C09D16B6A002B0ED168
:105090005B46002B00D174E701F084FA82E700F050
:1050A000F7FFB842F4D945230137EF54F0E7280061
:1050B000243001F077F9002800D071E7E8E7C04616
:1050C000F0B5C64600B5846C82B0A26BE36B0025D8
:1050D00001909A4204D3280002B080BCB846F0BDCB
:1050E0004523E35C226C5EB2A36B1F00002A1CD038
:1050F000606801A9FDF796FA6368226C9B18A268A4
:105100006360934201D32368636000257B1CA36323
:10511000731C15D1636A002BDDD02000243001F010
:1051200041F90028D7D00125D5E723689846002B00
:10513000EBD1A06801F08CFA43460500A360E5E7D7
:1051400000F0A6FF8642C6D24522731CA354C2E7D4
:10515000F8B505000E001700002841D0030C0A0C1A
:10516000002B42D1002A30D1300068430300553370
:1051700036D85430FFF738FA041E31D00300002E21
:1051800031D12360E5632664FFF7C8FB216CE36B34
:1051900022684B43D0185B1A6260D218E260FF238A
:1051A00000254422A0602000A563A3540132A3542B
:1051B0001030FFF793FE20002430FFF78FFEFFF73B
:1051C000B9FB5023E754A5640BE0131CA9B2B2B29B
:1051D0004A4380B29BB24343120C9B181B0CC3D0B2
:1051E00000242000F8BD5433CBE7002AF8D1081C76
:1051F000ECE7C04670B506000D00002400282BD057
:10520000884229D35420FFF7EFF9041E24D0C66347
:10521000002600600664FFF781FB216CE36B2268C7
:105220004B43D0185B1A6260D218E260FF2344221D
:10523000A0602000A663A3540132A3541030FFF7EE
:105240004DFE20002430FFF749FEFFF773FB50238B
:105250000222E254A664A563200070BDF0B5CE46DC
:10526000474680B585B00400884699460192022BD6
:1052700000D19DE0FFF752FBA36BE26B00274425B2
:1052800000269A4232D8019B002B64D0002F5ED0BA
:10529000FFF750FB00F0ECFDFFF740FB635D5BB2F6
:1052A000013300D166554522A35C5BB2013300D1C6
:1052B000A654FFF73FFB01A902A801F03BF9002823
:1052C00000D06FE0FFF72AFBA26BE36B9A422CD071
:1052D000FFF730FB2000FFF73BFE00F0D1FD012778
:1052E000FFF71CFBA36BE26B9A42CCD9226CA66B36
:1052F000A56B002A37D1236800209846002B00D1E7
:1053000082E0A36C0135A563002B00D16FE04B4612
:10531000022B01D1002E04D12000FFF7D1FE00287E
:105320003DD1FFF707FB012018E0FFF703FB20004A
:105330000199103000F006FF2000FFF709FE00F091
:105340009FFD0028CBD1FFF7DDFA0127C8E702A8AF
:1053500001F0E4F89CE7FFF7EDFA002005B0C0BCCF
:10536000B946B046F0BD4B46002B29D14146606896
:10537000FDF758F96368226CA16C9B18A268636002
:105380000135934239D2A5630029C5D1636A002B48
:10539000C7D02000243001F005F80028C1D0FFF765
:1053A000B1FABEE72000FFF7D3FD00F069FDD4E7B6
:1053B000FFF7B4FA226CA36BA66BA56B002A9AD0F8
:1053C0004146E068FDF72EF9E368226C21689B1ADC
:1053D000E3608B4202D2A3689B1AE3604A46A36C47
:1053E000022A17D00135A563002B95D1CEE7636A59
:1053F000002BCED10028D2D193E72368A563636048
:10540000002900D088E7C1E7A06801F021F94346F0
:10541000A36076E7002D04D0A563002B00D079E7C8
:10542000B4E70122A263002B00D073E7AEE7C046C9
:10543000F8B557464E46DE4645460400E0B592466E
:105440001E008946FFF790FAA26BE36B07009A42B1
:1054500036D300253300022E09D03800FFF788FA32
:105460002800F0BCBB46B246A946A046F8BD43336F
:10547000E35C226C5BB29846A36BA56B9B46002A4B
:1054800028D04946E068FDF7CDF8E368226C216832
:105490009B1AE3608B4202D2A3689B1AE360022E40
:1054A0004ED043460135A56301333AD000F0F0FDFC
:1054B0004346834202D245220133A3540125CCE75F
:1054C0004523E35C226C5BB29846A36BA56B9B46BD
:1054D000002A12D123689946002B45D04346013556
:1054E000A5630133E2D1A36C002B32D0022E1BD175
:1054F0005B46002B18D00125AFE7002EC1D14946ED
:105500006068FDF78FF86368226C01359B18A2680C
:105510006360934201D3236863604346A56301330C
:10552000C4D1A36C002B14D02000FFF7C9FD0028C4
:10553000C4D05246002AC1D00123012513608CE754
:10554000002D17D04346A5630133AFD1A36C002BC8
:10555000CED1636A002BB1D02000243000F022FFAE
:105560000028E6D1012578E7A06801F071F84B46E4
:10557000A360B3E70123A36343460133E6D095E775
:10558000F0B5C646040000B584B088460192FFF726
:10559000C5F9A76B002F5BD1019B002B39D002A866
:1055A00000F0BCFF44264525FFF7C4F900F060FC7D
:1055B000FFF7B4F9A35D5BB2013301D10023A3551A
:1055C000635D5BB2013301D100236355FFF7B2F98C
:1055D00001A902A800F0AEFF002821D1FFF79EF933
:1055E000A36B002B29D1FFF7A5F9200001992430E6
:1055F00000F0A8FD2000FFF7ABFC00F041FC002804
:1056000023D0FFF78BF9A76B002F21D1019B002B33
:10561000CAD1FFF78FF9002004B080BCB846F0BDB6
:105620002000FFF795FC00F02BFCFFF777F9A36B48
:10563000002BEED0FFF77EF9E3E7FFF77BF92000C0
:10564000FFF786FC00F01CFCDBE7FFF75BF9D8E70F
:10565000226C002A08D0E168A3688918E1609942A9
:105660000BD24046FCF7DEFF7B1EA3632369002BB1
:1056700006D1FFF75FF90120CEE72168E160F0E78E
:105680002000103000F08EFE0028F2D0FFF73AF92B
:10569000EFE7C046F0B5C646040000B584B00191FE
:1056A000FFF73CF9A36B002B00D07CE0019B002BA3
:1056B00065D002A800F032FF002344269846002758
:1056C0004525FFF737F900F0D3FBFFF727F9A35D76
:1056D0005BB2013300D1A755635D5BB2013300D1EA
:1056E0006755FFF727F901A902A800F023FF00285A
:1056F0001ED1FFF713F9A36B002B30D1FFF71AF976
:105700002368002B46D020000199243000F01AFDB8
:105710002000FFF71DFC00F0B3FB002832D0FFF79C
:10572000FDF8A36B002B3ED1019B002BC9D126E0D5
:105730002000FFF70DFC00F0A3FBFFF7EFF8A36BD1
:10574000002B09D1FFF7F6F84346002B0FD10020BC
:1057500004B080BCB846F0BDFFF7ECF8DFE7FFF718
:10576000E9F82000FFF7F4FB00F08AFBD7E7FFF72A
:10577000D5F8616A002908D1A06800F09BFFFFF707
:10578000D9F8E4E7FFF7BEF8C9E72021236B1B68CF
:10579000C91AF1E7FFF7C2F8A06800F00FFF8046D2
:1057A000FFF7C8F8AFE7013BA3632368002B0FD0D6
:1057B0002369002B03D1FFF7BDF80120C8E72000C3
:1057C000103000F0EFFD0028F5D0FFF79BF8F2E76E
:1057D00000F0BCFFA060EBE710B5002933D0434BCD
:1057E0005A68904200D174E01A68002A2CD0DA6816
:1057F000904200D177E09A68002A3ED05A699042E0
:1058000000D16EE01A69002A3DD0DA69904262D078
:105810009A69002A3DD05A6A904242D01A6A002AF8
:1058200043D0DA6A904258D09A6A002A43D05A6B21
:10583000904254D01A6B002A43D0DA6B904246D083
:105840009A6B002A2AD010BDDA6890424BD05A6970
:10585000904246D01A00DC69A0423CD05C6AA0426B
:105860001FD0DC6AA04238D05C6BA04237D0DC6B22
:10587000A0422CD011605060E5E75A69904230D0C8
:105880001A000832E7E7DA69904224D01A00103291
:10589000E4E75A6A904204D0154AE2E738331A0026
:1058A000E8E70422D2009A18E4E7DA6A904214D0BA
:1058B0001A002032D8E75A6B904210D01A002832D2
:1058C000D5E7DA6B94461A0030326045D2D1072210
:1058D000E8E70022E6E70322E4E70522E2E7062202
:1058E000E0E70222DEE70122DCE7C046701000207C
:1058F0008810002070B5040016000D00FFF70EF8A8
:105900004422A35C5BB2013301D10023A35445229E
:10591000A35C5BB2013301D10023A354FFF70AF863
:10592000A36B002B03D02000FFF712FB70BD2000FB
:1059300032002900243000F0B7FCF4E7F0B5C64689
:1059400000B50400FEF7EAFF364A374F136801330B
:1059500013603B68002B34D0344BE26A98461B68D6
:10596000002B28D0324E33490B6801330B6063643F
:10597000314B1968914200D21A6093009B189B002A
:10598000F1184A68A26090680500E060201D686018
:105990009060F25861610132F250FEF7CBFF43464E
:1059A0001B68002B04D03B68DA6AE36A9A4211D381
:1059B00080BCB846F0BD3B68DB6A9342D2D83C60FD
:1059C000D0E73C601368012B07D0184BE26A984679
:1059D000174EC8E7FEF796FFEAE7154E3500280098
:1059E000FFF77CFA154B1435AB42F8D1144B9846AF
:1059F0001800FFF773FA134D2800FFF76FFA1248EB
:105A0000FFF76CFA1148FFF769FA1148FFF766FAD9
:105A10004246104B1A60104BE26A1D60034B9846D9
:105A2000A1E7C04678200220B01C002018210220E7
:105A3000C81C00208420022088200220481F00204B
:105A4000B4200220C8200220042102203821022094
:105A500024210220B81C0020C01C0020F0B5C6463E
:105A6000124B00B59846124D124F134E14E0FEF73C
:105A700055FFFB68DC68201DFFF75AFA3368013BCD
:105A800033602B68013B2B60FEF754FF206BFEF761
:105A900041FE2000FEF73EFE2B68002BE7D1434677
:105AA0001B68012BF8D9FEF72DFFF5E7C81C002075
:105AB0007C2002203821022078200220F0B55746B1
:105AC000DE464E4645465E4BE0B51F6883B0013763
:105AD0001F60002F66D05B490B689F4277D35A4BFB
:105AE00098461B681B68002B00D1A3E000239C464E
:105AF000564B45469A46564B564C9946634600933C
:105B00004B468C46B946019338E010680138106066
:105B10009A6A002A0FD0D969186A8860D9694160E9
:105B2000180051681830814200D175E000211068DA
:105B30009962013810600199D86A0A68904200D9C8
:105B400008604746820012189200A11848689860C1
:105B50008668DE6077608760A05859610130A05088
:105B600052461068DA6AC36A93429B41009A5B42CC
:105B70001A432B6800921B68002B55D02B68DB68FA
:105B8000DB685A6891454AD39968D8685A69886031
:105B9000996841605068191D88468842B5D1D86817
:105BA0005060B2E7284B2C4A1968106818601160E1
:105BB0002A490A6801320A601A681268002A25D147
:105BC000012320495B420B600B689F4287D2002370
:105BD0009C461E4B1F4C9A46534601201B68204A88
:105BE000D96A12688B005B189B00E3589842804189
:105BF00013005A1E9341404218436346184303B0B2
:105C0000F0BCBB46B246A946A046F0BD1B680D4994
:105C1000DB681B680B605FE7186A506086E76146C7
:105C2000009B0A609C46D7E76146944601235B428D
:105C30000B60D1E79C46054B064C9A46F6E7C046FA
:105C40004C210220F0200220B81C0020B01C0020B3
:105C500088200220C81C0020C01C0020F420022044
:105C600058210220F8B5CE464746950080B58046BB
:105C700028000E009946FEF7B7FC071E00D18AE007
:105C80007020FEF7B1FC041E00D181E070220021DB
:105C9000FCF7C2FC2A00A52138002763FCF7BCFCF6
:105CA000236B043D5D1907239D43002E4BD0342206
:105CB0003378A354002B43D073780132A354002BC4
:105CC0003ED0B3780132A354002B39D0F37801329F
:105CD000A354002B34D033790132A354002B2FD09E
:105CE00073790132A354002B2AD0B3790132A35423
:105CF000002B25D0F3790132A354002B20D0337A26
:105D00000132A354002B1BD0737A0132A354002B11
:105D100016D0B37A0132A354002B11D0F37A01329A
:105D2000A354002B0CD0337B0132A354002B07D09B
:105D3000737B0132A354002B02D04223B27BE25486
:105D400043230022E254089E1F2E1FD8201DE66226
:105D5000E664FFF7CFF820001830FFF7CBF82023D8
:105D60009B1BA3614A464146280024616462FEF7FA
:105D7000B9FD099B2060002B00D01C602000FFF7BC
:105D8000DDFD0120C0BCB946B046F8BD1F26DDE7E9
:105D90003800FEF7BFFC01204042F3E7F0B5802059
:105DA000C6462B4B00B5000198462A4FFEF71CFC57
:105DB0000026051E36D07020FEF716FC041E36D0D5
:105DC00070220021FCF728FC8022A5211201280066
:105DD0002563FCF721FC256B1F4B201DED180723C5
:105DE0009D431E4B63633823E6540B33E654E6624F
:105DF000E664FFF77FF820001830FFF77BF82023D8
:105E000000224146A361280024616462FEF76AFD16
:105E1000206020003C600136FFF790FD00F068FE36
:105E2000012808D00E4B1B6880BCB846F0BD280086
:105E3000FEF770FCF6E772B601220A4B52421A6076
:105E40000022094B1E60094B1A60FEF7C1FDE9E70D
:105E50005D5A0010E4200220FC07000049444C4534
:105E6000E0BA0010F0200220182102204C2102206C
:105E7000024A1368013313607047C0468020022035
:105E8000F8B5DE46454657464E46E0B5FEF746FDB8
:105E9000514D2B68013B2B602B68002B7FD14F4B62
:105EA0001B68002B7BD04E4F3B68002B00D18FE04E
:105EB0004C4BAB4618004C4B4C4C99464C4B9A46BD
:105EC000FB68DB68DE69196A9A6AB160DE694E6058
:105ED0001900566818318E4200D172E00021996293
:105EE0001168013911609E68D9685A69B1609E686D
:105EF0004E6051681E1DB14260D0116801391160B9
:105F0000D96A0268914200D901608A005218920051
:105F1000A1188C46496899608D68DD606E608E605E
:105F200061465961A1580131A1504A461168DA6AA7
:105F3000CB6A9A423DD9534601221A603B68002B36
:105F4000BED12C4B5D461A681268002A3CD01B68F3
:105F5000DB681A68284B1A60284E3468002C14D06D
:105F6000012708E0FFF7AAFD002801D053461F6073
:105F7000013C002C08D02B68002BF3D03368013C87
:105F800001333360002CF6D1346053461B68002B7C
:105F900005D0154B01241B68FEF7B4FC00E000247B
:105FA000FEF7C8FC2000F0BCBB46B246A946A0469E
:105FB000F8BD3B68002B00D082E7C2E7D96851608A
:105FC0009BE7196A516089E70B4B013A1A60C3E7F6
:105FD000074B9A46C0E7C046802002207820022066
:105FE0000421022088200220B01C0020C81C0020B0
:105FF00058210220B81C0020F0200220002102209D
:10600000F0B5C646040000B5002821D0174A136831
:1060100001331360164B00211E68164B164D1B688A
:10602000A4199846154B1F686D232A682868D15417
:106030000430FEF77DFF2B6829685C600431A642BE
:106040000BD93800FEF75AFFFFF71AFF002801D1DD
:10605000FEF758FC80BCB846F0BD4046FEF74EFF48
:10606000074B1A689442EFD21C60EDE780200220B3
:106070004C210220B81C0020B01C0020C01C0020B5
:10608000F0200220014B18687047C0464C210220C6
:10609000014B18687047C04678200220064B10B5A7
:1060A0001B68002B02D1FFF709FD10BD034A002039
:1060B000136801331360F8E78020022000210220DA
:1060C0001B4B10B51B68002B03D00122194B1A6023
:1060D00010BD184A18481360184B1A689C46930064
:1060E000991889004458002C08D10300143B5B1810
:1060F0001968143B013A0029FAD093009B189B00C1
:10610000C418616808334968C0186160814206D0CC
:10611000C9680B4B196061460A601B68D8E7E168E3
:10612000074B6160C968196061460A601B68CFE768
:106130008020022058210220C81C00208820022034
:10614000B01C0020F0B5C646204C0D00216800B5FB
:106150001831FEF7D3FE1E4B00211E681D4B1B6835
:106160001F001D4B1B68226898466D232068D15480
:106170000430FEF7DDFE6B1C15D023682168AD19D5
:106180005D600431AE4205D94046FEF7B7FE80BCE3
:10619000B846F0BD3800FEF7B1FE104B1A689542C4
:1061A000F5D21D60F3E70E4B21685A688A6090684B
:1061B0002168C86021680431416021680431916020
:1061C000226853611A6801321A60E0E7B01C0020AF
:1061D0004C210220B81C0020C01C0020F02002200E
:1061E000242102208023F0B5C646294C15001B0649
:1061F00022680B4300B5936122684368D3619968B4
:1062000022681162226818324A602268002118321E
:106210009A60236898620368013303601D4B1E680F
:106220001D4B1B681F001D4B1B68226898466D2381
:106230002068D1540430FEF77BFE6B1C15D0236818
:106240002168AD195D600431AE4205D94046FEF7C4
:1062500055FE80BCB846F0BD3800FEF74FFE104B2F
:106260001A689542F5D21D60F3E70E4B21685A6813
:106270008A6090682168C8602168043141602168A3
:1062800004319160226853611A6801321A60E0E7B4
:10629000B01C00204C210220B81C0020C01C002093
:1062A000F020022024210220F0B5C6469446374C47
:1062B0004368226800B5D3619A680D0021680A62BC
:1062C00021681831516021681831996023689862FB
:1062D0000368013303606346002B22D02C4B00215E
:1062E0001B682C4B1B682C4B1B686D232268206895
:1062F000D1540430FEF71CFE284B21685A688A608E
:1063000090682168C86021680431416021680431C7
:106310009160226853611A6801321A6080BCB846E5
:10632000F0BD1B4B61461E681A4B1B681F001A4BC1
:106330001B68226898466D232068D1540430FEF70C
:10634000F7FD6B1C15D02368AD195D60AE420AD80D
:10635000216838000431FEF7D1FD114B1A689542CF
:10636000DCD21D60DAE7216840460431FEF7C6FD45
:10637000D4E72268731953609E42F4D8216838002C
:106380000431FEF7BBFD064B1B68C7E7B01C0020BD
:106390004C210220B81C0020C01C00202421022017
:1063A000F0200220C36870B5DB68D869196A9A6A60
:1063B0008160D8694860180051681830814245D022
:1063C00000219962116801391160274A1268002A78
:1063D0002ED19868D9685A69816098684860191DFB
:1063E0008C465168614534D01168013911601F4AEB
:1063F000D96A1068814227D866468A001C4852181C
:1064000092008418616899608D68DD606E608E60AE
:1064100081585C6101318150164A00201168DA6AA6
:10642000CB6A9A4203D90122134B01301A6070BD26
:10643000124A5168D9618C681C626060886011687A
:106440009A6201311160E7E71160D5E7196A51607E
:10645000B6E7D9685160116801391160034AD96AF9
:1064600010688142C8D9EFE78020022088200220EE
:10647000C81C0020B01C002058210220042102204A
:1064800080231B0630B5026944680B4381680360B2
:10649000C368A1604C605468844232D0002101611D
:1064A0001168986801391160D9685A6981609868E3
:1064B0001C1D48605168A14225D011680139116046
:1064C000124AD96A1068814200D911608A001048C6
:1064D0005218920081188C46496899608D68DD6079
:1064E0006C608C6061465961815801318150094A64
:1064F0001168DA6ACB6A9A4202D90122064B1A6005
:1065000030BD5160CAE7D9685160D6E788200220C3
:10651000C81C0020B01C002058210220034B1B681F
:106520000360034B1B6843607047C046F4200220A1
:106530004C210220F8B504000D00FEF7EFF91649D2
:10654000164A0B6810689C466D23C05C002807D073
:1065500000211268D1540124FEF7ECF92000F8BDA7
:106560002B685A1C16D00E48276806686268B74226
:1065700004D0624502D800232B60ECE76646B61AC9
:10658000B342F8D966469B1B9B182B6003682360B7
:106590000B6863600024DFE74C210220B01C002060
:1065A000F42002200122014B1A607047582102207A
:1065B000014B18687047C046B01C0020F8B5041E97
:1065C00022D0204DC26A2B68DB6A9A4215D28369B9
:1065D000002B04DB2B68D96A20235B1A83619300AC
:1065E0009B18194A9B001600D31862699A420DD075
:1065F0002B680120DB6AE36205E02B68C06CDB6A74
:10660000984280414042F8BD0020FCE7201DFEF783
:106610008FFC2B68271DDA6A0C4BE26219688A42EC
:1066200000D91A6093009B189B00F1184A68A26079
:106630009068E06047609760F25861610132012024
:10664000F250E0E7B01C0020C81C00208820022087
:10665000F8B5041E08D0036DC16AC26C013B036526
:10666000914201D0002B01D00020F8BD071D04305D
:10667000FEF75EFC2023E26C9B1AA3610B4BE262E7
:1066800019688A4200D91A60930009499B189B0037
:10669000C8184268A2609568E5606F609760CA5844
:1066A000606101320120CA50DFE7C0468820022025
:1066B000C81C002070B5041E08D0C36C8B4206D3E2
:1066C000E26A9A4202D0216D012905D070BDE26ACA
:1066D0000B009A42F7D1F9E7A169E362002902DBD6
:1066E0002021CB1AA36193009B18104A9B00150030
:1066F000D31862699A42E9D1201DFEF719FC0C4BB0
:10670000E26A1968261D8A4200D91A6093009B1814
:106710009B00E9184A68A2609068E0604660966055
:10672000EA5861610132EA50D0E7C046C81C002037
:1067300088200220044B1A68196890691A6820237F
:10674000C96A5B1A93617047B01C0020034B18683C
:10675000002802D0036D013303657047B01C002090
:10676000F0B55746DE464E464546E0B5CC4B8BB0BD
:106770000193CC4BCC4F9A46CC4BB946039328237C
:106780009B46CB4D4B461B681E68002E00D0A3E0F5
:10679000FFF76EFBFFF776FC019A029013688342C5
:1067A00000D9B6E053461B6810601A6853425A413C
:1067B00003002868F11AFFF79DF8FFF761FB002836
:1067C00000D1A3E01022002106A8FBF725FF00223C
:1067D000286806A9FEF7D4FE0028D3D0069B002B1C
:1067E00071DB089C6369002B02D0201DFEF7A0FB23
:1067F000FFF748FC019B06001B68984200D2D4E0DA
:10680000019B1E60069B092BE1D8039A9B00D3587D
:106810009F465B46E05C01235A460343A354079915
:10682000A26924618B186360B34200D908E1711A30
:106830008A4231D8410710D4012398435B46E05483
:106840002000236A9847C2E7F31A9A4200D91CE154
:10685000236A200098473B00A269D718676024612B
:10686000BE42F1D29E4201D2BB42F1D94B46211D1C
:106870001868FEF743FBE3E75B460122E35C134342
:106880005A46A354079B24619A19A3616260B242DD
:1068900000D9DAE0002B9AD05346211D1868FEF784
:1068A0002DFB94E75B460122E35C93435A46A354D5
:1068B0008DE75B46E35C9A0700D4E2E00122934354
:1068C0005A46A35483E7079B099908989847069B63
:1068D000002B00DA7BE784E7DB681E68FFF7C8FA65
:1068E000FFF7D0FB019902900B68834211D8086032
:1068F000864200D8AFE0030000222868F11AFEF7B4
:10690000F9FFFFF7BDFA002800D05BE7FDF7FAFFBB
:1069100058E74B461B681A68002A3AD004220495AF
:1069200090460BE0012293435A46A354236A200069
:1069300098474B461B681A68002A29D0DB68DC6838
:106940001E68271D3800FEF7F3FA5B464246E35CFB
:106950001A42E7D0A36924619D19F6436560B342EA
:1069600009D8EE43236A20009847A3692461ED18F3
:106970006560B342F5D9534639001868FEF7BEFA90
:10698000236A200098474B461B681A68002AD5D115
:10699000049D5246494612680A6052461360019BA4
:1069A000029A1A60FFF76CFA0CE74B461B681A68EC
:1069B000002A3ED0042202949046049505900BE0F4
:1069C000012293435A46A354236A200098474B461A
:1069D0001B681A68002A29D0DB68DC681E68271D3E
:1069E0003800FEF7A5FA5B464246E35C1A42E7D060
:1069F000A36924619D19F6436560B34209D8EE434B
:106A0000236A20009847A3692461ED186560B342AA
:106A1000F5D9534639001868FEF770FA236A20004A
:106A200098474B461B681A68002AD5D1029C049DE2
:106A3000059E5246494612680A6052461360DFE6D8
:106A4000B14202D9994200D8F4E64B46211D18689C
:106A5000FEF754FABBE6FFF713FA4B461B68DB68F8
:106A6000DF683C1D2000FEF763FA5B46FB5C5A07BB
:106A700011D4012293435A46BB5438003B6A9847CD
:106A8000A0E62000FDF746FEA1E65346211D18684A
:106A9000FEF734FAD4E6A0463300029C11E0C0466B
:106AA000E8200220C41C0020B41C0020E4BA00101E
:106AB00050210220E31A9A4213D83B6A38009847C3
:106AC0003300BA693F619E187E60A642F2D9A342A4
:106AD00001D9B342F1D94B4641461868FEF70EFA88
:106AE000CBE7534641461868FEF708FAC5E7C046AB
:106AF00070B582B0FDF712FF174C2368002B12D03F
:106B0000FDF718FF23680020002B0AD0134B8022CA
:106B100001931F231249009312480023D200FFF76C
:106B2000A1F802B070BD104E3000FEF7D7F90F4D3E
:106B30002800FEF7D3F90E4B00221E600D4B1021EA
:106B40000A201D60FEF704FB20600028D8D00A4907
:106B5000FEF742FED4E7C046502102205421022015
:106B60009CB40010616700108C200220A02002203D
:106B7000B41C0020C41C002094B4001094461A00D9
:106B8000022300B55B4285B0009363460393054B37
:106B900001900291186869460023FEF749FC05B090
:106BA00000BDC0465021022010B5EFF3108C72B624
:106BB0000A4B9A688300D058814205D0084A904217
:106BC0000AD3084A904207D2044A9268D150BFF3D0
:106BD0005F8F8CF3108810BDFAF7A4FF00ED00E082
:106BE000C0010010D4010010014B18607047C0466E
:106BF0003012002010B50A000100024802F0E6FE43
:106C000010BDC046A0130020014B18687047C04655
:106C10003012002010B582B0FFF7F6FF002807D031
:106C200003F096F903000020002B10D002B010BD35
:106C3000684603F07FFD0F4C6946200003F080FD9D
:106C4000002813D02000FFF7CFFF2000E8E7FFF770
:106C5000DBFF040003F098F9064B9C4206D1236841
:106C600020005B6B98470020FFF7BEFF01204042E9
:106C7000DCE7C046A00D002010B5024800F00CF87B
:106C800010BDC046541F002010B508220149FBF773
:106C9000C9FC10BD541F002010B588B004000D229F
:106CA00000216846FBF7B8FC0D22002104A8FBF781
:106CB000B3FC6A464B236846137004A900230D22D7
:106CC00004F0D2FA1521082220006944FBF7AAFC3F
:106CD00008B010BD10B50520FAF768FE030C64205B
:106CE00003495843FBF776F80338FDD210BDC04680
:106CF0009A3B0000184B70B5C4580500002C14D006
:106D00002168002906D06368A268144803F022F8BD
:106D1000002323600C202056002810DA0D20205676
:106D2000002803DA00220C4BEA5070BD03F04AF849
:106D30000D20205603F02EF8FF236373F2E703F0D3
:106D400041F80C20205603F025F8FF230D20237373
:106D500020560028E6DBE9E74C0800000CBB0010D9
:106D6000F0B5C64600B53D4C3D4B84B0C450002341
:106D70000621220001252360013BA38101911231EC
:106D80008046009137482100231D0832029502F009
:106D9000D3FF00285CD0636833495E1D3603DB01F6
:106DA0001E43324B0A681E4030239343304A20680A
:106DB00013600B682900994311608022002352045C
:106DC0000092019302F0A6FEA16820684B005B18B8
:106DD000DB00C3181A008027C832BF021760C02723
:106DE000BF02976056600432224ADC331A601D22CB
:106DF0000123009502F098FE1F4B21681820C91846
:106E0000090D0631C9B2F9F7E5FA0122002118206F
:106E1000F9F7F8FA01211820F9F706FBA1682368B1
:106E20004A005218D2009B18144AD8331A60002026
:106E300002F0B8FF2073002002F0B4FF237B6073E0
:106E40001843000604D4002004B080BCB846F0BD4E
:106E50004046FFF74FFF06204042F5E74C13002065
:106E60004C0800000CBB001078C00140FFFFFF9FE2
:106E700078D0014018771C240000E0AF01E000004A
:106E8000F0B5DE464E4657464546E0B587B08B46E0
:106E900016000293002900D11CE1914BC458914B7C
:106EA00021681820C918090D0631C9B2F9F792FAFC
:106EB0008C4B21681D20C918090D0631C9B2F9F79C
:106EC00089FA012200211D20F9F79CFAD0238022A3
:106ED0001B0692049A61029B2068A168002B00D1D6
:106EE00018E15B46002B00D1F1E001273A00CC25E8
:106EF0008A40AC46036893430360636898464B003E
:106F00005B18DB00C218944462461268C31815006F
:106F10004246053212039246734A15402A005546EE
:106F200015432A004546ED012A4365462A606F4A0B
:106F30003D009B18802212061A601A6080220023EE
:106F400052040092019302F091FD3900A368206879
:106F50001A1D9140944680229201821811601900F6
:106F600008318D4099001560F2004118013A0A611C
:106F70005A00D218D2005E4D8218D8321560109D8A
:106F8000AD1BED00A84601256D42A84445460D61A4
:106F90001F255849984611606168294011600C21ED
:106FA0006156A0258F40544AED05AF50534A8D01DC
:106FB0008027AA4653195D467F041A683A42FCD1DD
:106FC0000D220127A256AB469740A02503923A0016
:106FD0004346494FED05EA51039AA846474D9201B1
:106FE0008027994653195D4690447F041A683A42B7
:106FF000FCD14B463B4A424F8218120DD2000492FC
:10700000C9029A18B946D20339403E4F1143AB46E4
:107010000F43A025059757466146ED057F195D464C
:1070200089003D6045187D60059DB208BA60FD602D
:10703000049D039F6544ED03AC464D46FF022F407F
:1070400065463D43304F10312F43109D4118AD0828
:10705000AA1A45462960029989196960AA60012225
:107060009A401300EF6001680B4303600C228021FB
:10707000A256264B9201D218490413680B42FCD148
:107080000D228021A256214B9201D2184904136887
:107090000B42FCD1002132000298FBF7BDFA2068B8
:1070A000A1684B005B18DB00C018194BD830036097
:1070B0008022D02392041B065A61FFF70BFE0020AA
:1070C00007B0F0BCBB46B246A946A046F0BD029B45
:1070D0009B460AE7002B00D0DFE605204042EFE7A1
:1070E0004C0800000000E0AF7F00FEFFD010000061
:1070F0002060000040600000440400000C000050CC
:10710000FF7F00FF190040002900400010000050E0
:1071100003A000005B46002BC3D001273A00CC251A
:107120008A40AC46036893430360636898464B000B
:107130005B18DB00C218944462461268C31815003D
:1071400042460132120392464A4A15402A005546E9
:1071500015432A004546ED012A4365462A60464A02
:107160003D009B18802212061A601A6080220023BC
:1071700052040092019302F079FC3A00A068216861
:10718000031D9A409C4680239B01CB181A60020085
:107190000832954082001D60F3008A18013B13619C
:1071A00043001B18DB00354DCB18D8331D60029D02
:1071B000894615611F25324A1A6062682A401A60A2
:1071C0000C23E3562F4A9F409846A023DB059F508F
:1071D0004346A0272C4A9B01D218FF059A46FF1868
:1071E000130080225D46190052040B681342FCD143
:1071F0004246D20290464946244AAB4615004246D2
:10720000234B2A40CB181B0DDB001B18DB03134359
:10721000204AB6081A435B463B6063469B00CB1886
:107220007B6001238340BE60FA600D6852462B43A9
:107230000B608021184B4904D21813680B42FCD113
:107240000122A368216818339A408A608B681A4229
:10725000FCD00122A16820688A4003689343036040
:10726000002318220093013302F05EFC2068A1681D
:1072700017E7C0467F00FEFFD0100000206000002E
:1072800040600000440400000C000050FF7F00FF3D
:107290000000E0AF190040001000005010B51720AA
:1072A000F9F71EF9D024802324061B0400220121B3
:1072B00063621720F9F7A6F81820F9F711F980236F
:1072C0005B0463621920A361F9F70AF980239B0428
:1072D0006362636110BDC04670B5D024802524066A
:1072E0002D04A561142002F0CBFE6561FA2002F0A6
:1072F000C7FE1820F9F7F4F880235B04A36270BD81
:10730000002300B585B003930C4BD2021A4008232A
:10731000090711430A4A00930A4302AB52BA0021FB
:1073200002920422FFF7ACFD002803D1039840BA73
:1073300005B000BD05204042FAE7C04600F8FF0F47
:107340000400004010B5124BD2021A400B071A433A
:10735000104B8AB013434C1E0493634263411B01DC
:10736000083300930422002104ABFFF789FD0028B5
:107370000BD1631E9C41032361429943053102AB4B
:107380008900083358580AB010BD05204042FAE77A
:1073900000F8FF0F0400004010B5124BD2021A4053
:1073A0000B071A43104B8AB013434C1E04936342DD
:1073B00063411B01083300930422002104ABFFF753
:1073C0005FFD00280BD1631E9C410323614299435A
:1073D000053102AB8900083358580AB010BD0520AA
:1073E0004042FAE700F8FF0F0200004010B5124BD0
:1073F000D2021A400B071A43104B8AB013434C1E9B
:107400000493634263411B0108330093042200216B
:1074100004ABFFF735FD00280BD1631E9C4103230D
:1074200061429943053102AB8900083358580AB0CC
:1074300010BD05204042FAE700F8FF0F01000040B0
:10744000F0B55BBAD6464F464646C0B56C4C84B0E4
:107450000393D2026B4B22400907C45811436A4A76
:107460006A4B0A432168182052BAC918090D06311F
:10747000C9B20292F8F7AEFF644B21681D20C9180B
:10748000090D0631C9B2F8F7A5FF012200211D2020
:10749000F8F7B8FFD023802201261B0692049A61D8
:1074A0003200A16820688A400368656893430360DE
:1074B0004B005B18DB00C718CC373A689C469046F7
:1074C0006A1C1303524A9A46130042461A4013009C
:1074D00052461A436346ED012A433A604D4AC318A7
:1074E0009B18802212061A601A6080220023520420
:1074F0000092019302F0BAFA3200A0682168031DDD
:107500009A409C4680239B01CB181A6002003500EC
:10751000083295401D603F2382008A1813614300A2
:107520001B18DB003C4FCB18D8331F6000271761B6
:107530003A4A1F371A60626880253A400C271A6061
:10754000E757A023BE40364ADB059E50A026BB016C
:107550009946344AF6054E444A446D0413682B425A
:10756000FCD12A4B304ACB181B0DDB001B18FF0245
:107570001740DB033B432D4F2D4A1F4302AB3360C3
:1075800063469B00CB1873600223B360013B8340CA
:10759000F7600D684A442B430B608021490413684F
:1075A0000B42FCD10122A368216818339A408A60FB
:1075B0008B681342FCD00122A16820688A400368CE
:1075C00093430360002318220093013302F0ACFAC6
:1075D000A16823684A005218D2009B18154AD83374
:1075E0001A60D02380221B0692045A61FFF772FBB7
:1075F000002004B0E0BCBA46B146A846F0BDC04683
:1076000000F8FF0F4C080000040000C00000E0AFCD
:107610007F00FEFFD01000002060000040600000EE
:10762000440400000C000050FF7F00FF19004000E0
:107630001000005003A00000F0B5D6464F46464665
:10764000C0B56C4C84B00393D2026B4B2240090747
:10765000C4580A4369496A4B0A4321681820C9186B
:10766000090D0631C9B20292F8F7B4FE644B2168E5
:107670001D20C918090D0631C9B2F8F7ABFE012269
:1076800000211D20F8F7BEFED023802201261B0614
:1076900092049A613200A16820688A400368656894
:1076A000934303604B005B18DB00C718CC373A6884
:1076B0009C4690466A1C1303524A9A46130042465F
:1076C0001A40130052461A436346ED012A433A60BA
:1076D0004D4AC3189B18802212061A601A60802235
:1076E000002352040092019302F0C0F93200A06816
:1076F0002168031D9A409C4680239B01CB181A6089
:1077000002003500083295401D603F2382008A1830
:10771000136143001B18DB003C4FCB18D8331F60AC
:10772000002717613A4A1F371A60626880253A407D
:107730000C271A60E757A023BE40364ADB059E504F
:10774000A026BB019946344AF6054E444A446D04CE
:1077500013682B42FCD12A4B304ACB181B0DDB009F
:107760001B18FF021740DB033B432D4F2D4A1F43DD
:1077700002AB336063469B00CB1873600223B36097
:10778000013B8340F7600D684A442B430B60802126
:10779000490413680B42FCD10122A3682168183305
:1077A0009A408A608B681342FCD00122A16820684D
:1077B0008A40036893430360002318220093013337
:1077C00002F0B2F9A16823684A005218D2009B184F
:1077D000154AD8331A60D02380221B0692045A61BE
:1077E000FFF778FA002004B0E0BCBA46B146A846DC
:1077F000F0BDC04600F8FF0F4C080000040000C0B8
:107800000000E0AF7F00FEFFD0100000206000000D
:1078100040600000440400000C000050FF7F00FFA7
:10782000190040001000005003A00000F0B5D6463B
:107830004F464646C0B56C4C84B00393D2026B4BA6
:1078400022400907C4580A4369496A4B0A43216820
:107850001820C918090D0631C9B20292F8F7BAFD0D
:10786000644B21681D20C918090D0631C9B2F8F70B
:10787000B1FD012200211D20F8F7C4FDD023802294
:1078800001261B0692049A613200A16820688A4092
:1078900003686568934303604B005B18DB00C718FF
:1078A000CC373A689C4690466A1C1303524A9A4663
:1078B000130042461A40130052461A436346ED0134
:1078C0002A433A604D4AC3189B18802212061A6058
:1078D0001A608022002352040092019302F0C6F83D
:1078E0003200A0682168031D9A409C4680239B01BA
:1078F000CB181A6002003500083295401D603F2306
:1079000082008A18136143001B18DB003C4FCB1820
:10791000D8331F60002717613A4A1F371A60626820
:1079200080253A400C271A60E757A023BE40364A0C
:10793000DB059E50A026BB019946344AF6054E440D
:107940004A446D0413682B42FCD12A4B304ACB18B1
:107950001B0DDB001B18FF021740DB033B432D4FC1
:107960002D4A1F4302AB336063469B00CB18736004
:107970000223B360013B8340F7600D684A442B4308
:107980000B608021490413680B42FCD10122A368DB
:10799000216818339A408A608B681342FCD0012218
:1079A000A16820688A40036893430360002318227B
:1079B0000093013302F0B8F8A16823684A00521816
:1079C000D2009B18154AD8331A60D02380221B0698
:1079D00092045A61FFF77EF9002004B0E0BCBA4679
:1079E000B146A846F0BDC04600F8FF0F4C080000A5
:1079F000020000C00000E0AF7F00FEFFD0100000DA
:107A00002060000040600000440400000C000050B2
:107A1000FF7F00FF190040001000005003A000008D
:107A2000F0B5D6464F464646C0B56C4C84B003937D
:107A3000D2026B4B22400907C4580A4369496A4B7A
:107A40000A4321681820C918090D0631C9B20292EB
:107A5000F8F7C0FC644B21681D20C918090D0631D8
:107A6000C9B2F8F7B7FC012200211D20F8F7CAFCC3
:107A7000D023802201261B0692049A613200A1685D
:107A800020688A4003686568934303604B005B1875
:107A9000DB00C718CC373A689C4690466A1C130333
:107AA000524A9A46130042461A40130052461A435D
:107AB0006346ED012A433A604D4AC3189B18802261
:107AC00012061A601A608022002352040092019369
:107AD00001F0CCFF3200A0682168031D9A409C464B
:107AE00080239B01CB181A600200350008329540B4
:107AF0001D603F2382008A18136143001B18DB00BE
:107B00003C4FCB18D8331F60002717613A4A1F3704
:107B10001A60626880253A400C271A60E757A02354
:107B2000BE40364ADB059E50A026BB019946344A2A
:107B3000F6054E444A446D0413682B42FCD12A4B8F
:107B4000304ACB181B0DDB001B18FF021740DB036C
:107B50003B432D4F2D4A1F4302AB336063469B00CE
:107B6000CB1873600223B360013B8340F7600D685C
:107B70004A442B430B608021490413680B42FCD11B
:107B80000122A368216818339A408A608B681342E7
:107B9000FCD00122A16820688A40036893430360F7
:107BA000002318220093013301F0BEFFA16823686F
:107BB0004A005218D2009B18154AD8331A60D023B5
:107BC00080221B0692045A61FFF784F8002004B05B
:107BD000E0BCBA46B146A846F0BDC04600F8FF0F6B
:107BE0004C080000010000C00000E0AF7F00FEFF75
:107BF000D01000002060000040600000440400003D
:107C00000C000050FF7F00FF1900400010000050E2
:107C100003A0000070B58C461D00D91C03239943B6
:107C20006346040082B0012B25D024230420174E84
:107C3000D202324066462A43360732438026043059
:107C4000F60580003243201804314260E3180091A9
:107C5000042200212000FFF713F9061E0FD1210096
:107C6000069B2831994203D02A001800FAF7DAFC63
:107C7000300002B070BD002010311333D7E705216A
:107C800003484942FCF7B0FAF2E7C04600F8FF0F9C
:107C9000A4B40010F0B5D6464F464646C0B5050020
:107CA00089469246984688B0022927D04146032348
:107CB000CC1C9C435346204ADB0213404A4616071D
:107CC0000E431E432800C023109A1B06283004349C
:107CD000334390422ED011006B624246FAF7A2FC69
:107CE000290000232200280024310093FFF7C8F860
:107CF00008B0E0BCBA46B146A846F0BD08270F4C14
:107D00000F4E05E02022039B1A420BD1013C0BD3FE
:107D1000042200212800009702AB0296FFF7B0F87A
:107D20000028EFD0002CC1D10648FCF7DBF9062073
:107D30004042DDE76B62D3E700F8FF0FE703000086
:107D400004400040D8B60010836870B5CC0B050025
:107D5000E403A3420DD0802263405204934219D21F
:107D6000FF22120413420CD1FF221202134201D14E
:107D7000AC6070BD012128000A4A230AFFF750FEBB
:107D8000F6E7230C01212800074AFFF749FEAB68FC
:107D90006340E9E7230E0121044AFFF741FEAB6887
:107DA0006340DDE70A0001000B0001000C00010048
:107DB000F0B5C64603300C0000B58D1E87081DD0F7
:107DC0007B1E072B59D92B000B435B0755D1C108EC
:107DD0008846C90023002A008C46661803CB03C2DC
:107DE0009E42FBD143465800874207D06346E25A81
:107DF000E3185B881B0413436246AB506B885BBA85
:107E00006B80A31C1A6813BA6B60A31D19680BBAA8
:107E1000AB6023000A331B681BBAEB608A23DB05C7
:107E20009A4203D0280080BCB846F0BD80231B05D1
:107E30009942F7D1230022002600AE33B2321B88CC
:107E400012682E3631699818884221D83A34E418DD
:107E5000A218944240D20027002004E0DD291BD064
:107E6000E418A24226D963780233E1188A42F7D394
:107E700021783029F2D12000F2E72A00BF00EF1963
:107E8000938851881B040B4308C29742F8D1B5E789
:107E900001235B42AB60C5E7A1780029E0D1E1781E
:107EA0005029DDD12179F229DAD161790129D7D19F
:107EB0002700D5E7431E98418000002F01D0022201
:107EC0001043B28BD20601D5012210438422A95C53
:107ED000A9520432A854A5E70020F2E7F0B5C6463F
:107EE0000E0005000B0000B501211A4AFFF798FDAE
:107EF000330001212800174AFFF792FD002E25D0FC
:107F000003230327984640240BE0012002F0B8F831
:107F1000013C3300012128000E4AFFF781FD002CAF
:107F20000FD0012128000B4AFFF760FA0028ECDB94
:107F300043460340BB42E8D1FF28E6D080BCB846A8
:107F4000F0BD31000448FCF74FF9F7E701230027A3
:107F50009846D8E71F000100C0B40010F0B54746AE
:107F6000CE4680B5C37C05000F00904683B0002B41
:107F700005D1006801F012FC012800D093E0280030
:107F800001F012FCAB7C002B05D101212800FFF78A
:107F9000A5FF0123AB74EB7C002B00D16DE0FA242C
:107FA000A40003E02418002C00D17CE0082200216A
:107FB0002800FFF7C7F9431CF4D0C30500D4BCE088
:107FC000C02203035B0D591ED200914200D3AEE0E4
:107FD000800700D5ABE02C002834002202212800C5
:107FE0000094FFF717FE00283BD1298D6A8D0B0006
:107FF000134300D1A1E00123EB745F4B9C460B00BF
:108000005340634500D09EE0D24392B2914200D0EB
:1080100096E00B2900D89DE0237AAB730F23627999
:108020001340022B22D8627A944666466A7BB21AC3
:10803000D2B2142A3AD90C291CD0012B38D0022BE9
:108040005CD01B2900D891E0E3792D8AE3185A8986
:10805000954200D087E0424610331C1B0C1B3C604D
:10806000136003B0C0BCB946B046F0BD0B2040421F
:108070000C29F6D104204042F3E704220021280015
:10808000FFF78AF93D4B84B299461B880600A3424C
:1080900002D0862303422BD1002C41D14B461C80B9
:1080A000B40600D57BE701204042DAE76E73C2E7F1
:1080B00010295ED9E379E318DA78920004329B182C
:1080C0001A7B882A49D15A7B6C2A46D1DA7C002A4D
:1080D0003DD11A7D102A3AD15A7D182A37D142460D
:1080E0001C1B091B18391833396001201360B8E7CD
:1080F0000104090C2248FCF777F8CDE710292FD9A5
:10810000E2790220A218D3789B000433D318927826
:108110001C1BD2070C1B144342463C601360A0E7B3
:108120002300042200212800FFF780FBB6E701238B
:1081300001212800134AFFF773FC0023EB74B2E718
:10814000022040428DE71048FCF74EF8ABE70A20CA
:10815000404286E70320404283E70920404280E70F
:10816000072040427DE7062040427AE70520404252
:1081700077E70820404274E7FFFF00005E210220FD
:10818000E4B400100D00010010B50010F0B5DE469B
:1081900057464E4645460400E0B585B09B468946A5
:1081A000924601F001FBA37C002B05D101212000A8
:1081B000FFF794FE0123A374A37B002B24D02D4E44
:1081C0002D4FB36A98460EE0A17B002903D1237B93
:1081D000627B9A421CD14346ED1ABD4241D8FA2037
:1081E000800001F01FFF200003AA02A9B56AFFF773
:1081F000B5FE0128E8D103990298FFF7D9FD0100E7
:10820000200001F0D7FADFE7237B627B9A42D6D0C9
:1082100052465D460C3292B22A80D2436A804A4668
:108220006A71023A501E824101200021524282436B
:108230002B710E320133A971EA712981698123738F
:10824000534603220F33934320000022009502314E
:10825000FFF720FD05B0F0BCBB46B246A946A046DC
:10826000F0BD637B227B0548FBF7BEFF0220404246
:10827000F0E7C0460040054040420F003CB500100A
:10828000F0B557464E46DE464546E0B5294E934684
:10829000B76A9946284AB36A05008A4683B0DB1B51
:1082A00093422ED8254B984610E0022820D0002873
:1082B00003DB01004046FBF797FFFA20800001F046
:1082C000B1FEB36A1C4ADB1B93421AD869462800E8
:1082D00001AAFFF743FE041E23D00128E5D101992E
:1082E0000098FFF765FD0100280001F063FAE4E75C
:1082F0000099019B4A0028685208C90F01F0F0FE5E
:10830000DBE74B465A46514602240D48FBF76CFF0B
:108310006442200003B0F0BCBB46B246A946A0466A
:10832000F0BD009A4A4500D94A4601990C9802F0DE
:108330007BFFEEE7004005403F420F0060B50010B4
:108340008CB5001044239C46F0B5C6468444634671
:10835000884600B5040084B008001600039302F0BC
:10836000DFFD039B41469846471C3A000500180074
:10837000FAF758F94346320ADF197A70320CBA70AC
:10838000320EFA702A000393802321323E701B01C3
:108390009A4221D80822238AFF3201336263063AC7
:1083A000FF3A23821B041343E36300232A00236460
:1083B00023006F1D00212000A76315322833FFF72B
:1083C000E5FE002808D10822039B0221009320002B
:1083D0003B00FF32FFF754FF04B080BCB846F0BD4D
:1083E000F0B5CE46474680B5060083B005000800CC
:1083F00099468846170002F093FD4436441C3A0023
:108400004946301902F010FF220041463000E419BD
:10841000FAF708F9220080231C321B019A421FD868
:10842000298A0A9B01311B0329820904194302236B
:108430001943002308272B642B00FF37E96328002A
:1084400000216F63AC6328330C3AFFF79FFE0028CE
:1084500006D123003A00022128000096FFF710FF02
:1084600003B0C0BCB946B046F0BDC046836870B525
:10847000CE0B04000D00F6039E420DD08022734007
:108480005204934239D2FF22120413422CD1FF220C
:108490001202134221D1A66080226D046D0C1202DB
:1084A0002A4301212000FEF7A1FFC025A368060092
:1084B0006D05AB420FD080226B405204934238D2FC
:1084C000FF221204134228D1FF22120213421CD1B0
:1084D000C0235B05A360300070BD01212000194A54
:1084E000330AFFF79DFAD6E7330C01212000164A24
:1084F000FFF796FAA3687340C9E7330E0121134AC8
:10850000FFF78EFAA3687340BDE7C0230121200066
:108510000C4A5B03FFF784FADAE7C0230A4A5B01DF
:1085200001212000FFF77CFAC023A2685B055340BD
:10853000CAE7182301212000044AFFF771FAA36853
:108540006B40BDE70A0001000B0001000C000100B8
:10855000F0B5C64698468368CE0B04000D001700A0
:1085600000B5F6039E420DD0802273405204934220
:1085700062D2FF221204134255D1FF22120213428B
:1085800024D1A66080226D046D0C120243460121A5
:1085900020002A43012F20D0FFF74EF8C025A36802
:1085A0006D05AB420FD080226B405204934217D22C
:1085B000FF22120413421FD1FF22120213422AD1BA
:1085C000C0235B05A36080BCB846F0BD012120003C
:1085D0001D4A330AFFF724FAD3E7FFF721FADDE754
:1085E00018231A4A01212000FFF71AFAFF22A36874
:1085F00012046B401342DFD0C023154A5B010121F6
:108600002000FFF70DFAC023A2685B055340FF224C
:1086100012021342D4D0C023012120000A4A5B0376
:10862000FFF7FEF9CCE7330C01212000084AFFF7E1
:10863000F7F9A3687340A0E7330E0121034AFFF75F
:10864000EFF9A368734094E70A0001000C000100F1
:108650000B000100F8B5CE46474604000D0080B57A
:10866000012900D1E0E1D64BC82798463F02C02639
:1086700041462000FFF768FB3A0001212000FEF789
:10868000B5FEA3687605B34212D08022734052042F
:10869000934200D3E5E0FF221204134200D0EDE044
:1086A000FF221202134200D0F8E0C0235B05A36052
:1086B00041462000FFF748FB3A0001212000FEF769
:1086C00095FEC026A36881467605B34212D080226B
:1086D00073405204934200D39DE1FF2212041342DF
:1086E00000D08CE1FF221202134200D07FE1C023B0
:1086F0005B05A3604B46DE0700D49DE1012D00D150
:1087000097E1B04DB04E31002000FFF71DFB032371
:108710002A0001212000FFF783F9C022A368520537
:10872000934212D0534080225204934200D353E12B
:10873000FF221204134200D036E1FF22120213423C
:1087400000D029E1C0235B05A36031002000FFF7C2
:10875000FBFA2A0001212000FEF748FEC022A36890
:108760005205934212D0534080225204934200D3C8
:1087700007E1FF221204134200D0F6E0FF221202AA
:10878000134200D0E9E0C0235B05A360414620000E
:10879000FFF7DAFA3A00C027002301212000FFF793
:1087A0003FF9A3687F05BB4212D080227B40520470
:1087B000934200D3C8E0FF221204134200D0B7E076
:1087C000FF221202134200D0AAE0C0235B05A3607F
:1087D000C027012001F054FC31002000FFF7B4FA5B
:1087E00001232A0001212000FFF71AF9A3687F0561
:1087F000BB4211D080227B405204934200D386E0DA
:10880000FF221204134200D075E0FF22120213422D
:1088100069D1C0235B05A36031002000FFF794FA03
:108820002A00C02501212000FEF7E0FDA3686D05A8
:10883000AB420FD080226B40520493424AD2FF22B7
:10884000120413423AD1FF22120213422ED1C02346
:108850005B05A360012001F013FCC0BCB946B04623
:10886000F8BD1823594A01212000FFF7D9F8FF224B
:10887000A36812047340134200D111E7C023544A85
:108880005B0101212000FFF7CBF8C023A2685B0544
:108890005340FF221202134200D106E7C0230121F8
:1088A00020004C4A5B03FFF7BBF8FEE6C023012122
:1088B0002000484A5B03FFF7B3F8C8E7C023444AE7
:1088C0005B0101212000FFF7ABF8C023A2685B0524
:1088D0005340B8E71823012120003C4AFFF7A0F8D5
:1088E000A3686B40ABE7C02301212000394A5B033A
:1088F000FFF796F88DE7C023354A5B010121200080
:10890000FFF78EF8C023A2685B0553407DE718236C
:10891000012120002D4AFFF783F8A3687B406FE711
:10892000C023012120002B4A5B03FFF779F84CE7B5
:10893000C023274A5B0101212000FFF771F8C02303
:10894000A2685B0553403BE71823012120001F4A22
:10895000FFF766F8A3687B402DE7C02301212000C4
:108960001C4A5B03FFF75CF80DE7C023184A5B0164
:1089700001212000FFF754F8C023A2685B05534093
:10898000FCE61823114A01212000FFF749F8C02214
:10899000A36852055340ECE6C023012120000D4A94
:1089A0005B03FFF73DF8CDE6C023094A5B010121D7
:1089B0002000FFF735F8C023A2685B055340BCE6F2
:1089C0000048101808C40000084410180C000100EA
:1089D0000B0001000A0001001823194A01212000A0
:1089E000FFF71EF8C022A36852055340A0E6C0233B
:1089F00001212000134A5B03FFF712F877E6C0233A
:108A0000114A5B0101212000FFF70AF8C023A26888
:108A10005B05534066E6182301212000084AFEF753
:108A2000FFFFA368734058E6B827084B3F029846FB
:108A30001DE6074D074E66E60748FBF753FB5DE66C
:108A40000C0001000A0001000B00010000381018A2
:108A500008B4000008341018B4B5001080220023B8
:108A600052008281034A01608360837303618350F3
:108A70007047C0464C08000010B5FEF73BF910BD2A
:108A800010B5040082B06946200001AAFFF766FA1B
:108A9000431C14D0031DF6D0012812D00228F2D1B5
:108AA0000099019B4A0020685208C90F01F018FB89
:108AB0006946200001AAFFF751FA431CEAD102B02F
:108AC00010BD01990098FFF773F90100200000F034
:108AD00071FED8E7F0B5C6469846802300B515006C
:108AE0001C32040082B01B019A422DD802274B0091
:108AF000028A1F404E082B0408991B0C8363013225
:108B00000B0302823B4312041343C36300232A0076
:108B1000036441464663443002F086FB23002A008A
:108B20000021200028331032FFF730FB002807D146
:108B300043463200009339002B002000FFF7A0FBD2
:108B400002B080BCB846F0BD05204042F8E7C04600
:108B500010B50400002909D0837C002B00D110BD82
:108B6000002300218374FFF7B9F9F8E700F01CFE39
:108B7000A37C002BF3D101212000FFF7AFF90123E3
:108B8000A374ECE7F0B5C6460600040000B5443611
:108B9000142282B0884630001649F9F743FD238A33
:108BA0008327013323821B04E363002314222364FD
:108BB00023007F00A2630021200067632833103266
:108BC000FFF7E4FA051E0DD114233A00002120001E
:108BD0000096FFF755FB051E09D1062231004046DD
:108BE000F9F720FD280002B080BCB846F0BD022590
:108BF0006D42F7E7F42D0410F0B54546DE465746C2
:108C00004E46E0B5A84B89B09B6A04004360884695
:108C1000FEF7A6F8002812D1FEF740FB0A25FEF762
:108C20005BFBA24E142200212000FEF769FBB0423C
:108C300012D00120013D01F023FA002DF2D19C4811
:108C4000FBF750FA06256D42280009B0F0BCBB4680
:108C5000B246A946A046F0BD002200212000954B57
:108C6000FEF7EEFB0028EAD1002200212000FEF7EB
:108C700069FB10231D2200212000FEF7D1FE0028F1
:108C8000DDD19923042200212000FEF7C9FE00282F
:108C9000D5D1BE23062200212000FEF7C7FD002803
:108CA000CDD1082301212000834AFEF7B9FE0A2511
:108CB000402601212000804AFEF798FB064209D198
:108CC0000120013D01F0DCF9002DF2D17B48FBF7DA
:108CD00009FAB7E70023784A01212000FEF7A0FE39
:108CE00020007749FFF730F8B822C0250121200085
:108CF0001202FEF77BFBA3686D05AB4212D0802207
:108D00006B405204934200D3CAE2FF221204134282
:108D100000D0B9E2FF221202134200D0ACE2C0231D
:108D20005B05A36020006649FFF70EF8B822012119
:108D300020001202FEF75AFBC026A3680500760544
:108D4000B34212D0802273405204934200D38AE28D
:108D5000FF221204134200D079E2FF2212021342D2
:108D600000D06CE2C0235B05A360ED0700D47DE377
:108D700020005449FEF7E8FFC822C0250121200049
:108D80001202FEF733FBA3686D05AB4212D08022BE
:108D90006B405204934200D3D4E2FF2212041342E8
:108DA00000D0C3E2FF221202134200D0B6E2C02379
:108DB0005B05A36020004349FEF7C6FFC8220121DE
:108DC00020001202FEF712FBC026A36805007605FC
:108DD000B34212D0802273405204934200D368E21F
:108DE000FF221204134200D0BDE2FF2212021342FE
:108DF00000D0B0E2C0235B05A360ED0700D439E3E7
:108E000002212000FFF726FC0323042220002E4924
:108E1000FFF79EFB002304222C492000FFF798FB5C
:108E2000FA212B4F2B4A2C4BD219D65ABB4649005C
:108E30008E4200DBB4E02949525C002A00D0AFE04A
:108E4000502E00DCACE0264B50259946A24603E0AC
:108E50000135AE4200DCA3E0224B09224946581BF3
:108E600001F0FEFF0028F3D1544600263100200017
:108E7000FEF76AFF802372041B02520C1A43012181
:108E8000402320000097FEF705FF002800D0CCE12A
:108E9000154B403640379E42E8D1144B25009A4688
:108EA0000024039044E0C04600400540ADBEEDFE06
:108EB00024B60010B30402000E00010078B60010C2
:108EC00000381018004810181040001844400018CE
:108ED00020BB00109E6803000E0300000D0300007D
:108EE00044B60010CB260410C06B0300F82A04100F
:108EF000FF22120413423DD1FF221202134247D136
:108F0000F023DB02AB604B465E04534680221B1904
:108F1000403B760C1202009301213B0028003243B3
:108F2000FEF7B8FE00283FD1C0239B009C423BD0F7
:108F3000BA272600BF0040341723A742BF41E14AA9
:108F40009F43B318F0269946AB684037F602B34208
:108F5000D9D08022734052049342C9D30023DA4A05
:108F600001212800FEF75CFDFF22AB68120473406C
:108F70001342C1D00723D54A01212800FEF750FD36
:108F8000F023AA68DB025340FF2212021342B7D03B
:108F9000F02301212800CE4ADB00FEF741FDAFE7B8
:108FA000CC48FBF79FF84DE62C00CB4B0422200069
:108FB000CA49039DFFF7CCFA01212000FFF74AFBC5
:108FC0002000C749FFF752FA03230340012B00D0CA
:108FD0002DE12000C349FFF749FAC00700D52AE177
:108FE000FA268027B60006E00120013E01F048F88D
:108FF000002E00D130E201212000BB4AFEF7F6F935
:109000000742F1D0FA26F02304222000B749FFF7E7
:109010009FFA202301212000B54AFEF701FD2027F9
:10902000B60006E00120013E01F02AF8002E00D132
:1090300017E2082200212000FEF784F90742F1D050
:109040000121AC4A2000FEF7D1F90223034301219C
:10905000A84ADBB22000FEF7E3FC0823F02200213F
:109060002000FEF7DDFC022301219F4A2000FEF7CD
:10907000D7FC01212000A04AFEF7B8F9C30700D4AD
:1090800081E10F2301219D4A2000FEF7C9FC002346
:1090900001219A4A2000FEF7C3FC0121974A2000D3
:1090A000FEF7A4F9042200212000FEF775F9C3079A
:1090B00000D571E1C026A3687605B34212D08022A4
:1090C00073405204934200D3BDE1FF2212041342C5
:1090D00000D0ACE1FF221202134200D09FE1C02376
:1090E0005B05A360C02601212000854AFEF72AF90E
:1090F000A3687605B34212D0802273405204934293
:1091000000D37BE1FF221204134200D06AE1FF2268
:109110001202134200D07AE1C0235B05A360200055
:1091200000F042FBA37C002B05D101212000FEF7BB
:10913000D5FE0123A374734F26003900443608225C
:109140002C313000F9F76EFADB2059466E4B800265
:10915000F6220918E364200000239200226563656B
:109160005830F9F75FFA0822FF326263FC2292005E
:10917000A2630222238A0021013323821B041343AA
:10918000E3630023236428339C468022A44463467F
:109190002000D200E146FEF7F9FF002808D1FC23A9
:1091A00008220221200000969B00FF32FFF768F89A
:1091B0003900132238313000F9F734FA238A832238
:1091C000013323821B04E363002352006263F33AFA
:1091D000A263236400214B4620001032FEF7D6FF25
:1091E000002807D18322132300212000009652007B
:1091F000FFF746F8636C002B00D0C0E0002220008F
:109200004249FFF79FF8012220004149FFF79AF8F1
:109210004346002B00D1C6E0002306220093200025
:1092200043463C49FFF7DCF80EE505000CE53A48FB
:10923000FAF758FFCDE63848FAF754FFD0E6C023D6
:1092400001212000224A5B03FEF7EAFB8AE5C023E6
:109250001E4A5B0101212000FEF7E2FBC023A26849
:109260005B05534079E5182301212000164AFEF7DB
:10927000D7FBA36873406BE5C02301212000144A8B
:109280005B03FEF7CDFB4AE5C023104A5B010121D9
:109290002000FEF7C5FBC023A2685B05534039E5FB
:1092A000182301212000084AFEF7BAFBA3686B408F
:1092B0002BE5182301212000034AFEF7B1FBA36828
:1092C00073408DE514FD07000C0001000B00010048
:1092D0000A00010050B60010BA0045FFFCFF07006D
:1092E00008341018003810180E000100242000184F
:1092F000080001001E0001001F0001000F00010016
:1093000008850000E02D041006100200D0B5001002
:10931000DCB5001000B70010A4B60010C023012176
:109320002000564A5B03FEF77BFB40E5C023544A0E
:109330005B0101212000FEF773FBC023A2685B05DF
:1093400053402FE51823012120004E4AFEF768FB09
:10935000A3686B4021E5C02301212000474A5B033D
:10936000FEF75EFB46E5C023454A5B010121200074
:10937000FEF756FBC023A2685B05534035E5424823
:10938000FAF7B0FE3AE701230343012120003F4AE8
:10939000DBB2FEF745FB74E683B204220021200015
:1093A000FEF744FA86E63B00FA6C4C3306926A46B6
:1093B0009B8804AE310020009383FFF7E3FB002875
:1093C0000AD1049A069B9A4200D03DE46B46B288CB
:1093D0009B8B9A4200D037E43100002000F0FAFD68
:1093E000B04619E7C023264A5B0101212000FEF7A1
:1093F00017FBC023A2685B05534088E618230121B0
:109400002000204AFEF70CFBA36873407AE6C023D5
:1094100001212000194A5B03FEF702FB7CE6C02312
:1094200001212000154A5B03FEF7FAFA57E6C02334
:10943000134A5B0101212000FEF7F2FAC023A26863
:109440005B05534046E61823012120000D4AFEF734
:10945000E7FAA368734038E60D48FAF743FEFFF7D2
:10946000F1FB0C48FAF73EFEFFF7ECFB0A48FAF76F
:1094700039FE7DE40848FAF735FEC1E40A00010030
:109480000B0001000C000100E8B600101F000100F5
:10949000B8B60010D0B60010B4B50010042210B554
:1094A000038A82B001334264038282631B04023A5E
:1094B0001343C3630023A5210364030041632833DE
:1094C000002112320400FEF761FE002808D12300BB
:1094D00044330093A522042302212000FEF7D0FE8E
:1094E00002B010BD1A2230B5134B83B0C518038AE1
:1094F000426301330A32038282631B04223A13431C
:10950000C363002304000364290022324430F9F7C6
:1095100089F823003422002120002833FEF736FE8C
:10952000002806D124231A22022120000095FEF7EC
:10953000A7FE03B030BDC04628080000F0B5040007
:1095400083B002293DD80600531E9A4101274436B4
:109550008F4055421C4908223000F9F763F84C232C
:1095600000221021E7540133E2540133E254013365
:10957000E2543D400133E5540133E2540133E254F7
:109580000133E254238AA16301330E3923821B0481
:109590000B430825E3632300FF35226400212000EC
:1095A000656328332032FEF7F1FD002806D1102331
:1095B0002A00022120000096FEF762FE002003B080
:1095C000F0BD01204042FAE710B7001010B5006866
:1095D00000F0E4F8013843425841C0B210BDC04623
:1095E00010B5284B82B01B68002B17D0264C2000EA
:1095F000FFF7ECFF00283CD1244BE25C002A2BD182
:10960000234BE25C002A1DD1224BE25C002A0CD1E4
:10961000214B1B68002B03D000F086FC02B010BD6C
:1096200001212000FFF794FAF6E700222000E2541F
:10963000FFF758FF0122194BE250174B1B68002B14
:10964000EAD1EDE700222000E254FFF727FF114B9B
:10965000E25C002ADCD0E8E700226921E254200025
:1096600000230092FFF736FA094BE25C002ACBD0C8
:10967000E8E72000FFF704FA044BE25C002ABFD0C1
:10968000EAE7C04698130020A013002069080000F4
:109690006B0800006A0800009C1300205C080000B2
:1096A00070B58023D025802604002D065B04AB62B4
:1096B0003604002200211820F6F7A4FE6E62002274
:1096C00000211720F6F79EFEAE6121002000FFF773
:1096D000C5F98522002303211201A354064AA35091
:1096E000064AA3501432A152054AA354054A1360F6
:1096F0000122054BE25070BD580800005C080000D4
:10970000720800009813002068080000F8B50400F3
:1097100000F074FC1C4E3368002B32D00021200076
:1097200000F0D0FC0121200000F0CCFC2000FFF76D
:10973000A3F9D025802380275B042D06AB6200228D
:10974000002118203F04F6F75DFE002200211720BB
:109750006F62F6F757FE21002000AF61FFF77EF938
:109760008522002303211201A354084A3360A35029
:10977000074AA3501432A152064AA3540122064BB1
:10978000E25000F045FCF8BD981300205808000096
:109790005C0800007208000068080000D0231B0667
:1097A0005868C001C00F70473222014B1A607047E1
:1097B0009C130020774B70B5C35804000D00DB07E5
:1097C00012D46B68452B05D0312B07D8724A9B0009
:1097D000D3589F46714AA358012B3FD0704BE35892
:1097E000704A934222D070BDF7F71CFF002925D0A4
:1097F000FA2200239200F8F72BFB6A8801006A48DE
:10980000FAF7F2FC6968582924D8684B8A00D358C3
:10981000002B1FD019006648FAF7E6FC2E23EA68F1
:10982000EB5CA9686348FAF7DFFCCAE701225C4BEE
:1098300000212000E25000F047FCD4E7FA21890023
:10984000F8F7C8FA6A8801005748FAF7CDFC69684A
:109850005829DAD95848FAF7C7FCDFE7A968082978
:1098600074D04F4BE3580029BAD10231A150B7E769
:109870000122524B5248E25200F05EFBAEE7AB6869
:10988000062B6ED0042B03D002229343082B59D110
:10989000EB680F2B56D1494B2CE0AB68002B9DD1C8
:1098A000EB68082B9AD10222444BFF32E2E7AB6807
:1098B000002B00D092E72E33E95C6B88DB075DD587
:1098C000002961D18023364ADB00A1580B43A35005
:1098D00086E70021200000F0FDFB0022304BE25023
:1098E00081E7AB68002B00D078E7EB68022B00D053
:1098F00074E7344B01223248E25400F01DFB284B40
:10990000E3586DE7AB68002B19D1254BE2580F23C4
:1099100019001140042902D19A430E3B1A438023B7
:109920009B0013431E4AA3505AE7AB68002B00D19B
:1099300054E7032B1CD00222194BE25053E7062BAD
:1099400000D14BE70422164BE2504CE78623290056
:109950001B01E0581C4B3031E3589847104BE3583B
:109960003EE780230E4A1B01A1580B43A35037E763
:10997000EA68002ADFD10A4AA35034E7200000F049
:10998000A9FB074BE3582BE7200000F09DFB044B9D
:10999000E35825E754080000542E0410580800002E
:1099A0005C080000010E000018B700101C2F041006
:1099B0002CB7001034B7001030B700106A08000050
:1099C000E19500106908000064080000F8B5CE4673
:1099D0004746050080B58846914600F00FFB1F4EB4
:1099E000002134682800002C0ED0FFF7B1F84A4659
:1099F00041462800FFF7A2FD040000F009FB20000B
:109A0000C0BCB946B046F8BD00F05CFB012128009F
:109A100000F058FB85231B01EC548023D0241B0449
:109A20001F002406A361142000F02AFB3220676186
:109A300000F026FB00212800FFF7DEF8041EDCD131
:109A4000074B2800E918FFF79DF83222054B06481E
:109A50001A60306000F070FAC9E7C0469813002021
:109A6000D30800009C130020E1950010F0B5DE46FD
:109A700057464E464546E0B51600DC22924685B074
:109A80004B0001935B18DB00C518AA4452461268CC
:109A90000E9C93462A00CC32126800921B4AAB18E7
:109AA000802292021A60002C1ED08023DB0499468B
:109AB000012398463300D8352E0055469A46144F58
:109AC000029003912000F8F757F94A4643011343E7
:109AD0002B6053464246C34013403B433360631EF2
:109AE0001C40EFD102980399019B5B18DB00C3185F
:109AF0001A005946DC321160009ACC331A6005B066
:109B0000F0BCBB46B246A946A046F0BDCC30000032
:109B100080E00000816B009B5140024A0B4080189E
:109B20000360704738100000F0B54E46DE465746D9
:109B30004546E0B583B00C0089460CA984460878F8
:109B40001F2A42D86100019109196446C9006418AE
:109B50002500DC352E68B2462600CC363668B34682
:109B60001B4EA1198026B6020E60411E884141425B
:109B70001F20084017494018052B0CD9A0271F2685
:109B80007F05D834510139430532053B2960324005
:109B90002060052BF6D852019B061343019A4A44D4
:109BA000D20062441100DC310B601300D83318601E
:109BB00053460B605B460020CC32136003B0F0BC10
:109BC000BB46B246A946A046F0BD05204042F5E797
:109BD000CC30000080E00000F0B5DE4657464E462F
:109BE0004546E0B58BB008930223022406009B464D
:109BF000013B05934A4B06919A464A4B07920493C0
:109C0000494B0293494B4A4AE4182405A30C9D187A
:109C1000484A00219B18049A504600922A00F6F701
:109C2000D9FC0700A8425BDBF6F796FC33790121EB
:109C30009C46029B05225B59039099466346604609
:109C400099402023B25601391B1A002A59DB9A4247
:109C50003FD80B004846934018423AD1B379002BC5
:109C600037D191403368080009934B46184080462D
:109C700019422ED12E00099B1500BA1B60469C4646
:109C80004346904680229201002812D00F00B2462F
:109C900061460600BC465F00C85B904200D2401996
:109CA0005F191237BF00013338519E42F3D8614625
:109CB00056464A46029B0A4303989A51F6F758FCC7
:109CC0004246069B01201C60079B1A60089B1D6092
:109CD0000AE00398F6F74CFC39005046F6F7BEFC54
:109CE0005B46012B07D100200BB0F0BCBB46B2464F
:109CF000A946A046F0BD01239B460023059C059381
:109D000080E7002BE5DBA046484601E0013BE0D3BD
:109D10000A009A401042F9D11A00444681469DE754
:109D200068130020E0B70010281200200105000091
:109D3000F8EBFFFFFBEBFFFF70B5059C05000498F7
:109D4000001904000020202C02D82800FFF744FF4F
:109D500070BDC04670B50125160002790C00954013
:109D6000013D9D40F6F7F8FB074B084AE418240D27
:109D7000A400A358AB43A350F6F7FAFBA11904487B
:109D8000F6F76CFC70BDC0460000E0AF2812002062
:109D90006813002010B501000148F6F75FFC10BD04
:109DA0005C21022000B5054B83B001000093002226
:109DB0000B230348F6F70EFC03B000BD04B80010F7
:109DC0005C210220104B8201D3181968C3024B405A
:109DD0000E4910B50B400E49A02451180B60012309
:109DE0008340180080210B4BE40518600A4B49049E
:109DF00018600A4BE0500A4BD21813680B42FCD192
:109E00008023DB00E05010BD1000005001780000FE
:109E1000101000500434005014340050440400006A
:109E20000C00005010B5036801495B6A984710BDEB
:109E30004C070020802010B5402207494004F6F767
:109E400029FB012202211820F6F700FB0D20012139
:109E5000F6F762FC002010BD7D9E001010B50022B8
:109E600002211820F6F7F2FA802003494004F6F7A1
:109E700027FB002010BDC0467D9E0010D0231B068E
:109E80001A6810B553009B18094A1B019B18DB6A1E
:109E90009B0700D410BD002202211820F6F7D6FA45
:109EA000044B0549186803685B6A9847F2E7C046A7
:109EB00000410140941300204C070020154B70B561
:109EC0001B680500002B0ED0134C2268002A01D01D
:109ED000013A226098472368002B05D12B6828009F
:109EE0000E499B69984770BDF7F79CFB00230C4A0D
:109EF0000A4C8018594102000B1E02DA0122094B5C
:109F00005242E3602B68210028005B69A2609847F9
:109F1000E9E7C046981300209C130020600700204A
:109F200050C30000FFFFFF7F10B50122022118205F
:109F3000F6F78CFA10BDC046034B10B518680349FC
:109F400003685B6A984710BD941300204C070020FB
:109F500010B504000848FFF7A3FB084B00221C6063
:109F60002368200006491B6998472368200005499B
:109F7000DB699847012010BDA01300209413002036
:109F8000359E00104C07002070B50D4D04002B6865
:109F9000002B13D003680B499B69984723680A4933
:109FA0001B6A20009847236800221B69074920008C
:109FB00098470748FFF7AAFB00232B6070BDC046F7
:109FC00094130020600700204C0700205D9E0010C5
:109FD000A013002010B582B068460C00FCF754FEB8
:109FE0006B460622991C2000F8F71CFB01222378FF
:109FF000934302221343237002B010BD034B10B5EC
:10A00000186803685B68984710BDC0469413002029
:10A01000034B10B5186803689B68984710BDC0468D
:10A020009413002070B5EFF30583134A0400002554
:10A030001668002B10D1F7F7F5FA02000B00121981
:10A040006B41002B04DB31683000096B884770BD21
:10A0500001220A4B5242F6E7F7F7E4FA02000B003E
:10A0600012196B41002B02DA0122044B5242316873
:10A070003000C96A8847EAE794130020FFFFFF7F9A
:10A08000F8B50E4B07001C68F7F7CCFAFA2205006A
:10A090000E000023920038000021F8F715FA2A007C
:10A0A000330012184B41002B02DA0122044B5242BA
:10A0B00021682000C96A8847F8BDC0469413002073
:10A0C000FFFFFF7F7047C04610B50148F6F726FA3C
:10A0D00024B8001010B50148F6F720FA24B8001093
:10A0E00010B50148F6F71AFA24B8001010B5303050
:10A0F00001F0CAF810BDC04670B54D250400405DA2
:10A10000002818D1636C002B03DD616C206AF7F71F
:10A1100023F94C23E35C002B1AD1250030352800AD
:10A1200001F0B2F8280001F077F850220021200059
:10A13000F8F772FA70BD0021F6F7EEFA0649605D95
:10A14000F6F70AFC605DF6F753FD00236355D9E787
:10A15000206AF7F70FF8E0E751A2001070B505008C
:10A160008B69C8690C0098472B6821001B6A206224
:10A17000280098472000103001F0A6F870BDC046B6
:10A18000F0B5314BD6464F4646461A685B68040028
:10A190009A462E4B90464E259946C0B584B0200075
:10A1A000FAF772F906000F00F7F73CFA32003B00AD
:10A1B000121A8B41002B29DD46452DD0635D002B03
:10A1C00008D0A26AE36A30003900801A9941002958
:10A1D00027DC35D0636C002B03DD616C206AF7F758
:10A1E000BBF80123A662E76263550023206A02934D
:10A1F0004B463200009301943B00F6F7E9FF6064A0
:10A20000636C002B0DDC00236355C8E7002BC6D11F
:10A21000002AC4D04645D1D15745CFD1636C002B1D
:10A2200005DC04B0E0BCBA46B146A846F0BD616C9E
:10A23000206AF7F791F800234E226364A354F0E7F5
:10A240000028C7D0EDE7C04668B800100DA4001084
:10A2500070B5EFF305830D4A2A3B9B009C58002CF8
:10A260000FD030239C46A44465460021280001F00D
:10A2700023F8002805D02B7A012B03D0280000F00A
:10A28000CBFF70BD2000FFF77BFFF7E73412002003
:10A2900010B53C3000F0F0FF10BDC04610B5EFF334
:10A2A00005811000002903D01900F7F7FBF910BD54
:10A2B0001900F7F78DF8FAE7F0B5C646D02500B5D6
:10A2C0002D06160090462B68827E04000F008CB08D
:10A2D0009A4220D02422002103A8F8F79DF92C4BA4
:10A2E0000122002107A8049309970A96F6F79EFC1D
:10A2F000236803A9DB6920009847236820005B6A74
:10A3000003A9984707A800F0A7FF0B9F38000CB0DF
:10A3100080BCB846F0BD30239C468444664630007D
:10A3200000F0B2FF4046B847337A0700012B03D054
:10A33000300000F071FFE9E7A27E2B6820009A420E
:10A340001ED0FAF727F90028F2D0300000F064FFA1
:10A35000A27E2B689A4216D0A16C002902DD206AE9
:10A36000F6F7FAFF0B4B206A0022009301940023BA
:10A37000F6F794FFA06420003C3000F0A5FFC5E78D
:10A38000FFF7FEFED4E74D23E05CF6F7D7F9F2E7DE
:10A390005DA100100DA40010030010B530331B7A2E
:10A3A000002B05D0446BFAF761FBA04200D110BD31
:10A3B0000148F6F7B3F8C04644B80010012310B5C1
:10A3C00082B00B72D0231B06827E1B6804009A4267
:10A3D00015D0816C00290EDC0B4B206A0022009303
:10A3E00001940023F6F75AFFA06420003C3000F0EF
:10A3F0006BFF02B010BD006AF6F7AEFFECE74D232D
:10A40000C05CF6F79BF9F0E70DA4001000234E2284
:10A4100010B582B08B648B54D0231B068A7E1B68D8
:10A420000C009A4217D0896C002910DC0C4B206A72
:10A430000022009301940023F6F730FFA06420006F
:10A440003C3000F041FF0020002102B010BD206A26
:10A45000F6F782FFEAE74D23C85CF6F76FF9EEE7FF
:10A460000DA4001030B5050030352B7A040083B000
:10A47000012B04D0280000F0CFFE03B030BDD02364
:10A480001B06827E1B689A4221D0FAF783F80028C7
:10A49000F0D0280000F0C0FED0231B06A27E1B686F
:10A4A0009A4217D0A16C00290DDC0D4B206A0022C6
:10A4B000009301940023F6F7F1FEA06420003C30E5
:10A4C00000F002FFD9E7206AF6F746FFEDE7FFF755
:10A4D00057FECFE74D23E05CF6F730F9EEE7C046D4
:10A4E0000DA4001070B505000E00040030352800E2
:10A4F00082B000F0C9FE31002000F9F77BFF2B7A13
:10A500000600012B05D0280000F086FE300002B0C6
:10A5100070BDD0231B06A27E1B6820009A4221D06A
:10A52000FAF738F80028EED0280000F075FED023A6
:10A530001B06A27E1B689A4217D0A16C00290DDC75
:10A540000C4B206A0022009301940023F6F7A6FE2C
:10A55000A06420003C3000F0B7FED7E7206AF6F791
:10A56000FBFEEDE7FFF70CFECDE74D23E05CF6F7D1
:10A57000E5F8EEE70DA4001070B505000E0004002C
:10A580003035280082B000F07FFE31002000F9F75E
:10A5900069FF2B7A0600012B05D0280000F03CFE55
:10A5A000300002B070BDD0231B06A27E1B682000C5
:10A5B0009A4221D0F9F7EEFF0028EED0280000F0F3
:10A5C0002BFED0231B06A27E1B689A4217D0A16CDB
:10A5D00000290DDC0C4B206A00220093019400231B
:10A5E000F6F75CFEA06420003C3000F06DFED7E77B
:10A5F000206AF6F7B1FEEDE7FFF7C2FDCDE74D2388
:10A60000E05CF6F79BF8EEE70DA4001070B50500CE
:10A610000E0004003035280082B000F035FE310015
:10A620002000F9F70DFF2B7A0600012B05D028003A
:10A6300000F0F2FD300002B070BDD0231B06A27EF8
:10A640001B6820009A4221D0F9F7A4FF0028EED021
:10A65000280000F0E1FDD0231B06A27E1B689A4271
:10A6600017D0A16C00290DDC0C4B206A002200934E
:10A6700001940023F6F712FEA06420003C3000F0A5
:10A6800023FED7E7206AF6F767FEEDE7FFF778FDD0
:10A69000CDE74D23E05CF6F751F8EEE70DA400108E
:10A6A00070B505000E0004003035280082B000F0BF
:10A6B000EBFD31002000F9F7B1FE2B7A0600012BEB
:10A6C00005D0280000F0A8FD300002B070BDD023F6
:10A6D0001B06A27E1B6820009A4221D0F9F75AFF80
:10A6E0000028EED0280000F097FDD0231B06A27EA4
:10A6F0001B689A4217D0A16C00290DDC0C4B206A14
:10A700000022009301940023F6F7C8FDA064200006
:10A710003C3000F0D9FDD7E7206AF6F71DFEEDE7E3
:10A72000FFF72EFDCDE74D23E05CF6F707F8EEE7E7
:10A730000DA40010FF230370002343607047C04640
:10A7400070B504000D004C2200210430F7F764FFBF
:10A75000224B236003232383D0231B061B68A3768D
:10A760006B68002B28D023622000012201213C309D
:10A77000F6F75CFA20003030F6F79AFA00202E78CF
:10A78000F6F740FA03000020002B14DB19004D25DA
:10A79000134A1A398900FF308C501840635511490B
:10A7A000F5F7D4FF0121605DF5F7B6FF605D31007C
:10A7B000F6F7B0F9012070BDF6F782FC2062A67EA4
:10A7C000F6F704FE8642CFD0F6F7FEFE0421F6F738
:10A7D0007BFC4C2301222062E254C5E78030041048
:10A7E0003412002051A2001010B5034B0A000100E2
:10A7F000186800F003F810BD880B002010B50B0C92
:10A80000140C002B30D1002C44D18BB291B259439F
:10A8100000F064F8041E3BD00300083B5A68032391
:10A820009A43043A242A13D80300132A0BD900238D
:10A83000036043601B2A10D900238360C360242A6D
:10A8400031D00300103300221A605A609A6002E08F
:10A850000021F7F7E1FE200010BD030000220833BD
:10A860001A605A609A60F6E7002C16D1141C89B25F
:10A8700092B24A43A4B29BB26343110C5B18190C09
:10A880000BD1190492B2114300F028F8041EC3D171
:10A890000024E0E7231C0C1CE9E700F029FB0C2353
:10A8A00000240360D7E700220300026118334261ED
:10A8B000C9E7C04610B5034B0100186800F00EF858
:10A8C00010BDC046880B002010B5034B010018686E
:10A8D00000F0AEFB10BDC046880B0020F0B54E4620
:10A8E000DE46574645460C00E0B50B34814685B040
:10A8F000162C21D8102900D9D0E000F0A1FA10249C
:10A9000018230221C94DEB181A005F68083A9742D4
:10A9100000D172E103227B68B9689343FA68CA6088
:10A9200091600121FB185A6848460A435A6000F0BA
:10A930008FFA38000830B5E007239C4300D5ADE01E
:10A94000A14200D9AAE000F07BFAFC235B009C4204
:10A9500000D2B9E1610A00D1ABE0042900D980E15D
:10A9600038239C46A1098C44E0463931CB000822AB
:10A9700052429446AD4DEB189C446346DF68BC459B
:10A9800012D00B00032661469C4607E0F868002AB7
:10A9900000DB2CE1814200D12DE107007B68B3434D
:10A9A0001A1B0F2AF2DD41462A002F69083297420E
:10A9B00000D10BE103207B688343181B0F2800DDC7
:10A9C00086E12A616A610028ABDA6A6894468022CF
:10A9D0009200934200D316E1DA085809012383401C
:10A9E000604618438446D3005B199A686860FB6030
:10A9F000BA609F60D76001208B10984060455FD897
:10AA0000634603420AD1032399436346400004315D
:10AA1000034203D1400004310342FBD00323A84684
:10AA20009C4683460D00E80040440600AA46F368B1
:10AA30000BE061465A688A43171B1900DB680F2F29
:10AA400000DD1BE1002F00DB2FE19E42F1D15346D8
:10AA500001339A4608369B07E9D1032205E00368D3
:10AA60000838013D834200D0E2E12A42F7D1424654
:10AA7000594653688B4353605A46520093469A4254
:10AA80001DD8002A06D11AE05246043292465A4690
:10AA9000520093461342F7D05546C4E70C234A466A
:10AAA0001360002005B0F0BCBB46B246A946A046E4
:10AAB000F0BD80233F22402190469B0057E745464A
:10AAC0000322AF687B6893439A46A34202D31B1BC1
:10AAD0000F2B7EDC564B08201B6810331E1900F02C
:10AAE0000DFA544B834601931B68013304D0731E47
:10AAF0001B18424213401E003100484600F0E6F9A0
:10AB00008046431C00D1FDE05346FB18834200D928
:10AB1000F6E0494A11680292891911605A46013AD1
:10AB2000834200D139E101980068013000D13FE152
:10AB30004046C31A5B1802990B6041460723080080
:10AB400018400190194200D1F9E0C44631000133A8
:10AB50001B1A9C44614403915B4411405B1A1A40E8
:10AB600011004846E046160000F0B0F9431C00D141
:10AB70003AE1029B1968891919604346C21A0120FB
:10AB800092190243AB605A60AF4213D053460F2B69
:10AB900000D811E107220C3B93437A68024005205C
:10ABA0001A437A60FA18506090600F2B00D921E1A7
:10ABB00043465A68214B1868884200D21960204BDE
:10ABC0001868884200D2196047469DE06B689C4631
:10ABD00011E701222100134311433C1979604846D3
:10ABE000AC60636000F034F9380008305AE7BA68A6
:10ABF000D060826095E66146D6E6DF680231BB42EE
:10AC000000D1D1E686E65A0A042A73D9142A00D95B
:10AC1000A7E010005C325B30D200AA18083A160098
:10AC200092688846964210D181E0C0468007002095
:10AC3000E410002078070020B4100020DC10002071
:10AC4000E01000209268964204D0032150688843A7
:10AC50009842F7D84146D668FE60BA60B760D760C0
:10AC6000C9E614295CD9542900D982E06E239C4698
:10AC7000210B8C446F31E046CB0078E601200E00BA
:10AC80004546091904437460B4680835E3603843E5
:10AC90009C60A960E9604860CD6048468D60B7500F
:10ACA00000F0D6F830000830FCE601200C008A18CD
:10ACB000516808340143516022684846D3609A6065
:10ACC00000F0C6F82000EDE62300E108083319E69D
:10ACD0000126391934437C6029616961CA608A6040
:10ACE000320002434A60F850484600F0B1F838009C
:10ACF0000830D7E69A09100039323830D2008CE794
:10AD0000AF4242D0AF687A6803239A43131BA24232
:10AD100002D30F2B00DD5CE7484600F099F8C0E64F
:10AD20005B239C468C445C31E046CB001FE601234C
:10AD30008010834060461843844668608CE7330087
:10AD40005946434401931340CB1A1A401100484618
:10AD5000160000F0BBF8431C00D00AE7002601985B
:10AD600007E7542A2BD81A0B10006F326E30D2002E
:10AD700053E7AA235B0099422BD8DD3B9C46E10BAD
:10AD80008C447831E046CB00F1E52B4A1168029201
:10AD9000891911605A46013AC5E6104200D0C2E650
:10ADA00052460123A86892191A438046426001E77F
:10ADB0004146019B1960C0E643465860ACE7AA20B3
:10ADC0004000824221D8DA0B100078327730D2006E
:10ADD00023E71A4B994221D87C239C46A10C8C4432
:10ADE0007D31E046CB00C2E50198039B0838002680
:10ADF0001818BEE639004846083100F019F9029BE0
:10AE00001968AB6898465A68D4E60C4882420BD859
:10AE10009A0C10007D327C30D200FEE6FE237E22AA
:10AE20007F2190469B00A2E5FE227E209200F4E660
:10AE300043465B6820E6C046B4100020540500007D
:10AE400010B5024800F068F810BDC046B0100020F0
:10AE500010B5024800F062F810BDC046B0100020E6
:10AE600010B5002A2AD003000B439B0715D1032AF3
:10AE700013D9144B9C460CE0043A002A1ED0124C05
:10AE80001C199C4363461C4218D104300431032A28
:10AE900003D903680C68A342EED003780C78013A1A
:10AEA0008218A34208D00BE0002B07D043784C78DF
:10AEB00001300131A34203D19042F5D1002010BDF1
:10AEC000181BFCE780808080FFFEFEFE002370B52B
:10AED000064C050008002360F8F772FF431C00D001
:10AEE00070BD2368002BFBD02B60F9E7801C00208D
:10AEF000014B18687047C046880B0020802310B5AE
:10AF00005B01082801D1180010BDFFF7F1FF1623DF
:10AF10000360173BF7E7C0467047C0467047C0461E
:10AF2000030084469B070BD00300032102E001339A
:10AF30000B4206D01A78002AF9D16246981A704757
:10AF4000030019680C4A0D488A188A4302420FD13F
:10AF50005968094A04338A188A43024208D1596859
:10AF6000054A04338A188A430242F1D000E00133D3
:10AF70001A78002AFBD1E0E7FFFEFEFE8080808089
:10AF8000F0B5C646050000B5804608200C00FFF766
:10AF9000B5FF06002800FFF753FF224F3100BB68C2
:10AFA0005D6803239D4328001138001B8019F6F7C4
:10AFB00011FF441E7443A64207DC00214046FFF700
:10AFC00085FFBB685B19984206D04046FFF740FFFB
:10AFD000002080BCB846F0BD40466142FFF776FFD6
:10AFE00001300DD001222D1BBB6815430E4A5D6058
:10AFF000136840461B1B1360FFF72AFF0120E8E798
:10B0000000214046FFF762FFBA68831A0F2BDCDD90
:10B01000064C05492468001B086001210B4353605E
:10B02000D3E7C04680070020B41000207807002036
:10B03000F0B5C6460C00804600B5002940D0FFF7A9
:10B04000FFFE210008394E68012533000320AB4381
:10B05000CA1894465268824328003040070064486A
:10B060008468644500D171E064466260A418646835
:10B070002C40002F27D10E685E4F891B9B198E68CC
:10B08000BE4256D0CF68F760BE60002C1DD062462D
:10B090001D434D6013608022920093422DD2DA0846
:10B0A0005C090123A340446823434360D3001B1879
:10B0B0009A68CB608A609960D1604046FFF7C8FE0D
:10B0C00080BCB846F0BD002C0FD19B18624601240D
:10B0D0009268484D1C43CE18AA4259D06546ED6887
:10B0E000D560AA604C603360D5E7624635434D6059
:10B0F0001360802292009342D1D35A0A042A3DD889
:10B100009A09140039323834D60086193268083E5C
:10B110000325964203D14CE09268964203D05068D2
:10B12000A8439842F8D8D668CE608A60B160D160F2
:10B13000C3E7002C33D1D218604663468068DB68D1
:10B140001543C36098604D608A50B6E79A18002F87
:10B1500006D10B68C91A8C68D218CB68E3609C6072
:10B16000012313434B60244B81601B689342A4D896
:10B17000224B40461968FFF703FF9EE7142A13D9B4
:10B18000542A1DD81A0B14006F326E34D600BCE757
:10B19000D1609160CA608A604C6033608DE762461E
:10B1A0001D434D60136088E714005C325B34D600A9
:10B1B000ABE70123A410A340446823434360B3E7F3
:10B1C000AA246400A24205D8DA0B1400783277343E
:10B1D000D6009AE70A4CA24205D89A0C14007D3298
:10B1E0007C34D60091E7FE267E24B6008DE7C0466B
:10B1F00080070020880700207C070020E410002042
:10B20000540500000000000001B40248844601BC5F
:10B21000604700BF1D03002001B40248844601BC02
:10B22000604700BF3D03002001B40248844601BCD2
:10B23000604700BF5105002001B40248844601BCAC
:10B24000604700BF8901002001B40248844601BC68
:10B25000604700BF4D05002001B40248844601BC90
:10B26000604700BFC100002001B40248844601BC11
:10B27000604700BF0504002001B40248844601BCB9
:10B28000604700BFFD00002001B40248844601BCB5
:10B29000604700BFC501002001B40248844601BCDC
:10B2A000604700BFE902002001B40248844601BCA7
:10B2B000604700BF4D05002001B40248844601BC30
:10B2C000604700BF4D02002001B40248844601BC23
:10B2D000604700BF49010020591B0010851B00106A
:10B2E000691D001009260010FD230010092500101B
:10B2F000911C0010A11B0010C11B0010D51B0010D9
:10B300005D0C0010DD1B0010E90F0010211B001068
:10B31000D1060010E9430010796C0010AD4C00100C
:10B3200074687265616400006D61696E0000000000
:10B330004D61696E546872656164000053696465AB
:10B34000546872656164000068656C6C6F20776F8B
:10B35000726C642066726F6D2025732120436F75B7
:10B360006E742025640A00000A2A2A2A2050414EC1
:10B370004943202A2A2A0A006E6F74207375707060
:10B380006F727465640000004E6F207573657220E3
:10B39000495251732061726520617661696C616206
:10B3A0006C650000486172647761726520616C6150
:10B3B000726D20256420616C726561647920636C14
:10B3C00061696D65640000004E6F20616C61726D93
:10B3D0007320617661696C61626C650048617264BA
:10B3E00020617373657274006D697373696E672091
:10B3F000646F75626C652066756E6374696F6E004C
:10B400004F7574206F66206D656D6F727900000056
:10B4100052656C6561736500626F6F74325F77327D
:10B420003571303830000000302E3100322E332E8E
:10B43000300000007069636F5F770000746573749B
:10B44000000000004F63742020312032303236007B
:10B45000666E692B00000000666E69006E616E000A
:10B46000666E692D000000005541525420737464CB
:10B47000696E000055415254207374646F757400F6
:10B480005541525420737464696E202F2073746484
:10B490006F757400546D725100000000546D72207D
:10B4A0005376630063797734335F726561645F62FA
:10B4B00079746573206572726F72202564000000D4
:10B4C0005B43595734335D2063797734335F6B7353
:10B4D0006F5F736574282564293A206661696C651D
:10B4E000640A00005B43595734335D204275732072
:10B4F0006572726F7220636F6E646974696F6E201B
:10B50000646574656374656420307825780A00008A
:10B510005B43595734335D206572726F723A20680D
:10B520006472206D69736D617463682025303478AE
:10B53000205E20253034780A000000005B43595714
:10B5400034335D205354414C4C2825753B25752DD3
:10B550002575293A2074696D656F75740A000000BD
:10B560005B43595734335D20646F5F696F63746C5C
:10B570003A20676F7420756E6578706563746564D2
:10B58000207061636B65742025640A005B43595722
:10B5900034335D20646F5F696F63746C2825752C8C
:10B5A0002025752C202575293A2074696D656F75E5
:10B5B000740A00005B43595734335D20636F726532
:10B5C000206E6F7420696E207265736574000000D0
:10B5D0006275733A7478676C6F6D00006170737494
:10B5E00061000000616D7064755F62615F7773690F
:10B5F0007A650000616D7064755F6D706475000040
:10B60000616D7064755F72785F666163746F7200FC
:10B610006273736366673A6576656E745F6D7367B0
:10B62000730000005B43595734335D204661696CF9
:10B63000656420746F2073746172742043595734A9
:10B640003300000056657273696F6E3A2000000087
:10B650005B43595734335D20636F756C64206E6FA4
:10B66000742066696E642076616C69642066697214
:10B670006D776172650000005B43595734335D207C
:10B6800074696D656F75742077616974696E672080
:10B69000666F7220414C5020746F20626520736584
:10B6A000740000005B43595734335D20636F72654B
:10B6B000206E6F74207570005B43595734335D20E2
:10B6C0004854206E6F742072656164790000000038
:10B6D0005B43595734335D204632206E6F742072BD
:10B6E00065616479000000005B43595734335D2085
:10B6F000434C4D206C6F6164206661696C65640029
:10B700006375725F657468657261646472000000DD
:10B710006770696F6F7574005B252038645D204128
:10B7200053594E4328253034782C000025730000EF
:10B73000257500002C25752C25752C2575290A00EA
:10B740005345545F53534944000000004A4F494E4B
:10B750000000000041555448000000004445415598
:10B7600054485F494E4400004153534F430000008A
:10B770004449534153534F4300000000444953414F
:10B7800053534F435F494E44000000004C494E4B19
:10B790000000000050534B5F535550004553434148
:10B7A0004E5F524553554C54000000004353415FD7
:10B7B000434F4D504C4554455F494E4400000000F6
:10B7C0004153534F435F5245515F494500000000CC
:10B7D0004153534F435F524553505F49450000006A
:10B7E0004E6F2050494F207374617465206D616302
:10B7F00068696E65732061726520617661696C614C
:10B80000626C65004E6F20444D41206368616E6E2E
:10B81000656C732061726520617661696C61626C30
:10B8200065000000637977343320686173206E6FA0
:10B830002065746865726E657420696E74657266E1
:10B84000616365006173796E635F636F6E746578C1
:10B8500074206C6F636B5F636865636B20666169FE
:10B860006C65640000000000FFFFFFFFFFFFFF7F2B
:10B8700006005250D3F0754210B40010060052502A
:10B88000E182887F18B40010060052503ABCA9111A
:10B8900028B4001006005250ABB360532CB4001013
:10B8A00006005250BBFF3CB634B4001006005250A4
:10B8B000861C03023CB40010060052505422A29D84
:10B8C00044B4001005005250DE65F468C43D041015
:10B8D000743300102C3300102C3300106C33001024
:10B8E0002C3300102C3300102C3300102C3300109C
:10B8F0002C3300102C3300102C3300106433001054
:10B900002C3300105E3300102C3300102C33001049
:10B910005633001068350010863300105C35001077
:10B92000863300104A35001086330010863300102D
:10B9300086330010863300108633001086330010E3
:10B94000863300107C3300108633001086330010DD
:10B950008633001086330010863300107C330010CD
:10B96000FC350010EA320010EA320010EA32001012
:10B97000EA320010EA320010EA320010EA32001017
:10B98000EA320010EA320010EA320010EA32001007
:10B99000EA320010EA320010EA320010EA320010F7
:10B9A000EA320010EA320010EA320010EA320010E7
:10B9B000EA320010EA320010EA320010EA320010D7
:10B9C000EA320010EA320010EA320010EA320010C7
:10B9D000EA320010EA320010EA320010EA320010B7
:10B9E00078350010B435001078350010EA320010B8
:10B9F000EA320010EA320010EA320010EA32001097
:10BA0000EA320010EA320010EA320010EA32001086
:10BA1000EA320010EA320010EA320010EA32001076
:10BA2000EA320010EA320010EA32001094370010B7
:10BA3000EA320010EA320010EA320010EA32001056
:10BA4000EA320010EA320010EA320010EA32001046
:10BA5000EA320010943700100C36001094370010B2
:10BA600078350010B4350010783500100000000063
:10BA7000000000000000F03F000000000000244033
:10BA800000000000000059400000000000408F400E
:10BA9000000000000088C34000000000006AF84079
:10BAA0000000000080842E4100000000D01263419D
:10BAB0000000000084D797410000000065CDCD4113
:10BAC0000D0A00000600525053B4F4A180B40010D7
:10BAD000080052501200000008005250921000005E
:10BAE0001F000000CE6700101268001012680010DE
:10BAF000A468001078680010B26800101268001086
:10BB000012680010A46800107868001014BB0010C0
:10BB100006FF00000160401080E042B00140841048
:10BB20000000000065140000911300009113000054
:10BB30009113000091130000911300009113000075
:10BB40009113000091130000911300009113000065
:10BB50009113000091130000911300009113000055
:10BB60009113000091130000911300009113000045
:10BB70009113000091130000911300009113000035
:10BB80009113000091130000911300009113000025
:10BB90009113000091130000911300009113000015
:10BBA000004800476514000000000000000000008D
:10BBB0000000000000000000000000000000000085
:10BBC0000000000000000000000000000000000075
:10BBD0000000000000000000000000000000000065
:10BBE0000000000000000000000000000000000055
:10BBF0000000000000000000000000000000000045
:10BC00000000000000000000000000000000000034
:10BC10004442505018600100000000000000000085
:10BC2000C51B0000C51B0000C51B0000C51B000094
:10BC3000C51B0000C51B0000C51B0000D913000078
:10BC4000D513000015140000DD3D00007939000017
:10BC50003B330000D93D0000C9350000B139000078
:10BC60001D3E00004FD50100D93A000013340000FA
:10BC70007F340000893E00008B3E0000FB3800004E
:10BC8000AD3D00004DD50100C51B0000C51B0000E7
:10BC9000C51B0000C51B0000C51B0000C51B000024
:10BCA000C51B0000C51B0000C51B0000C51B000014
:10BCB000C51B0000C51B0000C51B0000C51B000004
:10BCC0009FDC0000C51B0000C51B0000C51B000059
:10BCD000C51B0000C51B0000C51B0000C51B0000E4
:10BCE000C51B0000C51B0000C51B0000C51B0000D4
:10BCF000C51B0000C51B0000C51B000047FC000061
:10BD0000C51B0000A3FD0000C51B0000C51B0000F3
:10BD10009FFD00002BFC0000C51B0000C51B0000A0
:10BD2000C51B0000772E01005B3301001B350100AD
:10BD30006F340100DF3301001F320100C51B00001A
:10BD4000C51B0000C51B0000BD350100C51B000060
:10BD5000C51B0000C51B0000C51B0000C51B000063
:10BD6000C51B0000C51B0000C51B0000C51B000053
:10BD7000C51B0000C51B0000C51B0000C51B000043
:10BD8000C51B0000C51B0000C51B0000C51B000033
:10BD9000C51B0000C51B0000C51B0000C51B000023
:10BDA000C51B0000C51B0000C51B0000C51B000013
:10BDB000C51B0000C51B0000C51B0000C51B000003
:10BDC000C51B0000C51B0000C51B0000C51B0000F3
:10BDD000C51B0000C51B0000C51B00007916000034
:10BDE00081160000191F0000352E0000892E00006A
:10BDF000ED3F0000F93F000069510000D1B10000A3
:10BE0000B9DC0000B1FB0000C1350100691600007B
:10BE10008D1600009D1700009D180000E51B000016
:10BE2000851C0000F51C0000791D0000251F000086
:10BE3000A12E0000953F00000540000005490000CC
:10BE4000474C00009D4D0000A54D0000A94D00008D
:10BE5000C51B0000C54D0000FD4D0000054E000053
:10BE60005B4E00005F4E00006D4E0000956C0000C0
:10BE7000C51B000085510000C51B0000056D0000BA
:10BE80003D94000081A2000059A30000C9A3000056
:10BE9000C5CA0000E5CA0000E1CE0000C1DC000018
:10BEA000D1DC00002FE2000049E4000091E800002E
:10BEB00083FB000089FB00001D170100010000004A
:10BEC0000000000820000000000200000400000044
:10BED000FF0300005000000001000000010000000E
:10BEE0000A0708010000000008000000010400002B
:10BEF0000100000004000400080001000000000030
:10BF00000000000000000000000000000000000031
:10BF10000000000000000000000000000000000021
:10BF20000000000000000000000000000000000011
:10BF30000000000000000000000000000000000001
:10BF400000000000000000000000000000000000F1
:10BF500000000000000000000000000000000000E1
:10BF600000000000000000000000000000000000D1
:10BF700000000000000000000000000000000000C1
:10BF800000000000000000000000000000000000B1
:10BF900000000000000000000000000000000000A1
:10BFA0000000000000000000000000000000000091
:10BFB0000000000000000000000000000000000081
:10BFC0000000000000000000000000000000000071
:10BFD0000000000000000000000000000000000061
:10BFE0000000000000000000000000000000000051
:10BFF0000000000000000000000000000000000041
:10C000000000000000000000000000000000000030
:10C010000000000000000000000000000000000020
:10C020000000000000000000000000000000000010
:10C030000000000000000000000000000000000000
:10C0400000000000000000000000000000000000F0
:10C0500000000000000000000000000000000000E0
:10C0600000000000000000000000000000000000D0
:10C0700000000000000000000000000000000000C0
:10C0800000000000000000000000000000000000B0
:10C0900000000000000000000000000000000000A0
:10C0A0000000000000000000000000000000000090
:10C0B0000000000000000000000000000000000080
:10C0C0000000000000000000000000000000000070
:10C0D0000000000000000000000000000000000060
:10C0E0000000000000000000000000000000000050
:10C0F0000000000000000000000000000000000040
:10C10000000000000000000000000000000000002F
:10C11000000000000000000000000000000000001F
:10C12000000000000000000000000000000000000F
:10C1300000000000000000000000000000000000FF
:10C1400000000000000000000000000000000000EF
:10C1500000000000000000000000000000000000DF
:10C1600000000000000000000000000000000000CF
:10C1700000000000000000000000000000000000BF
:10C1800000000000000000000000000000000000AF
:10C19000000000000000000000000000000000009F
:10C1A000000000000000000000000000000000008F
:10C1B000000000000000000000000000000000007F
:10C1C000000000000000000000000000000000006F
:10C1D000000000000000000000000000000000005F
:10C1E000000000000000000000000000000000004F
:10C1F000000000000000000000000000000000003F
:10C20000000000000000000000000000000000002E
:10C21000000000000000000000000000000000001E
:10C22000000000000000000000000000000000000E
:10C2300000000000000000000000000000000000FE
:10C2400000000000000000000000000000000000EE
:10C2500000000000000000000000000000000000DE
:10C2600000000000000000000000000000000000CE
:10C2700000000000000000000000000000000000BE
:10C2800000000000000000000000000000000000AE
:10C29000000000000000000000000000000000009E
:10C2A000000000000000000000000000000000008E
:10C2B000000000000000000000000000000000007E
:10C2C000000000000000000000000000000000006E
:10C2D000000000000000000000000000000000005E
:10C2E000000000000000000000000000000000004E
:10C2F000000000000000000000000000000000003E
:10C30000000000000000000000000000000000002D
:10C31000000000000000000000000000000000001D
:10C3200000F459B200000000FFF75E9F000000001B
:10C3300000F463B100000000FFF7419D0000000021
:10C34000FFF76D9C00000000F3F7AE9800000000BE
:10C35000E9F7679E00000000E5F7989D00000000E7
:10C36000E4F7829F00000000D3F77C9B00000000F0
:10C37000CFF7EC9900000000C9F7D89E000000003C
:10C38000C8F75A9F00000000C8F7B49C00000000E6
:10C39000C2F7549F00000000C0F7449C000000005A
:10C3A000C0F7329A00000000BFF78C9D000000002B
:10C3B000BFF7569F00000000C2F71E9D000000005E
:10C3C000E1F7C29C00000000BFF7049800000000E5
:10C3D000BEF7A69E00000000BDF77C9F0000000095
:10C3E000BBF76D9C00000000A2F73E9D000000001E
:10C3F000B7F7E29A00000000DDF7329B0000000072
:10C40000B9F7889E00000000B2F7669B00000000AC
:10C41000B2F7F69A00000000B2F77C990000000025
:10C42000B1F7869A00000000DAF7669C0000000071
:10C43000B0F76E9E00000000C1F7FE9A00000000F9
:10C44000AEF73B9B00000000A0F7F69D0000000047
:10C45000A0F7169C00000000ABF7F09E0000000063
:10C46000A2F7E09C00000000A2F7DE9A00000000A6
:10C47000A0F7FB98000000009FF7AE9F00000000AF
:10C480009EF7B699000000009DF77C9D000000001B
:10C490009BF7329D000000009AF7F89F0000000013
:10C4A000A0F7E09E00000000A0F70F9F0000000032
:10C4B00099F7DE9A00000000A0F7939C00000000AE
:10C4C000D7F7289F00000000D7F71C9A0000000053
:10C4D000D7F7169C00000000D9F78A9C00000000E6
:10C4E00093F7709A0000000093F77699000000001F
:10C4F00093F7CD9D0000000093F77D9B00000000A6
:10C5000093F7B89A0000000092F7649F00000000C3
:10C5100092F7029D0000000092F7D29A00000000FE
:10C5200092F700990000000092F7149800000000B4
:10C5300092F7129B000000008FF724990000000082
:10C54000D7F7449B00000000D7F7129B00000000C3
:10C55000D6F7989E000000008CF7539C0000000066
:10C560008CF7939D000000008BF74B9F00000000AC
:10C570008CF78E990000000089F7749E000000007F
:10C5800000000000000000000000000000000000AB
:10C59000000000000000000000000000000000009B
:10C5A000000000000000000000000000000000008B
:10C5B000000000000000000000000000000000007B
:10C5C000000000000000000000000000000000006B
:10C5D000000000000000000000000000000000005B
:10C5E000000000000000000000000000000000004B
:10C5F000000000000000000000000000000000003B
:10C60000000000000000000000000000000000002A
:10C61000000000000000000000000000000000001A
:10C62000000000000000000000000000000000000A
:10C6300000000000000000000000000000000000FA
:10C6400000000000000000000000000000000000EA
:10C6500000000000000000000000000000000000DA
:10C6600000000000000000000000000000000000CA
:10C6700000000000000000000000000000000000BA
:10C6800000000000000000000000000000000000AA
:10C69000000000000000000000000000000000009A
:10C6A000000000000000000000000000000000008A
:10C6B000000000000000000000000000000000007A
:10C6C000000000000000000000000000000000006A
:10C6D000000000000000000000000000000000005A
:10C6E000000000000000000000000000000000004A
:10C6F000000000000000000000000000000000003A
:10C700000000000000000000000000000000000029
:10C710000000000000000000000000000000000019
:10C720000000000000000000000000000000000009
:10C7300000000000000000000000000000000000F9
:10C7400000000000000000000000000000000000E9
:10C7500000000000000000000000000000000000D9
:10C7600000000000000000000000000000000000C9
:10C7700000000000000000000000000000000000B9
:10C7800000000000000000000000000000000000A9
:10C790000000000000000000000000000000000099
:10C7A0000000000000000000000000000000000089
:10C7B0000000000000000000000000000000000079
:10C7C0000000000000000000000000000000000069
:10C7D0000000000000000000000000000000000059
:10C7E0000000000000000000000000000000000049
:10C7F0000000000000000000000000000000000039
:10C800000000000000000000000000000000000028
:10C810000000000000000000000000000000000018
:10C820000000000000000000000000000000000008
:10C8300000000000000000000000000000000000F8
:10C8400000000000000000000000000000000000E8
:10C8500000000000000000000000000000000000D8
:10C8600000000000000000000000000000000000C8
:10C8700000000000000000000000000000000000B8
:10C8800000000000000000000000000000000000A8
:10C890000000000000000000000000000000000098
:10C8A0000000000000000000000000000000000088
:10C8B0000000000000000000000000000000000078
:10C8C0000000000000000000000000000000000068
:10C8D0000000000000000000000000000000000058
:10C8E0000000000000000000000000000000000048
:10C8F0000000000000000000000000000000000038
:10C900000000000000000000000000000000000027
:10C910000000000000000000000000000000000017
:10C920000000000000000000000000000000000007
:10C9300000000000000000000000000000000000F7
:10C9400000000000000000000000000000000000E7
:10C9500000000000000000000000000000000000D7
:10C9600000000000000000000000000000000000C7
:10C9700000000000000000000000000000000000B7
:10C9800000000000000000000000000000000000A7
:10C990000000000000000000000000000000000097
:10C9A0000000000000000000000000000000000087
:10C9B0000000000000000000000000000000000077
:10C9C0000000000000000000000000000000000067
:10C9D0000000000000000000000000000000000057
:10C9E0000000000000000000000000000000000047
:10C9F0000000000000000000000000000000000037
:10CA00000000000000000000000000000000000026
:10CA10000000000000000000000000000000000016
:10CA20000000000000000000000000000000000006
:10CA300000000000000000000000000000000000F6
:10CA400000000000000000000000000000000000E6
:10CA500000000000000000000000000000000000D6
:10CA600000000000000000000000000000000000C6
:10CA700000000000000000000000000000000000B6
:10CA800000000000000000000000000000000000A6
:10CA90000000000000000000000000000000000096
:10CAA0000000000000000000000000000000000086
:10CAB0000000000000000000000000000000000076
:10CAC0000000000000000000000000000000000066
:10CAD0000000000000000000000000000000000056
:10CAE0000000000000000000000000000000000046
:10CAF0000000000000000000000000000000000036
:10CB00000000000000000000000000000000000025
:10CB10000000000000000000000000000000000015
:10CB2000D41B80000400000000080000B422800034
:10CB300004000000080800007823800004000000C2
:10CB400010080000C427800004000000180800003E
:10CB5000302880000400000020080000D817810061
:10CB6000040000002808000000D08100040000003C
:10CB7000300800001C148200040000003808000087
:10CB80002838820004000000400800006C66830022
:10CB90000400000048080000ACAD83000400000061
:10CBA0005008000008088400040000005808000035
:10CBB0001C1A840004000000600800009822840011
:10CBC00004000000680800002C8A840004000000B3
:10CBD00070080000D8BE840004000000780800003F
:10CBE000C0BF8400040000008008000010C384005F
:10CBF000040000008808000078C9840004000000D8
:10CC0000900800002C9184000400000098080000A7
:10CC10000C4C820004000000A0080000FCD9840035
:10CC200004000000A808000084E384000400000061
:10CC3000B008000018EC840004000000B8080000F0
:10CC40000C19850004000000C008000084C08600A4
:10CC500004000000C80800004466850004000000CD
:10CC6000D008000010A2820004000000D8080000D4
:10CC7000003B850004000000E008000084B6850049
:10CC800004000000E8080000E8B685000400000089
:10CC9000F0080000CCBA850004000000F80800008D
:10CCA000F8C885000400000000090000B0BE820042
:10CCB0000400000008090000ACD485000400000056
:10CCC00010090000E09B8400040000001809000027
:10CCD000B8FB8500040000002009000038E386004E
:10CCE00004000000280900006CEA8600040000002F
:10CCF00030090000282586000400000038090000E3
:10CD0000F0C0860004000000400900003CC386001B
:10CD1000040000004809000018F986000400000023
:10CD20005009000064FA8600040000005809000061
:10CD30004409870004000000600900001013870008
:10CD400004000000680900001033870004000000A0
:10CD5000700900005C3B87000400000078090000B7
:10CD6000A0D98600040000008009000058DA86007F
:10CD70000400000088090000B8608700040000007B
:10CD80009009000018E086000400000098090000E7
:10CD9000ACE4820004000000A009000058EF82000B
:10CDA00004000000A8090000E4F182000400000073
:10CDB000B0090000C0F2820004000000B8090000C1
:10CDC000D4D1870004000000C0090000D4D487003B
:10CDD00004000000C8090000BCD687000400000061
:10CDE000D0090000F4D9870004000000D809000031
:10CDF000C0DA870004000000E0090000DCDC8700E6
:10CE000004000000E8090000F8DC870004000000CE
:10CE1000F009000088DD870004000000F809000028
:10CE20007CE2870004000000000A0000CCE38700D9
:10CE300004000000080A0000F4E587000400000078
:10CE4000100A00009026880004000000180A000064
:10CE5000A40B830004000000200A00007C0E830065
:10CE600004000000280A00000819830004000000E4
:10CE7000300A00005058880004000000380A000002
:10CE80002059880004000000400A0000D462880095
:10CE900004000000480A00008469880004000000C3
:10CEA000500A0000DC98880004000000580A0000C6
:10CEB0006846836941690BB503695A4651460EB409
:10CEC0004A46414606B4C36882684168FEB40368B6
:10CED000C269EFF303810EB48269EFF3058106B4F2
:10CEE000034801680029FED06846884714B000BD99
:10CEF0003C14000062B6704772B67047044908409F
:10CF0000002803D003490A6802430A607047000002
:10CF1000FFFF000000E100E004490840002804D0C1
:10CF200003490A68C04302400A607047FFFF0000DF
:10CF300080E100E0024909689022885870470000AB
:10CF400044140000024909689C2288507047000080
:10CF500044140000DDBAADBB00000000000000007A
:10CF600000000000000000000000000000000000C1
:10CF700000000000024A11681060081C70470000A1
:10CF80003C1400005648574900220A500168564A8E
:10CF90000A40564F0F403F4206D15046004202D051
:10CFA0004046004229D1FEE7FC2141580A680F2380
:10CFB00013400F2BF1D0012B01D00431F6E70831DB
:10CFC0004B4B13404B4CA34206D100F0C1F88046B6
:10CFD00000F0CAF88146E9E7474CA342E6D10B1FAF
:10CFE0001B68464C23401824E3409C4600F0B0F8F0
:10CFF000824600F0B9F88346D8E7414921224250E1
:10D00000374A40498958FF23194219D051683E4B8D
:10D01000194215D01168344B1940D36A10E0A3426D
:10D020000ED0C0460CE039498958194208D0384919
:10D03000895819409942FAD1364B11691942FCD0EE
:10D0400049463F4204D19823CB581024E34001E0E5
:10D05000314BCB581C242340002B01D000F092F818
:10D0600040462E49086048462D49086050462D49E3
:10D07000086060462C4908602C490F602C4D2D49F2
:10D080000D602D482D49002204C08142FCD8043D8A
:10D09000AD46009DEC431023DD41AC4210D1240C81
:10D0A000A400274D2C606B461B1B2648264D28608C
:10D0B000002C05D01D68056004330430043CF9DC05
:10D0C00081B0224B1B490D68ED1A0D606C46E41AC5
:10D0D000A546684600090001854600F0D7FCFEE73A
:10D0E0000000001814060000FFFF0000000000F020
:10D0F00000FF0F00002A0800000E0800000000FFDB
:10D10000E0010000040600000000380018060000DE
:10D110000C06000000100000080400004414000089
:10D12000481400004C14000050140000401400008B
:10D1300000000800945C0100BC5F01009C660100D7
:10D140009C5C01008C750200985C010000000100ED
:10D1500008680F2204310240052AF9D1014A104023
:10D16000F746000000F0FFFF08680F22043102407C
:10D17000052AF9D180221042F6D0014A1040F74624
:10D1800000F0FFFFFEE7000000487047BC5F0100B1
:10D1900000487047FC5F0100004870476060010074
:10D1A000004870470860010003F04ABA01238B4031
:10D1B0002DE9F74FB3F5001F28BF4FF40013042BE0
:10D1C00038BF04230330019320F00304FFF7E0FF8E
:10D1D000354B0022D3F800B015469446134627E09D
:10D1E000D1F800A0A24522D301F10807019E07EB68
:10D1F0000A08C6F10009C4EB080609EA0606BE42A1
:10D2000015D3DDF8049009F1FF3919EA070FCDF8BD
:10D21000009002D0F71B072F09D9C4EB0A075F451E
:10D2200005D2424635466FB1BB4684460B4608469A
:10D2300041680029D4D13BB91C4A18461168013114
:10D2400011602FE084460B46521B111B072909D998
:10D2500018682A19401A083918602951596851600C
:10D260005A6022461968891A072903D85A68CCF8E7
:10D27000042004E05A50A1F108021A605B180C481F
:10D28000002219685A6002688A1802600948016819
:10D29000083101608918084A1068814288BF11600E
:10D2A00003F10800BDE8FE8FF4030000F003000066
:10D2B00014040000480400000460010038B5194B54
:10D2C00050F8082C196805468A1A1A60164BA0F106
:10D2D00008041A68083A1A60FFF75AFF02E0A342EE
:10D2E00003D218464368002BF9D155F8082CA91829
:10D2F0008B4205D119685B685218083245F8082C32
:10D300006360036803F108028218A24207D155F84E
:10D31000082C9B18083303606368436000E0446096
:10D32000002038BD140400004804000010B500219E
:10D330004022044605F04ADC104B2360104B63602A
:10D34000104BA360104BE360104B2361104B6361E3
:10D35000104BA361104BE361104B2362104B6362CF
:10D36000104BA362104BE362104B2363104B6363BB
:10D37000104BA363104BE36310BD00BF000000001F
:10D38000F8370100F8370100915C0100945C01005E
:10D39000BC5F0100BC5F01009C6601009C6601004F
:10D3A000FCB60200FCB602008C6A0300FC00000020
:10D3B000000100000000000000000000F0B52D4D4D
:10D3C00091B06846FFF7B2FF2978002937D1089855
:10D3D000099C241A06D0224605F0F8DB089821465D
:10D3E00009F06EDD22462449244805F015DC244B63
:10D3F00000241C7001232B70224D09F091DC2B6856
:10D40000002B33D01A78002A30D09F895E890CE037
:10D410002B681D4AD98910680AF076DC0134014670
:10D4200030B1184B186806F0B1DBA319BB42EFDB33
:10D43000164B29681868012206F0ECDB16E0144E42
:10D44000317899B90A980B9C241A06D0224605F027
:10D45000BDDB0A98214609F033DD08480D49224614
:10D4600005F0DADB00232B700123337009F058DC60
:10D4700011B0F0BDFC0300009AFB88005539010093
:10D480001460010044040000900400002C0400001B
:10D490006C600100521E8900014B1868704700BF84
:10D4A000945C0100002070472DE9F04F9DB00AA860
:10D4B000FFF73CFFFFF7F0FF0446FFF7F3FF0A9B7F
:10D4C0000B9A0F99D21A0E9B0D9DC3EB010911996E
:10D4D000109B6E4ECB1A0C99DFF80082C1EB050B46
:10D4E00093443268D8F8001002F50052521A4A44A8
:10D4F000D2185A44141924180994DFF8E4A1644C92
:10D50000644F2268DAF800506348AD183A6808930F
:10D51000C5EB020CCDF81CC005F07EDB089B09F5BD
:10D520007E71019303F57E7307339B0A07310BF578
:10D530007E72890A073202930823920A00910393AC
:10D5400059464B46554805F067DB33682068396813
:10D55000DDF81CC00190039300F57E7003F57E7327
:10D560000CF57E7601F57E7207300733800A9B0A40
:10D5700007320736B60A920A029004934848634677
:10D58000009605F049DB099905F57E7201F57E7379
:10D5900007339B0A0732920A00932946099B4148A8
:10D5A00005F03ADB404B414F1968414805F034DB48
:10D5B0003968404B0A6846469A4203D03E4805F017
:10D5C0002BDB25E01A910B4604E015683948131D42
:10D5D000854203D11A461BAB9A42F6D333681AAD83
:10D5E000009336482B461A9205F016DB3B681A9AD0
:10D5F000E91A3348D31A0A46009305F00DDB336865
:10D600001A9A591B2F489B1A0A46009305F004DB0F
:10D610002D4B1B684BB31A783AB35989DD891A89A7
:10D6200001FB05F638354D4306F57E7307339B1233
:10D630008DE8280005F57E7307339B12029323487B
:10D64000334605F0E9DA2368DAF80020991B9B18C5
:10D650005B1B03F57E7001F57E720730800A07328E
:10D660000090920A1A4805F0D7DA1A4B1D6809F0A3
:10D6700081DD044609F078DD294603462246164836
:10D6800005F0CADA1DB0BDE8F08F00BF04600100EC
:10D6900014040000F40300008839010097390100E8
:10D6A000D63901001B3A0100F00300006860010058
:10D6B000563A01004B415453713A0100953A01002A
:10D6C000CC3A0100F13A010044040000173B01008C
:10D6D000443B0100040400006C3B010010600100A9
:10D6E0004804000008B57146034805F095DA0120AA
:10D6F000BDE8084009F0249E9A3B010000487047AD
:10D70000186001002DE9F34107460C4609F032DDAF
:10D7100010B909F035DD3AE0002620460DF106018A
:10D720006A46ADF80660009607F103080AF072D960
:10D73000009D28F00308454440F638039D4226D852
:10D740002DB328463146FFF731FD0446F8B1314686
:10D75000009A05F03BDA009BA781ED1AE218C8EBAE
:10D76000050802EB0803A3606368013D62F314033C
:10D7700063601B0C65F34F13E380204609F0DEDC89
:10D7800001232080A370BDF80630E38104E0044B40
:10D7900000241A6801321A602046BDE8FC8100BFEF
:10D7A0004C04000038B50446E389590621D4A27818
:10D7B000013AD2B2A270002A27D1E27862B1134BAB
:10D7C000204653F82250E9890AF0D4D92846214648
:10D7D000BDE8384006F0509ADA0516D40C4B2046C6
:10D7E000A360218809F0D4DC2046BDE83840FFF76B
:10D7F00065BD074B2046A3602188A56B09F0C8DCF6
:10D800002046FFF75BFD2C46CEE738BD5061010096
:10D81000EFBEADDEF8B51F4E01220D463068002187
:10D8200002F0AAFF002108220746306802F0A4FF98
:10D83000022D014610D107EA000414F4806406D0DA
:10D84000306821F48061002202F096FF2C46FA0431
:10D850001ED544F004041BE0052D10D107F400642C
:10D86000D4F1010438BF0024BB0511D5306841F460
:10D870008061002202F080FF44F0200408E035B906
:10D88000306829460522BDE8F84002F075BF002443
:10D890002046F8BD0004000029B9034B1146186862
:10D8A000072202F069BF7047000400002DE9FF471E
:10D8B0000446FFF723FF2368C462032B03D1474BC1
:10D8C00018680FF0EFD92368A3F110020F2A04D8CB
:10D8D00004B0BDE8F04709F0CF9B032B0FD1404ABD
:10D8E000E36C22F00102934209D1626C063393612A
:10D8F000636C4FF0FF321A6004B0BDE8F087656CCE
:10D90000FFF7CAFD374E636CF169C3EB000A32685A
:10D91000354805F081D9A36C21680093636C2246D9
:10D920000193A36831480293E36800270393E36CF3
:10D9300005F072D9E36904F110010093236A2C48C1
:10D940000193636A4FEA9A0A0293A36AB946039362
:10D950000EC905F061D9A36B04F12C010093E36BB0
:10D9600024480193236CB84602930EC905F054D99C
:10D97000EB682148009395E80E0005F04DD9EB695E
:10D9800005F1100100931D480EC905F045D918E0B6
:10D990007A59D3070FD5FF2A0DD9194B9A4204D9CA
:10D9A00002F16243B3F5801F05D81648394605F0E9
:10D9B00033D909F101090437B9F10F0F08F1010852
:10D9C00001D8D045E4D13368002043F4806386E871
:10D9D000180004B0BDE8F04709F0B29C0004000054
:10D9E000D1C0800070600100C63B0100DC3B01003B
:10D9F000113C0100443C0100733C0100913C0100DA
:10DA0000F8370100AF3C0100036810B5022B044653
:10DA100003D0084B18680BF0BDDE2046FFF746FF29
:10DA20002368022B05D0034B1868BDE810400BF0AB
:10DA3000F19E10BD00040000014B1868704700BF44
:10DA4000B46001002DE9F04104464C200E46154615
:10DA500098460AF0D1D80746A0B100214C2205F023
:10DA6000B5D84FF4F0637B634FF47A73FB631C23E8
:10DA70003B640C237B640423C7F80C803E607D600C
:10DA8000BC60BB643846BDE8F081704710B515F046
:10DA90004BFF15F059FF15F0B3F816F005F80446E2
:10DAA00015F06CF820461BF0D9FCFFF787FC2046E8
:10DAB000BDE8104009F0AE9A002301E001334008B0
:10DAC0000028FBD1C3F120007047C0177047431EE8
:10DAD00023EA0000FFF7F9BF4840FFF7F8BF22EA4A
:10DAE000000208401043704708B5FFF7F8FFC0B2C6
:10DAF00008BD2DE9F843DDF8208006460D461446A2
:10DB00009946002707E0E95DE25D3046FFF7ECFF4C
:10DB100008F8070001374F45F5D1BDE8F8830379D0
:10DB2000013BDBB2A3EB511300EB83008068D0F123
:10DB3000010038BF0020704710F0010130B51AD045
:10DB400002230122591E01249DB214FA01F1202D55
:10DB500002D09C40013C01E04FF0FF3400FB02F595
:10DB60002C40A14234BF891811460133212B0A46AB
:10DB7000E8D1084630BD084630BD38B5054600F549
:10DB80001770FEF3BDF700240AE004F1760005EB00
:10DB90008000436813B10430FFF304F70134A4B2EA
:10DBA000B5F85831A342F0D838BD2DE9F041061D33
:10DBB0009AB004460431304604321D46FEF384F622
:10DBC0000746002D30D0204601210AAA202305F166
:10DBD0000408FFF3FDF647B920462946FFF368F62F
:10DBE0000028D4BF0020012000E001200021FFF721
:10DBF00073FF3146054642463046FFF3FBF40121F0
:10DC000012AA20232046FFF3E3F602AEE8B20AA9E7
:10DC100012AA20230096FFF76CFF636820460121BB
:10DC200032469B0000F0AEDA1AB0BDE8F081F0B5E4
:10DC3000071D9BB004460431384604321D46FFF3ED
:10DC4000D9F4064625B320230AAA01212046FFF372
:10DC5000BFF630460021FFF73FFF2A1D0646394632
:10DC60003846FEF331F6012112AA20232046FFF3A5
:10DC7000AFF602ADF0B20AA912AA20230095FFF771
:10DC800038FF6368204601212A469B0000F07ADABB
:10DC90001BB0F0BD2DE9F041B8B0154606468846E8
:10DCA000FFF3C4F66A68044602329300502B4FD843
:10DCB000D8F8043003339B00902B49D824A9FFF3F4
:10DCC00079F50746002844D06A6805F108019200FA
:10DCD00026A804F0F7DED8F804202046694603326F
:10DCE000FFF368F50446002833D02846FFF3A2F678
:10DCF0006D686D01451B00E0203515F11F0FFBDB42
:10DD000020464146FFF306F63DB13846294600F06D
:10DD100079DA2046294600F075DA201D391DFFF317
:10DD20009FF220463946FFF3C3F5002805DB204665
:10DD300021463A460023FFF77AFF1DB1204669428B
:10DD400000F060DA30462146FFF3E4F5012000E000
:10DD5000002038B0BDE8F08108B528B1FFF36AF6BD
:10DD6000D0F1010038BF002008BD2DE9F041044684
:10DD7000ACB00D461646FFF359F66B6862682B94FB
:10DD8000B2EB430F01D3201D08E001210022DB008C
:10DD9000FFF3CAF42B9000284ED00430291DFFF366
:10DDA000DBF23046FFF7D8FF0121FFF795FE202375
:10DDB0000BAA012180462046FFF30AF62B981BADE3
:10DDC000201A18BF01200121FFF786FE2B99074674
:10DDD0002046FFF39FF5012113AA20232046FFF3DD
:10DDE000F7F5F8B213A90BAA20230095FFF781FEDF
:10DDF00001212A4620232046FFF3EAF53246204639
:10DE00002B99FFF747FF0646B8B1012123AA20232B
:10DE10002046FFF3DDF503AE5FFA88F023A92A461A
:10DE200020230096FFF765FE32462046012120237D
:10DE3000FFF3CEF5012600E006462B9B9C4202D064
:10DE40002BA8FFF3AFF530462CB0BDE8F0812DE9EB
:10DE5000F74FD2F804A007795FFA8AF991F80480A5
:10DE6000144600F1080609F1FF390D46304600213D
:10DE7000BA005FFA89F9083404F0A8DE013F08F11E
:10DE8000FF3104EB890B6FEA0909C9B24FEA89092E
:10DE9000FFB208354FEA880805EB8105CDF80490FC
:10DEA000002306EB8706C8F1000900211DE05FFA98
:10DEB0008AF84FEA88085C46C8EB06083046002717
:10DEC0000DE03A46076854F804C90023D2196F5888
:10DED00043F10003E7FB0C2340F804291F464045AB
:10DEE000EFD1019804393350043E4945DFD1002079
:10DEF000BDE8FE8F2DE9F04FBDB088464699D0F8B9
:10DF00000C900C1D8568039400684C6808F10401AE
:10DF1000049109F1040105910790114628461A461B
:10DF20000023FFF794FF98F8042099F804302E7925
:10DF30000892002109F108009A000835069306F1BD
:10DF4000FF3A04F043DE039805EB8A0AA500401966
:10DF50004FEAC40B0A90CBEB0A0B5146A4460020B3
:10DF6000AE462BE00B68079A0A9F53430E4609936F
:10DF70002546002002910EE057F8043931680B93D2
:10DF8000002342180B98099943F10003E1FB002399
:10DF900046F80429184615F1FF35EDD20299A5007F
:10DFA0004D1B07E01E680023821943F1000345F86A
:10DFB00004291846AB452B46F4D304391CF1FF3C29
:10DFC000D0D2059A069B754602EB8306CBF800007B
:10DFD000CEEB0A0A2246002303E05AF80310F15060
:10DFE000043B013A971CF8D10021D9F80800FFF74B
:10DFF00073FD0599039A07460498FFF3FBF202218B
:10E000002B4640460CAAFFF3E3F40498089900EB72
:10E01000810303E056F8042943F8042914F1FF347E
:10E02000F8D202211CAA2B464046FFF3D1F42CACB7
:10E03000F8B21CA90CAA2B460094FFF75AFD4046E3
:10E04000022122462B4600F09DD800203DB0BDE8BD
:10E05000F08F2DE9F04F04468BB0184609921F4609
:10E060000891FFF3E3F47B6804F5AC7206929B0021
:10E07000002200250590A4F8582107932E4668E059
:10E0800004EB8609D9F80410002960D00698FFF344
:10E09000D7F0804600285AD101214246079B0598B7
:10E0A000FFF342F305F1200A04EB8A0ACAF85C0187
:10E0B000D9F8040004EB8503C3F85C01FFF7FCFC0E
:10E0C000C0F11F00C0B204900999DAF85C01FFF3B7
:10E0D00021F4C146DDF810A032E04FF0010B05F14C
:10E0E000200884F860B204EB8808D8F85C1104F5C5
:10E0F000177C60460A460B46CDF80CC00097FFF728
:10E10000F9FE049ADDF80CC053B2C9EB03030BFA15
:10E1100003FB04EB86035B681BEA030F0AD00023B2
:10E1200084F86032D8F85C116046089A0B46009774
:10E13000FFF7E0FE0AF1FF3A5FFA8AFA09F10109F6
:10E140001AF0800FC9D00135EDB2A4F8585101364C
:10E15000F6B294F84431B34292D801200BB0BDE836
:10E16000F08F2DE9F04F8346ADF52F7D18461C4604
:10E1700089469246FFF35AF4676801258046BE003F
:10E1800000212422A1A804F021DD294600223346E3
:10E190004046A195FFF3C8F2294600223346AB90D2
:10E1A0004046FFF3C1F2294600223346AC90404678
:10E1B000FFF3BAF202217B198B40AD90A1AA404631
:10E1C000FFF3B2F2AA90AB9800F008D8267904F1D8
:10E1D0000805013EF6B255F8260010F0010000F0E7
:10E1E00093804946AA9A2346AC98FFF32DF723461D
:10E1F000AB99AA9AAD98FFF327F755F82600FFF7D9
:10E200009BFC002105464FF41E7203A804F0DEDCDF
:10E2100005236A4221469AA88DF80C30FEF37CF45F
:10E22000514603A8FEF3DEF3234603A8AC99AD9A4A
:10E23000FFF70FFF9DF8507107F1FF381FFA88F8BC
:10E240000FFA88F3002B4FDB03A800EB8303596818
:10E2500059A8FEF3BBF61F2846D803A901EB80039B
:10E26000D3F8DC11AD98FFF355F3C8F10008002591
:10E270002DE0AD9901238DF86C329AA80A460B4621
:10E280000094FFF737FEBB1E1BB203A8EA18C318A1
:10E290005B1993F80431314601369942E9DB00EB12
:10E2A0008203596891B1002359A88DF86C32FEF3AE
:10E2B0008DF61F2818D803A901EB8003AD990094AF
:10E2C000D3F8DC219AA80B46FFF714FE013D454523
:10E2D0004FF00006D7D19AA85946AD9AAB9B8DF85E
:10E2E0006C620094FFF706FE03A8FFF746FCACA89B
:10E2F000FFF358F3ADA8FFF355F3ABA8FFF352F3C8
:10E30000AAA8FFF34FF301200DF52F7DBDE8F08F94
:10E310002DE9F04FB3B0039018461C468A46934649
:10E32000FFF384F3D4F80490012509F10107BF003D
:10E3300080464FEA890600213A4605A804F046DCEB
:10E3400029460022334640460595FFF3EDF1294664
:10E35000002233462E904046FFF3E6F12946002284
:10E3600033462F904046FFF3DFF129460022334623
:10E3700030904046FFF3D8F102213B46319005AA88
:10E380004046FFF3D1F12D902E98FFF327F7267921
:10E3900004F10805013EF6B255F82600DAF80470DB
:10E3A00010F0010000F08B8051462D9A23462F98E3
:10E3B000FFF34AF62E992D9A23463098FFF344F640
:10E3C00055F82600FFF7B8FB7F014242214626A8F8
:10E3D000FEF3A2F3013F01E0A6F12007BEB25846CA
:10E3E0003146FFF79CFB0028F6D109F1FF393FB217
:10E3F0000BF1080AA9EB67175AF82700FFF75CFB37
:10E40000361A3BE0309901250A460B4626A88DF8BE
:10E410009C500094FFF76EFD294616AA20233098E1
:10E42000FFF3D6F230994FF000080B462F9A26A83A
:10E430008DF89C800094FFF75DFD1EAA29462023DD
:10E440003098FFF3C5F206F01F0015FA00F0A9EBB3
:10E4500067175AF8273041461840FFF73DFB0EAFCB
:10E46000C0B216A91EAA20230097FFF742FB3098DE
:10E4700029463A462023FFF385F6013EB6B237B26D
:10E48000002FBFDA00230399309A8DF89C3026A81C
:10E490002E9B0094FFF72EFD26A8FEF331F32FA844
:10E4A000FFF380F230A8FFF37DF22EA8FFF37AF29B
:10E4B0002DA8FFF377F231A8FFF374F2012033B0F7
:10E4C000BDE8F08F2DE9F04FBFB0039018461D4610
:10E4D00089469246FFF3AAF26E6802230124B60031
:10E4E00000278DF8F7300A233C9321463A463346FD
:10E4F000804637973B978DF8F640FFF315F121469C
:10E500002D903A4633464046FFF30EF121462E90B9
:10E510003A4633464046FFF307F102212F903A4630
:10E5200033464046FFF300F1214630903A463346E9
:10E530004046FFF3F9F0214631903A4633464046D3
:10E54000FFF3F2F0214632903A4633464046FFF35D
:10E55000EBF0214633903A4633464046FFF3E4F071
:10E56000214634900DF1F60223463398FFF30AF664
:10E5700021460DF1F70223463498FFF303F62146B6
:10E580003A4633464046FFF3CFF0214635903A46AF
:10E5900033464046FFF3C8F0214636903A463346AC
:10E5A0004046FFF3C1F0214638903A463346404694
:10E5B000FFF3BAF0214639903A4633464046FFF31E
:10E5C000B3F021463A903CAA23463098FFF3DAF59F
:10E5D00030982B4602462946FFF729FB03992A4625
:10E5E0002D98FFF7C2FB2B4630992D9A2E98FFF3FA
:10E5F0002BF52E992A462F98FFF7B7FB2E982F9AC6
:10E6000001462B46FFF7D1FA2E98FFF7A5FB2146CE
:10E61000FFF762FA29468446349A2F982B46CDF8A4
:10E6200008C0FFF704FB2E992F9A2B463198FFF76D
:10E630006FFE4A462B4630992E98FFF305F52E982B
:10E6400029460246FFF374F251462E9A2B4635981E
:10E65000FFF3FAF452462B462E982946FFF7E7FAC5
:10E66000484629462F9AFFF363F22E982F9A0146C7
:10E670002B46FFF3E9F42F983399319A2B46FFF795
:10E6800094FA2E992F9A2B463698FFF3DDF4202327
:10E6900021461DAA3598FFF39BF12023214625AA88
:10E6A0003698FFF395F1DDF808C00DF1540B5FFAD1
:10E6B0008CF01DA925AA3346CDF800B0FFF719FA52
:10E6C000334621465A464046FFF32EF02A4601467D
:10E6D00037902E98FFF749FB2E98379A01462B4624
:10E6E000FFF3B2F44946379A2B462F98FFF3ACF468
:10E6F0002E982F9A01462B46FFF757FA5246399823
:10E700002E992B46FFF751FA30992D9A2B462E98C9
:10E71000FFF39AF42B462E99379A3898FFF394F426
:10E7200038992A462E98FFF720FB2E98389A0146F2
:10E730002B46FFF389F44946389A2B462F98FFF36E
:10E7400083F42E982F9A01462B46FFF72EFA524655
:10E750003A982E992B46FFF728FA339A2B462E9893
:10E760002946FFF764FA2E982146FFF34BF52E98C1
:10E770002B4602463999FFF7CBFD2E98FFF7ECFAAE
:10E78000214681462E98FFF3AFF2214640EA090068
:10E79000FFF7A2F9214681461DAA20233998FFF3ED
:10E7A00017F15FFA89F92023214625AA3A98FFF349
:10E7B0000FF148461DA925AA3346CDF800B0FFF752
:10E7C00098F921465A4633464046FEF3ADF72023DA
:10E7D0003B9021461DAA3798FFF3FAF020232146EB
:10E7E00025AA3898FFF3F4F00DF1140A48461DA944
:10E7F00025AA3346CDF800A0FFF77BF92023284651
:10E8000021461DAAFFF3E4F006F1FF393EAB99441F
:10E8100019F8843C03F00303032B03D0444804F0AD
:10E82000FBD954E03A46404621463346FEF37CF796
:10E830003B4680462946339A2E98FFF7B6F92E9824
:10E840000221FFF3DFF42B463B992E9A4046FFF757
:10E850005FFD21461DAA20230398FFF3B9F025AAE6
:10E86000202321464046FFF3B3F019F8840C19F831
:10E87000641C00F0010001F00101FFF72DF92946A9
:10E880002B46074642462E98FFF7D1F921461DAA8E
:10E8900020234046FFF39CF0214625AA20232E98F2
:10E8A000FFF396F00AEB0605F8B21DA925AA334638
:10E8B0000095FFF71EF92146524633464898FFF36C
:10E8C00061F4499821462A463346FFF35BF42DA8AC
:10E8D000FFF368F02EA8FFF365F02FA8FFF362F0B6
:10E8E00031A8FFF35FF030A8FFF35CF032A8FFF32C
:10E8F00059F033A8FFF356F034A8FFF353F035A8CE
:10E90000FFF350F036A8FFF34DF037A8FFF34AF0BD
:10E910003BA8FFF347F038A8FFF344F039A8FFF312
:10E9200041F03AA8FFF33EF000203FB0BDE8F08F81
:10E93000E93C010000487047883D010000487047ED
:10E94000103D0100004870474C3D010000487047F1
:10E95000C43D0100012801D1FFF7F0BF022801D119
:10E96000FFF7F0BF032801D1FFF7F0BF042801D162
:10E97000FFF7E0BF0020704700487047DC600100EF
:10E9800000487047305D0100014B43F8201070478C
:10E9900050610100034B53F82000431A584240EBEA
:10E9A000030070475061010042893C2928BF3C2187
:10E9B000034691422CBF08461046988170470000DC
:10E9C00000F13402342A08B5034606D9054820214F
:10E9D000054A04F061D9034808BD044A434252F88D
:10E9E000230008BD306101007F3E01000CA28800B9
:10E9F00038B5049C1D467CB1FF2B0DD002B95BB924
:10EA00006B1C2070A170637025B11146E01C2A4672
:10EA100004F058D803356419204638BDC0F380404F
:10EA200070470000044B00F44032134303420CBF14
:10EA300000200120704700BFD091540038B5054632
:10EA4000FFF7F0FF38B10B4B2B4033B915F49004AE
:10EA500018BF182402E0044600E01024284605F000
:10EA6000BDDF20B1034B2B40002B18BF10242046E4
:10EA700038BD00BFC4D1040000487047685D010084
:10EA800000487047785201000020704708B5FFF732
:10EA9000F3FF41780278012313FA01F113FA02F22D
:10EAA0000A4381788B4042EA030008BD2DE9F74311
:10EAB0004FF0000804460F46164699464546012386
:10EAC00003FA08F313EA090F2BD063692046222BBF
:10EAD0000ADDE3695A0607D540F6270100220EF049
:10EAE000AFDA0146204600E000214FF4C4620EF088
:10EAF00047D9C0F8008063692046222B0ADDE3690C
:10EB00005B0607D540F6270100220EF099DA014690
:10EB1000204600E0002140F224620EF031D9036863
:10EB20001D4308F10108B8F11F0FC8D19DF8283026
:10EB30004BB145B10123009320462B46394632465E
:10EB4000FFF7B4FF05432846BDE8FE83816838B56A
:10EB500040F63C039942044628D1C3680B2B03D8E6
:10EB60004FF0A871994001D40C2B1FD949F21823FA
:10EB70009A4205D049F640439A4217D10C4D00E025
:10EB80000C4D63692046222B0ADDE369590607D53F
:10EB900040F6270100220EF053DA0146204600E03D
:10EBA000002140F2DC620EF0EBD8056038BD00BFFA
:10EBB00099010100B601010038B543690446222BD2
:10EBC0000ADDC3695D0607D540F6270100220EF075
:10EBD00037DA0146204601E0204600214FF4C062AA
:10EBE0000EF0CED80568204605F07C05AD08FFF78D
:10EBF00047FF03E08378AB4207D00C3010B10388A5
:10EC0000002BF7D12046FFF73FFF03884FF47A70BF
:10EC1000584338BD70B5044616460D460AF0B0DDBF
:10EC200094F86023094B002818BF0123012A94F8A7
:10EC3000682308BFD4F85C33012A0CBFD4F86423DE
:10EC40006FF000422B60326070BD00BF0100820E89
:10EC50002DE9FF471D46436990460022222B0446BA
:10EC600089460292039209DDC3695F0606D540F624
:10EC700027010EF0E5D90146204601E0204600219B
:10EC80004FF4C4620EF07CD80560236A20460C2B3A
:10EC9000636916DD222B0ADDE3695E0607D540F6BF
:10ECA000270100220EF0CCD90146204600E00021C9
:10ECB0004FF4C5620EF064D807683F0CBF05BF0D66
:10ECC00014E0222B0ADDE369590607D540F6270137
:10ECD00000220EF0B5D90146204600E000214FF495
:10ECE000C5620EF04DD807683F0AFFB20123AB4062
:10ECF00000262046494642460096FFF7D7FE0546C5
:10ED0000012212FA06F32B4207D000922046494610
:10ED10004246FFF7CBFE25EA000501361F2EEFD154
:10ED2000204602A903AAFFF775FF029B002625EAE9
:10ED3000030A35460123AB4013EA0A0F08D02046E8
:10ED400049464246EBB2FFF783FF864238BF06468C
:10ED500001351F2DEED1B81C801904B0BDE8F08735
:10ED60002DE9F041069E044615461F46FFF78EFE2C
:10ED7000002870D010EA060800EA07072CD0636963
:10ED80002046222B0ADDE3695A0607D540F6270103
:10ED900000220EF055D90146204600E0002140F245
:10EDA0001C620DF0EDDF63690646222B20460ADD6A
:10EDB000E3695B0607D540F6270100220EF040D933
:10EDC0000146204600E0002140F21C620DF0D8DF31
:10EDD000036843EA08033360002F2BD063692046A1
:10EDE000222B0ADDE3695E0607D540F627010022E3
:10EDF0000EF026D90146204600E000214FF4C36200
:10EE00000DF0BEDF63690646222B20460ADDE3696A
:10EE1000590607D540F6270100220EF011D9014608
:10EE2000204600E000214FF4C3620DF0A9DF036823
:10EE30001F433760079B9A0305D4BDE8F0810A2081
:10EE400008F0C8DB01E040F2DD54D5F8E0319B0367
:10EE500001D4013CF3D1BDE8F081F7B51E4643690A
:10EE60000446222B0F4615460BDDC3695A0608D50A
:10EE700040F6270100220EF0E3D800970146204615
:10EE800002E00097204600214FF0FF334FF4CA62A2
:10EE90000EF026DC6369222B0CDDE3695B0609D5E5
:10EEA00040F62701204600220EF0CAD800960146FF
:10EEB000204602E000962046002140F254622B4694
:10EEC0000EF00EDCFEBDF7B51E4643690446222B4C
:10EED0000F4615460BDDC3695B0608D540F62701D2
:10EEE00000220EF0ADD800970146204602E00097C0
:10EEF000204600214FF0FF334FF4CB620EF0F0DBE1
:10EF00006369222B0CDDE369590609D540F6270118
:10EF1000204600220EF094D800960146204602E0DA
:10EF200000962046002140F25C622B460EF0D8DBB2
:10EF3000FEBDF7B51E4643690446222B0F46154613
:10EF40000BDDC369590608D540F6270100220EF0F3
:10EF500077D800970146204602E00097204600211E
:10EF60004FF0FF334FF4CC620EF0BADB6369222B13
:10EF70000CDDE3695A0609D540F627012046002238
:10EF80000EF05ED800960146204602E0009620462C
:10EF9000002140F264622B460EF0A2DBFEBD436905
:10EFA00013B5222B04460DDDC3695B060AD540F676
:10EFB000270100220EF044D84FF4806301460093ED
:10EFC000204604E04FF480630093204600214FF474
:10EFD000C0620EF085DB1CBD2DE9F04F013AD2B2C4
:10EFE000082A85B004469A4615D8374B9E5C374BA5
:10EFF0009F5C374B13F80290364B9B5C0393364B68
:10F0000013F802B0354B9B5C0293354B13F802802A
:10F01000344B9D5C07E00025A8460295AB4603955E
:10F02000A9462F462E466369222B0DDDE3695B0658
:10F030000AD540F62701204600220EF001D8CDF86F
:10F0400000900146204603E0CDF8009020460021C4
:10F050004FF0FF334FF4CB620EF042DB6369222B9B
:10F060000FDDE36958060CD540F627012046002243
:10F070000DF0E6DF07EA0A03B3400146009320469D
:10F0800005E007EA0A03B34020460093002117FA7F
:10F0900006F340F25C620EF023DB039B83B148FA77
:10F0A0000BF208EA0A0848FA0BFB2046029C2946A4
:10F0B000A2400BFA04F305B0BDE8F04FFFF703BF21
:10F0C00005B0BDE8F08F00BF5C5101006551010043
:10F0D0006E5101007751010080510100EC53010095
:10F0E000F8510100015201002DE9F8430446894618
:10F0F0000DF040DE0021064620460EF0EBDB804698
:10F100002046FFF7B9FC074620460EF055DA49467F
:10F11000054642463B782046FFF79AFD0B23023016
:10F120005843074B3146EB18B3FBF5F545432046F2
:10F130000EF0D0DB0A23B5FBF3F5A8B2BDE8F883E7
:10F140003F420F0038B543690446222B0ADDC369EC
:10F150005D0607D540F6270100220DF071DF01465C
:10F16000204601E02046002140F214620DF008DE46
:10F1700063690568222B20460ADDE369590607D535
:10F1800040F6270100220DF05BDF0146204600E03B
:10F19000002140F214620DF0F3DD03689D4214D0AB
:10F1A00063692046222B0ADDE3695A0607D540F63B
:10F1B000270100220DF044DF0146204600E0002137
:10F1C00040F214620DF0DCDD0568284638BD38B524
:10F1D0001C461D68FFF7B6FF03462360401B38BD81
:10F1E0002DE9F743002504460F46164698469DF83C
:10F1F00028900195FFF7A6FF019063692046222B16
:10F200000ADDE3695B0607D540F6270100220DF011
:10F2100017DF0146204600E000214FF4C2620DF0E6
:10F22000AFDDB9F1010F006801D108B90EE050B9A6
:10F23000B8EB451F09D920463946324601ABFFF7E6
:10F24000C6FF2D18D9E7002000E001200B9B6D01BF
:10F250001D60BDE8FE832DE9F04F002685B0804695
:10F26000894692460396012503AF404649465246D9
:10F2700043F6982300950197FFF7B2FF044688B93B
:10F280008DE881004023404649465246DDF80CB0E7
:10F29000FFF7A6FF039B38B99B445E4443F69723D0
:10F2A0009E42E0D9284600E0204605B0BDE8F08F38
:10F2B0002DE9F843994643690446222B0E4615462C
:10F2C000DDF82080099F0ADDC3695A0607D540F69C
:10F2D000270100220DF0B4DE0146204601E0204661
:10F2E00000214FF4C3620DF04BDD03682046C9F8DE
:10F2F00000306369222B0ADDE3695B0607D540F61F
:10F30000270100220DF09CDE0146204600E000218E
:10F3100040F21C620DF034DD03682046C8F800306E
:10F32000D5F8E0313B60FFF7B1FB0746002872D00B
:10F33000D5F8E031990304D4204631462A46FFF738
:10F340008AFF63692046222B0ADDE3695A0607D546
:10F3500040F6270100220DF073DE0146204600E052
:10F3600000214FF4C3620DF00BDD63690646222BCA
:10F3700020460ADDE3695B0607D540F62701002237
:10F380000DF05EDE0146204600E000214FF4C3622E
:10F390000DF0F6DC0368FF433B40336063692046B1
:10F3A000222B0ADDE3695E0607D540F6270100221D
:10F3B0000DF046DE0146204600E0002140F21C62CE
:10F3C0000DF0DEDC63690646222B20460ADDE36988
:10F3D000590607D540F6270100220DF031DE01461F
:10F3E000204600E0002140F21C620DF0C9DC0368F9
:10F3F00040F2DD541F40376002E00A2008F0EAD8EE
:10F40000D5F8E0319A0301D5013CF6D16420BDE87E
:10F41000F84308F0DF98BDE8F88337B5044601AB40
:10F420004FF400616A460EF063DA63692046222BCE
:10F430000ADDE3695D0607D540F6270100220DF0DD
:10F44000FFDD0146204600E000214FF4CE620DF0C2
:10F4500097DC056815F0005316D063692046222B0F
:10F460000ADDE369590607D540F6270100220DF0B1
:10F47000E7DD0146204600E000214FF4CE620DF0AA
:10F480007FDC0560012500E01D4620469DE8060062
:10F490000EF04CD928463EBD70B504460E460DF020
:10F4A00069DC0021054620460EF014DA314602469A
:10F4B0002046FFF781FB2946064620460EF00ADA71
:10F4C000304670BD014B1860704700BF9461010069
:10F4D000F8B5484F04463A68002A40F089804369ED
:10F4E000222B09DDC3695B0606D540F627010DF026
:10F4F000A7DD0146204601E02046002140F21462CB
:10F500000DF03EDC63690568222B20460ADDE369C5
:10F510005E0607D540F6270100220DF091DD014679
:10F52000204600E0002140F214620DF029DC03685F
:10F530009D4214D063692046222B0ADDE3695906F7
:10F5400007D540F6270100220DF07ADD014620465E
:10F5500000E0002140F214620DF012DC056842F276
:10F56000107008F037D863692046222B0ADDE36962
:10F570005A0607D540F6270100220DF061DD01464D
:10F58000204600E0002140F214620DF0F9DB6369CF
:10F590000668222B20460ADDE3695B0607D540F6A4
:10F5A000270100220DF04CDD0146204600E000213D
:10F5B00040F214620DF0E4DB03689E4214D06369EC
:10F5C0002046222B0ADDE3695E0607D540F62701B7
:10F5D00000220DF035DD0146204600E0002140F21A
:10F5E00014620DF0CDDB0668751B642675433D6023
:10F5F0003868F8BD946101002DE9F74F044688464C
:10F6000091461F460DF0E8DF8346002840F0D98080
:10F6100020460DF0AFDB5946824620460EF05AD9FF
:10F62000636905462D2B0CD1D0F8F430B9F1000FE9
:10F6300002D023F0007301E043F00073C5F8F4300A
:10F64000B8E02046FFF718FAC37801269E4000F084
:10F65000B180B9F1000F5ED063692046222B0ADD2C
:10F66000E369590607D540F627015A460DF0E8DC54
:10F670000146204600E000214FF4C3620DF080DB1C
:10F68000036841463B6043EA060701230093204696
:10F690003B462A46FFF70AFA63690743222B2046B6
:10F6A0000ADDE3695A0607D540F6270100220DF06E
:10F6B000C7DC0146204600E000214FF4C3620DF094
:10F6C0005FDB414607602A462046FFF7C4FD4FF442
:10F6D0007A7007F07FDF40F2DD5702E00A2007F082
:10F6E00079DF63692046222B0ADDE3695B0607D5D3
:10F6F00040F6270100220DF0A3DC0146204600E081
:10F70000002140F20C620DF03BDB0368334242D132
:10F71000013FE3D13FE03A689AB963692046222B62
:10F7200009DDE3695F0606D540F627010DF088DCA8
:10F730000146204600E000214FF4C3620DF020DBBB
:10F74000026822EA06070123009320463B46414611
:10F750002A46FFF7ABF96369074337420CBF00261F
:10F760000126222B20460ADDE369590607D540F61B
:10F77000270100220DF064DC0146204600E0002154
:10F780004FF4C3620DF0FCDA414607602A4620467A
:10F79000FFF761FD00E0012640F22D1702E00A208C
:10F7A00007F018DF2B6903F48053B3EB063F01D059
:10F7B000013FF4D12046514603B0BDE8F04F0EF0B2
:10F7C000899803B0BDE8F08FF0B589B004460D46C6
:10F7D00006AA07AB4FF400610EF08AD829462046EE
:10F7E000FFF75AFE4FF47A760022B0FBF6F6134686
:10F7F00002212046FFF79DFB00220746134600F03A
:10F800000F0503212046FFF794FB4FF680733B4022
:10F81000DF094FF4000320F07F42009303A804A9FE
:10F82000334603F09DDE05A80399049A1823774315
:10F8300003F0DADE05B92D60059A4FF400630093FA
:10F840004FF4805303A804A9BA1893FBF5F303F00F
:10F8500087DE02A80399049A0C2303F0C5DE204634
:10F860000699079A0DF062DF029809B0F0BD10B555
:10F8700004460DF0E7DE01462046BDE81040FFF7E4
:10F88000A3BF70B504461646FFF7F1FF636905464E
:10F89000222B20460ADDE3695B0607D540F62701E7
:10F8A00000220DF0CDDB0146204600E000214FF4A0
:10F8B000CC620DF065DA04230360D6F864364FF4A9
:10F8C0007A70DBB2B5FBF3F5684370BD70B50446E2
:10F8D0000E460DF04FDA0021054620460DF0FADF06
:10F8E000314602462046FFF7CCFF29460646204611
:10F8F0000DF0F0DF304670BDFFF7E8BF37B50446C6
:10F90000FFF7B5FF4FF400616A4601AB054620469C
:10F910000DF0EEDF0022134620460421FFF709FB1D
:10F9200000F47F40030A00B91B60B5FBF3F52046E5
:10F930009DE806000DF0FADE28463EBD70B504468F
:10F940000E460DF017DA0021054620460DF0C2DF05
:10F95000314602462046FFF77EFC2046FFF78CF832
:10F9600063690646222B20460ADDE3695A0607D55D
:10F9700040F6270100220DF063DB0146204600E03F
:10F98000002140F20C620DF0FBD9F378012111FA4D
:10F9900003F3026829461A420CBF002601262046BE
:10F9A0000DF098DF304670BD70472DE9FF47836E3C
:10F9B000002204460D460292039263B1D0F8CC10A7
:10F9C00000EB8101D1F8D400216E884205D1606E30
:10F9D0009847814602E0994600E0914620460DF0A6
:10F9E000C9D90021824620460DF074DF02A9804665
:10F9F00003AA2046FFF70EF9029F00260396F7B1EF
:10FA00003B462046294642460096FFF74FF8636979
:10FA10003843222B029020460ADDE369590607D5B8
:10FA200040F6270132460DF00BDB0146204600E090
:10FA300000214FF4C3620DF0A3D9029B0360039E23
:10FA4000FEB1002733462046294642460097FFF77D
:10FA50002DF863693043222B039020460ADDE369C9
:10FA60005A0607D540F627013A460DF0E9DA014675
:10FA7000204600E0002140F21C620DF081D9039B7A
:10FA80000360294642462046FFF7E5FB20465146E3
:10FA90000DF020DFE36E5BB1D4F8CC2004EB8202E2
:10FAA000D2F8D410226E914202D1606E4946984736
:10FAB000BDE8FF8710B500220C4608F0B1D8A0B908
:10FAC0000A4B1B688BB11A787AB1DA8994420CD848
:10FAD000184604F0E1D820B1054B1A6801321A60CB
:10FAE00010BD044B1A6801321A6010BD44040000B6
:10FAF000986101009C610100037E2BB14069D0F147
:10FB0000010038BF0020704701207047014B03EB14
:10FB1000C0007047A0610100014B03EBC0007047BB
:10FB2000C061010070B50C46164609F0B3DD80B126
:10FB300000252846FFF7F0FF03681BB980E8500056
:10FB4000184670BD0135EDB2042DF2D14FF0FF30F3
:10FB500070BD4FF0FF3070BD6FF0160070477047FA
:10FB60007047000003682DE9F041C0F82031436878
:10FB70000022C0F824318368C0F82831C368C0F877
:10FB80002C310369C0F830314369C0F834318369DE
:10FB9000C0F83831C369C0F83C3100F59073534E5A
:10FBA0001C69DF699559D3F814C07D194FEAB41761
:10FBB00087EAF42787EA7467ED199F6927EA040743
:10FBC00004EA0C047C402C198D1811F802C0EF785F
:10FBD000043247EA0C6795F801C0AD7847EA0C4754
:10FBE00047EA05256419DD61DD68402A2544DD60AA
:10FBF00093E8A01087EA0C0808EA05080CEA070C4D
:10FC000088EA0C074FEAB50C8CEA753C8CEAB555CE
:10FC10003D442C4443F8044DC1D100F1E00306F10A
:10FC20003C0500F120071A6955F8044FD9695E694F
:10FC300061184FEAB21484EAF22484EA7264091962
:10FC40009C69D3F85CC024EA0204324062409E6B97
:10FC50005C6A66444FEA744C8A188CEAF44C996DDD
:10FC60008CEA942434194FEAF11686EAB14686EA02
:10FC7000D10161185218D961D9688918D96093E8FF
:10FC8000520084EA060C0CEA010C26408CEA0604B9
:10FC90004FEAB10686EA713686EAB15161188918D1
:10FCA00043F8041DBB42BED1036842685918436A39
:10FCB0000160D31843608268836AD3188360C26886
:10FCC000C36AD318C3600269036BD3180361426926
:10FCD000436BD31843618269836BD3188361C26914
:10FCE000C36BD318C361BDE8F08100BFC0540100ED
:10FCF000F0B5034696100F46002510E057F8044B68
:10FD000001354FEA146C83F800C04FEA144C83F8B5
:10FD100001C04FEA142C83F802C0DC700433B542F2
:10FD2000ECDB26EAE67312F0030200EB83000AD054
:10FD300051F823401821002334FA01F5C55401334A
:10FD400008399342F8DBF0BD004870476454010065
:10FD5000D0F8B43170B5D318934204460E46154618
:10FD6000C0F8B43104D2D0F8B0310133C0F8B031AA
:10FD7000D4F8AC21AB183F2B0AD8A21802F5B67004
:10FD800031462A4602F09EDED4F8AC315D1925E0FA
:10FD9000E2B1A0183146C2F1400200F5B67002F09F
:10FDA00091DED4F8B831201D04F5B6719847D4F827
:10FDB000AC31C3F14002403BB6185D1906E0314654
:10FDC000D4F8B831201D98474036403D3F2DF6DC31
:10FDD00004F5B67031462A4602F074DEC4F8AC5120
:10FDE00070BD0000012910B5044640F8041B05D180
:10FDF0000A4B0B49C4F8B831142204E0094B0A49F4
:10FE0000C4F8B831202202F05DDE0020C4F8AC0155
:10FE1000C4F8B001C4F8B40110BD00BF0D43000028
:10FE2000C055010045400000A0540100F8B504464B
:10FE300000F5AA760D4600F58A7721463046142251
:10FE400002F040DE30696649726841183068331F3D
:10FE500001EBF061F06820EA020CB06810408CEA17
:10FE60000000091846F8041C687895F800C00004E2
:10FE700040EA0C6095F803C04FEAB20240EA0C0079
:10FE800095F802C0043540EA0C2041189F423061C9
:10FE900046F8041C72601E46D4D304F5827530699E
:10FEA0004F497268411853F80409F76801EBF06193
:10FEB000B06827EA0207104078400918376BF069EC
:10FEC0004FEAB2027840B76C72607840376D784084
:10FED0004FEAF0703061081846F8040C043EAB425B
:10FEE000DDD804F1B4061A4615693E495068691810
:10FEF00053F80459D76801EBF561956845407D409A
:10FF00004919176BD5694FEAB0007D40976C506076
:10FF10007D40176D7D404FEAF57515614D1942F82A
:10FF2000045C043AB342DFD804F1640C1A46156944
:10FF30002D49101D691853F80459C1C801EBF5612A
:10FF400086EA07050540374085EA07068919D5691D
:10FF5000166B4FEAB0007540966C50607540166D98
:10FF600075404FEAF57515614D1942F8045C043A85
:10FF70006345DCD804F114061D691C4958686918EA
:10FF80001D68DF6801EBF5619D681A4645407D40BC
:10FF900049191F6BDD694FEAB0007D409F6C5860C6
:10FFA0007D401F6D7D404FEAF57549191D6143F88D
:10FFB000041C043B9E42DFD3236859182160136858
:10FFC0006168CB1863605368A168CB18A360E168CF
:10FFD0009368CB18E3602169D368CB182361F8BD1F
:10FFE0009979825AA1EBD96EDCBC1B8FD6C162CA4B
:10FFF00030B5034685B00C4615466846194607F0ED
:020000041001E9
:10000000B3DE20466946102DB4BF2A46102202F006
:1000100059DD05B030BD07F0039F08B507F0ECDEF1
:10002000002008BD38B504460D46FFF78DFE034697
:10003000E4B10022226062600122AA4001680A4203
:100040000AD100F114014069024204D103F12801F0
:100050009B6A1A420DD00B4604F1100063602560C4
:10006000A0609B6829469847002038BD6FF00100CA
:1000700038BD6FF0160038BD08B5436813B1DB68B2
:100080008068984708BD08B5436813B11B6980684C
:10009000984708BD013806289ABF024B1856002021
:1000A000704700BFD4550100F8B5044600680E46FD
:1000B0001546FFF7EFFF00284AD0D4F8AC21802185
:1000C000A31883F86C11531CA842B8BF0546382BFF
:1000D000C4F8AC3111D9A01800F5B6700021C2F1F6
:1000E0003F02013002F072DDD4F8B831201D04F572
:1000F000B67198470023C4F8AC31D4F8AC21002184
:10010000A01800F5B670C2F1380202F05FDDD4F835
:10011000B021D4F8B431D20042EA5372DB00C4F803
:10012000B021C4F8B431082204F5D27004F5D871B6
:10013000271DFFF7DDFD384604F5B671D4F8B83158
:100140009847304639462A46BDE8F840FFF7D0BD0B
:10015000F8BD07280AD84FF0C243834004D44FF0BB
:10016000F053834004D401E04020704700207047E2
:10017000802070472DE9F0470C46B0B090469A4673
:100180000746002846D00846FFF784FF81462046F0
:10019000FFF7DFFF5045064607F1800513DA2146D9
:1001A0002846FFF73FFF414652462846FFF764FFC7
:1001B000284620A94A46FFF766FF4E45B4BFB2461F
:1001C000CA460DF18008002309E018F8032082F0E8
:1001D000360182F05C020DF80310FA5401335345E6
:1001E000F3DB2AEAEA7A07E036230DF80A305C23CB
:1001F00007F80A300AF1010AB245F5DB2146284624
:10020000FFF710FF044638B9284669463246FFF723
:1002100033FF01E06FF00104204630B0BDE8F08705
:1002200010B18030FFF728BF70472DE9F843DDF8A3
:10023000208004461546994661B10E46002707E026
:1002400032881AB120467168FFF7EAFF0137083695
:10025000AF42F5DBB9F1000F09D0B8F1000F06D0BD
:10026000204649464246BDE8F843FFF7D9BFBDE8FE
:10027000F8832DE9F0478A4690B09046064600285C
:100280002BD0D0F8807000F180043846FFF761FF72
:1002900081463846FFF7FEFE05462A462046694657
:1002A000FFF7F1FE39462046FFF7BCFE20463146F7
:1002B0004A46FFF7E1FE204669462A46FFF7DCFE84
:1002C000204669462A46FFF7DEFE50466946454508
:1002D000B4BF2A46424602F0F5DB10B0BDE8F08715
:1002E000F0B51446ADF5337D07460E461D4602A80F
:1002F000234639463246FFF73DFF044660B9BA9BB4
:1003000002A800932946B89AB99BFFF78EFF02A86E
:10031000BB99BC9AFFF7ADFF20460DF5337DF0BDCC
:100320002DE9F04F93B01E9F81468B4692461C46A6
:100330001F9D002F68D0002D68D02BB1184602F009
:10034000F1DC00F1010800E098464846FFF7A2FE04
:10035000064600285CD0431EEB1893FBF0F3FF2BFE
:10036000079355DC4FF6FF73984551DC1D9A9A426E
:100370004EDC2B4BADF83420002C08BF1C461C9BD8
:1003800001220E9312AB03F8012D10930323009367
:100390000023ADF82400ADF83C2001930293A8425D
:1003A000D4BF049004955946484652460BAB0C9472
:1003B0000A97ADF82C800397FFF792FF04460028B8
:1003C0002AD14FF0020819E0AD1B002D0A9723DD5A
:1003D00004230093002301930293BF194846594612
:1003E000524609AB8DF847800397B542D4BF0495B8
:1003F0000496FFF775FF08F1010860B9079A08F144
:10040000FF339342E0DD07E03C4605E02C4603E085
:100410006FF0160400E00446204613B0BDE8F08FEC
:1004200005EA89000B4B10B51A681C46904204D1AE
:100430005A68914201D1184610BD6369054A984235
:1004400006D19069143281420CBF1046002010BDC5
:10045000002010BD6C5D010073B504460CF0F6DEA3
:1004600014237422204640F60C410CF04FDE204647
:10047000012104220DF030D82046022104220DF083
:100480002BD801250021204640F61C624FF0FF3397
:1004900000950CF0A7DE112300930021204640F6C2
:1004A00018624FF0FF330CF09DDE41F2021300930F
:1004B0000021204640F644424FF0FF330CF092DE1C
:1004C000F32320464FF45E614FF0FF320CF01EDE46
:1004D0000023204640F6F8514FF0FF320CF016DEB4
:1004E0000023204640F6E4514FF0FF320CF00EDEC0
:1004F0000823204640F6EC514FF0FF320CF006DEA8
:100500000023204640F6E8514FF0FF320CF0FEDDAC
:10051000DB2320464FF45D614FF0FF320CF0F6DD37
:100520000C220023204640F654410CF0EFDD284B0E
:1005300000210093204640F6BC524FF0FF330CF0F0
:1005400051DE244B29460093204640F6BC524FF022
:10055000FF330CF047DE204B02210093204640F68B
:10056000BC524FF0FF330CF03DDE2A462B462046AE
:1005700040F624610CF0CADD40F6FF7300930021C1
:10058000164E204640F6B4524FF0FF330CF02ADEF0
:100590000021204640F6B8524FF0FF3300960CF091
:1005A00021DE4BF6982300932946204640F6B852A8
:1005B0004FF0FF330CF016DE20464FF45C614FF035
:1005C000FF32334602B0BDE870400CF09F9D00BF83
:1005D000101112131415161718191A1B103254760D
:1005E00013B50C4602B949B1084913B10B681C4058
:1005F00003E00B681C4324EA03042240009200211C
:10060000702223460CF0BADB1CBD00BFA40400001E
:1006100013B5144642690A2A0FDD29B1012905D014
:1006200002290AD1842202E0782200E07C22009391
:10063000002123460CF0A2DB01E04FF0FF301CBD8F
:100640002DE9F04104460CF07BDF00210A460B4601
:1006500007462046FFF7C4FF00210A460B46064620
:100660002046FFF7D5FF002205460221204613460B
:10067000FFF7CEFFD4F8788015E0D8F8083083B1C2
:1006800098F80420002AD8F80C200CBF28463846D9
:1006900000EA020012D03240904202D0D8F8001096
:1006A0009847D8F81080B8F1000FE6D120464146AF
:1006B0002A462B46BDE8F041FFF7AABF0028EDD13E
:1006C000EFE74FF48030704738B500251D70D1F842
:1006D000CC304FF4006113602A4604460DF0ECD88C
:1006E000054638B1D0F8E031DA0103D420460121C3
:1006F0000DF0BCDC284638BD73B504460DF02AD891
:1007000018B920460DF0D2D860B3204621466A467B
:100710000DF10703FFF7D8FF0646C0B140F22D15D3
:1007200002E00A2006F056DFD6F8D431180706D4C6
:10073000013DF6D103E00A2006F04CDF01E040F273
:100740002D15D6F8D431590701D5013DF3D12046F6
:1007500000210DF08BDC9DF807301BB92046009975
:100760000DF0B8D87CBD10B5044607F0CDD82046B2
:10077000FFF7C2FF012010BDF0B585B004460D465D
:1007800017460DF093D8002800F09480A66E6EB145
:10079000D4F8CC3004EB8303D3F8D420236E9A42F0
:1007A00003D1606EB047064600E000262046214691
:1007B00002AA0DF10F03FFF787FF002863D0082F6F
:1007C00061D8DFE807F005141C2735404A550D00B5
:1007D0000095204600214FF49C724FF0FF334EE00D
:1007E0000021009120464FF49C720B4647E04FF0E9
:1007F000FF330093204600214FF49A723FE000211E
:1008000020464FF4EC720B4600910CF0B7DA00F082
:10081000010539E025B1202300932046002103E0A3
:1008200002230093204629464FF4E872222326E053
:10083000002120464FF49A720B4600910CF09EDA8C
:10084000C0F3C02520E0002120464FF4E0720B46A3
:1008500000910CF093DAC5B216E0002120464FF467
:100860009A720B4600910CF089DAC0F340250BE038
:10087000EDB20095204600214FF4E072FF230CF00A
:100880007DDA054600E001259DF80F301BB92046B2
:1008900002990DF01FD8E36E6BB1D4F8CC2004EBB5
:1008A0008202D2F8D410226E914204D1606E314699
:1008B000984700E00546284605B0F0BD004870475F
:1008C000C05D01000020704710B50C4641B18B6837
:1008D00023B9C06F09680EF029DBA060A06810BDC5
:1008E000C06F10BD1FB5084A03460092074A08466C
:1008F0000192074A0749126802921A68064B02F0F1
:10090000D5DB05B000BD00BF145601004039010021
:1009100090600100E55501000856010008B1D0F8CB
:1009200088007047642910DC632921DA4A291FD026
:1009300005DC07291FDB08291ADD3C2912E05029B4
:1009400016D018DB5C39032911E0C32904DCC22965
:100950000EDAA83902290AE0B1F5847F08D003DC59
:10096000B1F5807F07D103E0A1F58971012902D893
:100970006FF0160070470020704700207047C8884D
:1009800010F0080018BF6FF0160070474A6810B5E5
:1009900093424C8829DBE30603D503681B7E002BBA
:1009A00026D1210703D503681B7E002B23D0A20686
:1009B00002D5437E002B21D0630722D414F0030319
:1009C00022D002994CF05EDE00281FD0E10702D54C
:1009D0008379002B1DD114F002041DD08379002BE4
:1009E0000CBF6FF00500002010BD6FF0010010BDBE
:1009F0006FF0040010BD6FF0030010BD6FF00A002F
:100A000010BD6FF0160010BD184610BD6FF01D0030
:100A100010BD6FF0060010BD204610BD37B505466D
:100A2000900723D58C6A0CB3A16822696368090515
:100A3000C3F30043117A44BF43F00203DBB211B1A8
:100A4000D2F8080101E0D2F804017F228DE80C0001
:100A50000022383004F13C01134675F081DB284652
:100A6000214603B0BDE830407CF0E69F03B030BDC6
:100A70002DE9F04F87B000230F4610AC1599049371
:100A800005938046934694E87002DDF850A04CF040
:100A9000F9DDB7F90630002B1ADA1BF0010FB9881F
:100AA0003A890CD04900CDF800900196CDF8089015
:100AB000CDF80CA0D8F810000131334605E08DE8E0
:100AC0006006D8F810004900234607F0B3FD0FE098
:100AD000032D0BD9042204A8214601F0F3DF072DD2
:100AE00004D905A8211D042201F0ECDF6FF01600E7
:100AF00007B0BDE8F08F000038B50C460546084643
:100B0000484902F0D3DA4849204602F0CFDA474993
:100B1000204602F0CBDA4649204602F0C7DA4549C2
:100B2000204602F0C3DA4449204602F0BFDA2046EC
:100B3000424902F0BBDAD5F8340137F043DA20B984
:100B4000D5F8380139F0DEDA18B120463C4902F018
:100B5000ADDAD5F8340137F035DA18B12046394925
:100B600002F0A4DAD5F8380139F0CCDA18B1204611
:100B7000354902F09BDAD5F830013AF001DC18B1C2
:100B80002046324902F092DAD5F8300105F0ACF98E
:100B900018B120462E4902F089DA20462D4902F08C
:100BA00085DAD5F84C0165F04FDF18B120462A49A7
:100BB00002F07CDA2B6893F83B301BB120462749C2
:100BC00002F074DA2649204602F070DA2549204600
:100BD00002F06CDA2B6A186909F020FC820707D54D
:100BE0002149204602F062DA2046204902F05EDA0E
:100BF00020461F4902F05ADA20461E4902F056DA12
:100C000020461D4902F052DA20461C4902F04EDA15
:100C100020461B4902F04ADA1A492046BDE838400E
:100C200002F0449A1D56010021560100265601008B
:100C30002B560100345601003D560100415601007B
:100C4000465601004D5601005756010061560100FD
:100C50006A56010073560100825601008756010052
:100C60008E56010095560100A1560100AA560100BA
:100C7000B7560100BC560100C6560100CB56010014
:100C8000D0560100D856010030B585B005466846FB
:100C90000C4602F0F5D928466946FFF72DFF20469D
:100CA00005B030BD2DE9F04F03F00103A9B00446B3
:100CB0001493D4F87C3410691B680E46C358D0F8DE
:100CC00058131B7891460F93D4F88034B2681B6890
:100CD0001991C35808901B7809921593138860687E
:100CE0000B9303F00C039B08022B08BF0B99139383
:100CF0000B9A0CBFC1F3C0130023DBB21A9302F4AA
:100D00004073A3F540756B4243EB050331461C93DA
:100D1000379F03F08DDA369B04300E9083B11B7A37
:100D20000B2B07D1236893F8AD304BB136988379FC
:100D3000072B05D836990E9A91F90F30D2180E92DA
:100D4000D4F8B031002B2DDA369B03B31B7A022B7B
:100D50001FD194F8B022F2B90898036D13F008037C
:100D60001CD136998A792168D1F8B8108A4217D2F5
:100D7000032A15D90B2A13D8B269900010D4339ADC
:100D8000012A0FD10E9B012008330E9304E0369AFE
:100D900004E0002304E000200C9005E00C9203E046
:100DA0000C9301E000210C91B568B389AA1F76333A
:100DB000A5F176001D92B38100217022B0601890D9
:100DC00001F004DFB38BD90402D4B269520502D515
:100DD0001B051B0D20E0D9F80420A04B1340BBB12C
:100DE0000B9901F0FC03882B12D1099A1379D807CB
:100DF0000ED43398F289411E02F00702329858321D
:100E000009EB42028842D38806D1591CD18003E005
:100E10001399012906D111E0139801280ED0002161
:100E2000079102E010220792002332981B019BB227
:100E300000F00F0209991343CB8201E000220792D0
:100E4000099BA068DA8AB38B23F47E6323F01F0327
:100E500043EA1213B38314F003DA010703D5B38B0B
:100E600043F40053B3833498042808D120460899EA
:100E700035F82A2C14F080DEADF8980019E032998C
:100E8000339801F00F02B4F85A33411E329842EA07
:100E90000312884292B202D10133A4F85A33349932
:100EA000520147F6E073134001F007021343ADF817
:100EB000983099F8D7303BB90B9A02F0FC03802B9D
:100EC00002D0089883791BB9079941F02001079156
:100ED000634B3B40002B40F0828007F04072B2F140
:100EE000807F00F08180139A012A30D9B369DA0635
:100EF0002DD4002B2BDB96F91F30002B27DB226A29
:100F0000574BD2F8488008EA030323B908F040732E
:100F1000B3F1807F03D109980379DF0766D4D2F853
:100F200044804F4B08EA030323B908F04073B3F140
:100F3000807F04D109990B7913F0010359D0099AE4
:100F40001379D80703D4D9F80830190705D599F8CB
:100F5000407007F07F07B84649E002238DF88630DD
:100F600027AB0093D4F85C011FAB494626AA7CF05E
:100F700053DD0B98DDF87C8000F0FC03482B209FAC
:100F800001D0C82B0BD14146089800222AF0F4DE8C
:100F900099F84070804607F07F07002308E0B369A6
:100FA000329943F00063B361D1F1010338BF0023EC
:100FB000BDF89C20D20703D5B26942F40052B26159
:100FC000226892F8E120BAB1D4F8F8064946BDF893
:100FD000982005937CF0D4DA059B12900DE0002256
:100FE000B8461292134608E0B84603E0474600238D
:100FF00000E04746129300E012922268D4F884047D
:1010000092F84F2090F80CB012F0030200F09C818F
:101010008278012A09D9216A91F94D10A1F1010EB6
:10102000DEF1000141EB0E0100E00021012A5FFA30
:1010300081FA17D9226A92F94D20013212D1D9F8DA
:10104000042012F080420ED00E300221059302F0EF
:10105000E7DC021C18BF0122059B04E040000100F0
:10106000FF0000C0002218F0407FD0B25FFA88F283
:1010700007D01F2A02D9202A07D0553A072A04D9B7
:101080001CE0A0498A56002A18DAB8F1000F15DBD7
:1010900028F4801828F4407818F0407209D0BAF18A
:1010A000000F03D1B2F1807F03D110B148F4801852
:1010B00004E0BBF1010F08BF48F4807817F0407FCF
:1010C000FAB207D01F2A02D9202A07D0553A072A98
:1010D00004D91BE08B498A56002A17DA002F15DB4A
:1010E00027F4801727F4407717F0407209D0BAF13F
:1010F000000F03D1B2F1807F03D110B147F4801704
:1011000004E0BBF1010F08BF47F48077B4F858241E
:1011100002F46052B2F5C05F2CD118F4E0221FD166
:1011200018F0407F17D0D9F80420120313D5226895
:1011300092F83B2092B1089882797AB1D0F80821D0
:10114000528E02F46052B2F5C05F0CBF4FF4003211
:101150004FF4803204E04FF4803201E04FF400326B
:1011600018F0407F13D05FFA88F1202908BF4FF4B0
:1011700000320CE05FFA88F2F9B2202A08BF4FF083
:101180008078202908BF4FF080774FF4803227F411
:10119000E02A17F0407F28F4E02848EA020818BF48
:1011A0004AEA020A226A08BF4AF4803A516C564A57
:1011B0000A40002A53D101F04071B1F1807F4ED036
:1011C00018F0407F94F81C2204D0012A02D148F480
:1011D000000802E00AB928F400081AF0407F94F8E9
:1011E0001C2205D0012A03D14AF4000A00F009BEEE
:1011F000002A40F006862AF4000A00F002BED9F860
:101200000410C8032BD5D9F80810090627D50132D8
:1012100025D118F0407F0FD05FFA88F2A2F1570174
:10122000012909D9632A07D0642A05D0652A03D089
:10123000662A18BF48F480081AF0407F0FD05FFA82
:101240008AF2A2F15701012909D9632A07D0642A39
:1012500005D0652A03D0662A18BF4AF4800A2046C2
:10126000494605931AF060DC18F04072059B45D0A2
:101270001599022908D108F4E02BABF50032D2F120
:10128000000B4BEB020B01E04FF0000B5FFA88F212
:101290001F2A04D8072A94BF002101210AE0202A2E
:1012A00006D0A2F15501072994BF0021012100E0D9
:1012B0000021C9B239B199F8FE1021B199F8FF1097
:1012C000003118BF012118F4000F11911ED01F2A00
:1012D00004D8072A8CBF0022012209E0202A05D069
:1012E000553A072A8CBF0022012200E00122D2B227
:1012F000002A0CBF024604220D9208E00D9293468C
:10130000119204E058168900FF0000C00D901AF0F9
:10131000407226D01AF4000F25D05FFA8AF21F2AF5
:1013200004D8072A8CBF0022012209E0202A05D018
:10133000553A072A8CBF0022012200E00122D2B2D6
:10134000002A18BF04200EE028F4E02827F4E02A41
:1013500048F480384AF4803A10920D9293461192E4
:1013600002E0109200E0109093B1089A3398D2F8FE
:10137000301102EBC103C2B2C3F838210131089A1F
:1013800001F03F01C3F83481C2F83011C9F820A23E
:1013900018F0407703D15FFA88F31B9303E04046CF
:1013A00074F058DE1B901398022800D088B9B4F866
:1013B00068340E99994202DCB3695B010CD5099A35
:1013C0001198137903F00103002B08BF0120179037
:1013D00004E01199179101E0119A1792236A597D3F
:1013E00041B10F9B33B12FB9884A5FFA88F3D356C6
:1013F000002B07DB236893F84F30980727D037B3CB
:10140000159820B3339A012A0ED90F9B002B0CBFDD
:101410004FF0300A4FF0160AB3694AF4803A23F0CD
:101420000063B361D04612E089B10F9878B167B913
:1014300008F07F03022B0AD0042B08D00B2B06D018
:10144000162B18BF4FF0010B01E04FF0010B18F005
:1014500040710F911AD108F07F03162B16D86C4AF1
:101460009A4013D5149A62B15FFA88F3022B0BD01D
:10147000D9F8103093F92C3113F1FF3318BF012341
:1014800000E0149B0D9301E00F980D901AF040714D
:1014900016911BD10AF07F03162B17D85C4A9A408D
:1014A00014D5149A6AB15FFA8AF3022B0CD0D9F8DA
:1014B000103093F92C2112F1FF3218BF0122109243
:1014C00004E0169B109301E0169810901399D9F838
:1014D0000430022908BFC9F8588113F480334AD078
:1014E00094F80D32002B46D094F81132002B42D0E4
:1014F000159A032A30D00F9B4BB908F07F03022BBB
:101500002CD0042B2CD00B2B2DD0162B2ED00998A1
:10151000037913F001032BD10B9901F0FC02882A07
:1015200029D1349A032A26D8B3691C9843F48053EE
:10153000B361079B099900280CBF18221E2243F4AF
:10154000A04307938B5A23F060031B041B0C43F04A
:1015500020038B52012207E000230CE00F9808E0E3
:101560000F990A9108E00F9A0A9205E00F9B02E09A
:1015700000200A9000E00A931D99204600910E9ADF
:1015800041460B9B20F08CD922AF204651460E9A43
:101590000B9B009720F084D90622A5F14000394624
:1015A00001F090DA169A62B90AF07F03162B08D878
:1015B000174A9A4005D50E9B05F83C3C1B0A05F8D6
:1015C0003B3CB3690F995A0512D591B1369A22B1B5
:1015D000127A042A01D00B2A1CD143F40063B361B0
:1015E000179894F8DA32002B18BF0120179011E0F9
:1015F00081B9064A5FFA88F3D356002B0ADA15F848
:10160000063C03F00F03149307E000BF581689004F
:101610000002102815F8062C14920B9BA42B14D052
:1016200009980379DB0710D40A9981B9B369204678
:101630005F05414602D517F021DD03E00D9A359B89
:1016400020F008D9099A508014E00A9B53B1414612
:1016500020460D9A40F62A131FF0DCDE099980B26D
:10166000023048800B9AA42A04D10998438825F8AF
:101670003A3C19E009990B79D90701D40A9A2AB1A1
:10168000002305F83A3C05F8393C0DE0B3692046E3
:101690005A05514602D517F0F1DC03E0109A359B4C
:1016A00020F0D8D825F83A0CB269930509D5B38C47
:1016B00025F8343CF38C25F8323C079B43F4005367
:1016C0000793329818B9079941F0080107910998D2
:1016D0000379DF0712D4D00410D494F810320BB180
:1016E00051060BD4520505D41A9919B1199A92F8DA
:1016F00028301BB9079B43F001030793924B3498A2
:101700001399185C022915901CD1349A032A19D810
:1017100094F80D32B3B11B9B042B13D9D4F83401C8
:1017200036F062DA70B91998159900EB41039B8B7A
:1017300013B1B3695B0505D5119A1AB9079B43F438
:1017400080530793236A186966F018DC00F4605030
:10175000B0F5C05F03D1079840F4807007900C99F2
:1017600019B1079A42F400420792079B25F8763C8C
:10177000369810B394F8B03213BB08990A6D12F082
:10178000080221D1037A0B2B06D1236893F8AD30E0
:10179000D3B18379072B14D8369A93792268D2F87B
:1017A000B82093420FD2B26997000FD43698027BCB
:1017B00002F0070242EA031203E03699079107E0BC
:1017C0000022079204E00023079301E00020079025
:1017D00010994B1EDBB2012B04D8079A42F4005338
:1017E0009BB20793A5F172000999022201F06AD910
:1017F000002305F8703C05F86F3C05F84A3C05F8F5
:10180000493C369B002B2FD094F8B032002B2BD1C3
:101810000898036D180727D436990B7A0B2B06D13D
:10182000236893F8AD30FBB18B79072B1CD8369B1E
:101830009A792368D3F8B8309A4215D2B3699900DF
:1018400012D41C9818B9099901F1180202E0099BF9
:1018500003F11E021A9800B10232002300932046C1
:101860001899369B2EF078DC099906220431A5F1EF
:101870005000139101F026D9BDF8983025F82A3C84
:10188000D4F84401089960F0E7DC35F8303C80B2C8
:1018900043EA002325F8303C002305F8283C05F8EE
:1018A000273C05F8263C05F8253C05F8243C05F8BE
:1018B000233C05F8223C05F8213C05F8203C05F8BE
:1018C0001F3C179A1AB9BBF1000F01D1E1E09B460A
:1018D0000022414608982AF04FDA0022069051462D
:1018E00008982AF049DA069B089013F04073189381
:1018F00006D10699154BC8B21B56002B03DA14E02B
:10190000069874F0A7DB023818BF012070B1D9F82F
:10191000103093F92C31012B0AD0079A42F48043FE
:101920009BB2079301230C9304E018980C9001E0FC
:1019300000210C91089B13F0407209D1D8B2034BDF
:101940001B56002B07DA1DE06CE188005816890051
:10195000089874F07FDB023818BF012078B1D9F8FD
:10196000103093F92C31012B0BD0079801216FEA2D
:1019700040436FEA53439BB20793119103E01190E8
:1019800001E00022119235F8763CBBF1000F02D045
:1019900043F4006301E043F0060325F8763CBBF115
:1019A000000F0CBF4FF0140C4FF00E0CA5F11E03EE
:1019B00062460093204606990B9BCDF814C01FF099
:1019C0006FDFDDF814C024AF62460B9B20460899F8
:1019D00000971FF065DF39460622A5F1480001F0A7
:1019E00071D80C980D990E9AA5F118030B930090DD
:1019F0000191029200275946069A434620460397D2
:101A00001FF06CDF25F8160C119B10980E990093AF
:101A10000190029120465946089A534603971FF0B9
:101A20005DDF25F8420CA5F11400BBF1000F09D0D1
:101A30006FF03B0305F8183C05F8177C099A02F192
:101A40000A010EE06FF04B0305F8183C05F817BCCF
:101A50001399062201F036D8099BA5F10E0003F177
:101A60000A01062201F02ED81498189A81B252B9B0
:101A700006989F4AC3B2D356002B04DA15F81E3CD1
:101A800003F00F0301E015F81E3C1B0219431491EB
:101A90001FE059460622A5F11E0001F097D85946CD
:101AA0001022A5F1180001F091D8A5F1480059467F
:101AB000062201F08BD805F842BC05F841BCCDF8F0
:101AC00020B0CDF818B0CDF82CB0CDF844B0CDF89A
:101AD00030B0B3695A050FD50F9969B128AB002210
:101AE00023F8022D0093D4F83401494642460E9B58
:101AF00036F096D805F8430C079B25F8743C1498EB
:101B000025F8640C1699B1F1807F0BD031B90AF039
:101B10007F03162B02D8774A9A4001D4012002E0B5
:101B2000169800E00220069A80B202F04073B3F1EA
:101B3000807F0BD033B902F07F02162A02D86D499C
:101B4000914000D401239B009BB200E00823089938
:101B5000184301F04073B3F1807F0BD033B901F02B
:101B60007F02162A02D86349914000D401231B0149
:101B70009FB200E02027236A0743186966F0FED968
:101B8000C0B247EA002725F8627C0F9AB2F1807F45
:101B90000CD032B908F07F03162B02D8554A9A4070
:101BA00001D4012300E00F9B9BB200E002230D98BB
:101BB000ADF89A30421ED2B2012A09D843F0100380
:101BC000ADF89A302368D3F888309A6901329A6167
:101BD00041462046BDF89A707EF080DCB369074329
:101BE000B9B21B01ADF89A100ED5236893F8E13015
:101BF00053B1236A186967F099DB236A0DF19A01E2
:101C00001869129A67F0ACDBBDF89A30414625F8A6
:101C10006E3CB4F85824204627F09AD925F86C0C6D
:101C200051462046B4F8582427F092D925F86A0C7A
:101C3000179911B9BBF1000F0FD00699B4F85824C9
:101C4000204627F085D925F8680C08992046B4F875
:101C5000582427F07DD925F8660C0F9A4AB10D9BC0
:101C6000042B06D1204641460E9A1FF077DC25F85A
:101C7000380C169848B11099042906D120465146CF
:101C80000E9A1FF06BDC25F8360CD9F80430580694
:101C900040F1AE801A9A002A00F0AA80199815998E
:101CA00000EB41039B8B002B7BD0B369590500F1FE
:101CB0009F80329A002A40F09B800E9B204641462E
:101CC0000D9A1FF0A7DB0B9B0990ABB106990C9AFC
:101CD000204617F041D808990746119A204617F078
:101CE0003BD80B99B1F802B0BB4435F8427C1BE0FD
:101CF00058168900000210280A9ABAB941460D9A6E
:101D00000A9B20461FF0A6DD099B514600EB030B02
:101D1000109A0E9B20461FF07DDB51460746109A15
:101D200020460A9B1FF096DDC71902E0DDF824B0BB
:101D30000B9F1FFA8BF225F8702C25F84A7C199816
:101D4000159900EB41039B8B0998C3189B1A9BB212
:101D50001A0419D4204641460D9A16F0FFDFFF28D9
:101D600005D9B4F85A24904238BF024601E04FF436
:101D70008072349992B204EB4103B3F85C3493421D
:101D800002D0204618F076D8236893F84430002B10
:101D90002ED0349A032A2BD8D4F8600115995A46CC
:101DA00023E0236893F8443013B3349B032B1FD8EC
:101DB0001A480B99C75C204639B10C9A069916F05F
:101DC000CBDF0B9B5A8882180CE041460D9A0E9B84
:101DD0001FF020DB0D9A0546414620460B9B1FF065
:101DE00039DD4219D4F8600139464B4650F0F0D83D
:101DF000B369BDF8980043F08403B36129B0BDE82E
:101E0000F08FD4F8842428F4800892F913202AF45F
:101E1000800A012A7FF4F3A9FFF7FBB96CE188007F
:101E200070B50B6912B15478032C01D8002212E06E
:101E30004D6845F480744C605679012E8DBF24F4B2
:101E4000806445F4A0654D604C605478052C2FD912
:101E5000062C03D1012283F8A42370BD147A14F058
:101E6000040F4C6814BF44F0806424F080644C601C
:101E7000147A04F00804D4F1010438BF002483F874
:101E8000A4438B6823F004038B605478062C0FD98D
:101E9000127AD2060CD5026843F004038B6092F8E4
:101EA0000C21D00704D592075CBF23F004038B609C
:101EB00070BD00002DE9F04FB5B09A463F9B054636
:101EC0000B2B894616463E9F409C40F2E6800C3B19
:101ED00004931AF07DDE0021C8220590204600F010
:101EE00075DE31460622204600F0ECDDFA7ABB7A38
:101EF000494643EA022303F00302012AA4F86230B0
:101F0000E38808BF84F83420BAF1000F14BF4FF4FF
:101F1000807200221343E38028465BF09BDF6085DC
:101F20007A7A3B7A07F10C0B43EA022307AFE38589
:101F3000002128220DF14408384600F047DE2DAE7E
:101F400000212822404600F041DE4FF0FF330021FF
:101F50000C223046ADF8CE3000F038DE0DF1CE0365
:101F60002F93049BBAF1000F0CBF4FF0600A4FF0A3
:101F7000700A8DE848002846002152465B462D979E
:101F8000CDF8B8801CF0D6DA002840F08680059B9A
:101F90004246DEB2284604F1380339461FF0D0DB52
:101FA000BDF8CE304FF6FF72934217D05A1E92B250
:101FB000DE2A75D843F480520E2B8CBF4FF4404379
:101FC0000023D5F8580143EA020152F043D858B92A
:101FD000D5F864319B889B0506D461E0731E9BB2E3
:101FE000DE2BADF8CE605BD8BDF8CE309E4203D17B
:101FF000E28842F00202E280EB1893F83C20494666
:1020000084F86120284652B25BF0C8DEBDF8CE30BD
:10201000A08543F480520E2B8CBF4FF44043002325
:102020001343638600210C2230A800F0CFDD1F4B44
:102030000DF16C0830931E4B00212822404631934D
:1020400025AF329500F0C2DDBDF8CE300021202250
:1020500038468DF872301B9400F0B8DD049BD5F83B
:10206000940602930021524630ABCDF8B080CDF8F3
:1020700094908DF8A4608DE8800857F011D988B944
:10208000608E431EDBB2DE2B0AD802F059DA00283C
:102090000CBF00206FF0130004E04FF0FF3001E0B0
:1020A0006FF0130035B0BDE8F08F00BF112A820039
:1020B000812B82002DE9F04FA5B00446D2F808A18B
:1020C0008B4615460021282205A8984600F07EDDA3
:1020D0000FA80021282200F079DDD4F86C3313B169
:1020E00004F55B7008E0236893F82F3073B9236A16
:1020F0005B7D052B04D1694805A973F0EFDF05E08E
:10210000042B03D1204605A91FF066DD05AF3B4631
:102110000FAE204629460AF138020DF164090096F7
:1021200028F090DA00212422484600F04FDD0021FB
:10213000082222A81A971B9600F048DD94F8413532
:10214000CDF88C90DA0702D52A6DD70708D49E0700
:1021500008D52B6D03F00603023B18BF012302E0F4
:10216000002300E00123226892F84F2012F00302BE
:102170000BD0D5F8EC2012F4805205D19DF8BC109C
:10218000002908BF1A4600E0002224AB03F8082DFE
:102190001FFA8BF6009332460023D4F894062946A2
:1021A00057F056D82E9A00F10C0913680746994546
:1021B00071D8404600210C2200F008DDBAF82E301C
:1021C000A8F80830AB7923B1012388F80A3000233E
:1021D00006E0D5F8EC2012F4803204D088F80A30FA
:1021E00088F80B3004E0022388F80A3088F80B20C6
:1021F0002A6D40F23713134043B195F858302BB194
:10220000B8F80A3043F01003A8F80A30236893F8AE
:1022100030306BB9236A1B68022B09D1BAF86230DF
:10222000980605D5B8F80A3043F02003A8F80A301C
:10223000236A5B7D43B194F872342BB1B8F80A304D
:1022400043F48063A8F80A30236893F8A9305BB19F
:10225000D5F8EC30590407D4AB792BB1B8F80A3073
:1022600043F48073A8F80A3022AB009308F10C0302
:102270000193D4F89406002329463246029756F07B
:1022800055DFBBF1800F03D1D5F890301C9A5A610D
:102290002E9BC3F8009025B0BDE8F08FD40D8900C7
:1022A0002DE9F04F4E688FB01746C6F3C0420C467A
:1022B000D1F808A002920546002104A828229946D8
:1022C00000F084DC2369C6F3004B26F086460393B6
:1022D00026F4EA162AF083036660A360002F00F05C
:1022E000BF803B7897F8018043EA0828A4F8008172
:1022F000BB7884F8023146F4803363602B6893F82E
:102300004120B2B193F842309BB146F4A026D4F8F4
:102310002431666093F85D307BB91AF4007F03D0F6
:1023200094F82430D90608D52846214636F04EDCEC
:1023300003E02846214636F03BDC062228462146AB
:102340002DF05EDFA26812F0006222D108F00C03CB
:102350009B10012B94F8FE0094F8FF1006D0032B7D
:1023600009D043B9012284F8FE2001E084F8FE3050
:1023700084F8FF3003E084F8FE2084F8FF2094F80E
:10238000FE30834207D194F8FF60761A18BF012609
:1023900002E0002600E0012618F4407F03D06368C5
:1023A00043F08043636018F0010F03D0A36843F04B
:1023B0008003A36018F0200F03D0A36843F001034B
:1023C000A36018F0400F03D0A36843F00203A3609A
:1023D000A3680AF0030A03F003039A4518BF012615
:1023E00018F0100F03D1636843F48013636018F48E
:1023F000804F03D0636843F000736360C8F3400804
:10240000B9F1000F38D005F53E7003304946162269
:1024100000F058DBB8F1000F03D099F80180C8F341
:10242000800899F801301A0703D5636843F0807378
:10243000636099F8023013F008030ED0039A41F656
:102440001001D2F8083140F608425B8E03F4404395
:10245000B3F5404F14BF0B461346A5F8DC320BE032
:102460002846214606222DF0CBDE2846214636F0AE
:102470009FDB3E46B84619E01022F91C0DF12500FD
:1024800000F020DBD5F8843404A8997873F0E4DEFA
:10249000D5F86812284624F095DEFF23019000222B
:1024A00004A800930146134673F05ADEBBF1000FF7
:1024B00011D0636813F4803310D009AA0023E11807
:1024C00012F8010F91F85110884206D10133102BF8
:1024D000F5D1002302E05B4600E00123626802F4CC
:1024E0008031C2F30042934500D163B104F1510041
:1024F00029B10DF12501102200F0E4DA02E01022EA
:1025000000F064DB0126B8F1000F03D0636843F4E8
:1025100000236360029B434500D146B1D5F8843463
:1025200093F87B301BB9284621467BF085DA0FB043
:10253000BDE8F08F00F506612DE9F0410931044650
:102540004AF0D6DF94F872380546002B74D0002884
:1025500072D06A21206948F0CFDC460006F11408E9
:102560004146206948F0C8DC002207464146206900
:1025700049F004DB380406D4304831493A46BDE816
:10258000F04100F0499BD4F88484012388F86D3130
:1025900098F828313BB1A068D8F8301111F044DE2A
:1025A000002388F82831204629460CF0C2F998F813
:1025B0001D3153B1012388F82831A068D8F83011B3
:1025C000D8F82421002311F009DE206906F1160154
:1025D00048F092DCB4F8703883422DD100221346C3
:1025E00079B22846D5F810615BF094DC28465BF0A0
:1025F000D7DBAB798BB9D5F81421D5F80831128A1D
:102600005A852B7C4BB1D5F8EC30990405D47379FD
:102610001BB92846012144F0E5DA0023B37194F890
:102620000C22D6F8F0309A4206D0284684F80C32B4
:10263000BDE8F04124F04A9ABDE8F0811B5A8900B8
:10264000F14D89002DE9FF4104460D4616461F460F
:102650000A994BF017D82046294632463B46FEF7EA
:1026600061F9B0F10008C0F2A18023685B7E4BB92C
:10267000206956F02BDC28B1A06811F0DBDD4FF0AB
:10268000FF3893E03EB1032F05D903A83146042259
:1026900000F018DA01E000230393342D18D008DC91
:1026A000022D11DB032D13DDA5F11B03012B0BD82C
:1026B0000EE0D62D0CD001DCA32D04E0FB2D07D0BD
:1026C00040F20B139D4203D0002E65D0002F63DD36
:1026D0003E2D02D0402D62D135E023681B7E002BB9
:1026E00060D0D4F88424039992F81C318BB1CBB21A
:1026F00082F84631D4F884241172D4F884242069F5
:1027000092F8AC10012200920192002249F0C0DB45
:102710003FE0204649B27DF095DEB0F1000845DB90
:10272000D4F88434039A20461A722CF095DF2046A0
:102730007DF028DF2046D4F8B0141EF051DA204690
:1027400024F038DA32E0039B5A1C042A2CD80133D7
:1027500001D103230393D4F88434039993F81C2103
:1027600072B1C9B283F8AD10D4F88434002293F862
:102770004531206900920122019249F089DB04E091
:10278000236AC9B2186965F07BDAD4F88434039AF5
:10279000DA714FF0000809E06FF0010806E06FF011
:1027A000160803E0984601E06FF01C08404604B0AC
:1027B000BDE8F0812DE9F341089C07460E46154619
:1027C00098460094FFF73EFF10F12F0F0CD010F148
:1027D000170F0BD1384631462A464346089402B0BB
:1027E000BDE8F04118F0B09B6FF0160002B0BDE8F4
:1027F000F08113B504462CF011D820461CF0B8DB4C
:10280000D4F88434012293F8AD10206993F846314E
:102810000092019249F03CDB206902B0BDE8104013
:1028200056F0669B37B5036804465B7E002B40F08C
:102830001A81006956F04ADB002840F014812368B1
:1028400093F8203033B9206947F072DE2368012203
:1028500083F82020206905F012FE236893F869317F
:1028600013B120464BF042DCD4F88434032293F8B1
:10287000513000928022002B14BF134600232046C3
:10288000042126F04FDA2368DB6EE3B9206948F0B3
:10289000CFDF093017D12268D36E13F0020512D1B1
:1028A00043F00203D366D4F86432595941B18B79AD
:1028B00033B94B7923B10B7C13B120464AF05EDC6F
:1028C0000435202DEFD12368DB6E1BB1204619F0B3
:1028D00087D9C6E0206948F0F7DC206990F9341107
:1028E0004D1C03D1012148F0EDDC01E048F042DC51
:1028F00001236376204627F0ABDD23682046596B21
:102900000323009321B14FF480720021134602E0AB
:102910004FF480720B4626F005DAA06811F006DD50
:10292000236801221A7694F8CF3173B120462CF037
:1029300093DED4F854332046598E2BF0BFD90023B0
:1029400084F8CF31204624F035D9D4F84426032129
:10295000204624F033D9204616F0E8DBB4F83415CD
:10296000204629F095D9206948F04EDF0323202224
:10297000009320461346012126F0D4D9236893F80A
:102980002F301BB1D4F818053BF0AADF20461DF00C
:102990008BD820467AF0D0DD01254FF47A72D4F836
:1029A000E8110123A06811F019DCD4F89C0184F827
:1029B0002A5280F001DE20467DF0E4DDD4F8843434
:1029C000204693F9121017F0F1DD20462DF034DD8A
:1029D00020462DF01DDD204629462DF0BFDDE368A1
:1029E00084F86056D3F82421294642F04002C3F807
:1029F0002421236A0022186965F048D9236884F8E5
:102A00008C5693F8693113B120464BF0AFDB6A2145
:102A1000206948F071DA003018BF012084F873088B
:102A20007E21206948F068DA421E92B24FF6FD73AB
:102A30009A4206D8430001304000A4F85038A4F868
:102A40005208B4F8501821B12046B4F870272DF080
:102A500065DFB4F8521849B12046B4F854282DF077
:102A60005DDF002003E06FF0080000E008463EBD97
:102A70002DE9F04FB5B0DDF8FC800D93B8F80A7081
:102A80000D46ADF858701146BFB2914612970446F4
:102A90001AF09ED8B9F81670C0B21A97B9F8047037
:102AA00010900D9948461B9773F056DC419F4FF0EC
:102AB000000A87F800A008F10C071597409F0F90B7
:102AC0000C3F1897109FDDF860B00C97159ECDF85D
:102AD00044A0CDF824A0CDF864A0CDF828A0CDF86E
:102AE00038A0CDF82CA0CDF850A0CDF84CA0CDF852
:102AF00020A0CDF81CA02F464FE03378951C2D2B3D
:102B000021D007D8012B13D043D3032B12D02A2B6B
:102B100040D114E03D2B1DD005D80899322B08BFB9
:102B20003146089136E04A2B1BD0DD2B32D11FE015
:102B300007962FE0B2784FF0010A0C922AE0B31CFE
:102B40001393149226E0204631462A4658F03ADA8A
:102B50000A901FE0204631462A4658F009DA0E90C6
:102B600018E0204631462A4657F09CD9199011E0CA
:102B7000032A0FD9B01C04229149FFF38FF7119B50
:102B8000002808BF2B461193099B08BF33460993C1
:102B900000E00B967619C5EB0B0BBBF1010F03DDC3
:102BA0007278531C5B45A8DB3D46099F3FB10A9FE5
:102BB0002FB920460999119A58F0B8D90A90002DDA
:102BC0007AD1129FBE0740F1DA830B9B002B00F0F5
:102BD000D6832046991C5A784AF00EDD31900028A1
:102BE00000F0CD83037C002B40F0C983037A002BD7
:102BF00000F0C583D0F80831588E01F06FDC0C9FCF
:102C0000874240F0BC83319F2046394617F054DD9F
:102C1000002847D0384649460D9A43461DF09ADFB2
:102C200000283FD040993E9BD7F8046103F1100281
:102C30000191204649460123CDF800800296FFF716
:102C400039F9002830D1B6F830B0BBF1000F2ED1E1
:102C5000216AD4F8843450315A469B7806F1380002
:102C600073F052D94099384600910D9A494643462F
:102C700043F034D9CDF800B0CDF804B03B7C204609
:102C8000D3F1010338BF002302937D22394607F1B7
:102C9000DC03CDF80CB0CDF810B01EF08DD90122B8
:102CA0000B9206E00B9504E000230B9301E000215A
:102CB0000B914FB33D4601E000270B971A9F3E99B9
:102CC00017F4404F0CBF4FF0000B4FF0010B01F118
:102CD0000A07204629463A465B467AF04DDB06460F
:102CE00000BB2B7C002B40F04D83204629463A4602
:102CF0005B467AF043DC0646002800F0438320461A
:102D000031467AF0ABDA0DE094F88E32002B00F009
:102D100039833E9F204607F10A0131AA7AF0D6DABC
:102D2000064610B17368D80720D4089F27B1787879
:102D3000B91C27F07BDD58B9079F67B1B91C7878BB
:102D400027F074DD10F1000B18BF4FF0010B04E009
:102D50004FF0010B01E0DDF81CB066B1BBF1000FD4
:102D600007D1736843F00103736004E04FF0000B78
:102D700001E04FF0010BCDB1AB79DBB92B7A0BB38E
:102D8000D5F808315B8E079303F46053A3F5C05266
:102D9000534243EB02030798089301F09FDB0C9F1B
:102DA000C11B484240EB010009900EE008950795D1
:102DB00009950AE0002708970797099705E000BFE3
:102DC000FE370100089307930993B4F88E32002B65
:102DD0007FD0236A5B7DC3B10C9FD4F87C040E2F97
:102DE0008CBF4FF44042002247F48051129F1143A0
:102DF00007F02003D3F1010338BF00230193139A96
:102E0000149BCDF800B071F0CDDE236893F84F30FD
:102E10009B0712D00C9FD4F880040E2F8CBF4FF468
:102E20004043002347F48051089F19430E9A0A9BA0
:102E3000CDF800B0019772F0D9DB94F88E32002BF8
:102E400047D000210C222EA8FFF3C0F6944B1CAFF4
:102E50002E93944B3846002128222F933094FFF371
:102E6000B5F6BDF858100DF1980CDDF830E0ADF86E
:102E70007610604600212022CDF818C01C968DF8EF
:102E800074E08DF878B0FFF3A1F62D970D9F2368BD
:102E900027973E9F93F84F302897109F03F0030326
:102EA0008DF8A8700F9FDDF818C02B97159F8DF82F
:102EB000B0300197189FD4F89406002190222EABD1
:102EC000CDF89890CDF8A480CDF800C0029756F0C8
:102ED000E7D994F88C32002B00F05682099F002F1E
:102EE00000F05282236893F84F20970700F08A8001
:102EF0000E9F002F00F086800A9F002F00F0828036
:102F000093F8A93033B1D4F87801294653F0F2DCB4
:102F1000002877D10E9F20467A78397824F0ACDCEF
:102F2000079F034617F4404F0CBF002201220A32CC
:102F300054F822201192D5F8082162B1D28812F0FB
:102F4000200208D00A9F3A7812F0020203D00E9FA6
:102F50007A78C2F380020992BAF1000F0BD1109F68
:102F6000DAB2BA4207D01846069301F0B7DAB8428F
:102F7000069B40F00982D5F80821002A2DD018467A
:102F8000069301F0ABDA0746079801F0A7DA87420B
:102F9000069B22D1D5F80821528E9A4232D0002EBB
:102FA00030D02A7A002A2DD0204611992A4625F0C1
:102FB00055DEFF28074600F0E781DDF824E02046D3
:102FC00029463A465FFA8EF315F088DED0B12046E6
:102FD00029463A462DF0C6D914E0BAF1000F11D0B7
:102FE0001846069301F07ADA0C9F069BB84200F06F
:102FF000CB8103F46053B3F5805F03D0B3F5C05FBA
:1030000040F0C281419F01233B702368D5F818A18D
:1030100093F84F30980716D0AEB10A9F37B1199F79
:103020002046009731460A9A0E9B0AE02B7C53B942
:103030007368D90307D50A9F2046009731463A4660
:103040003B4617F075D92B7C002B00F0BF803E9FCC
:103050000D9B204629464A468DE8800115F02ADF5F
:10306000236893F83B3043B10D9F204629463246F2
:103070004B468DE880015EF013DA9AF809301BB1F7
:10308000284600212BF028D99AF80D30DBB1D4F86E
:1030900030371A680AB11F7A37B12846002110E08C
:1030A000F1CF8100F5CF810004F020D9D4F830377A
:1030B0001A69821AB2F57A7F05D901221A72284656
:1030C00039462BF001DCD4F830371B68002B48D090
:1030D0001B9F0123C7F3C0120F9920461EF08EDB01
:1030E00098F8023098F801101B0443EA012398F87D
:1030F0000010B8F808700B4398F80310024643EA32
:103100000163329398F8063098F805101B0443EADF
:10311000012398F8041034A80B4398F80710002FE7
:1031200008BF642743EA016340F8043D32A900F078
:10313000E7D93846329A339980F05ADAD4F83037E2
:10314000BF021A68BA1A90420BD95A68BA1A90424A
:1031500007D23F1A5F60D4F84401294601225FF08C
:10316000CFDC236A5B7D2BB1129F2046C7F3802101
:103170002CF076DAD4F85801079950F0B7DD80B119
:10318000D4F85801079950F0A7D9236A186964F058
:10319000F5DE079FB84204D1002120460A4625F0FB
:1031A00079DE4A460D9BD4F844012946CDF80080CB
:1031B0005FF06ED8D5F8EC309A0458D5D4F84C01AD
:1031C00029464246409B63F0F7DF50E0BBF1000F19
:1031D00003D1129FC7F3401300E00123DBB23EB1DD
:1031E000726813B142F0040201E022F0040272603E
:1031F000226A527D4AB10193D4F87C042946139A7D
:10320000149BCDF800B071F025DD236893F84F30A2
:103210009B070AD0089FD4F8800429460E9A0A9B7F
:10322000CDF800B0019772F039DA0B9FFFB9D4F8EE
:1032300068329D420CD0284649460D9A43461DF0FF
:1032400089DC28B1284649460D9A43462CF0BEDA5F
:1032500094F88E325BB9D4F868329D4207D1284683
:1032600015F090DE18B1204641461BF02BD8002106
:103270000C222EA8FFF3AAF4454B1CAF2E93454B0E
:103280000021282238462F933094FFF39FF4BDF895
:103290005810DDF830E01C9626AE2022ADF87610EE
:1032A000304600218DF874E08DF878B0FFF38EF48D
:1032B0002D970D9F236827973E9F93F84F302897AF
:1032C000109F03F003038DF8A8700F9F8DF8B030A6
:1032D0002B97159F80220197189F2EABD4F8940648
:1032E0002946CDF89890CDF8A4800096029755F025
:1032F000D7DF9AF80230013BDBB2012B13D8AB7950
:103300008BB92A7C7AB1D5F8182192F86C20022A60
:1033100009D14FF0FF3201922046294605F1DC0227
:10332000009329F07DDD0F9F17F0407F01D13846D3
:1033300002E00F9872F08EDE00F07F0002280AD0C3
:10334000042808D00B2806D0A0F1160CDCF10000F0
:1033500040EB0C0000E001200190B9F80400B9F83E
:103360000610800B029001200022039099F91C3076
:103370002046090A009204950BF00DFB04E000279B
:103380000B97C1E40026D0E435B0BDE8F08F00BF54
:10339000F1CF8100F5CF81002DE9F04F91F9153083
:1033A000A1B0002504468A461E951F9573B11BF0F7
:1033B000D7DD58B12368BAF81C20D3F88830D3F889
:1033C000C8118A18C3F8C82100F0A3BCBAF80230AB
:1033D000606803F00703052B0B900A9300F2A484A6
:1033E00063690A9953F82100002800F09D849AF837
:1033F0001820022A089200F08984714B0221DB6BAD
:103400009847814638B920460A9914F0BDDE8146B6
:10341000002800F089842046494611AA23F0FEDFE7
:10342000236893F89C30012B06D0BAF80220BDF82F
:1034300048309A4240F07384B9F80E30614E03F080
:1034400007030993604DF35C4946EB5C11AA0C93AA
:10345000189B0D9318881EAB0E90009320461FAB4F
:1034600018F094D9236893F84F309B0717D011A810
:103470001BF0A4DC38B12368D3F88830D3F8A42239
:103480000132C3F8A42211A81BF0AADC38B12368CA
:10349000D3F88830D3F8AC220132C3F8AC22D9F883
:1034A00018305D056CD511AD204629462CF040DE64
:1034B00008BB5346D4F834011E994A46009534F0AF
:1034C0005DDB236893F8E130002B59D01E99002969
:1034D00056D0BDF85000BAF802200090BDF84E302A
:1034E000D4F8F8067AF086D8D4F85C011E990C9AC4
:1034F0007AF0D2DB44E01F99A1B1089A072A11D1D2
:10350000D1F8EC3098030DD4D4F84C0163F0C0DC52
:1035100028B9D4F84C011F9963F01CDD10B11F9835
:103520004AF0F2DA11AB0093D4F8340153461E99F5
:103530004A4634F085DA2368054693F8E13093B1C2
:103540001E9981B1BDF85000BAF802200090BDF874
:103550004E30D4F8F8067AF04DD8D4F85C011E99B4
:103560000C9A7AF099DB1F98002800F0D2838379B7
:10357000002B40F0CE830AF108016FF0B9DBC8E3FD
:10358000204611A9D9F834701BF040DCBAF81C6051
:10359000FF0E07F001070F90BAF81A80E6B1236812
:1035A000D3F88830DA68013A9219DA601E9B9BB131
:1035B00067B1D3F82C22013A9219C3F82C220BE000
:1035C00010A78800BAD588006CE18800D3F83822AB
:1035D000013A9219C3F83822B8F1000F06D02368D7
:1035E000D3F88830DA68013A4244DA600E984946E6
:1035F00000F48063D3F1010338BF00230B980793D5
:1036000000F016DED9F818509AF91930C5F3C06BDE
:10361000002B00F0868023681E98D3F88830D3F8FA
:10362000A8210132C3F8A821D3F8C821013A921980
:10363000C3F8C82128B103691BB1DB68DA6B01321A
:10364000DA63012E05DDD4F88C54013DAD19C4F8C0
:103650008C54079900294DD02368D3F88830D3F8CB
:10366000D8210132C3F8D82128B103691BB1DB6826
:103670005A6B01325A6301230999002208F065F858
:10368000D4F88C347BB12368D3F88830D3F8B421D4
:103690000132C3F8B4211E9B2BB11B691BB1DB683F
:1036A000DA6A0132DA62D4F88C34012B14D9236837
:1036B0001E98D3F88830D3F8B8210132C3F8B82166
:1036C00028B103691BB1DB681A6B01321A630999CF
:1036D0000C22012308F039F81E9B5BB12FB1D3F8FF
:1036E00028220132C3F8282204E0D3F83422013220
:1036F000C3F834221E9B13B12268926A9A621F9B00
:10370000002B00F015829A79002A40F01482197C6F
:10371000002900F01482D3F8103101259A719046E7
:103720000FE215F4825543D023681E98D3F88830F1
:10373000D3F8A8210132C3F8A82128B103691BB12D
:10374000DB68DA6B0132DA63079A0AB32368D3F8CD
:103750008830D3F8D8210132C3F8D82128B10369C1
:103760001BB1DB685A6B01325A63012309990022AD
:1037700007F0EBFF1E9B5BB12FB1D3F8282201327B
:10378000C3F8282204E0D3F834220132C3F83422EB
:103790001E9A002A00F0D8811F9B002B00F0DA81CE
:1037A0009D79002D40F0DC8123689B6A9362D8E10B
:1037B000089B032B09D0042B0CD12368D3F8883045
:1037C000D3F810220132C3F81022A8462F46012652
:1037D000AB46DDE10898052829D123685A6BD3F858
:1037E0008C103AB1B9F80E20954802F00702825CBD
:1037F0009448825C143201EBC2014A68D3F88830E5
:1038000001324A60D3F8A0221E980132C3F8A022E8
:1038100009990422012307F098FFB4F83455002DCC
:1038200000F0A381204623F0DFDA00259DE108990E
:10383000012916D11F9B93B19B7983B11E9B73B154
:103840001A7DD20704D493F824309B0740F1658297
:10385000204649465246079B3CF09ADC4BE0089EC6
:103860004DE0089A062AB0D0072A51D11F990029A5
:1038700000F05382D1F8EC309F0040F14E829E035D
:103880000DD4D4F84C0163F003DB28B9D4F84C0113
:103890001F9963F05FDB10B11F984AF035D91E996C
:1038A000002900F03A821F9B9B795BB191F824308C
:1038B0009D0707D58B68580604D50122204613467C
:1038C0003CF0B4DBD9F81830590544BF43F4807399
:1038D000C9F81830D9F8183023F40043C9F8183063
:1038E0001F9BD3F8EC309A0340F1178220461E99B3
:1038F0004A4625F0BBDB0646002800F03A81002549
:1039000020460AF114011BF021DBA8462F465FE791
:10391000BAF8063033B12368D3F888309A6B013295
:103920009A6352E71B9B1B78DB0741D57EB1236866
:10393000D3F88830D3F8A8210132C3F8A8211E9B00
:103940002BB11B691BB1DB68DA6B0132DA63079BB1
:10395000002B00F0138123681E98D3F88830D3F829
:10396000D8210132C3F8D82128B103691BB1DB6823
:103970005A6B01325A6309990022012307F0E5FED0
:10398000002E00F0FD8023681E9DD3F88830D3F808
:10399000AC210132C3F8AC21002D00F0CD812D699E
:1039A000002D00F0C981EB689A6B01329A63C2E185
:1039B0001F9B002B48D09A79002A45D11B7C002BF5
:1039C00042D00D98037CDD073ED53EB12368D3F885
:1039D0008830D3F8A8210132C3F8A821079900291B
:1039E00000F0CC8023681E98D3F88830D3F8D82113
:1039F0000132C3F8D82128B103691BB1DB685A6BC7
:103A000001325A6309990022012307F09EFE002E1D
:103A100000F0B68023681E9DD3F88830D3F8AC211F
:103A20000132C3F8AC21002D00F086812B69002BF8
:103A300000F07C81DB689A6B01329A6376E100BF0B
:103A4000BAD588006CE188000F9AB4F86A341AB1CC
:103A5000984503DAB4F86C349E4261DB226807981B
:103A6000D2F88830D3F8C851AD19C3F8C85100282E
:103A700000F08980D3F8B0110131C3F8B011D4F847
:103A8000843493F81D1109B3D4F868128979E9B91F
:103A900092F8642122B193F86D210AB183F86D1177
:103AA000D4F88414204601F582710BF048F9D4F85B
:103AB0008434012283F82821D4F88434A068D3F810
:103AC0003011D3F82421002310F088DB1E9860B158
:103AD0002FB1D0F830320133C0F8303230E1D0F8B5
:103AE0003C320133C0F83C322AE101230999082213
:103AF00007F02BFE1E9B2BB11B691BB1DB689A6A7A
:103B000001329A62002502238DE8280020461F9981
:103B100014221B9B0295039504951DF04DDA33E0AA
:103B200023680025D3F88830DA690132DA614CE67F
:103B30000125984605E001254FF0000801E0012528
:103B400088462F462E4623E00127154690463E46DE
:103B500093461DE001271D4698463E469B4617E0CA
:103B600000250127A8463E4632E6A8462F460126F4
:103B70000EE0054680460746834609E0079DDBE0E8
:103B80003546B046D9E0079D4FF001082F4646461E
:103B9000B4F8343543B1D4F838352BB10899052938
:103BA00002D0204623F00ED9BBF1000F4ED01E9B51
:103BB000002B4BD011A81BF001D99DF84E30834645
:103BC00003F00303023BDBB2012B04D8204611A90A
:103BD0002CF0B6DA00E0FF200A9A032A0AD85B49E3
:103BE0008B5C04EB4303B3F83622130903F00F0395
:103BF000120B03E0B4F86E34B4F870240092002283
:103C00000392BDF84C200190C2F300320492D4F824
:103C10005C011E995246CDF808B07AF0BFD82368EF
:103C200093F8E13093B11E9981B1BDF85000BAF814
:103C300002200090BDF84E30D4F8F80679F0DADCB6
:103C4000D4F85C011E990C9A7AF026D820460A997D
:103C500001222CF0E7D81E9860B15EB1E368D3F87A
:103C60008021D9F830309A4204D91DB10999D21A6D
:103C700007F079FD1F9DB5B10AF1140120462CF023
:103C80003DDB014628462CF0EFDB0E9A02F0FC03E8
:103C9000082B01D0882B06D1079B23B11F980AF16E
:103CA00008016FF025D81E99C9B10B7DD80716D42D
:103CB0001F9BA3B19A7992B91A7C82B11A7A72B118
:103CC000D3F8EC2092040AD4D3F810315B7933B9DD
:103CD000204652463B46CDF8008043F075D97EB170
:103CE0000AF1140120462CF009DB49460246D4F8BB
:103CF000880463F01DDE0B984946012203F0B2DF11
:103D0000079828B10025C4F88C5402E0002500E093
:103D1000079D284621B0BDE8F08F0126EFE50B98FE
:103D20004946012203F09EDF0125F2E7D5F868310C
:103D30000133C5F868310025A84601273E4627E72C
:103D4000D0F84C310133C0F84C31CEE66CE188003C
:103D50002DE9F04F002BB5B007930CBF04230A23C5
:103D60000993079B15690DF12C0918BF2023044600
:103D700015AF884693460021282248460693D5F879
:103D80000C610DF1B80AFEF321F700212822384614
:103D9000FEF31CF700210C225046FEF317F7336B9D
:103DA00020468DE808042946069AF36ACDF8B890B3
:103DB0002F9714F0F3DD002840F0F880B8F80630B3
:103DC000D80715D5216A4B7D93B10A6D0CA85431E3
:103DD0000B92FEF377F6D5F8EC30990405D5D4F8BC
:103DE0004C0129464A4663F08BD90023159308E01D
:103DF00015AB00932046294608F138020BAB26F09C
:103E000021DCF36A83B128A800211822FEF3DEF634
:103E1000F36A2D942893336B2993674B2B93674B4D
:103E20002A93674B2C9328AB1FAF002124223846DE
:103E30000893FEF3CBF60BAB00210822219331A8A7
:103E400015AB2293CDF87CB0CDF88080FEF3BEF6A2
:103E50002368294693F84F2034AB12F0030218BFB1
:103E6000DBF80420D4F8940618BFC2F3004203F82C
:103E70000C2D0093069A089B329755F0E9D9099BBF
:103E8000069900EB030A33AB02932046424605F144
:103E9000E2038DE8000523F03FD8074630B92046FD
:103EA0003946B5F82E2140F015DB80E02046294642
:103EB0004246DDF8CC901CF05BDBA9F80000738C67
:103EC000A9F80230339B04333393079B13B9AAF14B
:103ED000040A13E006F124094846FFF3E3F410B99D
:103EE0003398494602E0339805F1F8010622FEF3C3
:103EF000E9F5339BAAF10A0A0633339331AB0093F9
:103F0000339BD4F8940601932946069A089BCDF872
:103F100008A055F00BD9814628B1606839460122C6
:103F200003F0A0DE42E0339B0090019002900393E7
:103F30002046294657224B46CDF810A01DF03CD80C
:103F4000706B18B103F06ADEC6F83490079B23B19A
:103F5000339B0AF1060A063B3393339B0AF1040AAA
:103F6000043B3393079B504686F83C3003F044DE15
:103F7000706308B9B06305E033995246FEF3A2F5C9
:103F8000C6F838A0B8F862300095C3F34013019327
:103F900000230293039339462046D4F8BC255B46A0
:103FA00026F09AD9002808BF002700E000273846ED
:103FB00035B0BDE8F08F00BFCDCE8100DDCE8100F1
:103FC000FDCE81002DE9F04F95B00646069107928F
:103FD000209C219DD0F800909B46002B00F0B380E0
:103FE000ECB91E9A012A1CD11F9A931E012B18D8D6
:103FF000032A16D1002D40F0AB80C36E5A1C05D0A9
:104000001C3350F82350002D40F0A2804846002178
:10401000B6F82E2140F0D6DD4FF0000894E00025E0
:1040200000E025464FF0B00806270DF1200A0021D8
:1040300024225046FEF3CAF51E9B1F9A0893229B2A
:10404000099211A800210822CDF828B00B930594FD
:10405000ADF83040FEF3BAF5CDF848A044B1089B66
:10406000032B0FD14C2C0DDB4D2C01DD7E2C09D107
:1040700011AB0093D9F894063146B022002355F0D5
:10408000E7D83F18079B41468DE8880013AB0293A1
:104090004846069A06F1E20322F03EDF80460028F9
:1040A00052D075B10023009301932A46139B4846D2
:1040B000314658F00DDC95F90E30139AFF1AD218DC
:1040C00013921E9BDDF84CA09AB2AAF800201F9B09
:1040D000AAF80230059BAAF804300AF106031393EC
:1040E0003CB1032A17D14C2C15DB4D2C01DD7E2C65
:1040F00011D111AA8DE80C00063F0297D9F8940659
:104100003146B022002355F011D824B9BDF8303023
:104110000BB1AAF80430B37913B1F368DA6801E09F
:10412000D9F8BC259DF88C304146019300230393B8
:1041300048465B460096029526F0CED8002808BF78
:104140004FF0000800E09846404615B0BDE8F08FFB
:1041500095F90E7044F2B008063766E72DE9F0478E
:104160000446A4B090469A460D4600296DD0D1F879
:104170006433002B69D004AF0EAE33463A460DF1DE
:10418000600923F01BD9002124224846FEF31EF5C6
:10419000236A00216533082221A81893CDF8648092
:1041A0008DF868A01B971C96FEF310F52368CDF8D8
:1041B000889093F84F3013F0030307D0D5F8EC3014
:1041C00003F48053D3F1010338BF002324AF07F871
:1041D0000C3D294640220023D4F89406009755F060
:1041E00037D82D9B0190009323AB0293804640214A
:1041F00020462C9A05F1E20322F08EDE064620B31B
:10420000239BD4F89406019329464022002300976B
:10421000CDF8088054F08ADF28B160683146012269
:1042200003F020DD11E0D5F8EC3013F4005306D094
:10423000D4F84C012946324663F0D8D905E020462F
:104240003146D4F8BC2528F0DDDD24B0BDE8F08788
:104250002DE9F04390F8A03787B004462BB1002336
:1042600080F8A0374FF0010800E0984623681A7ED6
:1042700032B9B8F1000F00F03B822046022135E24E
:10428000206954F023DE18B1A0680FF0D3DF27E2D5
:1042900020461BF05DDB236A20461F69D4F8683294
:1042A000D3F814219D79167C1CF0FCD9031C18BF8F
:1042B0000123384671B22A4663F094DC94F88C36B8
:1042C000ABB12369D3F88830D3F8245115F04005F9
:1042D0000DD120462BF0C0D9236A84F88C5618697A
:1042E00029462A4663F0D2DC204622F063DC2368AC
:1042F00020469A6A01329A621CF0D4D918B9D4F8CF
:10430000843483F8290120460AF0B7FD236A18692E
:1043100065F05AD80146204659F028DD236A18690D
:1043200065F00CD90146204659F0D8DC236893F992
:104330003D307BB1D4F8240103A9002278F098DB4A
:1043400001E00023C361D4F8240103A978F0A6DBBF
:104350000028F6D194F8D4314BB1204616F03EDB5C
:1043600028B194F8E43113B1013B84F8E4312046DC
:1043700026F082D8204617F01DDC204626F0D6D83D
:1043800094F8D43113B1204624F068DA2368DA6E49
:10439000002A40F0A58193F8693113B120464BF013
:1043A00023D9204647F030DB236893F82F20CAB189
:1043B00093F83030B3B120461CF09CD890B1D4F8BB
:1043C00064120023CA582AB1907918B1507908B103
:1043D00012791AB10433202BF4D103E0D4F8180574
:1043E0003AF07EDAD4F828351B68A3B120462AF0CB
:1043F000CFDCD4F828355A681B68B2FBF3F103FB15
:10440000112313B9204615F089D8D4F828355A68F5
:1044100001325A600AE023689A6A1E23B2FBF3F164
:1044200003FB112313B920462AF0B2DC94F88C3236
:1044300043B194F8F034013BDBB2022B02D82046A2
:1044400015F048DE0025D4F864325F591FB3BB79FC
:104450000BBB3B7AFBB1D7F818319B7ADBB13846FE
:1044600025F090DEB8B13B7CABB1D7F818319B7A20
:104470008BB13B7A7BB107F1DC063046FFF312F2D9
:10448000034640B94FF0FF32009001922046394672
:10449000324628F0C5DC0435202DD4D1204616F054
:1044A00003DB236A5B7DB3B123689A6A3C23B2FBCA
:1044B000F3F503FB152575B9D4F86432585938B1B2
:1044C00083792BB9037A1BB1037C0BB917F028DC75
:1044D0000435202DF0D120462AF038DC20B9D4F85C
:1044E000180539F0A9DF38B1236A202118690022A4
:1044F00064F03ADD002604E0236A202118690122D5
:10450000F6E7D4F864329D59FDB1D5F8A83013B15F
:10451000013BC5F8A830D5F8AC701FB1013FC5F814
:10452000AC7012E0AB7983B12B6D99070DD595F87E
:10453000A43053B102F0DADED5F8B01040F052DE0C
:1045400018B1C5F8A87085F8A4700436202ED8D10B
:10455000B4F850371BB1013BA4F8503702E02046B5
:1045600022F076DD002635460BE0D4F8C4329B19E4
:104570005B6A23B1D4F8C82252F825009847013568
:104580003836236893F8B4209542EEDB93F83B501D
:1045900045B193F83C502DB194F8FC5515B1E36842
:1045A000D3F880510026D4F8643253F80690B9F15C
:1045B000000F40D099F80630002B3CD199F8083014
:1045C000002B38D099F85633DA0704D520464946EF
:1045D00099F8542305E0980705D599F85523204606
:1045E000494624F0A7DB94F8FC3523B399F804304E
:1045F0000BB3D9F818314A461978204629F02CDE39
:10460000236893F83B20B2B193F83C309BB194F807
:104610008E3283B9D9F80831D4F85001DF8D93F880
:104620006030BF0201335F4399F844102B463A468D
:104630005CF066DFED190436202EB4D1236893F8C0
:104640003B206AB193F83C3053B194F88E223AB9CA
:1046500094F8FC3523B1D4F8500101215CF07ADFE5
:10466000002384F8FC352268D4F88434926AB3F8C5
:104670009E30B2FBF3F103FB112313B9204609F07E
:1046800095FAD4F8683223B1D3F818210AB1127818
:104690001AB1D4F86402002202E01B7ACBB9F8E721
:1046A000835893B19D79D3F8EC1015B1890405D4E2
:1046B0000BE011F4005F08D0C90306D4197A21B1C8
:1046C000D3F818310BB11B781BB10432202AE7D183
:1046D00003E0A06802210FF027DE204619F0ECDF8E
:1046E000B8F1000F04D02046022100222BF050DF49
:1046F00007B0BDE8F08300002DE9F04F92F82A30B2
:104700001446B2F81CB08DB006460D46D0F804A091
:104710000F6952692BB1936894F8228003F11A094A
:1047200003E09268984602F11809A368072B0DD997
:104730003046494613F0E8DC40B1B9F806304FEA9C
:10474000132949EA03291FFA89F901E0B4F808900E
:1047500095F8243003F01203022B0DD148F68E0396
:10476000994509D12068D7F8081110300622FEF3C8
:1047700095F1002840F0C88394F82C30EBB9A38B56
:104780001B051AD53368D3F88830D3F84C2301328F
:10479000C3F84C23D5F824220132C5F8242205EBB6
:1047A0004802B2F8A410B4F87E20914205D1D3F8A3
:1047B000BC210132C3F8BC21A6E3BB79CBF3802B2B
:1047C000002B32D1D7F818311A7B92B194F82C20F3
:1047D0007AB9BBF1000F0CD195F8CA10626A51FA90
:1047E00002F2D00705D43846A18B029317F05CDBA8
:1047F000029B3268526BC2B11B7FB3B194F82A306E
:104800009BB194F8283083B10021384629F008DAAA
:10481000D7F8EC30990408D5A28B12F4005204D1D9
:10482000D6F84C01394662F003D9238C5A0700F1BF
:104830006B83A38B03F4804363633BB93A6D40F20F
:1048400037131340EBB197F85830D3B10023A3636B
:104850003046234651462A46CDF800807AF042DBA6
:10486000636B40B9002B00F04F83D5F864310133FE
:10487000C5F8643148E323B1D5F860310133C5F898
:10488000603194F82C3043B908F15003B4F87E003D
:1048900005EB43039A88988000E0002294F82C30BE
:1048A00043B3636994F82A209B680AB11A3300E085
:1048B0001833B9F5006F40F06E81A268072A40F204
:1048C0006A811A7A1209042A40F065819A6912BA3B
:1048D000002A00F060815B7C012B40F05C8102F0DB
:1048E0007043B3F1604F00F05681D2B2FF2A40F01E
:1048F0000B8350E1B4F87E0008F1180910F00F03A3
:1049000040F0A38005EB8909D9F8041079B11A4663
:104910005046029303F0A6D9029B05EB8802C2F829
:10492000843008F14A02C9F8043045F82230BBF15E
:10493000000F00F03081E3686269039305EB8803A0
:104940005A66A16B31B105F51C7005301431102287
:10495000FEF3B8F063699A685868510DC0F3140EFD
:104960009889DB8849058E44C3F34A1331680133C3
:1049700002EB000C7344C969CCEB0303CEEB020ECF
:10498000896803EB0E021018884234DA5046FBF7B0
:1049900091F808F1180905EB8909C9F80400002805
:1049A00000F0B282626980689168536821F07F4E9E
:1049B0002EF4600E9289C3F31403C3EB0E03C91ADD
:1049C0009A18FEF37FF061698B684A6823F07F4391
:1049D00023F46003C2F314029A1AD9F804309868D9
:1049E000801898609889821A9A8188890022988113
:1049F000504603F037D9D6F8E015039B05EB880243
:104A000059186FF005035B1A3168A148C9698968B4
:104A10005B18C2F8843061680822FEF33FF06B68CF
:104A200010B943F0080301E023F008036B609948D4
:104A300061680822FEF332F0AB6810B943F020033E
:104A400001E023F02003AB60A5E005EB8901496894
:104A500000293ED0504020F00F0020B902F00F0294
:104A6000013293420FD00022504603F0FBD808F1E8
:104A7000180205EB82020023536008F1200205EBC7
:104A80008202536021E0A16B49B105F51C7005302D
:104A900014311022FEF302F0002840F0358208F1B4
:104AA000200905EB8909A368D9F8042008F1180C3E
:104AB00093421DD905EB8C0750467968002203F01C
:104AC000D1D800237B60C9F8043008F14A0845F8C2
:104AD00028303368D3F888301A6E01321A662B6991
:104AE000002B00F01182DB685A6D01325A650BE22F
:104AF0008DE8080405EB8C0CDCF80410304609F155
:104B000004026368CDF808C013F036DF50466169CF
:104B1000002203F0A7D8DDF808C0BBF1000F3AD19E
:104B2000DCF8042008F14A036261CCF804B045F8CF
:104B300023B09368928903F11801C9F804B0616049
:104B4000A2F11801A16094F829102360E26021B15C
:104B500003F11E011E3A6160A26094F82A203AB166
:104B6000626884F8228002326260A268023AA2601F
:104B70001A785B7842EA0323A383636B5BB1A36B70
:104B80004BB193F90E2061688A18626093F90E3078
:104B9000A268D31AA360A36B63B11B7A042B04D160
:104BA000304621467AF02ADA04E00B2B02D1204667
:104BB0001AF0ACDBBBF1000F40F0C481626993696D
:104BC0005B0613D5BB792BB9D4F880103846183161
:104BD0006EF08ED863699B69180640F19581D6F80E
:104BE00030012946224601F0B5F9ABE123689888E7
:104BF000D988ADF81000ADF8121018895989ADF8B0
:104C00001400ADF818109889D989ADF81A00ADF8DC
:104C10001C10188A598AADF82000ADF82210988A25
:104C200094F82910ADF8240041B1198B588B9B8B57
:104C3000ADF82810ADF82A00ADF82C30A38B13F492
:104C4000807F03F4007304D104A9616723B108AB2A
:104C500005E008A961670BB906AB00E00AAB616823
:104C6000236793683046C3EB010813F04DDA63699C
:104C7000998988B1072940F247819A68A8F1060806
:104C80004244C8EB01089A60A3F80C80E26615E084
:104C90002C1D8900033801000D2940F235819A68E6
:104CA000A8F10E084244C8EB01089A60A3F80C80F2
:104CB0002389E266190A41EA03239381A36B6BB14E
:104CC0001B7A012B0AD0032B08D0304651462A46C6
:104CD000234679F0C7DE002800F01681A36B33B1BC
:104CE0001B7A022B03D1304621467AF087D997F8F8
:104CF0005C339BB1E36E9B891A0A42EA0323934A11
:104D00001BB293420AD1304661690622002315F096
:104D1000BBDD18B13046394649F006D9626FE36E03
:104D2000118819805088588091889980216F08884F
:104D3000D8804888188189885981616994F822E06F
:104D4000C8890EF0070E20F007004EEA0000C88167
:104D50001178C9070BD53168D1F88810D1F8D00186
:104D60000130C1F8D001F968886D0130886597F885
:104D7000591061B195F82410C80608D49989080A19
:104D800040EA0121714809B2814240F0BD80D6F865
:104D90009811795C79B195F82410C9060BD49B89D8
:104DA000190A41EA03236A491BB28B4203D0263910
:104DB0008B4240F0A980BB79EBB992F8008018F0E3
:104DC000010818D1D7F81831384693F87420013209
:104DD00083F87420D4F8801018316DF089DF616990
:104DE0005046FFF325F20121034642463846CDF8EE
:104DF00000806DF0FDDFD6F8D0361B68FB58002B25
:104E000035D01B68002B32D0D4F86C80B8F80C3049
:104E10001A0A42EA03234D4A1BB2934227D197F85C
:104E2000A73313B197F8F6330BB350466169424686
:104E300012232BF0C1DB00283BD0B8F810305046CD
:104E40001A0A42EA0323616908F112029BB22BF0AD
:104E5000B3DB00282DD0636BD6F8D006003318BF23
:104E60000123394642467DF077D900284CD17B6931
:104E7000002B2FD0D4F86C80B8F80C301A0A42EA14
:104E80000323324A1BB2934224D150466169424601
:104E900012232BF091DB60B1B8F8103050461A0A9B
:104EA00042EA0323616908F112029BB22BF084DB12
:104EB00030B93368D3F888305A6E01325A6623E02D
:104EC000626B7869003218BF012241462B4643F0DD
:104ED000B3DAC8B9D5F89431DB070BD594F829308B
:104EE00043B9E36E9B891A0A42EA0323174A1BB2AD
:104EF000934209D1636994F82920009330462946EA
:104F0000636F26F045DC1DE033685A6BAAB1616916
:104F10001048CA89D3F88C3002F00702825C0E4830
:104F2000855C50460C3503EBC5056B68AE680133F4
:104F30006B60FFF37DF18019A86050466169002223
:104F400002F090DE0DB0BDE8F08F00BF8E88FFFF4D
:104F5000B488FFFFBAD588006CE188002DE9F04FD6
:104F60004FF0000AAFB0CDF8B0A0CDF8B4A0D68A0B
:104F7000984610939B890446212B0F461546CDF881
:104F800064A08DF84EA0CDF850A08DF857A08DF8F4
:104F900054A08DF88CA08DF858A011922B92CDF8CA
:104FA00088A001D803684AE0D8F80890104649461E
:104FB00071F0D2D909F106030890C8F82C000B93C0
:104FC000B9F806301946ADF8483001F00C02184621
:104FD00001F0F00301F44071A1F5407E92081B0935
:104FE000DEF1000141EB0E01022A08BF4FEAD30AAD
:104FF000ADF84A205FFA8AF2ADF84C308DF85510C2
:105000008DF85620B5F804E00EF0030EBEF1020F45
:1050100004D100B2002801DADB0800E00023D8B296
:105020008DF85700002914BF2823222302B1023330
:1050300000B1043310988089984206D22368D3F8CF
:1050400088305A6E01325A667EE399F80A3003F0CE
:1050500001038DF8583009F11E030C9311B109F1C9
:1050600024030C9300238DF859304AB10C9B5A78D5
:105070001B7843EA0222DB0907928DF8593000E0E1
:10508000079241463846FFF3D3F0109909908B6898
:10509000384606338B608B89063B8B819DF85930EF
:1050A0001BB1FEF365F501463846042202F084DDAB
:1050B00016F4404F9DF855200CBF4FF0000B4FF0F9
:1050C000010B00232D9302BBBDF848300B9913F45C
:1050D000407F09D101F1100620460A315A462DAB16
:1050E00078F00CDA2C9005E0D80501D50E1D01E012
:1050F00001F10A062D9B23B92046314648F0F8D924
:105100002D902D9B003318BF01238DF85C302D9B13
:1051100013F1000A9DF8583018BF4FF0010A43B947
:105120000B992046043148F009DA061C18BF012605
:1051300000E00026D4F804321BB9236893F82C3021
:105140006BB3236893F83E20002A08BF4FF0000A93
:105150007EBBBDF84820D20506D49DF858201AB170
:10516000BAF1000F40F0F6829DF8552012B19DF87B
:1051700058203ABB93F82C30002B00F0C982BAF1CA
:10518000000F04D12046294658F064DEC0E22D9B72
:105190009B79002B40F0BC824FF0010A14E09DF88F
:1051A00058301BB9002E00F0B38202E0002E00F050
:1051B000D1829DF855302BB9BAF1000F00F0A882CA
:1051C0009A4601E04FF0000A9DF856300BB39DF867
:1051D00059304BB194F80E32002B00F09982109B9D
:1051E0009A6942F040029A6107999E4A01F00703CA
:1051F000D25C9D498DF84E308A5C0799149201F07B
:10520000100212118DF854200C9A8DF88C30023255
:105210000C92109BD989988911F4005218BFB3F8E9
:1052200050200C999B688218CB1A0E924146D21AD4
:1052300038460D920693FEF3FBF7069B0B9AC31AB2
:105240000F93937DD17D43EA0123ADF8AA30BAF1E3
:10525000000F2FD12CAB00930E9B204601932DA95C
:105260002B4618F0ABDE002840F0528274E22D99F4
:10527000002900F04D820B9A20460A325B4678F0F6
:105280007BD82C90002840F06D820B9A2D992046F7
:105290000A325B4678F072D901462C9030B9236807
:1052A000D3F88830DA6E0132DA6631E2204677F0E0
:1052B000D5DF57E2BDF8483013F4407F04D12D9B71
:1052C0001B7C002B3AD106E09DF855301BB92D9B75
:1052D0001B7C002B32D020462D990A325B4678F099
:1052E0004DD92C9018B913E22C9B1B692D931EB13C
:1052F00023689A6A2C9B9A622D9BD3F810210792FF
:10530000BAF1000F21D19DF85520F2B99DF858202F
:105310001AB1BDF84820D00510D49979BDF84820BD
:1053200011B1D1050AD510E01B7C02F44072002BAC
:1053300014BF4FF4007300239A4206D02368D3F8B9
:1053400088309A6D01329A65E2E12046294658F08C
:1053500081DD002388F8230083462D9888F82230C9
:105360008379ABB9BBF1000F12D0594695F91D20D6
:10537000334658F0CFDD2946D4F8C426204658F0ED
:105380000DDD3246014688F822002D9858F010DED7
:105390002C9B93F8922112B9D3F8F42052B3BBF1AD
:1053A000000F27D0D3F8F010D3F8EC2042F821B04A
:1053B000D4F88424517911F00100D3F8F01018BF0B
:1053C00095F91F0003EB8101C1F89C01527952103D
:1053D00012F00101D3F8F02018BF95F9201003EB6B
:1053E0008202C2F8BC11D3F8F020013202F00702A9
:1053F000C3F8F0209DF855202D9B0AB1DB6D3CE0F1
:105400009A792C99002A31D04B6B25934B685A0618
:105410001BD59DF85620C2B1BDF8AA20100714D1A3
:1054200091F8D7208AB10A7DD2070ED4BDF8482062
:10543000D0040AD59A0308D5149A91F8C9301341BB
:10544000DB0702D520463AF00FD9BDF8483013F4F7
:10545000805F2C9B5A6814BF42F4003222F4003261
:105460005A600BE0BAD588006CE188004A6B25923F
:105470001A7C1AB9DB6DD80700D525932D9883794E
:10548000A3B9037C93B19DF858307BB9BAF1000FF2
:105490000CD1079B83F806A094F80C22D3F8F030C7
:1054A0009A4203D084F80C3221F010DB9DF858307A
:1054B000FBB12D998B79002B40F02A810B7C43B1F5
:1054C0000B98E23110300622FDF3E8F2002800F0DC
:1054D0001F810B980430FEF3D9F150B92D9890F844
:1054E000453033B90B99043148F076D9002840F0A3
:1054F0000F81BDF8AA30089AA8F81C300B9BC8F899
:105500002C201B7C2C9913F0010F099E4FF00007F3
:1055100007D0D1F854310133C1F85431F1E9622395
:1055200006E0D1F850310133C1F85031F1E9602380
:10553000921943EB0703C1E900239DF858309BB94A
:1055400099F8003099F801201A4399F80230134372
:105550000AD0D8F82C10D4F85C016A8A78F0C6DB3F
:105560002C9B0899C3F85C1199F90330002B07DADA
:105570002368D3F88830D3F8A8220132C3F8A822D0
:1055800099F8033013F0300F07D02368D3F8883030
:10559000D3F8B0220132C3F8B0229DF85830002B66
:1055A00071D1D8F82C00236810F0407FD3F88860C0
:1055B00001D1C0B201E070F04DDD16283AD00CD810
:1055C0000B2825D004D8022816D004285BD119E076
:1055D0000C2823D0122856D126E030283CD004D8FD
:1055E00018282DD024284ED130E0602840D06C28D7
:1055F00044D0482847D135E0D6F838320133C6F8D0
:10560000383240E0D6F83C320133C6F83C323AE05A
:10561000D6F840320133C6F8403234E0D6F844328E
:105620000133C6F844322EE0D6F848320133C6F8CA
:10563000483228E0D6F84C320133C6F84C3222E02A
:10564000D6F850320133C6F850321CE0D6F8543246
:105650000133C6F8543216E0D6F858320133C6F892
:10566000583210E0D6F85C320133C6F85C320AE0FA
:10567000D6F860320133C6F8603204E0D6F86432FE
:105680000133C6F864329DF858301BB12D980BA930
:105690001AF01ED99DF858302BBBD8F82C0010F00A
:1056A000407F01D070F0D6DC00F07F00022809D0E6
:1056B000042807D00B2805D0A0F11601484240EB82
:1056C000010000E001200022E98895F91C300092D9
:1056D0000190A888090A800B02902D9803920490EB
:1056E000204609F058F92C994B685A030BD59DF8C0
:1056F000583043B9BAF1000F05D1D4F838010BAADC
:1057000033F038DE33E020460BAAFEF7F5FF2EE03B
:1057100023685A6BC2B19DF85820AAB91099154850
:10572000CA89D3F88C3002F00702825C1248845C8C
:1057300038460C3403EBC4046368A5680133636026
:10574000FEF376F54019A06038461099002202F069
:1057500089DA0CE0B24637E5BDF8483013F4407FF3
:105760003FF485AD2D9B002B7FF4C1ADBCE52FB080
:10577000BDE8F08FBAD588006CE188000B68C96875
:10578000DB691A6889B14B78012B0ED1B2F8BE30B3
:1057900023F040031B041B0CA2F8BE308978890655
:1057A00044BF43F04003A2F8BE3000207047F8B574
:1057B00091E88800DC6903680D461A6892F8626116
:1057C00026B1D3F8600806F073FF0646F86DF9F7C6
:1057D00025F958B156B1E86858B14378012B04D087
:1057E0000C23A3804FF0FF30F8BDA0610023A380FD
:1057F0000020F8BD38B503684C681A6892F8625109
:1058000025B1D3F8600806F053FF0546E06DF9F7BF
:1058100005F950B145B9D4F8A00300F020000028E4
:1058200014BF0320002038BD032038BD2DE9F84304
:1058300091E808020568DC692B680E4693F86271EE
:10584000D4F8008027B1D5F8600806F031FF07468C
:10585000D9F85C00F9F7E2F888B187B1F06888B14F
:105860004278012A05D00C2323844FF0FF30BDE895
:10587000F8836062D5F86008414607F0D9FC002340
:1058800023840020BDE8F8832DE9F04F1C4692F8F0
:1058900001909B68D1F85CC089B0002723F4C063F5
:1058A000B9F1010F80460E461546CDF810C0059798
:1058B0000697A36040F23C81D278AB7843EA02239A
:1058C000012B40F03581A9F10203DBB2032B0ED886
:1058D0001CF0400F00F02C8104222DF0F5DC002894
:1058E00000F02681402363630423A36329E12F1D75
:1058F000384696490322FDF3D1F08246002840F055
:10590000178140463146EA792DF0DEDC002800F0B0
:105910000F8104F1380B38465946FFF31DF0A9F109
:105920000603DBB2012B11D8049B5F0640F1008116
:105930004046314604222DF0C7DC002800F0F880F4
:10594000402363630423A3635746FAE06A7A2B7A01
:1059500043EA0223012B40F0EB8005F10A073846A9
:105960007A490322FDF39AF0002840F0E180404696
:1059700031466A7B2DF0A8DC002800F0D98038463B
:105980005946FEF3E9F7A9F10C03DBB2012B06D867
:10599000049B580640F1CC8040236363CEE0EA7B51
:1059A000AB7B43EA0223012B40F0C08005F11000DD
:1059B00066490322FDF372F0002840F0B780EB7CCB
:1059C000012B01D0052B02D1049A510617D4062BC6
:1059D00002D1049A120612D4D8F8002092F862215B
:1059E0002AB1082B03D1049A12F4802F05E0022B70
:1059F00040F09C80049A12F0800F00F097805A1FAC
:105A0000D2B2012A01D9082B0BD1336D5B0504D426
:105A1000049B13F4922F00F08F80A36843F48063FB
:105A2000A360336D5F0503D5A368580540F18480FA
:105A300005F1100004A90022FEF31AF7002877D020
:105A4000049BA9F11202D2B2012A63638CBF2A7DA2
:105A50000022B3F5802F01D151066BD5D8F87C0612
:105A6000316D0DF11F0304F05FFA002864D09DF83A
:105A70001F301BB1A36843F40073A360A9F114079E
:105A8000FFB2002F4AD095F801A0A9F11609C7EB83
:105A90000A0A05EB0A0393F803C003F1020B9B7893
:105AA0005FFA89F943EA0C2C4FEA1919002723E021
:105AB0000BEB0713023305931023ADF81C3004F1F0
:105AC00014030093636B3046019306A905AA07AB44
:105AD000CDF80CC057F09ED901372028DDF80CC056
:105AE0000AD1059A62B1069B53B10121009140464B
:105AF000214638F033D903E0674501D04F45D7D16F
:105B00005544EA78AB7853EA022317D0059BBBB122
:105B1000069F002F0CBF3527002712E04046214684
:105B20003A463B46009738F019D90AE02B2708E09F
:105B30000C2706E02D2704E01F2702E0002700E0E5
:105B40003527384609B0BDE8F08F00BF2238010084
:105B5000F8B591E8280007685B681E683B6893F811
:105B600062415CB1D7F8600806F0A2FD31460446F8
:105B7000D7F8600806F0A0FD064600E02646E86D6E
:105B8000F8F74CFF30B124B1002E14BF03200020E1
:105B9000F8BD2046F8BD2DE9F34191E848000768BB
:105BA0005B680C46D3F800803B6893F862315BB1C8
:105BB000D7F8600806F07CFD41460546D7F8600836
:105BC00006F07AFD074601E01F461D46F06DF8F726
:105BD00025FFA0B19DB197B10122002101A8FCF3DE
:105BE000F5F701A80521FEF3C9F30122A369F4200A
:105BF00001A9FDF30FF52368A2695B681A62002012
:105C0000BDE8FC8173B503680C461A684D6892F8CC
:105C1000626126B1D3F8600806F04AFD0646E86DD9
:105C2000F8F7FCFEB8B11EB9D5F8A033980612D526
:105C30000122002101A8FCF3C9F701A80521FEF308
:105C40009DF30122A369F42001A9FDF3E3F4236885
:105C5000A2695B685A6100207CBD73B503680C467D
:105C60001A684D6892F8626126B1D3F8600806F0B0
:105C70001FFD0646E86DF8F7D1FE98B11EB9D5F8BC
:105C8000A0339B060ED50122002101A8FCF39EF74C
:105C900001A80521FEF372F3F42001A90122A369F2
:105CA000FDF3B8F400207CBD2DE9F3471746027AD6
:105CB00004460E46D0F80090D1F800800AB1002BBF
:105CC0006AD0E3199D7A002D67D098F8023194F8D4
:105CD000272003F01C039B08934238BF13463371FF
:105CE000304630F093DD98F802314FF4005203F063
:105CF000030312FA03F3F36098F80231204603F02D
:105D000003030D3386F83D31414607F1360A2FF083
:105D10000BD856F82A5045B94FF4417001F06CDFAA
:105D20000546002839D046F82A00284600214FF4BD
:105D30004172FCF34BF702232B700023AF7085F800
:105D4000ED30D9F80030C5F8F48093F869318BB1A3
:105D5000484649F041DC38B1E37C984228BF1846F8
:105D600084F80434E07405E094F8043413B1E37467
:105D700084F80404A27CE37C009294F82F20484627
:105D80000192D5F8F4103A4632F036DFD4F85032AA
:105D90001A6D01321A6500E01D462846BDE8FC87F1
:105DA0002DE9F041D0F8E822002507460E46A84626
:105DB0002B46D2F8B0100432002918BF98460133A0
:105DC000182B0D44F5D128F007083046184908F182
:105DD0000708FDF36BF105BB22E0D7F8E83204F1C8
:105DE0002C0253F82220642353433046B3FBF5F3CF
:105DF0001049FDF35BF1104B2340002B03DA013B0C
:105E000063F007030133072B05D1444503D0304627
:105E10000A49FDF34BF1013400E000244445DCDD88
:105E200030460749FDF342F10020BDE8F08100BF94
:105E3000225701002C57010007000080375701004E
:105E40001A2D890037B500230193079B0546032BC4
:105E5000144604D901A806990422FCF333F60E2C4B
:105E60002B6806D11B68002093F8D120089B1A608C
:105E700001E06FF016003EBDF8B5C2690023074689
:105E80000D461E46D1580433602B0E44FAD12846E5
:105E90001149FDF30BF1C6B10024FB69284653F804
:105EA0002420642353430D49B3FBF6F3FDF3FEF0C6
:105EB00004F00703072B05D1172C03D02846084907
:105EC000FDF3F4F00134182CE7D128460549FDF321
:105ED000EDF00020F8BD00BF5C5701002C57010019
:105EE000375701001A2D89000020704710B51C4655
:105EF00003699B794BB9880501D5101D03E0C905DD
:105F000010D502F10A00214608E0CB0502D502F1C6
:105F10000A0002E0880505D5101DA11D0622FCF32C
:105F2000BDF580B9204602990622FCF3B7F568B1A9
:105F3000204603990622FCF3B1F500280CBF4FF070
:105F4000FF30002010BD4FF0FF3010BD4FF0FF308C
:105F500010BD00002DE9F04F5D4B07461868EFB00B
:105F60006A9015469A886C69ADF8AC2153F8060F13
:105F7000A2686C909B880491ADF8B4317B68A98BC2
:105F8000D3F814B06B6805919B1A9BB2D218A2602B
:105F9000A289D5F81090D31AA3810026B84664E0F0
:105FA000642E64D0A368E28903F10E0712F4005254
:105FB00018BFB4F85020BF07A089998905D047467B
:105FC000FB6E1A6C01321A645BE01218DFF808A14C
:105FD0000F0A92B247EA01270392A18ADAF8002059
:105FE0000E3752F82120BFB21AB13A4AF91C0A40C2
:105FF00000E03A460399914205D04746FB6EDA6BC2
:106000000132DA633DE06AAA00926CAA0192049818
:1060100005992A68FFF76AFF002832D1E3899B04BB
:1060200007D5B4F8503023B1A389FF1AA4F85070F3
:1060300000E0A7812246D8F80000594619F0BCDEDE
:10604000E38995F8222023F0070302F007021343A7
:10605000E38106AB43F82640A28ADAF80030013625
:1060600053F82240039BC3EB0909002C98D1474603
:10607000B9F1000F01D105AB0FE0FB6E5A6C013294
:106080005A6458466969002201F0ECDD1DE053F8BE
:10609000042F0021918209F10109B145F7D124B102
:1060A00058462146002201F0DDDD00240BE006AB5E
:1060B00053F8243095F829200093386804999B6898
:1060C00025F066DB0134B442F1D16FB0BDE8F08F4A
:1060D0002B380100FCFF0100E80300002DE9F04F20
:1060E000B1B0DDF8F480079300230F922F9308F1ED
:1060F00038023A9B0B92D1F808215B880C92079AE0
:106100000E931388814603F0FC03A3F120077B4222
:1061100043EB07030C463C9E856908932BB13A9BE1
:106120004FF0300B04330A9303E0089A4FF0100B42
:106130000A920021282210A8FCF348F51AA8002191
:106140002822FCF343F5D5F86C332BB110A805F5E4
:106150005B712822FCF3B6F40C9B0DF1400A03F1AD
:1061600038070DF1680C3A46534628462146CDF8CB
:1061700000C0CDF818C024F065DAD5F8843439466B
:106180009B7824AF00220B986FF0BEDE38460021CA
:106190002422FCF31BF508F14D03DDF818C025930C
:1061A000CDF898A0B8F868300DF1B40A5046002137
:1061B0000822CDF89CC028932496FCF307F5736859
:1061C000CDF800A0C3F300438DF8B43021465A4601
:1061D0000023D5F894062E9753F03AD804F1DC0347
:1061E00000F1060A079A0D938DE808042FAB0A32D6
:1061F000029307465946284604F1E203099220F02B
:106200008BDE844618B91122A8F86820E9E02F9B9C
:106210000022012119705A702A6A1268022A04D1D8
:1062200094F92C210AB921221A70216D40F23712FB
:106230000A4032B194F858201AB11A8842F010027C
:106240001A8095F8722432B12A6A527D1AB11A88DE
:1062500042F480621A80B8F8682021465A80B8F863
:1062600020209A802F9B2DAA06338DE88C002F9337
:10627000D5F894065A460023CDF818C052F056DFE0
:10628000DDF818C0002840F09980009498F8182094
:10629000E368029003900192DA682846334661462B
:1062A00024F01AD8B8F8683023B13046022176F0CD
:1062B000A5DB83E02F9B063B2F93B36898050CD595
:1062C00096F8243003F00303032B06D1D5F87C069F
:1062D000214632465DF0C6DA83E0B8F82030314618
:1062E000A6F8CC30284676F0B9DF0C9A022192F855
:1062F00060300E9A3046934238BF1346A6F8FA3003
:1063000076F004DED4F8EC30190309D5284621468E
:106310001AF038DD012803D12846214646F0F2DE86
:106320002B689B6AF362089B53B10D980A99062269
:10633000FCF3B4F320B148460999E26836F0A6DFD1
:106340000999E268484636F0C5DC2A68D4F8EC10B2
:1063500092F84F2011F4005318BF022312F00302E9
:1063600005D0CA045ABF7268C2F3004200227F21DE
:106370008DE806000B9806F13C0100226FF0F0DE7C
:106380002846314677F058DB606920B106F11401E8
:10639000012201F0D9FFD4F8EC309B0404D5D5F8E4
:1063A0004C01214660F064DB2B6893F8693133B10E
:1063B00028462146012202F0BDFF00E0BA463B9B81
:1063C0003A9A01932F9B00920293484621460F9AD6
:1063D000079BCDF80CA00496CDF8148036F054D964
:1063E00005E048462146079A434635F029D931B0A1
:1063F000BDE8F08F2DE9F04F8569E3B092469846ED
:106400009DF8B421D5F864310C4607921BB19B79F5
:10641000002B40F06A812B6893F82F30ABB1236DCD
:10642000990712D594F8A4307BB100F05FDFD4F85F
:10643000B0103EF0D7DE002800F06C810023C4F8D5
:10644000A830C4F8AC3084F8A430A3791BB1237908
:10645000002B00F04A81BAF800B01BF4804B65D0E5
:106460000AF10A03284621461A46069376F080DF91
:106470000746002800F03981D0F8D030002B00F01A
:10648000348198F803909DF8B8314FEA99190BB30D
:10649000D5F89C3253F82960E6B13369D3B1337A29
:1064A000C3B1414603225BA8FCF30CF35BA806F1E1
:1064B000140132690330FCF305F331695BA8033141
:1064C00008AA02F0AFDA6C9A08F10400111F08AABA
:1064D00002F0CADA09F11C0954F8293093B11A699B
:1064E0006C984146143308F0F5DCC0B901230090E4
:1064F0000193029003900490214628461722069BA0
:106500001AF05ADDD7F8D00001F088DB0023C7F875
:10651000D03003230F2606934FF00109D2E06C9A86
:1065200008F10408083A6C920F2601E05E465F46C7
:10653000B8F80230B8F8009006932B6893F86231EF
:1065400073B1B9F1030F0BD16C9A079B00920193C1
:10655000D5F8600821465246434674F057D8C4E047
:10656000069A032A00F2C180BBF1000F67D1012A0D
:1065700040F0CC80B5F8AA0122F014D90AF10A0B38
:10658000031C214618BF012328465A4676F0F4DE44
:10659000014610B1284676F0F1DE284621465A46DB
:1065A00076F0E8DF0746002800F0B2804368DA049E
:1065B00008D52A6892F83020002A40F0A98023F4F8
:1065C000805343602846394625F0B2DDB9F1000F0B
:1065D00003D0B9F1010F2BD112E0B4F9543094F982
:1065E0004420384601211BB916B976F0B9DC01E028
:1065F00076F01EDA97F8243013F001031DD118E06D
:10660000B4F95430012B18D03846494694F9442047
:1066100076F00EDA00238DE80802029303930493C8
:106620002846214617225B461AF0C6DC0D2649E0B3
:106630000023012200930192EFE7002E42D10021B6
:106640000C225FA8FCF3C2F2344B0DF5927B5F93F2
:10665000334B00212822584660936195FCF3B6F233
:10666000069BADF8346153AE3046002120224A9398
:10667000CDF824914B97FCF3A9F26C9A08F106032C
:106680000193931F00960293D5F894062146B022F9
:106690005FABCDF868B152F003DEBDF834618EB95E
:1066A00087B197F82430D8070CD528462146042214
:1066B0000AF10A0300960196CDF808900396049615
:1066C0001AF07ADC069A2046531C019300230393A8
:1066D0000493079B0AF10A01059304F1DC023B468F
:1066E000CDF800900296FDF76DFC284621460AF190
:1066F0000A0276F03DDE68B1A3795BB190F82430F0
:10670000D90707D52B689B6A836203E00E26D9E779
:106710000126D7E763B0BDE8F08F00BF11148400F5
:10672000151484002DE9F04F9A46836EADF5077D70
:1067300081468669CB58D1F80C01919C0D460D928B
:10674000DDF8408212930C90002C00F0AA82002108
:1067500031A86C22FCF33AF29DF848320D998DF87D
:10676000DC30B4F8CC303391CDF8D0A0CDF8C49063
:106770003295CDF8D480369423B9206947F04AD8B1
:10678000A4F8CC00B4F8CC20D5F808310021ADF83D
:10679000E4204CA828221093FCF318F20D98BAF8C4
:1067A00000200388ADF82C2003F0FC03A3F12000A7
:1067B000434243EB0003D9B28DF8473093B20A93BA
:1067C0004B010E9394F824300F9103F00303032B35
:1067D00003D1A368990500F13F82D6F864311BB15B
:1067E0009B79002B40F05782336893F82F30ABB180
:1067F0002B6D9A0712D595F8A4307BB100F076DDA9
:10680000D5F8B0103EF0EEDC002800F04A820023FC
:10681000C5F8A830C5F8AC3085F8A4300F9820B181
:10682000B8F1090F40F2378209E0B8F1030F40F2E6
:106830003282A8F104010AF1040B099104E0A8F1E5
:106840000A020AF10A0B099200276763A763304620
:1068500021463A4676F0B4D9099BCDF8F4B0012B25
:106860003E93CDF8ECB040F316829BF801300998C6
:1068700002339842C0F20F8239460C2283A8FCF3FF
:10688000A5F1704B394683936F4B282284936AABF2
:10689000184608938596FCF399F156AA0DF5E87C05
:1068A0006B9260AA6C92604639462022CDF81CC0DB
:1068B0006A94ADF8C871FCF389F1089B09997B9340
:1068C0003368DDF81CC093F84F30029103F00303E6
:1068D000CDF800C0CDF804B08DF8E8310E9AD6F8A6
:1068E0009406294683AB52F0DBDCBDF8C8210E923A
:1068F00008B11746BFE1BDF82C30D4F8E000A4F889
:10690000F83038B141780231FDF322F7D0F10100BF
:1069100038BF00200B900B98EB6D8DF8E60023B18B
:106920002A6D40F23713134013B92B6D5B060BD55C
:10693000D4F8E03043B9AB79002B00F08F81D5F863
:10694000EC30980440F18A81304656A960AA4CABDD
:106950001AF0F6DE002840F0858196F81C259DF897
:1069600044319A4240F07E8194F8243099070BD547
:1069700094F8D73023B130462146012239F0C0D9EE
:106980002046FE2176F03AD895F94430002BC0F22B
:10699000718194F82430DA0740F16C81336893F800
:1069A000A9304BB1D6F870012AF04EDD022803D190
:1069B0000A99CB0540F154816D2215A80021FCF302
:1069C00005F10023DDF830E11A4612E086A8C1186F
:1069D00011F8E41C01F07F016C2909D81B48405CC8
:1069E00030B115AF40B2795432EA200228BF0122FB
:1069F00001337345EAD16168336A21F007016160B0
:106A0000587D12F1000C18BF4FF0010C18B112B9EB
:106A100041F0010161605B7D33B10A99480503D4FF
:106A2000636843F0020363600A9A12F02002139233
:106A300003D0636843F004036360109B986B0023EA
:106A400014E000BFB1118400CD13840058168900F2
:106A50001099CA1892F83C20110606D502F07F0260
:106A600015A98A5C002A00F0FD8001338342EFD132
:106A7000336893F84F309A072AD06D9941B34A781A
:106A800030460232CDF81CC054F09CDA0022074692
:106A90000092304621463A460023FBF701FCDDF820
:106AA0001CC0AFB151A810220130F91CFCF30AF050
:106AB00051AA0023F11891F8011312F8010F0840B0
:106AC000884240F0CF800133102BF3D14FF0020CFD
:106AD000129B9C45C0F0C680EA6D22B1296D40F240
:106AE00037130B4013B92B6D5B060BD5636B23B1CA
:106AF000A16B40F237130B4023B92B6D13F0410FFC
:106B000000F0B8800A98C00618D5296D40F23713F6
:106B10000B409BB9490601D50B9979B130460D9EC2
:106B200000230122009301920293039304932946C8
:106B3000172206F10A031AF03FDA9BE0E2B12A6D50
:106B400040F237131340BBB1D30715D594F8D630B4
:106B5000012B11D1636B7BB105F1DC03009305F1CF
:106B6000E2030193022730462946224604F114032A
:106B7000029726F097D87EE0336893F830304BB90F
:106B8000336A1B68022B05D195F92C3113B9139880
:106B9000002869D0336A1B68022B05D199F80030B0
:106BA00013B10A99480561D5304619F07BDDD9F853
:106BB000283098425CD2304629461AF0E3D8D5F8FE
:106BC0008430984254D2D5F8EC30990408D5D6F8E0
:106BD0004C0121465A46099B60F016DA002849D13B
:106BE0000E9A4CA9ADF82C213FA82822FBF36AF796
:106BF0000C99486B08B101F011D80F9A1AB1AAF19B
:106C0000060A08F106089DF847000C9B83F83C0033
:106C1000404600F0F1DF0C99486308B9886306E04C
:106C200042465146FBF34EF70C9AC2F838800123D6
:106C30008DF8F03104F11401002306227DA8ADF88F
:106C4000F231FBF33FF731AB0093304629467CAA83
:106C5000234635F051DD24E01E270CE00D270AE025
:106C6000162708E0122706E0132704E0192702E0A0
:106C7000112700E00C2731AB0393484629467CAA34
:106C80000D9BADF82C71CDF800A0CDF804800294D6
:106C9000FFF724FA05E0484629460D9A31AB34F057
:106CA000CFDC0DF5077DBDE8F08F00BFD1F80C01FA
:106CB00030B5446B4CB1816B39B190F83C50002D2C
:106CC0000CBF04250A25A94203D2002111601960D6
:106CD00030BD251D1560196090F83C0018B10639CB
:106CE0000A34196014601A68043A1A6030BD000052
:106CF000024B00F00F0053F820007047746501004C
:106D00002DE9F04FCB88D0F810218BB09B060546BB
:106D10000E460468D0F80C710892D0F804A11DD575
:106D2000036D9A0712D558070BD501F16F000421A6
:106D30007CF0BADC90B906F1830004217CF0B4DC6D
:106D400060B994F8413513F0020F05E0DA0705D574
:106D500094F8413513F0010F40F02B83204629466B
:106D6000728E16233CF0D6D8002840F04083738EF4
:106D7000204613F4404F0CBF002201220A3254F87F
:106D800022902A46494621F069DFFF28804600F01C
:106D90002E8394F8903243F0040384F890322368F1
:106DA00093F83B303BB12046294642465AF000D981
:106DB000002840F01C83236A186961F0DFD8404541
:106DC0004DD0236A186961F0D9D8FDF387F3834663
:106DD0004046FDF383F3834509D1236A186961F0C6
:106DE000CDD808F4605300F46050984237DC7B68DB
:106DF000022B0AD1BAF8BE30DB0706D5BB68182BC8
:106E000003D0089A536B042B29D1D4F8580141467A
:106E10004CF062DB204628F01FDC7B68022B08D197
:106E2000B5F954302BB9D4F8D4062946324651F07E
:106E3000B5DA2046414626F041DF236893F83B301F
:106E40004BB1D5F83C335968D4F8C035994202D0DB
:106E5000204623F0ABD820461FF0ACDE0FE0D4F87C
:106E6000580141464CF042DF48B1D4F85801414640
:106E70004CF032DB002120460A4622F00BD8236872
:106E800093F83B3093B1D5F83C335A68D4F8C03509
:106E90009A420BD0204628F0DFDBD5F83C33204661
:106EA000596823F083D820461FF084DE09F150038F
:106EB000C822504631460993FBF304F6D9F8003056
:106EC000AAF83280022B07D199F81580D8F1010871
:106ED00038BF4FF0000801E04FF00008F38813F0CE
:106EE00020030DD0236893F84F3013F0030307D02D
:106EF000D5F8EC3003F48053D3F1010338BF0023FD
:106F0000DBB20AF1380B0793FF22B8F1000F18BF6C
:106F100000238DE80C0058465946002243466FF086
:106F20001FD9D4F884345846099901229B786EF011
:106F3000EBDF00282ED1B9F80820D9F80090B8F17D
:106F4000000F05D120464146069220F03BD9069A13
:106F5000BAF8323003F46053B3F5205F08D0B3F5CC
:106F6000C05F07D0B3F5805F14BF0A23142302E08B
:106F7000A02300E02823FF2101910290CDF800809A
:106F80000393D4F8843458461B79099904934B46EB
:106F90006FF0AAD8D5F8EC3098040CD529462046D5
:106FA00020F010D9FF230093019059465846002243
:106FB00002236FF0D5D82046594623F0D9DA96F946
:106FC000342020460032294618BF012246F0F2DC68
:106FD00096F93430E3B9D5F80831012283F86020FE
:106FE000D4F8440129465BF097D9284631463BF056
:106FF00023DA28460E213DF05BD82946204646F08C
:1070000051DE204629467A68BB6845F007D8CCE1B6
:10701000D5F8EC30990405D5D4F84C0129465246F0
:107020005FF0BADC20462946324676F0A3DA804685
:1070300038B9204629463A460BB0BDE8F04F3BF040
:107040009D9F079AF2B1DAF86830BAF86C900C3369
:10705000A9F10C0919464A462046069353F0CCDFA5
:10706000069B844619464A462046CDF818C053F080
:1070700099DFDDF818C00022034600922046414601
:1070800062460AE04368DA0309D5F3889B0606D412
:10709000079B2046009341461A46FBF701F9D8F8B2
:1070A0000430D5F8EC2043F48053C8F8043012F4CF
:1070B00000524FF07F0308F13C01009305D0079A7E
:1070C000584601920223002203E0079B5846019391
:1070D00013466FF045D82046414676F0ADDC204699
:1070E00029463AF0C1DD236893F862315BB1EB6D5C
:1070F000580308D5BAF8BE20D4F860084146C2F358
:10710000801206F095F898F8243013F00C0F40F038
:107110004681B5F954A02368C5F800A193F86231FF
:10712000002B7DD0EB6D190605D5D4F860082946F3
:1071300073F054DB10B9EB6D5A033CD5002329469C
:10714000C5F80031D4F8600873F032DA2946824677
:10715000D4F8600873F040DA88B14FF480292046F3
:107160002946324608238DE800063DF019D830B193
:107170000323C5F80031C5F85C909A461BE0D4F8AB
:107180006008294673F02ADBA0B14FF0800B4FF066
:1071900000092046294632460223CDF800B0CDF83A
:1071A00004903CF0FDDF28B1C5F80091C5F85CB053
:1071B000CA4600E08246D5F80031032B0BD1D4F843
:1071C000DC0629463246EB6D6CF002D818B100237C
:1071D000C5F800319A46D5F80031032B20D1D4F8F8
:1071E000600805F065FA50B1D4F86008414605F032
:1071F00063FA20B1D4F86008294605F01FF9D4F8E5
:10720000600829464246334673F092DA30B1284688
:1072100008210BB0BDE8F04F3CF04A9FC5F800A133
:10722000D7F80490B9F1020F1DD1BAF1000F1AD1AD
:10723000D4F8D4062946324651F0C8D898B1D5F8CA
:107240000801FCF32FF370B9D4F8D0062946324672
:10725000C5F800917BF00EDAD4F8D4062946324600
:1072600051F016DBCA460C21404675F04FDE7B68B4
:10727000022B23D1089A536B093B012B1ED893464E
:107280004FF00009134616E00A2000FB0930D5F83C
:107290000811623006220693FBF300F4069B30B916
:1072A0004FF49672ABF86820012283F8502009F160
:1072B00001090BF10A0BDA6C9145E5D37B68022BCF
:1072C00033D12B7A002B30D0BAF1020F2DD1B6F882
:1072D000BE30DB0729D5089A536B042B25D0BB6839
:1072E000182B22D0284622F04DDF18B12846002165
:1072F00027F058D8284618213CF0DADED8F80C30B0
:10730000D4F8D406D5F808211BB11969002908BFA3
:1073100000230093B6F862302946C3F3401301936B
:10732000434651F013DA064629E0284608213CF08E
:10733000BFDE4FF001090023CDF800A0CDF8049086
:10734000029303930493B6F862303246C3F34013BA
:1073500005932846434608F11401FCF733FE2368E1
:10736000064693F869311BB12046494648F0D2D809
:10737000A06839684FF4967200230CF02FDF46B1F5
:10738000D4F888041B49B5F82E21334660F0F8DAAA
:107390000BE0A06839684FF49B72334603E000228B
:1073A000A068396813460CF019DFBB7F0133BB7747
:1073B0001DE0F388708E23F46663F380FDF38EF096
:1073C00040F480501FFA80F8708EFDF387F0B6F815
:1073D000BE300E288CBF4FF44040002048EA000821
:1073E00023F00A03A6F83280A6F8BE30B6E40BB04C
:1073F000BDE8F08FA59084002DE9F04F9A461388E0
:10740000D0F80C61A3B003F0FC030993B368944671
:107410000B3BBAF80220012B04468B46DDF8B090F6
:107420000568D0F80471ADF828201FFA82F80BD84F
:107430000CF1100039460622CDF818C0FBF32EF3EC
:10744000DDF818C0034660B1099A2046B2F1100376
:1074500018BF012300930023019306210CF10A02B7
:1074600048E0306C20B1069300F0D8DB069B7364D3
:10747000484600F0C1DB306428B1C6F8449051465C
:107480004A46FBF31FF32B6893F844303BB1D5F821
:107490006001BAF802104AF037DCAAF80200B8F12D
:1074A0000B0F10D17368012B13D0B3680C2B10D0C5
:1074B00000230093214628465A463B463BF0C6D857
:1074C00020460C2177E0B8F1000F16D0B8F11E0F5E
:1074D00013D07368204613F1FF3318BF01230093C4
:1074E00097F934303A46D3F1010338BF00230193B2
:1074F0000121434639F0AEDBC1E02B684FF00008B4
:107500009B6AA9F10602CBF82C300AF10603079317
:107510000892039304924346284621465822CDF808
:107520000080CDF80480CDF8088019F045DD414693
:107530000C221FA8FBF34AF3524B41461F93524BB8
:10754000282220930DAB184606932195FBF33EF3BA
:10755000BDF828200DF15C094146ADF838204846B9
:107560002022CDF834B0FBF331F3069B089A1E932A
:10757000079B02920193CDF80090D5F8940621461E
:10758000099A1FAB51F08CDE8046002877D1BDF8F8
:107590003890B9F11E0F11D1129B2846F364214691
:1075A0003AF062DBF26CA86831681E3243460CF098
:1075B00015DE204619213CF07BDD60E0D4F8EC308C
:1075C0009B0406D5D5F84C015946079A089B5FF0F5
:1075D0007BDDBAF80420A4F8F62095F87338A5F8F6
:1075E000582383B192042869C421920C44F0C6DA6E
:1075F00005F50660093039460622FBF363F297F879
:107600003230A5F870387368204613F1FF3318BF85
:107610000123009397F934303A46D3F1010338BF80
:107620000023019300214B4639F014DB20465946D4
:107630003AF026DAD5F868329C4220D0E36DF3B9EF
:10764000236DD8071BD5E36E591C18D01C3354F892
:107650002320A2B1117A012901D003290FD1508929
:10766000D3798DE8030002F1140102910021049105
:107670000591039728462146126954F0C3DD23B0D3
:10768000BDE8F08FD5548400616184002DE9F04F8E
:10769000A5B092460C939DF8B820D0F80C310D920D
:1076A0000993BAF80220D0F8043101F10A07BAF8B8
:1076B000049004460B910568089238461946062244
:1076C000BAF800B01FFA89F80A93FBF3E7F1002833
:1076D0002ED1284621463A4675F04ADE0646002855
:1076E00026D0099A9368082B01D00A2B20D1726802
:1076F00042F4805272602A6892F8622172B1BBF142
:10770000030F0BD10C9B0D9A00930192D5F86008E2
:1077100021460B9A534672F079DF92E0082B02D192
:10772000089B022B03E00A2B07D1089A042A04D0F5
:10773000002300932046062180E0B8F1000F06D018
:10774000CDF800B0204601213A46434677E0414655
:107750000C2221A8FBF33AF23B4B414621933B4BD1
:10776000282222930FAB184607932395FBF32EF2A2
:10777000089AADF84C900DF1640910924146202210
:107780004846CDF83CB01196FBF320F2079B0C9ACB
:1077900020930AF106030193931F0293CDF8009002
:1077A000D5F894062146B02221AB51F079DD0028AE
:1077B00047D1BDF84C30002B3AD1BBF1010F37D186
:1077C000089A022A34D10A2120463CF071DCF36881
:1077D000129A06F114011BB11869002808BF002392
:1077E00003930D9B01204FF0030C4FF0000E8DE82A
:1077F000015004920593204633460A9AFCF7E2FBB7
:107800002146064628463AF02FDA46B1D5F88804D4
:107810000F49B4F82E21334660F0B2D811E0099A2E
:10782000A868116833464FF49B720CF0D7DC08E06F
:10783000191CCDF800B0204618BF01213A463DF092
:1078400025D825B0BDE8F08F6D618400716184009A
:10785000A59084002DE9F041876806467D68B868E8
:1078600051F805800C46FAF3D1F2C8F8040000285C
:1078700030D0635900215868E422FBF3A7F1F8687F
:1078800054F80580FAF3C2F2C8F8080010B363593F
:1078900000219868E822FBF399F163592949D3F84C
:1078A000088033683246C8F80030986800230CF02E
:1078B0003FDDC8F8680068B163592349D3F80880F0
:1078C00033682246986800230CF032DDC8F8C00007
:1078D00000282FD163599B68FBB1996E39B1336889
:1078E00098680CF00DDD635900229B689A66635915
:1078F0009B68D3F8C01041B1336898680CF000DD84
:10790000635900229B68C3F8C0206359F8689968DE
:10791000FAF3A2F2635900229A606359596861B17F
:10792000B868FAF399F2635900225A606FF01A00AE
:10793000BDE8F0810020BDE8F0816FF01A00BDE8DD
:10794000F08100BF55BE84009DBC84002DE9F04F3E
:107950009FB006468B461446D0F800900493002B47
:1079600000F0DE828368049A5B681146D35848466B
:107970005D689B681CAA05931BAB36F043D860B1C9
:107980005CB9059C202204F148001B99FBF39AF096
:107990002022E2804FF0870C0DE0062C00F2C3821B
:1079A000DFE814F00700C1026F00C1026C01C102E0
:1079B000E4014FF0710C049C63464846716804F181
:1079C0001402CDF80CC07DF03DDBDDF80CC0804624
:1079D000002800F0AC82BBF1030F06D1D5F8D030FF
:1079E000B3F5802F08BF4FF0000BD8F80840ACF17A
:1079F00012039BB21B0204F1120A238200215F22B0
:107A00005046CDF80CC0FBF3E1F04BF088039BB27D
:107A10001A0AE27423752B8B05F11C071A0AA37549
:107A200062754846394620221FF048DD04F11F00E8
:107A300039462022FBF346F0DDF80CC0ACF1710CA6
:107A40001FFA8CF3BBB11A02A4F86F20023BDD22AF
:107A500084F8712084F872308749032204F173009E
:107A6000FBF330F0042384F8763004F177001C999E
:107A70001022FBF327F00B235F462B604FF0000B27
:107A80005AE2BBF1030F07D1D5F8D070B7F5802FBC
:107A900014BF0327002700E05F46D5F8D0008028F8
:107AA00002D0B0F5802F04D147F49E5747F0080765
:107AB00003E0042802D147F4E477BFB2D9F80030DC
:107AC00093F8624154B1F6F7A9FF40B1D9F86008C4
:107AD00004F0EEFD18B1B5F8D40000E02046AC8803
:107AE000D5F8D0300419A4B2802BADF8764002D07E
:107AF000B3F5802F25D117F4805323D0B6F810802A
:107B000018F0010808D130463FF03EDD30463FF026
:107B10005FDD013000F00B8233687168D3F87C06BA
:107B20005BF062DDB6F87C30BDF876202633C318F2
:107B300012F007029BB205D0C2F108029B189BB25B
:107B400000E0002371341B19049C4846716804F15D
:107B500014029BB27DF076DA8046002800F0E781BF
:107B6000846800215F2204F1120A22746174504675
:107B7000FBF32CF03B0AE37427752B8B05F11C01FA
:107B80001A0AA375627504F11F002022FAF39AF70E
:107B9000AA8804F17100A968FAF394F7BDF8763069
:107BA0001A0A42EA0323A4F86F30D9F8003093F898
:107BB0006231B3B1D5F8D000F6F730FF88B1D9F80B
:107BC000600804F075FD60B1AB68002B00F0B38174
:107BD000A888D5F8D81050445F30B5F8D420FAF30F
:107BE00071F7D5F8D030802B02D0B3F5802F33D188
:107BF000F80431D521460DF1760230463FF074DCB1
:107C0000BDF876301A0A42EA0323A4F86F30049ACA
:107C1000936899050FD533682246D3F87C067168BE
:107C20000DF176035BF02CDDBDF876301A0A42EADE
:107C30000323A4F86F30A37B3046009329465246B5
:107C40005B463FF0ABDA013006D1D9F8040041467B
:107C5000002200F007D866E194F86F2094F87030A5
:107C600043EA0223228AD3189BB21A0A42EA032368
:107C700023820C2316E100BF3738010096F87A7092
:107C80004BF4607B3F0107F030074BEA0707B6F87B
:107C90007CC0BFB20023BA0754BF0CF1710C0CF1C9
:107CA000790C049C1FFA8CFCADF87630484663468C
:107CB000716804F11402CDF80CC07DF0C3D9DDF871
:107CC0000CC08046002800F0328184685F234FF0AA
:107CD000000B04F1120AACF112022374594684F825
:107CE00011B05046FAF372F73B0AE3742775B6F801
:107CF0007C3006F1BE011A0AA375627504F11F00FB
:107D00002022FAF3DFF6102206F18E0104F13F0083
:107D1000FAF3D8F6082206F1FE0104F14F00FAF357
:107D2000D1F6B6F87C2006F15A0104F17100ADF8E5
:107D30007620FAF3C7F6BDF8763030461A0A42EAE2
:107D40000323A4F86F30A37B29460093524607F023
:107D500003033FF023DA013040F096804146D9F822
:107D600004005A46FFF37EF7D846E0E0D5F8D0305D
:107D7000802B03D0B3F5802F40F0D5803368AC88DA
:107D8000D3F87C067168ADF876405BF02DDCB6F870
:107D90007C30BDF8762026337134C31812F0070208
:107DA000A4B29BB203D0C2F108029B189BB2E318A5
:107DB000049C4846716804F114029BB27DF042D9DC
:107DC0008046002800F0B38084684FF0000C5F22EA
:107DD0004BF49C5704F1120A84F811C06146BFB2FB
:107DE00022745046CDF80CC0FAF3F0F63B0AE37467
:107DF00027752B8B05F11C011A0AA375627504F116
:107E00001F002022FAF35EF60DF1780BA968AA880C
:107E100004F17100FAF356F63BF8023D21461A0AC6
:107E200042EA0323A4F86F305A4630463FF05CDB49
:107E3000BDF876301A0A42EA0323A4F86F3033689B
:107E40007168D3F87C0622465B465BF019DCBDF80E
:107E5000763030461A0A42EA0323A4F86F30A37B37
:107E60002946009352463B463FF098D90130DDF851
:107E70000CC009D141466246D9F80400FFF3F2F67E
:107E8000DDF80CC0E04652E094F86F2094F87030B2
:107E900043EA0223228AD3189BB21A0A42EA032336
:107EA00023820D232B604FF0010B45E0B3F5802FAB
:107EB00014BFFE23022300E00223504605F15C01BB
:107EC000082200F8053BFAF3FDF517F0030104D191
:107ED000D5F8D000FDF38EF10146BBF1000F0CD0B8
:107EE000204605F18C0207ABFDF394F1F0B10AF1E5
:107EF0004D0007A91022FAF3E5F573684146DA68E8
:107F0000484624F093DF059CD9F80800D4F8C01047
:107F10004FF47A7200230CF061D94FF0010806E0AB
:107F2000DDF8108003E04FF0000800E08046404696
:107F30001FB0BDE8F08F9B460323E373D5F8D03024
:107F4000802BB3D1B8E700BF2DE9F04F054689B0CB
:107F50000E46D0F800A01F46002B00F087818368F2
:107F60005B68FB585C68D3F80880D4F8D000F6F75B
:107F700065FD002800F07C81B8F1000F00F07A81E7
:107F8000BB68580507D4BB6B03F00203002B14BF7A
:107F90000123022300E00323D4F8D00007938028B4
:107FA00005D0B0F5802F02D0042840F06581337DE4
:107FB00096F8139043EA092919F00303069302D1B6
:107FC000FDF318F1069004F15C0B0120082306F183
:107FD00017015A46FCF3F0F5834500F04F81236802
:107FE0000C2B00F0B7800D2B00F018810B2B40F00C
:107FF000458109F4DC73B3F5847F40F03F8104F1DF
:108000003C032022184606F11F010493FAF35AF5A7
:10801000BA68049B12F4806F09D12A68126892F83A
:108020006221C2B1D4F8D020B2F5802F13D108F16B
:1080300048020092B8F806206968019204F18C02A7
:108040000292A28A07F114000392E23104F11C02A9
:10805000FCF346F522E0696807F1140C6046E23152
:1080600006220493CDF814C0FAF318F5049BDDF84A
:1080700014C0002800F0028108F148020092B8F80C
:1080800006206968019204F18C020292A28A60467D
:108090000392E23104F11C02FCF322F719F4807F11
:1080A00010D0338A1A0A42EA03239BB25C2B40F2B7
:1080B000BF803046069904F18C02FCF377F7002864
:1080C00000F0DC80338A1A0A42EA03239BB25E2B5B
:1080D00040F2AE8096F86F1096F8702042EA0122C6
:1080E00002F15F018B42C0F0A380C2B1E188B4F815
:1080F000DC30CB189A4212D106F17100E16806F12A
:108100001209FAF3CBF488B1E388D4F8E01099446B
:1081100009F15F00B4F8DC20FAF3C0F430B168680C
:1081200007F1140111227DF025D9A7E0002384F87E
:10813000CD302B68D8F8C01098680CF075D8584628
:108140000821FDF35DF02846079902223B46FFF720
:10815000FDFB93E009F4D873B3F5807F40F08E8087
:1081600019F4807F08D03046069904F18C02FCF3A4
:108170001DF7002800F08280002384F8CD302B68A2
:10818000D8F8C01098680CF04FD8228A07F114066E
:10819000238B50468DE84400696804F1AC027DF001
:1081A00089D8D4F8D030802B02D0B3F5802F02D1FB
:1081B0001023236018E0042B16D10D2323602B8A93
:1081C000D90707D428463FF0DFD928463FF000DA28
:1081D000013053D058460821FDF312F02846079984
:1081E00004223B46FFF7B2FBD4F8D030802B04D0FA
:1081F000B3F5802F01D0042B08D16B685046DB68A3
:108200007921009332460623FAF7D4FAD4F8D03015
:10821000802B27D0B3F5802F30D123E019F4807F55
:1082200015D0338A1A0A42EA03239BB25C2B07D883
:10823000DAF80030D3F888305A6E01325A661DE001
:108240003046069904F18C02FCF3B0F6B0B100237D
:1082500084F8CD302B68D8F8C01098680BF0E4DFB4
:108260001023236028463EF0F3DF07E0184606E0BF
:10827000E92004E0404602E0002000E0012009B0CF
:10828000BDE8F08F2DE9FF470D9C064617469A463C
:108290008946002952D0002C52D0836800685B6860
:1082A000E3585D68D3F80880294606F01DFF0923CE
:1082B0002B60484639463022FBF382F0736848B1A0
:1082C000626BDB6DB2F5802F0CBF03F4802303F0EB
:1082D000800302E0DB6D03F00403C5F8D0300C9B93
:1082E0003068029321462A464B468DE8800406F00A
:1082F00018FF30B37369012B02D1B8F8060000B340
:10830000002385F8CD303368D8F8C01098680BF09A
:108310008BDF0A232B60A3685B0507D4A16B01F0F8
:108320000201002914BF0121022100E0032130468F
:1083300000222346FFF70AFB012002E0084600E086
:10834000204604B0BDE8F0872DE9F04390E86000D6
:10835000D6F808318E465B8E174603F440437246CA
:10836000A3F5404EDEF1000389B0044631462846AD
:1083700043EB0E0375F000D8804600287CD047B14F
:10838000E368002B78D120464146FFF763FA0028C6
:1083900072D1A3685B6858F803309F68238AD907B5
:1083A00002D420463FF04CD82B68C4F80C8093F8D8
:1083B0006231ABB198F8D630032B0BD1D8F83430FA
:1083C000B3F5802F0CD12846414607F1480270F0E2
:1083D0001BDC0FE023B9D8F83430B3F5802F09D077
:1083E000238A9A0708D507F1480004F11A012022D0
:1083F000FAF368F32023FB80FB88202B35D12B6810
:108400004FF00009D3F8E800CDF81890CDF81C9093
:108410000590FFF3F1F3074600282DD005AB8DE85A
:10842000080228465021D8F810203B46F9F742FEB2
:10843000D5F81805314606AA07ABFEF737FC07F159
:108440000C030093059B20460C3B0193E36801213C
:108450000293069A079B40F0D9D92B683846D3F887
:10846000E8300593FFF3DAF306E0706906F11901CD
:10847000327E43463FF054DA09B0BDE8F0834FF056
:10848000FF30704770B50446D0F8880000220A21FA
:10849000D4F8D8300D0A33F81230CEB2CB189BB2D4
:1084A000013B46EA032605F0030503F440731D4330
:1084B0006FEA42636FEA5343A0F84035A0F82065A5
:1084C000A0F82C55A0F84035D4F8D83033F8125025
:1084D00001324919062A89B2DAD1204698215A88F0
:1084E00043F04CDBD4F8D83020469A219A8843F0E8
:1084F00045DBD4F8D8302046DA881B889C2143EA33
:10850000022292B243F03ADBD4F8D83020465A899E
:108510001B899E2143EA022292B243F02FDB2046C0
:10852000BDE8704040F0EE9CF8B503688E2104462B
:10853000D3F8845442F0E0DC236840001B6886B224
:1085400093F8643106F1500106F1940789B2BFB285
:1085500013B1002385F86D31D5F82031012B1CD0E3
:1085600002D3022B30D122E095F8E820012010FA46
:1085700002F295F8583192B2FF2B03D010FA03F3B0
:108580001A4392B2204643F0F9DA95F8E830012216
:108590009A402046394692B214E02046B5F82A2186
:1085A00043F0ECDA20463946B5F82C210AE095F87C
:1085B000E83001229A40204692B243F0DFDA2046AA
:1085C0003946002243F0DADA95F81C2142B94C36DC
:1085D0004FF6FE7120463140BDE8F84043F0CE9A98
:1085E000F8BD0000D0F8941010B50831044641F0F1
:1085F000F3D803492046BDE8104041F0D59800BFAC
:108600006C4F010038B5437C04468B420D4606D0C2
:1086100039B142F005DB38B94FF0FF3038BD0020EA
:1086200038BD4FF0FF3038BD002084F87600657407
:1086300038BD00002DE9F0438BB0129F984600230F
:10864000032F04460D46139EDDF8509008930993BE
:108650000CD9042208A84146FAF334F2072F05D9B1
:1086600009A808F104010422FAF32CF25A2D089902
:1086700000F0B38032D8212D00F0D08016D80E2D16
:1086800000F0A78008D8052D5BD00C2D00F09D8050
:10869000042D40F09B817CE0142DC0F09781172DB4
:1086A00040F2A081202D40F09181C5E03F2D00F0E7
:1086B000F88009D8272D00F0CE803E2D00F0EC8008
:1086C000262D40F08381D4E0522D00F02A81542DD4
:1086D00000F02A81442D40F07981E7E06A2D00F016
:1086E000618116D8642D00F0408109D85D2D00F01D
:1086F0008680632D00F01B815C2D40F067817BE05C
:10870000682D00F0398100F23A81662D40F05E81DB
:108710002FE1792D00F0528109D8712D00F04681AA
:10872000782D00F04E81702D40F050815AE17C2D63
:10873000C0F04C817D2D40F255818C2D40F046815A
:1087400063E0E06F98E8A000C66916F004060ED05A
:10875000002335FA03F2D607D9B203D401330F2B25
:10876000F7D119462A463B4604F0DADC2CE12946CB
:108770003246022304F0CADE29462A460223E06F6D
:1087800004F000DFE06F29463A46022304F0E0DE01
:108790002DE1B9F10B0F40F31C8100210A460223A1
:1087A000E06F04F0B3DE00210A4607460223E06FC3
:1087B00004F0CEDE002105460A46E06F022304F0F5
:1087C000E1DE37607560B060FEE0E06F04F0B8DEB7
:1087D0003FE0D4F88000884902E0D4F8800087495F
:1087E000FBF390F020B100210A46FAF327F630E0BF
:1087F0004FF0FF333360E9E094F81C31E3E00031DF
:1088000018BF012184F81C11DEE0099A4A4500F3E3
:10881000E0802046334640F069D845E0072F40F21B
:10882000D8800029C0F2D88002230093E06F012293
:10883000099B04F01DDFC7E0032F40F2CA80002926
:10884000C0F2CA80022300930022E06F134604F0B6
:108850000FDF3060B8E00B2F40F2BB800029C0F280
:10886000BB80099B002BACBF6FF016066FF00106B2
:10887000BDE0072F40F2AD800029C0F2AD80099A1B
:10888000002AC0F2A98000250095E06F2B4604F075
:10889000FBDE30602E46AAE0E06F314604F034DEA5
:1088A00002E0E06F05F006D80646A0E0236898686D
:1088B0000BF046DD0746E06F04F09ADE10B3E06F80
:1088C00004F0B2DE054618B9E06F012105F004D8C6
:1088D0003368E06F009373680836019300230296B3
:1088E00003934168D4F88820A368FAF3A1F0002824
:1088F00014BF4FF0FF3600266DB9E06F294604F033
:10890000EBDF08E0E06F04F067DE002814BF6FF0D3
:108910001D066FF016062368394698680BF018DDBF
:1089200065E0D4F860314EE0D4F864314BE0314674
:10893000102204A8FAF3C6F0059D0C352846FFF373
:108940005BF1044600284AD031462A46FAF3BAF0D1
:10895000238820461B0B012B04D0FFF35FF14FF05F
:10896000FF3644E0FFF35AF13CE0236893F81836F1
:1089700029E04FF4B06326E0B4F81E3123E089B259
:1089800001292FD80323A4F81E112046009319B102
:1089900020220221134602E002212022002342F07D
:1089A00083D811E0204640F08BD952E74B1C022BB4
:1089B0001BD8204649B242F0DDDB75E7C4F8381118
:1089C00002E0D4F838313360002610E06FF01D0665
:1089D0000DE06FF00D060AE06FF0010607E06FF0A2
:1089E0001A0604E06FF0160601E06FF01C06304630
:1089F0000BB0BDE8F08300BFFA6C8900026D8900FE
:108A0000F0B587B004460668D0F8885000210C22E3
:108A100002A8FAF3DBF0002320464FF0FF31704A42
:108A2000059342F031D823681B6893F8693113B17C
:108A3000204640F08BD8204643F014D84FF400373E
:108A4000204640F039DC009704233069242105AA30
:108A500041F0AADA00210A46E06F04F081D96149A9
:108A6000204640F0A1DE2046FFF70CFD02A920467B
:108A700040F05EDB20468021082243F07FD80A22A6
:108A800020465C2143F07AD82046D4F8201140F0EB
:108A9000EDD9554A2046554941F0F6DF4FF00043E5
:108AA000C5F888314FF00073C5F88C314FF480431E
:108AB000C5F828314FF480336B620121204641F024
:108AC000D9DFE06F04F0F0D8A4F81201A5F8A806E9
:108AD00016212046B4F8482043F050D82046C02143
:108AE000B4F86C2043F04AD82046C221B4F86E2076
:108AF00043F044D82046182104F1A4020223009731
:108B000041F09EDA022320461C2104F1A6020097C0
:108B100041F096DA96F858361BB1002386F858369D
:108B200006E000973069242105AA042341F088DA81
:108B300020464421B4F8A82043F020D820464621FE
:108B4000B4F8AA2043F01AD8B5F888361B051B0DD7
:108B5000A5F888360123A5F89C360025B56363196E
:108B6000586910B1224B5B6898470435182DF6D12F
:108B70001F4D6069AB6D98476B6F606998472046E1
:108B8000002142F0BDDC23681B6893F8693113B102
:108B9000204640F00DD8A36F2046598B4FF48072C9
:108BA000CC3142F0EBDF637C032200921022002BD9
:108BB00014BF134600232046042141F075DF2046F0
:108BC000AE2142F099D94FF4D8634000C4F8240193
:108BD000C4F82831304640F091DC07B0F0BD00BF4A
:108BE00004040004943E010000000240000006401E
:108BF00010A7880070B5036804461B6893F86931B4
:108C0000002B00F08180836F598B363142F074D98C
:108C1000236D0646D80777D5636D190674D4E36FC4
:108C20009A69920002D5DA69D00704D5DB69D907C1
:108C300001D45A0768D5E36E9B0065D5D4F8883017
:108C40004FF49675B3F8B42692B242F00302A3F83B
:108C5000B426D4F88820B2F8B83623F0C0031B0439
:108C60001B0CA2F8B836236DD80719D5636D190609
:108C700016D4E36FDB695A0712D5E36E9B000FD55C
:108C8000D4F888300121A3F8F016D4F88830B3F86E
:108C9000F22692B2130A03F00F0302F03F0213E030
:108CA000D4F888300022A3F8F026D4F888300121C7
:108CB000B3F8F226A3F8F016D4F88830C2F3051200
:108CC000B3F8F236C3F30313042A02D10BB1042E16
:108CD00002D04FF4FB750AE06420FEF37BF4013D03
:108CE000C1D1F6E7013D08D00A20FEF373F4D4F8B1
:108CF0008830B3F8B626D007F4D4B3F8B82692B2C9
:108D000042F0C002A3F8B82670BD38B58B7905468D
:108D10000C463BB190F88E22002A21D190F88F2288
:108D2000002A20D10122627193B12B6893F862313D
:108D300073B1E36D58030BD5D5F8600803F0B8FCA8
:108D400030B1637923B1D5F86008214603F076FB92
:108D5000A07950B128462146BDE8384044F0A29F92
:108D60004FF0FF3038BD4FF0FF3038BD43690BB9CD
:108D70000223436183690BB914238361C36913B967
:108D80004FF41673C361836813B94FF47A73836029
:108D900003690BB9034B0361C3680BB9024BC36092
:108DA000704700BF00350C00804F12002DE9FF47CF
:108DB00003680446D3F80090D9F810309B6FB3F8DD
:108DC0001AA099F81930002B5AD040F2A476002549
:108DD0003146D9F8100042F08FD8B11C0746D9F8B7
:108DE000100042F089D86B08023504AAEDB202EBFC
:108DF000830347EA00400436062D43F80C0CE7D104
:108E00000AF1A40A5146D9F81000019F039E029D61
:108E100042F072D851468046D9F8100042F06CD822
:108E20004BF6FF7202405146D9F8100042F0A6DE20
:108E3000236A9F4202D2DB43D81900E0F81A636A22
:108E40009E4202D2DB43991900E0F11AA36A9D42C7
:108E500002D2DB435A1900E0EA1AA368276298425B
:108E60006662A56203D3032384F838300AE02369DD
:108E7000994207D2E3689A4204D2C8F3803002E0F4
:108E8000F52000E0012004B0BDE8F087F7B5099DAA
:108E90000023032D06461746089C009301930BD927
:108EA000042268462146F9F30DF6072D04D901A8DE
:108EB000211D0422F9F306F61C2F07D1D6F88030C5
:108EC000002093F838200A9B1A6001E06FF016002A
:108ED000FEBD2DE9F041044616461F460D46002909
:108EE00000F09D8030F0C4D8D4F8A031804693F8CB
:108EF000661093F86C20002940F08880002A40F02A
:108F00008580998842F20E72013989B291422DD83A
:108F1000206940F2EA3140F0D3DD90B120694FF48E
:108F20007B7140F0CDDDD4F8A0319A8841F64B53E7
:108F30009A4204D9206940F2ED3140F0C1DDC5B25A
:108F400000E00546206940F2EB3140F0B9DD012335
:108F500030B13B70D4F8A031002283F86E2033E0AA
:108F60003870D4F8A02182F86E302DE05A8D910728
:108F700006D5206940F2EE3140F0A2DDC5B223E013
:108F800012F0010214D0B3F87B10002973D0B3F8AB
:108F90007920002A6FD00A20414391FBF2F2062A81
:108FA00069DDB3F87130012B67D0022B0DD166E07B
:108FB00032703A70D4F8A021012382F86C30D4F8D2
:108FC000A02182F86E3000E03DB900233370D4F860
:108FD000A031012283F86C201BE0D4F8A03193F873
:108FE0006D20022A07D9012283F86620D4F8A03127
:108FF00083F8675002E0002333703B70D4F8A0314F
:1090000093F86D20013283F86D2002E00AB100234D
:109010003370D4F8A031C3F86880BDE8F081D0F88F
:10902000A03193F866202AB9DB6E13F0FF1F13D12D
:10903000BDE8F081022213462FF03EDC01232046DA
:10904000294602222FF038DCD4F8A03183F866508C
:10905000D4F8A03183F86750D4F8A021002382F817
:109060006C30D4F8A02182F86E30D4F8A02182F8B8
:109070006D30BDE8F0810625AFE70225ADE7082594
:10908000ABE770B5036886B00C460546002103A81F
:109090000A221E68F9F39AF5BDF80C3043F010036C
:1090A000ADF80C3094F8AC30A3B1D4F88830D3F8D4
:1090B0002031D8070ED5204642F0B8D902220092BE
:1090C0002046BDF80C300021102241F0EDDC204696
:1090D00041F064D9012185F83910336A186901F02B
:1090E000C4FA06B070BDF0B5036887B00C460746F9
:1090F000002103A80A221D68F9F368F5BDF80C30B9
:1091000023F01003ADF80C302B699B6F5E8B94F845
:10911000AC30002B3CD0D4F88830D3F82031DB07BA
:1091200036D5204642F082D90222BDF80C3000929A
:1091300020460021102241F0B7DC236DD80724D54A
:10914000636D190621D4E36F9A69920002D5DA693A
:10915000D00704D5DB69D90701D45A0715D5E36ECA
:109160009B0012D5D4F88830B3F8B82692B242F0FA
:109170004002A3F8B826D4F88820B2F8B83623F015
:1091800080031B041B0CA2F8B836204641F006D918
:10919000002487F8394006F136012869224642F05A
:1091A000EDDC06F108012869224642F0E7DC06F111
:1091B000F80122462869A43642F0E0DC31462869ED
:1091C00041F09ADE4BF6FF7202403146286942F0C8
:1091D000D5DC2B6A97F83910186901F046FA6B7ED6
:1091E00043B1286940F2A47122460C2342F0DAD838
:1091F000204601E06FF00A0007B0F0BD7FB551F8DE
:10920000383B00221868D0F868320092019202922E
:1092100001220391049219469822DC3317F0CCDE28
:1092200007B000BD38B50446FFF7A0FD94F838300C
:10923000032B04D02046FFF7B9FD054600E00025CA
:1092400094F83830013B032B73D8DFE803F00213A6
:10925000304C01202146FFF7D1FF012D08D1E36AF0
:10926000626901339342E36263D3022384F83830A6
:10927000002351E002202146FFF7C0FF012D4FF0EF
:1092800000030BD1226BA16901328A422263E3629F
:109290004FD3032284F83820236338BDE26A616922
:1092A00001328A42E262236343D3012232E0032087
:1092B0002146FFF7A3FF94F83930012B07D1204650
:1092C0006168FFF710FF002323626362A362636B90
:1092D000E2690133934263632BD300236363042366
:1092E00084F8383038BD04202146FFF787FF94F812
:1092F00039301BB920466168FFF7C3FE012D4FF0DE
:1093000000030BD1E26A616901328A422363E2629F
:109310000FD3032284F83820E36238BD226BA169A1
:1093200001328A42E362226303D3012284F83820A7
:10933000236338BDF7B50368044693F83C20002A40
:1093400040F0AC8093F86931002B00F0A78044F026
:109350006BDF022840F3A280204644F003DF0028A0
:1093600000F09C80206940F059DA23680646DA6EE6
:10937000D4F86872002A40F091801B7E002B00F028
:109380008D8094F8D4312BB120461FF067DA002885
:1093900040F08480D4F8A0315A6B5278D1070CD4B5
:1093A000DD795DB1D4F86832D3F814311B695B42C2
:1093B000AB42CCBF0825002500E0002506F00403E1
:1093C000002B18BF0825BB7916F0100618BF4FF404
:1093D000007623BBD7F8083193F93430FBB13B7AE0
:1093E000EBB13B7C23B107F1DC00FAF35BF2B0B9DF
:1093F00094F88D32012B12D194F88E3223B1D4F827
:10940000180535F019D850B9FB6DA3B13A6D40F28B
:10941000371313407BB197F86030D3B10BE094F869
:109420008D325BB1D4F88C221D4B1340B3F5807F95
:1094300010D13B7C73B13543ADB20BE094F88E3262
:109440003BB1D4F8180534F0F7DF002808BF002539
:1094500000E01D46022120464FF402722B46009187
:109460001FF060DC354219D00023D4F86422D158B3
:1094700089B18A797AB90A7A6AB10A7C5AB1D4F880
:10948000440158F0E9DE0146D4F8440103B0BDE8D8
:10949000F04059F0A9990433202BE6D103B0F0BD78
:1094A00000FFFF002DE9F84305680446D5F8A03118
:1094B000D0F83480D3F810902B699B6F5E8BFDF34E
:1094C00015F7A36CA064C31AB3F5617F01D2BDE8A0
:1094D000F883204645F0BAD984F83000204644F09D
:1094E00033DF84F83100204645F088D894F84530C1
:1094F00084F85A005BB194F8403084F8303094F826
:10950000413084F8313094F8423084F85A3098F879
:1095100001305B0721D5E76B284694F9311094F9A7
:10952000302094F95A30B8475FFA89F94845074620
:1095300013D02846394645F0A7D82869026D12F4A1
:1095400080020AD14EB1012F06F1A40101D160239E
:1095500001E06022134642F013DA28460122D5F8D2
:109560006812FFF7E7FE98F80130980715D5A66B4B
:1095700094F95A30284694F9311094F93020B047C4
:1095800094F832300646834207D0284604493246D2
:109590001FF0F8D808B984F83260BDE8F88300BF3E
:1095A0006FB0890073B504680546204644F0DADDE3
:1095B000D4F8A031064693F85E20013283F85E208D
:1095C000236893F86931002B4AD0002848D0236AD9
:1095D0001B68022B44D1012803D12046294645F0BF
:1095E000B5DB6B6B5B78DB0703D52846FFF75AFFCB
:1095F00036E0204645F05CD8D4F8A031DA7A72B172
:10960000D4F86812D1F8141109694942914206DD73
:10961000721E012A1ED95E73204601210EE09A7A3D
:109620007AB1D4F86812D1F814110969494291420B
:1096300007DA042E0ED05E732046042145F024D8AC
:1096400008E0597B31B1204645F01ED8D4F8A0314E
:1096500000225A732046D4F868120122FFF76AFEEE
:10966000236893F86921002A51D0226A1268022ADD
:109670004DD101228DF806208DF807204EB3042E1F
:1096800027D093F8412022B393F842200AB3D4F8AC
:1096900064210AB19279E2B993F83E30CBB1D4F8A3
:1096A000A03142F20E729988013989B2914203D9F0
:1096B000598D11F0030105D0013E012E09D8204635
:1096C000012100E020460DF107020DF10603FFF72E
:1096D00000FC9DF807109DF80630A1F101025142EF
:1096E000A3F1010041EB0201434243EB00030222DC
:1096F0008DF80630204613468DF807102FF0DCD881
:1097000020469DF80610022201232FF0D5D82368A9
:1097100093F8693123B1236A2846196845F00CDFB4
:10972000D5F88000FFF77EFD00207CBD2DE9F047D5
:1097300005689A462B68044693F844008EB00F469D
:109740001646002838D00DF10C094FF00008002112
:1097500024224846F9F33AF2414608220CA8CDF8F3
:109760001080CDF80C80F9F331F242464346D5F82B
:10977000C0063946CDF8349051F0FADCD4F84441B3
:1097800080460FE08DE8400101330493D5F8C00610
:1097900039464FF6FF720CAB059451F0C9DC50B955
:1097A00024684644049B002CECD1039A01209B18AA
:1097B000CAF8003000E000200EB0BDE8F087026873
:1097C0000146D2F86C31D2F8D80603F5C67203F51B
:1097D000CE7305F077B8000000487047C458010008
:1097E000024B542202FB0030704700BFBC650100F1
:1097F000004870476466010038B58B781C1DA24292
:1098000030D30A78012A30D1142B34BF1A461422DF
:109810004B78022B04D0032B1ED0012B28D101E062
:10982000002315E0002307E0CC18257990F82340A9
:1098300001332C4380F8234001309342F4DB0FE0E6
:10984000CC18257990F8234001332C4080F8234030
:1098500001309342F4DB03E024300431F9F332F1B8
:10986000002038BD6FF00D0038BD6FF0240038BD0A
:10987000002038BD38B5044610468A78151DAB4225
:109880000FD30B78012B0FD1142A28BF14221423D5
:109890008270C37004F124010430F9F313F1002045
:1098A00038BD6FF00D0038BD6FF0240038BD982929
:1098B00070B504460D46164611D8243012B1FAF39D
:1098C0005DF501E0F9F3D6F72C2D0BD10121321C07
:1098D000A06818BF01221DF071D9002070BD4FF0A3
:1098E000FF3070BD002070BD70B505460C464EF0CF
:1098F00067D8064680B190F861309BB9836923B977
:10990000E420FEF37FF1B06130B1F36953B9E82090
:10991000FEF378F1F06128B928462146BDE8704091
:109920004DF04E9E70BD00002DE9F04F9A469BB061
:109930000D46D1F80C31D1F80461002800F03181D6
:1099400089794468002940F02C81297C002900F0A5
:1099500028819AF8011002291FD19B68182B1CD16D
:1099600002F10A00D5F808110622F9F397F0A0B920
:109970000AF1080031460622F9F390F068B9204652
:109980002946D5F8082173F0F3DC30B1204629468A
:10999000324673F0EDDC074620B9002300932846D9
:1099A000062138E0BAF80E308BBB00210C2217A834
:1099B000F9F30CF17C4B0DF1140917937B4B00214B
:1099C00028220DF13C08484618931994F9F3FEF04B
:1099D0000023002120224046ADF82430F9F3F6F0B0
:1099E0000AF110030193249BCDF80080103B0293F1
:1099F000D4F8BC062946D02217ABCDF8589051F0C8
:109A0000D3DB002840F0CD80BDF824302BB10222FA
:109A10000092284601213246C1E0D5F8103193F872
:109A2000F430F3B9D5F818311B7AD3B994F89032E1
:109A30002846590744BF23F0040384F890320121DB
:109A400024F0B0DCD5F81031012283F8F4204FF473
:109A5000FA70FDF3BFF594F8903243F0040384F8F4
:109A60009032B6F83280236AD3F804B008F4404349
:109A7000A3F54042D2F1000A4AEB020A003318BFB4
:109A800001230A3354F8239008F46053B3F5005FC0
:109A900003D14046FAF3A2F5804608F46053B3F5CB
:109AA000C05F27D1236893F84F309B0714D0D4F8B8
:109AB0005801D9F8041049F00FDB00070CD499F8CD
:109AC000E530990708D5D9F80030022B12D1D5F826
:109AD00068339B789A070DD54046FAF3FFF440F4BB
:109AE00080539BB20E288CBF4FF440484FF00008C3
:109AF00048EA0308236A18695EF040DA40451CD042
:109B00004146D4F8580149F0E7DC204625F0A4DDB1
:109B10002046414624F0D2D8236893F83B304BB11D
:109B2000D5F83C335968D4F8C035994202D0204664
:109B300020F03CDA20461DF03DD8204606F13801E1
:109B400020F016DDD34524D0236A204639465A68D2
:109B50002B4673F03DDA2368206A93F84F3050307B
:109B600013F0030307F13C0108D03B69D3F8EC3054
:109B700003F48053D3F1010338BF00237F228DE823
:109B80000C00002213466CF0EBDA2046394673F0E5
:109B900053DF022300210093284632460B463AF059
:109BA00075DE1BB0BDE8F08FA9B885000DBA850041
:109BB0000B89F0B5C48F03F0F0060419360934F8A8
:109BC0001650428FB0F83CE0013634F81670CC687D
:109BD0008218864487B052190EEBC50E2CB14E691F
:109BE000C4EB060C8E69664400E026467D1BADB2D0
:109BF000CDF800E00195C0680290086804940390D5
:109C000005964868194600234FF084DF07B0F0BD81
:109C1000F0B50C460989C58E01F0F006878E45190E
:109C2000360935F81630C7194FF00C0E0EFB0377C6
:109C300087B0428E0136009735F816508218ED1A1B
:109C4000ADB201958068D21802902068002303907D
:109C5000A0690490E069059060684FF041DE07B0AC
:109C6000F0BDF0B50C460989C58E01F0F006878E6F
:109C70004519360935F81630C7194FF00C0E0EFB92
:109C8000037785B0428E0136009735F8165082185A
:109C9000ED1AADB201958068D218029020680023B9
:109CA000039060684FF0F6DE05B0F0BD2DE9F3419A
:109CB000B0F81280878AC68A84798044C7198619C9
:109CC000F4B9254605F00F0336F81310013336F8C2
:109CD00013208A420ED00C4B521A181980884FF06C
:109CE0000C0E009092B208EB0100E3580EFB0171DC
:109CF0004FF0CEDF013508340D2DE3D1002001E017
:109D00006FF01600BDE8FC81685901000378FF2B55
:109D100001D018467047437813B18078FF30704700
:109D20004FF6FF70704791E80C0009895268B0291E
:109D300002D11268032A08D090F8420630B1D3F855
:109D40006433587810B10230704700207047062005
:109D50007047036873B50446D0F82454D4F81C1433
:109D600098680AF061DA26E0EE690BBBD4F8243477
:109D700005F10E029D4208BFC4F824642068214604
:109D800073F0F6DA024640B1012102238DE80A00A1
:109D900020682146002372F053DF23682946586863
:109DA00051F088DC94F82034013B84F8203401E041
:109DB000013BAB6135461DB1AB695A1CD4D116E0ED
:109DC0002368D4F824249868D4F81C143AB90AF00B
:109DD00097DAC4F81C5484F8205402B070BD42F2E3
:109DE00010722B4602B0BDE870400AF0F799FEE70A
:109DF0007FB5D0F824040E4615461C4698B104AB36
:109E000043F8040D00200093014632462B4651F0E2
:109E10009FDC40B94EF660235C4342F21073B4FB02
:109E2000F3F4039B9C6104B070BD00002DE9F04188
:109E30000546D0F80080D0F81441FDF357F2D8F869
:109E40002030064618695EF099D8D5F808315B8E47
:109E5000834259D113F4404F09D1D8F8003093F818
:109E6000693123B1404640F00FD800284CD0A36C94
:109E7000002B53D0E16C721A9A424FDB94F85030A9
:109E80001BB122695BB2934248DB94F84430FBB1CA
:109E90002769EFB1FF1AD8F8C4366FF0C7029742AE
:109EA000B8BF174613B19F42B8BF1F46B4F90E3072
:109EB000002B03DA1A483246F8F3AEF600221346B6
:109EC0002846394654F026D8D5F80831228A5A85D2
:109ED00094F8453013B3676907B3FF1AB4F93A3001
:109EE00027EAE777002B04DA0E48E16C3246F8F3F4
:109EF00093F628463946002254F05AD8D5F808314E
:109F0000A48A9C85BDE8F081D5F80831DA8DE36C30
:109F1000D318E3649B1B002BC8BFE664BDE8F08147
:109F2000AEC58900DFC5890010B5002012F04004DD
:109F3000187002D012F0800F15D011F4007005D007
:109F400012F0800F02D00120187010BD490501D514
:109F5000130605D530B9D4F1010038BF002010BD7B
:109F6000002010BD012010BD2DE9F04F836B0D4680
:109F7000596C044640F2395087B092460022814223
:109F80008DF8172003D040F28B50814208D1B4F8ED
:109F9000522002F44042A2F540414A4242EB010203
:109FA0001869039268F072D828B3D4F8E4235AB140
:109FB000D4F8F803012169F07FDE28B9A36BD4F847
:109FC000E413986869F0A8DC94F8943083B9D4F865
:109FD000F803B4F85210012269F038DEC4F8E40343
:109FE00030B1BAF1000F03D120465EF04FDD46E1FB
:109FF0000023C4F8E433B4F85210A36B01F46051A9
:10A00000B1F5005F986805D0A1F5C052514241EB0F
:10A01000020100E0022169F071DC0646002800F030
:10A020002E8135B120462946B4F8522033465EF0E1
:10A0300007DDB4F852904846FAF350F209F460573D
:10A04000A36BB7F5005F986805D0A7F5C0535942D8
:10A0500041EB030100E0022169F050DCA36B0546EF
:10A0600010B99868314617E0B7F5005F986806D0D8
:10A07000A7F5C058D8F1000141EB080100E002212A
:10A0800069F03CDC804650B9A36B3146986869F0B2
:10A0900043DCA36B2946986869F03EDCEFE0D4F816
:10A0A000E403B8B169F044DCB7F5005F06D0A7F56A
:10A0B000C05CDCF1000343EB0C0300E00223984298
:10A0C00008D0A36BD4F8E413986869F025DC00236A
:10A0D000C4F8E433D4F8E433FBB9A36BB7F5005FFD
:10A0E000986806D0A7F5C05EDEF1000141EB0E01D5
:10A0F00000E0022169F002DCC4F8E40368B9A36B54
:10A100003146986869F008DCA36B2946986869F0C5
:10A1100003DCA36B41469868BEE7D4F8E40369F01A
:10A120002DDB20465EF04CD8284694F97B1069F070
:10A1300017DD00230DF117020093204643464946E0
:10A140005FF09CDC4046314669F054DB404694F9B0
:10A15000651369F0ADDC4146284669F04BDB94F8A5
:10A160005810632902D8284669F0B6DC284669F001
:10A17000DDDB284669F014DC94F8673307469B0062
:10A1800098426FF07F012846B8BFDFB269F01EDC4D
:10A19000FFB25FFA80F9A36B84F87E7084F87F9039
:10A1A0008346186967F072DFB8B1D4F8F803B4F8E1
:10A1B000521069F02DDE01280FD1B4F852100022A0
:10A1C0004B46D4F8F80369F0D5DDD4F8F803B4F8B9
:10A1D000521000223B4669F0BDDD002384F891B0A7
:10A1E00084F8963084F88030BAF1000F03D0284606
:10A1F000514669F019DB94F8823028460BB1039B75
:10A2000023B194F97E1069F0C7DA03E094F97F1066
:10A2100069F04EDCD4F8E403294669F0D1DAA36B87
:10A22000186967F033DF98B1D4F8F803B4F8521026
:10A2300069F0EEDD012803460AD1D4F8E403A16BEE
:10A2400000908868B4F85220D4F8F81369F054DD0F
:10A25000A36B3146986869F05FDBA36B2946986869
:10A2600069F05ADBA36B4146986869F055DBBAF197
:10A27000000F04D1D4F8543A0BB12046984707B0E8
:10A28000BDE8F08F10B590F86330002B3CD0DB07B1
:10A29000C9B22CD5836E8B4223D190F8253A3BB1BD
:10A2A0000023846BE4180133082B84F82021F8D1B3
:10A2B000836BD3F828411B1983F82021836BD3F8D3
:10A2C0002841072C01D0013400E00024C3F82841C4
:10A2D00090F8253A2BB190F8263A13B1002380F874
:10A2E000253A90F8633023F0010380F8633090F84A
:10A2F000633013F0020F07D023F0020380F86330BD
:10A30000836B186967F0BADE002010BDF8B590F8CD
:10A3100063300446002B3AD1012902D0022939D1F9
:10A3200000E08266A36B80F863101A6A94F8D90083
:10A33000626618BB94F86C20002A2DD118698E2112
:10A3400067F072DE400087B2062502E00A20FDF3C6
:10A3500041F1A36B07F174061869314667F064DEBA
:10A3600008B1013DF2D1A36B01221869314667F0B3
:10A3700067DE204601F012F8024600E0A122B4F8A0
:10A380005210204652B2BDE8F840FFF77BBF6FF095
:10A390001800F8BD6FF00200F8BD10B504465DF07E
:10A3A000EDDD0221C2B22046BDE81040FFF7AEBF8E
:10A3B00030B5026CCB8892F829463CB9846B64694D
:10A3C0000A2C03D94C8A14F4807F14D0846B6569FD
:10A3D000272D03D10C8A14F4006F0CD18C88DBB2CA
:10A3E00014F0030F01D09D2B05D0232D07D14D8AEA
:10A3F00015F0200F03D001238B7700230AE090F99A
:10A400002C031B18E00444BF92F91E269B1800225F
:10A41000CB778A770B7700234B7730BDC369043B3A
:10A42000082B06D8DFE803F01805090709050B0516
:10A430000D00002070471720704704207047072048
:10A44000704790F83E03012808D0032814BF4FF44A
:10A4500083704FF48B707047012070474FF48B70FE
:10A460007047836B13B51A6A044601321A6290F87A
:10A470006020002A00F0AC80B0F8C8222AB1D0F8E1
:10A48000F013A1F83622A1F83A22B4F8CC222AB16E
:10A49000D4F8F013A1F82822A1F82422B4F8CA2293
:10A4A0002AB1D4F8F013A1F82222A1F82622216FB4
:10A4B00040F606220A402AB993F82C3113B12046FF
:10A4C0005DF0F8DDA36B1A6A1B6EB2FBF3F103FBC0
:10A4D0001123A3B920465FF085DC236F40F602020A
:10A4E000A16B1A400032086918BF0122B4F852105B
:10A4F000C3F3800367F0D2DD20465FF081DC226F7A
:10A5000040F60E231340B3B9A36BD4F88C21196A1B
:10A51000D2F89020D3F818318A1A9A420BD394F8C3
:10A52000522020460121FFF7F1FEA26BD4F88C31B6
:10A53000126AC3F8902094F8633043B1A36B1A6A8F
:10A54000636ED31A052B02D9002384F86330D4F844
:10A55000F4202AB1A36B196A1B6E8A1A9A420CD393
:10A56000226F40F6020313403BB920465DF016DE31
:10A5700018B1A36B1B6AC4F8F430226F40F60F23A6
:10A5800013402BBB20465EF0B5DA20465EF054DA6D
:10A59000D4F88C31D3F8882012B1013AC3F888205E
:10A5A000D4F8B43A0BB120469847A36B186967F00A
:10A5B00023DD68B1A36B01A918690DF1070267F0EB
:10A5C0001FDD20469DF80710BDF804205DF0D4DDA6
:10A5D00000201CBD03460021986B4018013108295A
:10A5E00080F82021F8D19A6B0021C2F82811D16E91
:10A5F000032907D1D3F8C410C90703D5126A08325A
:10A60000C3F8B8200022991802324FF6A470202A0D
:10A61000A1F8040AF7D10020012283F8240A83F864
:10A62000EC2A7047836B10B59A69044692001BD5DB
:10A6300090F8ED2A012A17D1B0F8522012F4404FB9
:10A6400012D1186967F004DD636CB3F8B42692B2D6
:10A6500042F00302A3F8B426636CB3F8B82692B2B2
:10A6600042F0C002A3F8B82610BD80F8ED1A70477A
:10A6700030B5056C044687B028464FF4007141F2AE
:10A680001C1260F047DB002800F09D800723039335
:10A69000202305938023029300230190049340F824
:10A6A000043B0133802BFAD1204601A965F0E8DE96
:10A6B0004FF43073204601A9049365F0E1DE206C6D
:10A6C00041F22F1160F04CDB2046012164F086DC62
:10A6D00020463E4936225DF0F7D9D5F8C4342046ED
:10A6E00040F6F4114FF480426BB113465DF0B4D9DB
:10A6F000B5F85824B5F856342046D31840F20C511A
:10A7000040F2FF129BB25DF0A7D91E2230492046CD
:10A710005DF0DAD9204661F011D8204663F014DAF2
:10A7200099210122002320465DF068D9962102225A
:10A73000002320465DF062D9A22101220023204699
:10A740005DF05CD9A5214022002320465DF056D95A
:10A75000A6210122002320465DF050D9A12101222B
:10A76000002320465DF04AD93022002320460221F2
:10A770005DF044D96F2120464FF4005200235DF074
:10A780003DD94FF48052134620466F215DF036D9F3
:10A7900004221346204640F2D7415DF05DD940F2D5
:10A7A000D7414FF470624FF4807320465DF054D966
:10A7B000204662F0DBDB204640F275514FF4007218
:10A7C00000235DF049D907B030BD00BFBE5A01007B
:10A7D0002A5B0100F0B5072387B0066C02932023A3
:10A7E0000493012304460D460193304605AB4FF414
:10A7F000007141F27332009360F08CDA002849D086
:10A80000D6F8B865074601460023B3422CBF9E46E2
:10A81000B64605EBCE0292F803C015F83EE00133D0
:10A820004EEA4C5E92F802C052784EEA4C3E4EEA36
:10A830004212802B059241F8042BE6D18DE80900E5
:10A840006946C0232046039365F01ADE0023B34215
:10A850002CBF1A46324605EBC202107951794002EC
:10A8600040EA4140D179013340EA0102802B059250
:10A8700047F8042BEBD14FF410732046694603933D
:10A8800065F0FEDD236C41F29F31C3F8BC55206CAE
:10A8900060F066DA07B0F0BDF0B5076C89B0002350
:10A8A00004460D4638464FF400714FF49652059316
:10A8B0000693079360F02EDA0646002834D04DB98F
:10A8C000204605A906AA07AB5EF028DB03953746AC
:10A8D000002510E097F83336002BF8D0B4F9283A69
:10A8E0000693B4F92A3A0793B4F92C3A05934FF436
:10A8F00030730393EBE705A928460EC964F0B0DE78
:10A900000135802D47F8040BF5D10723029320462B
:10A910002023694604930096019565F0B1DD206C13
:10A9200041F2DF2160F01CDA09B0F0BD2DE9F047FB
:10A93000571A7E1C1FFA86F94FEA89034FF6FC71FD
:10A9400086B004461940006C41F6DE3260F0E2D970
:10A950000546002871D010234FF0600ADFF8E08030
:10A960008DE8080404AA022320460021CDF80880BF
:10A970005EF0CCD8BDF81020BDF8123092059B05D2
:10A980009B0D920D43EA8222C246002308E055F84F
:10A99000231001F07F61114345F8231001339BB26E
:10A9A000BB42F4DD20234FF4A0788DE80801DFF8E6
:10A9B00094802A46334620460721CDF808805EF071
:10A9C000B3D8206C41F6F23160F0CAD94FEA490998
:10A9D0004FF6FE71206C09EA010141F6F53260F094
:10A9E00099D9054648B310234FF0620C8DE8081042
:10A9F0002046012300210DF11602CDF808A05EF0DB
:10AA000085D8002305E0BDF8162025F81320013372
:10AA10009BB2BB42F7DD10234FF4E07E8DE8084087
:10AA2000204607212A463346CDF808805EF07CD8C0
:10AA3000206C41F6024160F093D906B0BDE8F08782
:10AA4000CD2187006149870010B5044660F098D990
:10AA50002046012200234FF430615CF0FDDF2046E8
:10AA6000042200234FF430615CF0F6DF2046082218
:10AA700000234FF430615CF0EFDFF02220461346F4
:10AA80004FF430615CF0E8DF4FF47062204613460B
:10AA90004FF430615CF0E0DF204600234FF430617A
:10AAA0004FF480525CF0D8DF20460622042340F6A3
:10AAB00007315CF0D1DF20463822082340F6073109
:10AAC0005CF0CADF2046002340F607314FF4E07205
:10AAD0005CF0C2DF20463022102340F60B315CF0E0
:10AAE000BBDF40222046134640F60B315CF0B4DF5A
:10AAF000204640F60B314FF4F0624FF480635CF077
:10AB0000ABDF204640F60B314FF4F0424FF40053D8
:10AB10005CF0A2DF94F8FC392046012B14BF4FF4FF
:10AB200080534FF4105340F60C314FF6FF725CF037
:10AB300093DF204640F60C314FF6FF724FF48053FE
:10AB40005CF08ADF204640F60D314FF6FF724FF47D
:10AB500050435CF081DF204640F60E314FF6FF7225
:10AB60004FF478435CF078DF2046102340F60F3135
:10AB70004FF6FF725CF070DF20464FF431614FF604
:10AB8000FF724FF478435CF067DF204640F61131E6
:10AB90004FF6FF724FF47D435CF05EDF20460F22DC
:10ABA000002340F612315CF057DF2046F0220023EC
:10ABB00040F612315CF050DF2046002340F612319F
:10ABC0004FF470625CF048DF20460F22002340F60D
:10ABD00013315CF041DF2046F022002340F61331B0
:10ABE0005CF03ADF2046002340F613314FF47062E8
:10ABF0005CF032DF20460F22002340F614315CF077
:10AC00002BDF2046F022002340F614315CF024DFD5
:10AC1000204640F614314FF4706200235CF01CDFD4
:10AC200020460F2240F6153100235CF015DF204648
:10AC3000F022002340F615315CF00EDF20460023A1
:10AC400040F615314FF470625CF006DF20460322B7
:10AC5000012340F616315CF0FFDE20460C22002373
:10AC600040F616315CF0F8DE20463022102340F624
:10AC700016315CF0F1DE2046C022402340F616314A
:10AC80005CF0EADE2046002340F616314FF44072B5
:10AC90005CF0E2DE204640F616314FF440624FF49D
:10ACA00080635CF0D9DE20460322002340F6173192
:10ACB0005CF0D2DE20460C2240F617314FF6FC73D2
:10ACC0005CF0CADE2046302240F617314FF6F073B2
:10ACD0005CF0C2DE2046C022002340F617315CF053
:10ACE000BBDE204640F617314FF440724FF47F43ED
:10ACF0005CF0B2DE204640F617314FF440624FF46C
:10AD00007C435CF0A9DE20460122002340F6063198
:10AD10005CF0A2DE1F222046134640F605315CF0AF
:10AD20009BDE4FF6FF722046134640F604315CF07E
:10AD300093DE4FF6FF722046134640F608315CF072
:10AD40008BDE204640F609314FF6FF7247F6FF735F
:10AD50005CF082DE2046082340F60A314FF6FF728F
:10AD60005CF07ADE20463F2340F602314FF6FF7258
:10AD70005CF072DE2046FF2340F603314FF6FF728F
:10AD80005CF06ADE0F222046134640F601315CF08B
:10AD900063DEF0222046134640F601315CF05CDEB3
:10ADA0000122204613464FF430615CF055DEA36B60
:10ADB0002046D96EBDE810405FF0029A2DE9F043BD
:10ADC000044689B00F469046006C4FF4806141F212
:10ADD000366299465FF09EDF064600284ED001227B
:10ADE0001346204640F29C41C4F8D0705CF034DE3B
:10ADF00020469DF840105FF041DB2822204639466E
:10AE000061F09CDFB0F5807F054603D9206C41F2EC
:10AE1000526131E0204640F2D661032200235CF00B
:10AE20001BDE08221346204640F2DA615CF014DE95
:10AE3000282342468DE8280020463346394665F0EF
:10AE400061D915230396059300262023204603A9E4
:10AE500007930495069665F013DB9DF84430204671
:10AE6000019329464FF6FF723346CDF8009062F009
:10AE7000F1DF206C41F266615FF072DF09B0BDE87E
:10AE8000F08300002DE9F04F00218FB0076C90F89F
:10AE90005250ADF83210ADF834100446002109A824
:10AEA0000C22F7F393F60023ADF8363097F81536F9
:10AEB00013B197F8161601E097F81416D4F8DC00D1
:10AEC0002A465FF0BDDC8046002800F06081204605
:10AED00001215FF0D3DAB8F8005045B12DB24FF43C
:10AEE0007A726A432046012163F098DE0125B8F8A2
:10AEF000023063B10135EDB21BB24FF47A725A439E
:10AF00002046294663F08ADE012D0AD100E0DDB13A
:10AF100002230093012100230193029320460A4655
:10AF200008E00223012100930193002302932046AD
:10AF30000A460B4663F014DF204605214FF4867263
:10AF40000DF1320361F01CDE00252E46A94638F8CB
:10AF5000051029B304200B238DE8090009B20DAABE
:10AF60004FF4FA73204661F07BDBBDF83420BDF866
:10AF700032301C3AD21AB7F9181613B299420FDCC4
:10AF80000EA9062303FB061338F80510013623F833
:10AF9000141C23F8122C23F8100CB6B24FF0010940
:10AFA0000235042DD3D102230693102308930DF10B
:10AFB0003603049300250123204604A90593079531
:10AFC00062F094DE10238DE82800724B0221029378
:10AFD000204601230DF1360201355DF0A5DD402D3F
:10AFE000F0D10025204629462A462B46009501959A
:10AFF000029563F0B5DEB9F1000F40F0B180C2E018
:10B000000EAB4FF0060909FB053939F8148C0135F0
:10B01000EDB20FFA88FA4FF47A7202FB0AF2204678
:10B02000294663F0FBDDB7F91A2639F9123C9A423A
:10B0300001DD002006E0B7F91C269A4201DD01205F
:10B0400000E002205FF0F4DB29460246204663F070
:10B0500039DEBAF1000FB8BFCAF1000A4FEA8A0A16
:10B060004FF0000940F271239A450ADD09F1010908
:10B070005FFA89F9AAF59C6AB9F1200FAAF1020AD0
:10B08000F0D10FFA88F3002BD8BFC9F100095FFA9D
:10B0900089F94FFA89F34FEA48086FF41C7202FBF2
:10B0A0000388002BB8BF5B42022B59DD4FF0000A2A
:10B0B000002150465FF058DC0FFA88FB8BEAEB73F7
:10B0C000A3EBEB73984244D1012150465FF04CDC76
:10B0D0000221804650465FF047DCBBF1000F8246FC
:10B0E0004FFA89F30ADA002BDBBF5FFA89FB0BF119
:10B0F000400909F1FF3B0BF13F0B09E0002BDBBFDF
:10B100005FFA89FB0BF1400909F1010B0BF1410BCF
:10B110004FFA89F3204604A9079362F0E7DDBDF8F2
:10B1200036302046984404A9ADF8368065F0A8D999
:10B130004FFA8BF3204604A9079362F0D7DDBDF8E0
:10B14000363020469A4404A9ADF836A065F098D967
:10B1500006E00AF1010A5FFA8AFABAF1060FA7D1EE
:10B16000B542FFF44DAF4FF00003012E0093019361
:10B17000029320464FF0050101D1324601E0012241
:10B18000134663F0EDDD204600215FF077D90FB064
:10B19000BDE8F08F614987002DE9F743904608220A
:10B1A0000F461E4640F6070113460446056CBDF8DF
:10B1B00028905CF051DC01221346204640F607013E
:10B1C0005CF04ADC4FF400521346204640F646013C
:10B1D0005CF042DC204640F639013A465CF06EDC19
:10B1E00094F86D33204640F635010BB1802200E023
:10B1F00020225CF063DC20464FF4046100225CF006
:10B200005DDC204640F634017F2233465CF024DCCE
:10B2100020464FF401614FF480434FF440425CF00C
:10B220001BDC94F86D33204640F6360113B14FF421
:10B23000807200E040225CF041DC204640F646018E
:10B240000F2208235CF008DC94F86D63204640F67A
:10B250004601F02256B190235CF0FEDB204640F61A
:10B2600046014FF470624FF4106308E033465CF01F
:10B27000F3DB204640F646014FF4706233465CF043
:10B28000EBDB204640F633017F2243465CF0E4DBF3
:10B290004FEA0923204640F633014FF4FE4203F4FF
:10B2A0007F435CF0D9DB012620463B496422002322
:10B2B00000960196FFF782FD4FF480521346204618
:10B2C00040F6A5115CF0C8DB3246334640F68811E3
:10B2D00020465CF0C1DB4FF49670FCF37BF1324604
:10B2E000204640F637015CF0E9DB44F6216602E0D7
:10B2F0000A20FCF36FF1204640F637015CF0CCDB0E
:10B3000030B1013EF4D103E00A20FCF363F101E027
:10B3100044F62166204640F637015CF0BDDB08B1FB
:10B32000013EF1D140F6370120465CF0B5DBC107A4
:10B3300005D594F8153343F0010384F81533002341
:10B34000204640F6A5114FF480525CF085DB204684
:10B350005FF09CD92046002340F2A66141F6FF72BF
:10B360005CF07ADBD4F88C312046B3F98C20B5F947
:10B37000043C40F609019A42B4BFB5F8065CB5F842
:10B3800048554FF68072ED0105EA020303B0BDE8AF
:10B39000F0435CF0619B00BFA0252600F0B54F4B49
:10B3A00091B0044602AA03F12006186859681546B0
:10B3B00003C50833B3422A46F7D118689B88286032
:10B3C000AB80012384F8263AA36B8E21186966F0BE
:10B3D0002BDE400086B2972502E00A20FCF3FAF04B
:10B3E000A36B06F17401186966F01EDE08B1013D19
:10B3F000F3D1A36B4FF44271186966F015DEA36BAD
:10B40000074640F20A31186966F00EDEA36B054666
:10B410004FF44371186966F007DEA36B064640F2ED
:10B420000E31186966F000DEBE1936042D18761943
:10B430000AD194F8253A4FF67862ADF83820002BFF
:10B4400031D084F8266A2EE04FF48673ADF83C3094
:10B4500006F580760023760A00930FAB360201933F
:10B460000DAA0EAB20460CA90C965DF0BDDFBDF910
:10B4700038201B4B9B1A002BB8BF5B42702B94F8F3
:10B48000EC2A02D85AB1282B09D94FF67863ADF8C7
:10B49000383094F8253A13B1002384F8263A12B1D3
:10B4A000002384F8EC3A236CBDF9381093F8353654
:10B4B000891008467BB14AB212F1560F0BDA12F12D
:10B4C000690F08DB6FF056039B1A10AA02EB4303C7
:10B4D00013F8380C401840B211B0F0BD1839010013
:10B4E00078FEFFFF436C2DE9F041D3F8203104468C
:10B4F00003F001030D4683F001061BB9836B186945
:10B5000066F0B4DD2046276C5EF0C2DF40F27F417A
:10B51000A7F802042046276C5CF0BEDAC005C00D17
:10B520004010A7F80404226F41F6062313402BB9FC
:10B5300044F62062102D08BFFA2200E0FA22A36B25
:10B54000B821186966F07CDDA36B41F606271869FF
:10B5500066F098DD2046FFF765F8236F1F407FB93E
:10B56000A36B20461B6A0121C4F8D430D4F88C8127
:10B570005FF00CD9D4F88C31A8F88C00C3F888702F
:10B58000082D01D0E80606D503210A22204660F0E6
:10B59000B1D9082D01D0A90604D5204664F0D0DC2D
:10B5A000082D01D06A0604D5204662F071DE082D10
:10B5B00001D0EB0506D5236C93F8173613B120465E
:10B5C000FFF760FC204660F0BBDD2046FFF72AF85D
:10B5D000082D01D028060BD5256C95F8643523B1CC
:10B5E000204666F0F1DBC5F85405204665F074D8B6
:10B5F00020465CF053DB1EB9A36B186966F036DD9C
:10B6000020460021FFF748F9236C93F8333673B1D5
:10B6100020460121FFF740F9204640F237614FF400
:10B6200040424FF40043BDE8F0415CF0159ABDE89C
:10B63000F081816BD0F8D4300A6A10B59A42044682
:10B6400001D3D31A01E0DB439B18D4F8282393429B
:10B6500000D302BB8A6E93421FD3D4F88C31D3F847
:10B660008830D3B9012120465FF090D8D4F88C21DE
:10B67000B2F88C3019B28842CCBFC3EB0000C0EBEB
:10B68000030094F8661300B2884208DAA36B9B6E3D
:10B69000C2F8883001E0012010BD002010BD01205B
:10B6A00010BD01207047000001290BD1012B09D8E2
:10B6B000013B064902EB830251F822305A1C03D0A9
:10B6C000C01870470020704700207047745B01006D
:10B6D000142303FB010070478369DA688A4218BFAC
:10B6E000D960704738B504462569006835B105F55D
:10B6F000077115F031DC2846FCF390F2E06C002570
:10B70000256108B1FCF38AF2E56438BDF8B58469B7
:10B7100005460668E06A08B1FCF380F2E969B068A2
:10B72000002708F081DD00212846FFF7D5FF2846D5
:10B7300084F83D70FFF7D6FF304623F0F9D8278212
:10B740006762A762E7622783F8BD10B550B1D0F8F1
:10B75000400238B1072905D83C2404FB0101885870
:10B76000C3188B5010BD2DE9F0410C461646054616
:10B77000002831D0D0F84032002B2DD03C2202FBE3
:10B78000013318221F6A3346FFF7DFFF28462146A0
:10B790001C220123FFF7D9FFBE422846214601D2D1
:10B7A000242214E0B6EB470F01D228220FE0B6EBBB
:10B7B000870F01D22C220AE0B6EBC70F01D230224C
:10B7C00005E0B6EB071F01D2342200E03822012346
:10B7D000BDE8F041FFF7B9BFBDE8F08173B504687B
:10B7E0000325204601214FF48062002300951DF0BF
:10B7F00099DA002120460A46012300954DF084DBAA
:10B800000026D4F864329D599DB1AB798BB9D5F837
:10B8100018315A6C22F001025A641A78012A01D1B7
:10B820005B7F33B12846002122F0BCDD284667F05B
:10B83000B1DA0436202EE4D1204602B0BDE87040D3
:10B8400023F07698F8B5D0F8B0550446AE69F368A1
:10B85000002B30D0012B30D028460121FFF73CFFD0
:10B86000A068E96908F0E0DC28B128460021FFF76C
:10B8700033FF012700E00746338A83B1236A186942
:10B880005CF07CDB338A834209D0204623F0E4DE7F
:10B890002046318A22F012DA20461BF08BD9D4F8E8
:10B8A000B005FFF79BFF204624F0CED92846FFF7CE
:10B8B0002DFF3846F8BD0120F8BD0020F8BDFFF788
:10B8C000C1BF002070472DE9F843DDF82080044611
:10B8D000D8F800700E46154699460FB91FE01F466E
:10B8E0003B68A3B1BCB12046F9683246F7F3D6F005
:10B8F00028B9284679684A46F7F3D0F018B17B6931
:10B90000002BECD10BE0C8F80070BDE8F8836FF0B5
:10B910000100BDE8F8836FF00100BDE8F883C8F8C6
:10B9200000706FF01D00BDE8F8831FB50C46416B39
:10B9300081B104A840F8041D009019461046BDF8D6
:10B940001C30069AFFF7BFFF30B92CB1039B1B6870
:10B95000236001E04FF0FF3080B204B010BD10B59D
:10B960000C4699B10B6863B10846F5F3CFF7E06870
:10B97000FCF354F16068FCF351F100232360E360B1
:10B9800063602046BDE81040FCF348B110BD2DE9CE
:10B99000F84F476B04460D4616469B46DDF828A037
:10B9A000BDF82C90002F33D0B1B9AAB930E07DB9E1
:10B9B00076B1BAF1000F0BD03046F9685A46F7F36A
:10B9C0006DF028B9504679684A46F7F367F050B1F0
:10B9D0007B691BB9BDE8F88FB84601E0B8461F4641
:10B9E000AF42E4D1A7B1636B39469F427B6908BF80
:10B9F0006363C8F8143023685868FFF7B0FF94F801
:10BA00003030013B84F83030636B0BB984F8303050
:10BA1000BDE8F88F10B5044605E04B696363236801
:10BA20005868FFF79CFF616B0029F6D184F830104D
:10BA300010BD2DE9FF471E460023039390F83030D8
:10BA40000446102B88461746DDF83090BDF8345078
:10BA500009D9416B39B14A680B7C00920A8901927D
:10BA6000CA68FFF794FF636B0393B8F1000F65D0CA
:10BA7000002F63D0B9F1000F60D003AB00933846BC
:10BA800031464A462B46FFF71EFF824628B9039BE4
:10BA900041461868F5F31EF755E01E3053D11820C3
:10BAA000FCF3B0F0824600284BD02069F5F3C0F6D5
:10BAB000CAF80000B0B13046FCF3A4F0CAF80C009C
:10BAC00018B95046F5F322F70CE02846FCF39AF03B
:10BAD000CAF8040050B95046F5F318F7DAF80C002C
:10BAE000FCF39CF05046FCF399F02AE0636B2BB911
:10BAF000012384F83030C4F834A007E094F83030E3
:10BB0000013384F83030039BC3F814A0DAF80C003A
:10BB100039463246CDF80CA0F6F3D4F7039B4946DC
:10BB20001E7458682A46F6F3CDF7039B41461D81E3
:10BB30001868F5F3C1F64FF0000A04E06FF0010A4F
:10BB400001E06FF01A0A504604B0BDE8F087F8B57E
:10BB50001E4614460D460CE0FEF7D8F8B04215D04C
:10BB60007A78931C9C420ED9ED186FF001039B1A52
:10BB7000E41854B128462146FF22F7F321F4074682
:10BB80000028E9D102E0002700E027463846F8BD4A
:10BB900008B511461A464FF4AE73FFF7D8FF58B1F7
:10BBA0004378A3F12102D2B2202A04D8029A013BA1
:10BBB0001370033008BD002008BD2DE9F04704686C
:10BBC000A0B0D0F80480064602200F688946F4F73A
:10BBD00061FA002501212A4620238246606A1F95CA
:10BBE000F1F3A2F501212A4620231D90606AF1F3AA
:10BBF0009BF501212A4620231E90606AF1F394F5FB
:10BC000001212A4620231A90606AF1F38DF5202342
:10BC100001212A461B90606AF1F386F51437294604
:10BC20001C9052460FA808F1E205F6F3CFF7062262
:10BC300038462946F6F332F7002817A807DD3946BB
:10BC40000622F6F33FF70DF16200294606E0294689
:10BC50000622F6F337F70DF1620039460622F6F3B5
:10BC600031F717AA01920C22002307AD0FA9029207
:10BC7000202752460220009303950497F4F730FBE7
:10BC80001B98F2F3ABF22A4601213B461A98F2F3D5
:10BC900079F2A3691C9861691B9AF1F7C8FF1A9899
:10BCA0001C9A0146F1F7F6FF1A981B9A0146A36900
:10BCB0000836F1F77AFF304698F81850F7F332F06B
:10BCC00080B201901FA9204608F119022B46009668
:10BCD000FFF72BFE08B91F9BA3B11A99D9F8D420FE
:10BCE0001F98F5F349F71DA91EAAD9F8D400F5F35A
:10BCF0002BF61AA8F1F356F61BA8F1F353F61CA87D
:10BD0000F1F350F620B0BDE8F08770B5456892B009
:10BD100004460026286801A9202211961BF0CEDBDC
:10BD20002023012101AAD4F8C000F2F32BF22868E5
:10BD300009A920221BF0C2DB686A012132462023B8
:10BD4000F1F3F2F4119000B3012109AA2023F2F3D8
:10BD500019F26B69D4F8B800D4F8C010119AF1F751
:10BD600024FFD4F8DC201199D4F8D400F5F304F7BB
:10BD7000D4F8DC000146F5F3B9F6D4F8DC0004F1A0
:10BD8000C40104F1C802F5F3DFF511A8F1F30AF6D6
:10BD90000021202209A8F6F319F701A8002120228A
:10BDA000F6F314F712B070BDF0B5C1B007AD0C4694
:10BDB0001746114628460222F6F384F601210DF1BA
:10BDC0001E022023D4F8BC00F1F302F601210DF18C
:10BDD0003E022023D4F8CC00F1F3FAF501210DF155
:10BDE0005E022023D4F8D000F1F3F2F501210DF129
:10BDF0007E022023D4F8B800F1F3EAF501210DF119
:10BE00009E022023D4F8C400F1F3E2F501210DF1E4
:10BE1000BE022023D4F8C800F1F3DAF500238DE840
:10BE20002800C2222025029238AE04F118012A46C9
:10BE3000022003960495F4F753FAB81C31462A46BB
:10BE4000F6F32CF6D0F1010038BF002041B0F0BD70
:10BE500030B590F88C318DB004460D68002B3FD082
:10BE6000D0F8D40008A909AAF5F36EF52023012122
:10BE70006A460998F1F3ACF5D4F87031E31893F8F9
:10BE800093219DF81F305340D80724D5012100226B
:10BE9000EB69686AF1F348F4EB690A90012100222A
:10BEA000686AF1F341F401210B900A9A2869F5F3CD
:10BEB000A9F600230B980A99099AF1F7B8FE089998
:10BEC0000B9AD4F8D400F5F3D9F50AA8F1F36AF582
:10BED0000BA8F1F367F52046FFF717FF002501E0F7
:10BEE0004FF0FF35E43404F1A000F1F35BF504F109
:10BEF0009C00F1F357F504F1A400F1F353F504F1BC
:10BF0000AC00F5F303F504F1B00000212022F6F3B4
:10BF10005DF628460DB030BD2DE9FF4105460068AD
:10BF200032F8066F0C46D0F80080FFF73DFF00287E
:10BF300033D06968A4F864608F7904F138068FB94A
:10BF4000D8F8D0063246202376F0ACDC2368696846
:10BF500014338DE888003246D8F8D006202376F0D6
:10BF6000B5DB17E01023009323684FF480271433C8
:10BF7000019308462022314604F10803029750F04D
:10BF800095DE48B92168686814313A46D5F88C3096
:10BF9000FDF72EFF012000E0002004B0BDE8F08195
:10BFA0002DE9FF41D688B1F8643005460068B342F8
:10BFB0000C46D0F800803BD84FF6FF739E4237D036
:10BFC0000632FFF7F1FE002833D06968A4F86460F8
:10BFD0008F7904F138068FB9D8F8D006324620237D
:10BFE00076F060DC2368696814338DE88800324697
:10BFF000D8F8D006202376F069DB17E010230093F1
:10C0000023684FF4802714330193084620223146D9
:10C0100004F10803029750F049DE48B921686868C6
:10C0200014313A46D5F88C30FDF7E2FE012000E0ED
:10C03000002004B0BDE8F08173B5002304460B99DD
:10C04000006801931646089D41F01CDB079B032BFB
:10C0500004D901A806990422F6F334F50C3E032E08
:10C060001CD8DFE806F00A0F0204A36A08E0019B6F
:10C070005A1E272A15D8A3620EE0E36AC3F34003D1
:10C080002B6009E00198E36A18B923F00203E36228
:10C0900009E043F00203E362002004E06FF01600C1
:10C0A00001E06FF001007CBDF8B5876805464FF4EC
:10C0B000E0700E46FBF3A6F50446002878D0002178
:10C0C0004FF4E072F6F382F5266065600023F451C8
:10C0D000686AA4F8AC30012100222023F1F324F394
:10C0E000C4F8BC00002866D0686A01210022202321
:10C0F000F1F31AF3C4F8B80000285CD0686A012193
:10C1000000222023F1F310F3C4F8CC00002852D011
:10C11000686A012100222023F1F306F3C4F8D0005D
:10C12000002848D0686A012100222023F1F3FCF2A4
:10C13000C4F8C00000283ED02869F5F379F3C4F8AC
:10C14000D400002837D02869F5F372F3C4F8D8007A
:10C15000002830D02869F5F36BF3C4F8DC0050B345
:10C160001323A4F866302B681749986832460023D9
:10C1700008F0DED82B68A066144998683246002380
:10C1800008F0D6D82B68C4F8B00011499868324638
:10C19000002308F0CDD82B68C4F8B4000D49986886
:10C1A0003246002308F0C4D8C4F8E000002408E0B8
:10C1B0006FF01A0401E04FF0FF34284631466DF06D
:10C1C000D5DC2046F8BD00BF85D1870079D1870036
:10C1D0000DD187005DDF8700F8B547680646CD5969
:10C1E0000C46DDB1436B0BB1FFF714FCD5F89C1086
:10C1F00049B13368986808F017D83368D5F89C10AF
:10C20000986808F07DD8D4F8243413B120464FF054
:10C210002FDA2846FBF302F50023E351F8BD0000B6
:10C220002DE9F041D0F89830D0F8901001334468EF
:10C230008B4225688EB00246C0F8983009D1D0F8FC
:10C2400094307BB1D2F89C104FF47A72A8685A43AC
:10C2500004E007D2D2F89C10A868214A002307F016
:10C26000BDDF39E0D5F8D006214675F037DF237AF7
:10C27000002B31D0D4F80801F7F314F3074658BB6C
:10C28000227E04F1DC080EAE04F1190106A846F87E
:10C29000242DF6F317F421464246284671F068D85B
:10C2A00004F1E2030193022302460293214643462E
:10C2B0002846CDF8008020F0F5DC3946204639F0DC
:10C2C000C9D92146284640F059DF28461A2132466E
:10C2D00024230097F6F76EFA0EB0BDE8F08100BF98
:10C2E00080EE36002DE9F04F0D68ADB00446012117
:10C2F000A86922AA2023D5F800B0F1F369F34FF022
:10C30000080AD4F8683194F86C11E21804F1E406D4
:10C3100082F8E31006F18C020C210DF168090192FC
:10C3200006F190003246CDF80090F9F343F2D4F8CC
:10C33000701140480591F6F3F5F422AA03464FF038
:10C340002008009206AF05993A4A4846CDF8048085
:10C350000297CDF80C80F9F307F201213A464346E3
:10C36000D4F88801F1F30EF758466EF017DAD4F8D6
:10C370008801A969F1F39CF2002836DAD4F88431F7
:10C38000CDF808B000932C4BD4F88811019328699C
:10C39000D4F89021D4F88031F5F3E8F228BB94F872
:10C3A0008C3113BB2869D4F89011F5F3C7F4E0B1D0
:10C3B000012384F88C314946D4F8702106F1B0008D
:10C3C000F6F380F3D4F890012AA92BAAF5F3BCF276
:10C3D0002A992B9AD4F8D400F5F350F3D4F86821B5
:10C3E00028683146013A1BF069D894F86C31013362
:10C3F000DBB284F86C31AA6A934207D80AF1FF3A9B
:10C400005FFA8AFABAF1000F7FF47BAF0021502265
:10C4100006A8F6F3DBF3002120221AA8F6F3D6F3E0
:10C4200094F86C01AB6A984234BF002001202DB013
:10C43000BDE8F08F62E6890075EA87002DE9F04FCC
:10C440004368CFB0CB58044603F1080948468846F4
:10C45000F6F368F407460220F3F71CFE00234EA90A
:10C4600041F8043DBBB208F1190207930692079AFE
:10C470008346019298F818302046069ACDF800902D
:10C48000FFF753FA18B94D9B002B40F00A810121A8
:10C4900000222023606AF1F347F1012100222023CA
:10C4A0004290606AF1F340F1012100222023439081
:10C4B000606AF1F339F10121002220234490606A7F
:10C4C000F1F332F10121002220234590606AF1F35B
:10C4D0002BF10121002220234690606AF1F324F120
:10C4E00001210022E3694790606AF1F31DF1052103
:10C4F000024649902069F5F385F3E36901210022A2
:10C50000606AF1F311F10421024648902069F5F3C5
:10C5100079F32069F5F38CF14A902069F5F388F1FD
:10C520004B902069F5F384F108AD002180224C90F6
:10C530002846F6F34BF33A4628464946F6F3C2F24C
:10C54000012100223023606AF1F3EEF00121002284
:10C5500030234090606AF1F3E7F0002633460DF196
:10C56000E00A419098F818200195022028AD06991C
:10C5700002970096CDF80CA0CDF810B0F3F7B0FEFE
:10C58000302231462846F6F321F34748F6F3CAF342
:10C59000454B302700930190514602205A463346BE
:10C5A00002950397F3F7BCFE01213B462A464098CB
:10C5B000F1F3E8F54098A2690146F1F76BFB429B65
:10C5C00048990093439B499A01934098A369F1F7D6
:10C5D00079FF4299439A4B98F5F350F231463A4627
:10C5E0002846F6F3F3F23148F6F39CF32F4B019013
:10C5F000009351465A463346022002950397F3F7BB
:10C600008FFE3B4601212A464198F1F3BBF5419844
:10C61000A2690146F1F73EFB449B48990093459B74
:10C62000499A01934198A369F1F74CFF4499459ABF
:10C630004C98F5F323F24C994A9A4B98F5F3A2F0F3
:10C64000079A98F8183001924A99069A2046CDF830
:10C650000090FFF7EEF946A947AA4A98F5F374F15E
:10C6600042A8F1F39FF143A8F1F39CF144A8F1F340
:10C6700099F145A8F1F396F148A8F1F393F149A88F
:10C68000F1F390F140A8F1F38DF141A8F1F38AF1B3
:10C690004BA8F5F33BF14CA8F5F338F14AA8F5F3B4
:10C6A00035F14FB0BDE8F08FB85B0100D25B0100FF
:10C6B000C06A00F00100704721B18368CB5893F83D
:10C6C000BC017047084670472DE9FF4147680446A2
:10C6D0000023D0F8008038460E46A2F16805039387
:10C6E000FFF7E6FF90B138464146FFF7E5FF68B136
:10C6F00003AB009321462B46386806F16002FFF732
:10C7000047FA039D014610B99DB100E03146A5F1FD
:10C710002003202B0DD8B4F8AC309D4209D104F190
:10C720006C002A46F6F3BAF1002814BF0520002059
:10C7300000E0052004B0BDE8F08100002DE9F041E3
:10C740009846B8B00023359336937F4B07460C4686
:10C7500030AE03F1100E18685968354603C508332A
:10C7600073452E46F7D13D680121202302F10806CA
:10C77000686A0022F0F3D8F735902869F5F358F08D
:10C78000B8F1680F369015D97B689B79002B00F0C3
:10C79000B9802846FFF78CFF20B128462168FFF7B3
:10C7A0008BFF48B9A8F168081FFA88F8A4F8AC8094
:10C7B000464401E040F0A880D4F8BC000121324694
:10C7C0002023F1F3DFF4D4F8BC00F1F3F9F20028F0
:10C7D00040F09C80D4F8BC006969F1F369F000284E
:10C7E00080F29480012106F120022023D4F8CC00AD
:10C7F000F1F3C8F40121D4F8D00006F1400220235F
:10C80000F1F3C0F4D4F8BC00D4F8B810F1F350F050
:10C8100070B9D4F8CC00D4F8C410F1F349F038B9A9
:10C82000D4F8D000D4F8C810F1F342F000286FD04B
:10C83000D4F8D800D4F8CC10D4F8D020F5F31EF1F9
:10C84000002867D0D4F8BC10D4F8D400369AF5F399
:10C8500093F13698D4F8D8100246F4F393F736984B
:10C86000D4F8C010024620AEF5F386F1369834A90C
:10C870000022F5F369F03246202301213498F1F3C8
:10C88000A7F00021202228A8F6F3A0F1202137AB41
:10C89000324618AF019328A80B460097F8F38AF7A1
:10C8A000D4F8B810D4F8BC206B693598F1F77DF94D
:10C8B0002023324601213598F1F38AF031461022C7
:10C8C00004F10800F6F3FEF030A8F6F32BF2202571
:10C8D000402203460096039204AE294630AA384609
:10C8E00001950296F8F340F704F1180031462A4604
:10C8F000F6F3E8F004F138000CA92A46F6F3E2F06A
:10C90000002408E0FF2406E0042404E0032402E0FD
:10C91000012400E0022435A8F1F344F036A8F4F332
:10C92000F5F70021202218A8F6F350F1002150223B
:10C9300004A8F6F34BF120A800212022F6F346F1DB
:10C94000204638B0BDE8F081FEE589002DE9F04FC2
:10C950001D46836889B0EF5843688046CB580E4621
:10C960000793184691463946129A139BFFF7E6FE45
:10C970000328044601D1009005E0022801D00428D4
:10C9800016D1032300930123019302930023039301
:10C990000493D6F808313046B3F8623005F114013B
:10C9A000C3F3401305934A462B46F7F70BFB65E0AC
:10C9B000012862D0002861D1B7F8623040460133C7
:10C9C000A7F86230FFF774FE40B140462946FFF7F2
:10C9D00073FE002814BF7E20002000E020460123C3
:10C9E0004FF0000A4FF0030B0193D6F80831CDF851
:10C9F00000B00290CDF80CA0CDF810A0B3F86230D2
:10CA000005F1140CC3F34013614605934A462B46C7
:10CA10003046CDF818C0F7F7D5FACDF800B0D6F803
:10CA200008314FF0020BCDF804B0CDF808A0CDF8D6
:10CA30000CA0CDF810A0B3F86230DDF818C0C3F335
:10CA40004013614605934A462B463046F7F7BAFA3B
:10CA5000D9F80030B96EC7F85930B9F80430A7F8E2
:10CA60005D30D8F800309868079BD3F8882053468B
:10CA700007F0B4DB87F858B000E0FF24204609B087
:10CA8000BDE8F08F2DE9F04FD0F804A087B09AF8F8
:10CA9000063005460C4693460768D1F8009043B32C
:10CAA00090F8A93013B1013B80F8A930D4F8B43123
:10CAB00038460093D4F8B831514601935A464B4654
:10CAC000FFF744FF0646D4F8B40168B10021D4F85A
:10CAD000B821F6F37BF0D4F8B401FBF39FF0002308
:10CAE000C4F8B431C4F8B831002E14BF02200020BD
:10CAF0002DE03846FFF7DCFD38B138464946FFF7F0
:10CB0000DBFD002814BF7E20002003234FF0010826
:10CB10008DE808010026029003960496DAF80831A1
:10CB200009F11401B3F862305A46C3F34013059378
:10CB300050464B46F7F746FA3B68A16E9868D5F821
:10CB40008820334607F04ADB84F85880304607B027
:10CB5000BDE8F08F052B10B503D1BDE81040FFF7FD
:10CB600091BF43689B792BB190F8A93013B1013B79
:10CB700080F8A930022010BD2DE9F04198464368A5
:10CB800005469B790C461646069F8BB190F8A93056
:10CB9000013380F8A9303846FBF334F0C4F8B4010F
:10CBA000002834D041463A46F5F38CF7C4F8B87102
:10CBB0000023A4F86030A4F86230A4F8643033682D
:10CBC000C4F85930B388A4F85D302868FFF770FDC9
:10CBD00090B128682168FFF76FFD68B121462846AB
:10CBE000FEF7EBFF2046FFF790F828462146324635
:10CBF000BDE8F041FFF746BF204629466CF04EDD08
:10CC000020B9042384F85830BDE8F0810220BDE843
:10CC1000F0812DE9F04387B015460F9A0646012AA8
:10CC20000C461F46DDF83880D0F804C0D1F80090DB
:10CC300059D19B88072D8CBFFA88FF220BB17E2B20
:10CC400059D100217E2B84F8BC1103D1012384F833
:10CC5000BC3104E01BB96368DB6A98074BD5132A23
:10CC600016D0032101224D238DE80E0000230393EB
:10CC70000493DCF808316046B3F8623009F114011E
:10CC8000C3F34013059342464B46F7F79BF932E056
:10CC900096F8A80007F1080196F8A99040B9012379
:10CCA00086F8A830B9F1000F28D1682D0AD904E020
:10CCB000B9F1000F12D1682D0AD920462A466DF02D
:10CCC0000FDAD8B90E953046214642463B460DE074
:10CCD000304621466DF042D848460FE030462146A6
:10CCE0006DF03CD809E042B90E95424607B0BDE868
:10CCF000F043FFF741BF022000E0002007B0BDE88D
:10CD0000F0832DE9FF4105680C46A3F10807D1F82F
:10CD10000080A4F8AC7000212846039102F10806B7
:10CD2000FFF7C6FCA0B128464146FFF7C5FC78B125
:10CD300003AB009332463B4628682146FEF728FFA6
:10CD4000BDF80C300646A4F8AC3018B913B90FE0A2
:10CD5000A4F8AC70B4F8AC20A2F120039BB2202B55
:10CD600006D804F16C003146F5F3ACF6002001E082
:10CD70004FF0FF3004B0BDE8F0812DE9F04F90E8AE
:10CD8000C00089B00792139A8046012A0C469A4641
:10CD9000DDF848B00D6840F0AC803368896E986863
:10CDA00007F042DA04F16C03002140221846069392
:10CDB000F5F30CF70021A4F8AC100799BAF8042099
:10CDC00007298CBFBAF80610FF214C2A069B3CD1DC
:10CDD0004FF00009184649464022A4F86090F5F348
:10CDE000F5F6A4F8AC90404621465246079BFFF763
:10CDF00088FF3046FFF75CFC78B130462946FFF7E4
:10CE00005BFC50B1032201234FF07E0C8DE80C1027
:10CE1000CDF80C90CDF8109008E003234FF0010EF0
:10CE20008DE808400023029303930493D7F8083158
:10CE30003846B3F8623005F11401C3F3401305938B
:10CE40005A462B46F7F7BEF849E04D2A04D1B4F80C
:10CE500066308B4218D042E00AB17E2A3FD11329B6
:10CE60000ED1079A3046019239465A462B46CDF8E4
:10CE700000A06CF0D5DF002814BF0220002076E06F
:10CE8000B4F86030052B01D900233BE003220123D5
:10CE90004FF04D098DE80C024FF00009CDF80C90D1
:10CEA000CDF81090D7F8083105F11401B3F86230CD
:10CEB0005A46C3F34013059338462B46F7F782F8DA
:10CEC000B4F86030A16E0133A4F860303368D8F84C
:10CED000882098684B4607F081D9484647E0336878
:10CEE000A16E9868D8F88820002307F077D9002031
:10CEF0003DE0931E012B4FF0000337D8B1F86010CE
:10CF0000052903D984F85830022030E0032A09D1DA
:10CF100032680131A4F860109068A16ED8F88820BA
:10CF200007F05CD93046FFF7C3FB38B130462946DD
:10CF3000FFF7C2FB002814BF7E200020032301243A
:10CF40008DE818000024029003940494D7F8083167
:10CF50003846B3F8623005F11401C3F3401305936A
:10CF60005A462B46F7F72EF8204600E0184609B03F
:10CF7000BDE8F08F2DE9F3470B6882685B680646D1
:10CF8000D3F808A0D3F80490B3F810801B680D46BE
:10CF9000032B5AF80240DAF810701DD1FFF788FB16
:10CFA000D0B130465146FFF787FBA8B1B4F8AC309A
:10CFB00093B1B9F1010F0FD1B8F14C0F01D0BA798B
:10CFC00052B9AA69FF2000925D2104F16C02DBB224
:10CFD000F1F70EFD002001E06FF01600BDE8FC87C0
:10CFE0002DE9F8430B6882685B680446D3F8089023
:10CFF0005F681E8A1B6859F80280032BD9F810500D
:10D0000013D1FFF755FBA0B120464946FFF754FB6B
:10D0100078B1B8F8AC0060B1012F06D14C2E01D028
:10D02000AB792BB90330BDE8F8830020BDE8F88365
:10D030000020BDE8F8832DE9F04F0B6882685B683B
:10D04000B9B0D3F808805E681F8A1B688146032B3D
:10D0500058F80240D8F810A08D69D1F81CB040F003
:10D060009F80012E48D137B1A7F14C039BB2012B11
:10D0700001D97E2F0FD1B4F8663038A9284621F89F
:10D08000043D0222F5F31EF502350FB17E2F02D1C9
:10D090009AF806300BB14C2F13D14846FFF708FB26
:10D0A00020B148464146FFF707FB50B9B4F8AC2021
:10D0B0003AB1284604F16C01F5F304F5B4F8AC304C
:10D0C000ED180FB17E2F6ED101212A462023D4F80E
:10D0D000B800F0F37DF4012105F120022023D4F8FB
:10D0E000C400F0F375F4D4F8C800012105F1400242
:10D0F0002023F0F36DF456E0022E54D1B4F86230E0
:10D1000038A921F8023D28463246F5F3DBF4BDF894
:10D11000DE3038AF27F8C83D01210DF11A02202377
:10D12000D4F8B800F0F354F401210DF13A022023B1
:10D13000D4F8C400F0F34CF401210DF15A0220237D
:10D14000D4F8C800F0F344F401210DF17A02202351
:10D15000D4F8BC00F0F33CF401210DF19A02202335
:10D16000D4F8CC00F0F334F401210DF1BA022023FD
:10D17000D4F8D000F0F32CF44FF00008C22302934F
:10D180000235304604F1180120224346CDF80080D4
:10D1900001970395CDF810B0F3F7A2F8404603E0ED
:10D1A0006FF0160000E0002039B0BDE8F08FF8B550
:10D1B0000B6804465A68836896685168F558138A64
:10D1C00012683769032A2DD1012926D10BB17E2B94
:10D1D00012D1BB796BB92046FFF76AFA20B120461D
:10D1E0003146FFF769FA20B9B5F8AC0008B1023052
:10D1F00000E002206030F8BD4D2B15D04C2B11D132
:10D20000FFF756FA20B120463146FFF755FA58B9D4
:10D21000B5F8AC0050B10230F8BD02290CBF222095
:10D220000020F8BD0020F8BD0220F8BD0220F8BDA6
:10D2300019B18368CB5883F8BC21704770B50C686E
:10D240000D460646102208460021F5F3BFF42C6077
:10D2500020460021F268F5F3B9F404F52473C4F80C
:10D26000EC3004F52C732560C4F8243170BD2DE931
:10D27000F0470D4698462B68BDF82060099C07686A
:10D28000896B95F82CC073B193F8009093F801A0C6
:10D2900049EA0A29A5F81C9093F81690DB7D49EA23
:10D2A0000323A5F87E303B68B5F81C9093F8D13085
:10D2B000002B5AD197F92735B3F1FF3F03D190F8EE
:10D2C000A43313B151E0012B4FD0C9F38027B5F837
:10D2D0007E9019F00F0901D127B987E027B94FF0E7
:10D2E000010904E0012702E04FF000094F46012345
:10D2F000002204F5227004F5237176F017DAD4F8D1
:10D300008832984505D1D4F88C32F31A18BF01231E
:10D3100000E001233FB933B1C4F88872C4F88C72BD
:10D32000A4F886725CE0B9F1000F08D00020C4F8C0
:10D330008802C4F88C02A4F88602BDE8F087B5F82C
:10D340007E50C4F88882C4F88C62A4F8865248469D
:10D35000BDE8F08706D18F88B74294BF0027012728
:10D3600000E00127F8B2BDE8F087BCF1000F13D050
:10D370004B6B03EBC20153F83230984506D307D10B
:10D380008888B04294BF0026012602E0012600E012
:10D390000026F0B2BDE8F087D1F8E03052019A18CB
:10D3A000136998451CD302D1938AB3421BD8936961
:10D3B000984506D307D1908BB04234BF002001209E
:10D3C00002E0012000E0002070B106F07F06F308C3
:10D3D000D05C06F00706304100F00100BDE8F087A0
:10D3E0000120BDE8F0870120BDE8F0874B6B03EB1F
:10D3F000C20153F832309845ACD2B2E72DE9F04F74
:10D400001C4693F860B05F68D368ADF5117D0646A1
:10D4100005919146156933B11B7A0B2B03D13B78EB
:10D4200003F0010301E0FB789B09E36394F82C30DF
:10D430004946009330462A46E36B4FF023DB014612
:10D44000A06320B12A6D40F2371313402BB9304648
:10D4500021464A4671F002DAE2E090F90E2090F996
:10D460000F30D318A2689A42C0F0DA80A269138AFA
:10D4700013F0080F0DD0007A0B280AD196F8DC05BE
:10D4800038B18879032804D823F008031B041B0C47
:10D4900013820B7A042B59D00B2B00F0AE80022B99
:10D4A00040F0C080BB7897F800A097F8068043EA68
:10D4B0000A2A7B794FEA084848EA03283B7948EA78
:10D4C0000308FB79A76E48EA036817F0010740F0EC
:10D4D000AC80284621465A464346CDF800A0CDF8F8
:10D4E0000490FFF7C4FE002800F09F80AB79002B6A
:10D4F00040F067823368D3F88830D3F8DC210132FA
:10D50000C3F8DC2194F82C2022B1D3F8B4220132E4
:10D51000C3F8B422D3F8E8210132C3F8E821D5F8E2
:10D52000183193F834301BB12846002165F0E0DB58
:10D5300094F82C70002F00F044823368D3F88830C0
:10D54000D3F8C0220132C3F8C02269E03B7897F8D3
:10D5500001A097F8068043EA0A2AFB794FEA0848B7
:10D5600048EA03683B7948EA03087B7948EA0328DC
:10D570002B7C13B9EB6DDB0757D4A76E17F00107AF
:10D5800053D1284621465A464346CDF800A0CDF84F
:10D590000490FFF76CFE002847D0AB79002B40F0D9
:10D5A00010823368D3F88830D3F8DC210132C3F815
:10D5B000DC2194F82C2022B1D3F8B4220132C3F834
:10D5C000B422D3F8F0210132C3F8F021D5F8183194
:10D5D00093F834301BB12846002165F089DB94F8BC
:10D5E0002C70002F00F0ED813368D3F88830D3F829
:10D5F000C8220132C3F8C82212E00237C831102213
:10D600003846F5F383F500280CDA8D4839461022A8
:10D61000F5F3ECF6A16B8B48C8311022F5F3E6F672
:10D620000027CEE14FF00008C24696F8B03293B919
:10D630002B6D1F070FD4A06B037A022B02D1F6F3D8
:10D6400031F140B963699B69980004D4A3691B8ACE
:10D65000190700F1FB8063699B695A06E0D4A3694E
:10D660001A8A42F008021A82A16B0B7A013B0A2B3C
:10D6700000F2CE80DFE813F035000B0035006C00BF
:10D68000CC00CC00CC00CC00CC00CC00AE000846D6
:10D69000F6F308F108B12B7C4BB1A36BD3F88820CB
:10D6A000904504D80FD093F88C205A450BD0A16B2D
:10D6B000226804F14007384614310A32434601F02B
:10D6C000C3D9E76501E06433E365A16B04F14A0760
:10D6D00038461431E26D534601F080DA38461021A5
:10D6E00010E06168032284A8F5F3ECF1A36B84A831
:10D6F00003F114011A690330F5F3E4F1A36B84A874
:10D700001969033107AAFBF38DF1A36B606893F9E4
:10D710000E30A168C018C91A07AAFBF3A5F1A36BC4
:10D72000606893F90E30A168C018C91A4FF0FF3233
:10D73000F6F3F4F0444BA2699842138A04D123F023
:10D7400010031B041B0C01E043F0100313827DE067
:10D750006368DF7817F020071FD00A6948A81431E2
:10D76000D200FBF303F6002321686269484670F09B
:10D77000A5DC0027A36B01900097196948A82368CE
:10D78000E268EEF3C7F3831C05D1A3691A8A42F05D
:10D7900010021A825AE0013058D13368D3F8883029
:10D7A000D3F8DC210132C3F8DC21D3F8F4210132B3
:10D7B000C3F8F42194F82C20002A00F0FF80D3F85D
:10D7C000B4220132C3F8B422D3F8CC220132C3F818
:10D7D000CC22F6E001F11400E2682431236800F065
:10D7E000F9DF00287FF41CAFA26BD2F8D8300133E8
:10D7F000C2F8D83033F07C4328D1F2220192D6F817
:10D800009401294609F11402009376F05DDE1DE0D3
:10D81000AF79002F7FF404AF3368D3F88830D3F8A2
:10D82000DC210132C3F8DC2194F82C20002A00F01E
:10D83000C580D3F8B4220132C3F8B422C1E000BFDE
:10D84000A2ED8900A8ED8900E320BBDEA36B61682F
:10D8500093F90E208A18626093F90E1093F90F2045
:10D860008A18A1688A1AA26093F90E1093F90F2002
:10D870008A1821698A1A2261A269128A02F01802A2
:10D88000182A64D1AB79002B7FF4CAAE95F94420F5
:10D8900000930193029330463123D5F8081170F0BC
:10D8A000A7DA3368D3F88830D3F8DC210132C3F823
:10D8B000DC21D3F8EC210132C3F8EC21D3F8F421B8
:10D8C0000132C3F8F42194F82C2072B1D3F8B422B9
:10D8D0000132C3F8B422D3F8C4220132C3F8C422FF
:10D8E000D3F8CC220132C3F8CC22A26B127A022ADE
:10D8F00005D0032A12D0012A7FF492AE0EE0D3F8AD
:10D9000008220132C3F8082294F82C70002F58D056
:10D91000D3F8E0220132C3F8E02281E6D3F80022F6
:10D920000132C3F80022D3F8FC210132C3F8FC21F4
:10D9300094F82C70002F44D0D3F8D8220132C3F8C9
:10D94000D822D3F8D4220132C3F8D42268E6616920
:10D950008A89E26094F82D209AB993F90F200598EE
:10D9600092B2FAF329F16369DA89900402D5B3F827
:10D9700050308BB9A36BE26893F90F30D31AE36090
:10D980000AE00598F6F3F4F0A36B014693F90F2033
:10D99000059892B2FAF310F1A36BC4F86480A4F86E
:10D9A00062A01B7A042B01D0022B09D1A36ED907E8
:10D9B00006D43046214670F09DDF01E0174600E0B6
:10D9C000012738460DF5117DBDE8F08F2DE9F341B3
:10D9D000099F00230D9904469046089E0A9D0093D6
:10D9E00001933FF04FDE032F0BD9042268463146E6
:10D9F000F5F368F0072F04D901A8311D0422F5F3CF
:10DA000061F0A8F14C08B8F1050F2AD8DFE808F05A
:10DA10000A03160F231BD4F88434BDF80020A3F8A2
:10DA2000922016E0D4F88434B3F8923017E0D4F89A
:10DA30008434BDF80020A3F896200AE0D4F884349A
:10DA4000B3F896300BE0D4F88434BDF80020A3F886
:10DA50009E20002007E0D4F88434B3F89E302B6079
:10DA6000F7E76FF01600BDE8FC81D0F884242DE9BB
:10DA7000F843B2F8928004464145D4BF002001200B
:10DA8000B2F84A50B2F89690B2F89460B2F898C0E2
:10DA900010B1C8EB010701E0C1EB0807B2F8903004
:10DAA000BFB2002B75D0BCF1010FADB2334607D128
:10DAB000002851D02BB203FB08F393FBF1F346E0AF
:10DAC000BCF1020F2BD131B2B8B10FFA89F39942F0
:10DAD00003D10423A2F8983062E0132F02D9A6F1F3
:10DAE000140339E0092F02D9A6F10A0334E0042F08
:10DAF00001D9731F30E0B31E2EE00FFA85F84145BF
:10DB00001DD0132F02D906F1140325E0092F02D9E5
:10DB100006F10A0320E0052F1CD9731D1CE0BCF19F
:10DB2000040F39D133B238B10FFA89F18B4237D0B3
:10DB3000052F38D9731F0AE029B28B4204D1012383
:10DB4000A2F89830BDE8F883052F2DD9731D4FF04A
:10DB5000020C01E04FF0040C1BB229B28B4204DC32
:10DB60000FFA89F5AB42A8BF1D462368A2F894506E
:10DB7000A2F898C02DB22946012220461B7E72F0E1
:10DB8000B1DC23682046294600221B7E72F0AADC05
:10DB900006E01846BDE8F8834FF0FF30BDE8F88393
:10DBA0000020BDE8F8830020BDE8F883D0F8843475
:10DBB00013B5B3F8902004466AB1036A0DF106016B
:10DBC00018695BF0BFD980B12046BDF9061001226B
:10DBD000FFF74BFF09E06421012372F083DC01228F
:10DBE00020466421134672F07DDC1CBD08B5036A33
:10DBF000D3F8D80079B143784A789A4208D10230F4
:10DC00000231F4F34BF7D0F1010038BF002000E0FF
:10DC10000020C0B208BD084608BD2DE9FF4799465F
:10DC20004369D0F8208082461B6804461746026983
:10DC30005AF8180B0E464146D55801F055FA21699D
:10DC4000206852466FF096DC0123C8F800302B683C
:10DC50000146023B012B03D82369DB6DC8F8D030A5
:10DC60000C9B20680293424633468DE8800201F007
:10DC700058FA48B12B68022B05D1636AD888003066
:10DC800018BF012000E0012004B0BDE8F0872DE9B5
:10DC9000F04FC368044600F1180799B01646056AAC
:10DCA0008A46006821693A4603936FF063DC013EBF
:10DCB0000290062E00F23881DFE816F007003601E8
:10DCC000BC003601DB003601FF00EE68002E00F0DC
:10DCD0002C81D5F8D03013F4804B0CD02368216907
:10DCE000D3F8D4060368CB581B781BB14AF04ADB43
:10DCF000834600E09B46636893F86231A3B1D5F890
:10DD0000D000F0F78BFE88B12368D3F86008FEF7E7
:10DD1000CFFC58B123680299D3F86008FEF7CCFC19
:10DD200020B1B5F8DC8002E0984600E08046B5F806
:10DD300006C02068DC44C4441FFA8CFC0CF171035B
:10DD400021693A469BB2CDF804C077F07BD9DDF863
:10DD500004C00646002800F0E8800CF15F0CD0F803
:10DD600008901FFA8CFC4FEA1C2343EA0C2C09F1A3
:10DD70001207A9F810C000215F223846F4F326F7F5
:10DD80004AF484731A0A89F8132089F814302B8B0B
:10DD900005F13C011A0A89F8152089F8163020226D
:10DDA00009F11F00F4F38EF6EA8809F1710093443B
:10DDB000D8441FFA88F84FEA182343EA0828A9F83C
:10DDC0006F80E968F4F37EF6636893F86231F3B12B
:10DDD000D5F8D000F0F722FEC8B12368D3F8600868
:10DDE000FEF766FC98B123680299D3F86008FEF745
:10DDF00063FC60B1EB68002B00F09B80E888D5F8ED
:10DE0000E01038185F30B5F8DC20F4F35BF6D5F895
:10DE1000D030580440F18D8023682169D3F8D406AE
:10DE20000368CB581B78002B00F083803A464AF0F9
:10DE3000FFD97EE0206821693A46712377F002D944
:10DE40000646002871D0D0F808905F22002109F121
:10DE5000120789F8112089F810103846F4F3B6F645
:10DE60004AF480731A0A89F8132089F814302B8B2E
:10DE70001DE0206821693A46712377F0E3D8064611
:10DE8000002852D0D0F808905F22002109F1120733
:10DE900089F8112089F810103846F4F397F64AF4FF
:10DEA00040731A0A89F8132089F81430EB8A1A0A89
:10DEB00089F8152089F816303BE0206821693A4638
:10DEC000712377F0BFD8064678B3D0F808900021C8
:10DED0005F2209F1120789F8101089F811203846DD
:10DEE000F4F374F64FEA1A2389F8133089F814A072
:10DEF0001FE0D5F8D000F7F37DF10146484605F163
:10DF00008C0204ABF7F386F1044630B9314603982E
:10DF10002246F9F3A7F6264607E007F14D0004A9CB
:10DF20001022F4F3CFF500E00026304619B0BDE82A
:10DF3000F08F032389F80F30D5F8D000F6F354F5AD
:10DF400005F15C0400280CBFFE230223384608229A
:10DF500000F8053B2146F4F3B5F508212046F7F318
:10DF60004FF11AF00301C9D1C3E72DE9F04F91F841
:10DF700013800B7D8BB043EA082818F00309044690
:10DF80000E4606924769056ACDF8208005D1D5F87E
:10DF9000D000F7F32FF1844600E0CC4605F15C0A8F
:10DFA00006F1170B0120082359465246CDF810C040
:10DFB000F6F302F68245DDF810C000F0F78318F49E
:10DFC0008071079110D0338A1A0A42EA03239BB268
:10DFD0005C2B40F2EB833046614605F18C02F6F390
:10DFE000E5F7002800F0E283338A1A0A42EA0323A5
:10DFF0009BB25E2B40F2DA8396F86F1096F8702091
:10E0000042EA01225F329342C0F0D08306F112024D
:10E010000992594608225046F4F354F505F164007C
:10E0200059460822F4F34EF5D5F8D000F6F3DCF4A7
:10E03000002868D018F4805F65D096F86F2096F8B5
:10E04000703043EA0223B3F5807F0BDD3846216947
:10E05000012274F065DC206904F11801012277F0D7
:10E0600089D9E7E24FF48070F9F3C6F5824630B9FA
:10E0700038462169012274F053DCD14698E3202010
:10E08000F9F3BAF5834630B95046F9F3C7F5384687
:10E090002169012208E34FF48170F9F3ADF5059091
:10E0A00068B95046F9F3BAF55846F9F3B7F538466A
:10E0B0002169012274F034DCDDF8149078E3B9F1C1
:10E0C000000F04D1D5F8D000F7F394F08146059BFA
:10E0D000494605F19C020293099800238DE8000C43
:10E0E000F6F394F781465046F9F398F55846F9F35C
:10E0F00095F50598F9F392F5B9F1000F03D138467B
:10E100002169012220E396F815A0B37DD5F8D0004F
:10E1100043EA0A2AF6F38AF410B918F0080326D065
:10E12000BAF10D0F0BD003D8BAF1050F15D10DE0E0
:10E13000BAF1100F17D0BAF1200F0ED111E018F07C
:10E14000080F13D038462169022271E218F0080F37
:10E150000FD03846216903226AE238462169042239
:10E1600066E2022106E00422059204E003230593FF
:10E1700001E00121059118F0080900F026822B8AA0
:10E18000059A934203D038462169052250E2079B45
:10E19000002B40F0C78003232B60D5F8D0305A06FF
:10E1A00006D4626892F86221002A37D0580335D528
:10E1B00013F4804932D196F86F1096F8703004222B
:10E1C00006F1710043EA0121F6F3F8F70246002850
:10E1D00033D04378132B03D8384621690422B3E2A5
:10E1E000636A2169483300934FF0200920460632C4
:10E1F00001F1DC03CDF8049073F054D88246E0B905
:10E20000636AA3F8069094F80834B3B1A068D4F810
:10E21000041406F009D884F808A40EE019060CD5F9
:10E22000616AB1F8E42042B101F14800C431F4F36D
:10E2300049F4636AB3F8E410D980636ADB882BB9C8
:10E2400020463146069A72F0DFDFAFE205F11C0985
:10E2500006F11F012022484605F13C06F4F332F492
:10E2600020222068314619F029D9D5F8D0305A0437
:10E270000AD522682169D2F8D40602688A58127831
:10E2800012B149F0FFDF3BE021690A6D100508D4A7
:10E2900013F4922F05D1D1F8083193F883309A0600
:10E2A00012D5636A04F1180003F148020092DB887A
:10E2B000E231019305F18C030293AB8A4A46039342
:10E2C0003346F6F30DF41BE004F1180A5046E23130
:10E2D0000622F4F3E3F3002800F06882636A216900
:10E2E00003F148020092DB885046019305F18C034C
:10E2F0000293AB8AE23103934A463346F6F3F0F5D4
:10E3000040F63B623846216908EA0202012374F0B4
:10E310004BDB08B1042356E1384621690D2274F025
:10E32000FFDA43E2069A4AB997F81690B9F1000F5E
:10E330000CBF4FF400794FF0000901E04FF00009E5
:10E34000D5F8D000F6F350F341F2C833002808BFE7
:10E350004FF4E47303EA080218BF4FF000099A4231
:10E3600040F0248219EA080F40F020822B68033B1A
:10E37000042B00F21B822946052341F81C3B06F1C1
:10E380001F002022F4F38AF3002840F00F8296F851
:10E390006FA096F87030D5F8D00043EA0A2AF6F359
:10E3A00023F300283FD006F1710B58465146302226
:10E3B000F5F306F08146C8B1D5F8D03042785B0459
:10E3C00040F1FA8123682169D3F8D4361B68CB5811
:10E3D0001B78002B00F0F081123A92B2ECE1A868B1
:10E3E00009F102010230F4F359F318B138462169FA
:10E3F000072215E00AEB0B0199F80120C9EB010196
:10E4000089B2901C81421CDD6FF001039B1A4844C5
:10E41000C9183022F4F3D4F798B12169384606229E
:10E4200074F07EDA09E0AB88534506D1A86806F19E
:10E4300071015246F4F332F318B1206904F1180166
:10E4400042E0D5F8D000F6F3CFF278B106F17100D2
:10E450005146F6F3A7F648B938462169092274F007
:10E460005FDA206904F1180101222EE020680368B8
:10E4700093F8623163B304F1180921694A466FF0D9
:10E4800079D88346D5F8D000F0F7C8FA00B32368EE
:10E49000D3F86008FEF70CF9D0B1BBF1000F17D02C
:10E4A00023685946D3F86008FEF706F980B1514653
:10E4B00006F17100F422F4F383F701462046FFF7DA
:10E4C00095FB28B920694946112276F053DF6DE1AA
:10E4D00040F20B223846216908EA0202032374F055
:10E4E00063DA814628B1062318F040092B6004D175
:10E4F00016E0384621690D2226E12A8A04F1180B1C
:10E500002B8B20688DE80408216905F1AC0276F0B8
:10E51000D1DED5F8D000F6F367F2002834D003E05E
:10E520003846216908220FE1514606F17100F6F3E1
:10E5300039F642788046063A92B2EA82837905F14A
:10E540006C0903F0030385F8CC3008F10801484654
:10E55000F4F3B8F295F8CC200599EB8A009206F115
:10E560004F020191029298F80620216902F00402FC
:10E57000039220684A4676F021DE23682169D3F8A9
:10E580007C06324654F0ECDED5F8D000F6F32CF2DF
:10E59000C0B108232B6038462169002274F0C0D92D
:10E5A00023695A46DB682068009379210623F4F733
:10E5B00001F923682269D3F8D4361B68D3580022A6
:10E5C0001A70F3E006232B60F0E02B68052B40F275
:10E5D000ED80236A05995A8A8A4208D0D3F8D00080
:10E5E000F6F324F218B1384621690A22ACE008F4A7
:10E5F0006073B3F5607F40F0D98007232B60D5F8B6
:10E60000D000F6F3F1F18146002841D018F4805F84
:10E610000BD096F86F1096F8703006F1710043EA4F
:10E620000121F6F3BFF5814638B9216938460B223E
:10E6300074F076D94FF00009BAE0427805F16C0A1F
:10E64000063A92B2EA82837909F1080103F00303E2
:10E6500085F8CC305046F4F335F295F8CC20EB8AAF
:10E6600000926A8A2169019206F14F02029299F89A
:10E670000620206802F004020392524676F09EDDE6
:10E6800023682169D3F87C06324654F069DE70E0D5
:10E69000BAF1200F55D84FF48070F9F3ADF28346EC
:10E6A00030B9216938460C2274F03AD9D9467FE056
:10E6B0002020F9F3A1F2069050B95846F9F3AEF2D2
:10E6C000384621690C2274F02BD9DDF818906FE0E0
:10E6D0004FF48170F9F390F2844680B95846CDF832
:10E6E00010C0F9F39BF20698F9F398F238462169C5
:10E6F0000C2274F015D9DDF810C0E14658E0069BF5
:10E7000005F16C020792414605F19C0201930290CB
:10E71000079B0998CDF810C0CDF800B0F6F370F45F
:10E7200081465846F9F37AF20698F9F377F2DDF864
:10E7300010C06046F9F372F2A5F816A0B9F1000F07
:10E7400005D1216938460C2274F0EAD830E0089AE5
:10E7500008F030031B110599009302F0400301916A
:10E760004F36039320682169079A5346029676F044
:10E7700025DD3846216908F00B02052374F014D911
:10E7800028B108232B6038462169002202E0216964
:10E7900038460D2274F0C4D823692068DB687921DB
:10E7A000009304F118020623F4F704F84FF001096E
:10E7B00048460BB0BDE8F08FA988931C99427FF4BE
:10E7C00015AE0CE62DE9FF4790E810028E7905465C
:10E7D0000F46002E63D140F21440F9F30DF280464B
:10E7E00000285FD03851314640F21442F4F3EEF184
:10E7F000AB8AD9F8D02608EB030448F803902B69BC
:10E800004FF0010AE360EB686261A360AB682761C7
:10E810006360E420C8F8006088F804A0C4F8FC63D2
:10E82000F9F3EAF12062002841D03146E422F4F302
:10E83000CDF1E820F9F3E0F16062002837D03146ED
:10E84000E822F4F3C3F1D4F82480E868C8F8009013
:10E8500019492246334605F06BDDC8F868000028E8
:10E8600025D0E86815492246334605F061DD60632E
:10E87000E8B1E86812492246334605F059DDC4F88C
:10E880000404A0B1236A286A0193636A6946009769
:10E8900002938DF80CA0F3F313F4304604E06FF00C
:10E8A000060001E04FF0FF3004B0BDE8F0872846D5
:10E8B000394672F099DBF5E7E1578800E95888009E
:10E8C000C958880038B51D4690B10368848ACB5872
:10E8D00073B11C19114604F130001022F4F3F2F068
:10E8E00004F1400029462022BDE83840F4F3EAB0A4
:10E8F00038BDD0F88404F0B503F15605A83300EB19
:10E90000430300EB8505B3F90A60AF6890F8E9406E
:10E91000BE1B7618AE6026415E81B0F95E31D0F83C
:10E920006811CB1A9B18C0F868312341A0F85E31FA
:10E93000F0BD10B50A7AD0F884342AB390F82922B1
:10E94000D1F808012AB190F86000904228BF024631
:10E9500001E090F86020D1F81801047864B1007AE1
:10E96000D1F8081118B1C98D4A43002101E0CA8DC0
:10E97000012183F8291105E0012283F82921D1F82A
:10E980000821D28D0A3203E083F829214FF49B72CB
:10E99000C3F8242110BD2DE9F04F8BB0D0F884448A
:10E9A0009A469DF85C30904608939DF85420B4F840
:10E9B000C63007920393189A94F8E9300F460992EB
:10E9C0000593B4F8F020D4F8D81094F81C3106461A
:10E9D0009DF950B09DF8585004920691002B00F01C
:10E9E000AB81036893F8693123B13BF04DDA00281D
:10E9F00000F0A281336893F864312BB194F86D3143
:10EA000013B1002384F86D3194F828313BB1B0681C
:10EA1000D4F8301105F008DC002384F828318E2169
:10EA200030693CF069DA43004E334FF6FE7119400D
:10EA300030693CF061DA94F858318146FF2B08D0F8
:10EA400094F8E830012212FA03F300EA03091FFAEE
:10EA500089F994F8AF30AB4213D0002305F13202AC
:10EA600004EB8202E91A93604A4242EB010232321D
:10EA700004EB820284F8AF50C4F8CC30C4F8C8303C
:10EA80009360BAF1000F00F05781079AC2B9022FC4
:10EA900040F35281C7EB0A01B4F9F22009B204EB4A
:10EAA00045039142A8BF0A46A3F8EA20D6F8843469
:10EAB0005B79012B2AD9C8EB0B03A4F8EE3025E0D3
:10EAC000049F04EB45023BB2B2F9EA70C7EB0A07B8
:10EAD000FF1A022F03DD1C2FA8BF1C2700E003270D
:10EAE000D6F884245279012A10D9B4F9EE80C8EB03
:10EAF0000B08C3EB0808B8F1020F05DDB8F11C0FD5
:10EB0000A8BF4FF01C0801E04FF00308D6F86832A8
:10EB10009B792BB9089A1AB130460999FFF709FF7A
:10EB200005F1320204EB82029368304601339360B0
:10EB3000C4F8CC30D4F8383151460133C4F83831F8
:10EB400005F14E0304EB83035A6801325A605A46BA
:10EB50002B46FFF7CEFED4F8E030D4F8E420934201
:10EB600003D9039B1BB2049307E0D4F8DC00013304
:10EB700001210690C4F8E03004910598012212FAB0
:10EB800000F3D4F8CC1099422DD3D5F1010B38BF46
:10EB90004FF0000B0BF1A80C04EB4C0C04EB450000
:10EBA000B0F85A01BCF80AC0C0EB0C0C0FFA8CFC90
:10EBB00094F86C018CEAEC7AAAEBEC7A8245ACBF53
:10EBC00000210121844503910EDB94F8E8000BFA43
:10EBD00000F1894509D005F13C0104EB8101486849
:10EBE0008018486001E00392002205F1540B05F102
:10EBF0002C0004EB800004EB4B01B1F90AC0D0F803
:10EC000008A0CCEB0A0C67448760059807414F8148
:10EC1000D4F8C000B4F9B610059F411A4144C4F8B5
:10EC2000C0103941A4F8B61004EB8501D1F8D0101A
:10EC3000B4F9C400994204EB4B01B1F90A1028BFA2
:10EC400084F8B150884244DBD4F8CC00069FB84227
:10EC50000CD9D5F1010194F8E82038BF002111FA50
:10EC600002F291452FD005F13C0225E0039F4FB3FE
:10EC700094F844713DB1B4F9B2C07FB2C1EB0C015C
:10EC800007EBC10106E0B4F9B4C07FB2C1EB0C01DF
:10EC9000C900C91B049FB1EBC70F13DB984211D306
:10ECA000D5F1010194F8E82038BF002111FA02F2F1
:10ECB000914508D005F13E0204EB82025168013112
:10ECC000516000E02AB10120002D14BF0321022170
:10ECD00006E0002D0CBF2846002014BF02210321AE
:10ECE00094F8AF2084F8492194F81D215AB1D6F840
:10ECF000682292793AB938B130690B460092019294
:10ED00003DF0C6D804E018B9D4F8CC209A4213D20A
:10ED100094F81D3183B1D6F868329B7963B901222A
:10ED200084F82821B068D4F83011D4F824210BB02D
:10ED3000BDE8F04F05F0529A0BB0BDE8F08F2DE919
:10ED4000FF41D0F88454064695F81C310C4695F8DE
:10ED5000E970002B00F08180036993F80A31002BE1
:10ED60007BD0036893F8693153B13BF08DD80346EB
:10ED700030B9B068D5F83411142205F02FDA6CE000
:10ED8000336893F8643133B195F86D311BB10023CA
:10ED900085F86D3161E0D6F83C33022B0AD0D5F806
:10EDA000E020D5F8E4309A4294BF4FF000084FF0CD
:10EDB000010801E04FF0000895F81D31002B4CD000
:10EDC000D6F868329B79002B47D1336A0DF10F01D9
:10EDD00018695AF00BDD9DF80F3085F8AF30002B25
:10EDE00014BF03210221B8F1000F25D003F1020E58
:10EDF00005EB8E0E05EB4302DEF8B0C0B2F9B200AF
:10EE0000C0EB0C00CEF8B000384103F12C0EA2F894
:10EE1000B20003F1540205EB8E0E05EB4202B2F98B
:10EE2000B200DEF8B0C0C0EB0C00783850FA07F73B
:10EE3000CEF8B000A2F8B27085F849310022012363
:10EE40008DE80C0030690B463DF022D89DF80F305C
:10EE500054F82320013244F82320BDE8FF8110B587
:10EE6000D0F8844494F81C3123B104F58671FFF77F
:10EE700066FF002384F8283110BD70B5D0F88444B3
:10EE8000054694F81C3103B3D4F8CC20D4F8C8302C
:10EE90009A4203D104F58A71FFF751FFD4F8CC30C0
:10EEA000C4F8C83094F81D317BB1D5F868329B792D
:10EEB0005BB994F8292142B1A868D4F834114FF411
:10EEC000FA72BDE8704005F0899970BD38B5D0F888
:10EED00084440546D4F83411806805F0A5D9D4F8E7
:10EEE000CC20D4F8C8309A4204D1284604F58A715F
:10EEF000FFF725FFD4F8CC30C4F8C83038BDD0F8BF
:10EF0000843400224FF6A271C3F8B820C3F8BC20A5
:10EF1000C3F8C020A3F8B220A3F8B420A3F8B62009
:10EF2000C3F86021C3F86421C3F86821A3F85A210B
:10EF3000A3F85C21A3F85E21A3F8EA10A3F8EC1073
:10EF4000A3F8EE10C3F8CC20C3F8D020C3F8D42027
:10EF5000C3F83821C3F83C21C3F84021C3F8E020AE
:10EF6000C3F8F420C3F8F820C3F8FC20C3F800214C
:10EF7000C3F80421C3F80821C3F80C21C3F81021F9
:10EF8000C3F81421C3F8182183F829217047D0F859
:10EF90008434D3F8CC208A60D3F838218A6493F87B
:10EFA0001D2112B193F8AF2001E093F8AC204A6024
:10EFB00093F81D210A6093F848214A654A688A65DA
:10EFC000D3F8D0200A64D3F8D4204A64D3F83C2183
:10EFD000CA64D3F840210A65B3F9B220CA60B3F914
:10EFE000B4200A61B3F9B6204A61D3F8F4208A61EB
:10EFF000D3F8F820CA61D3F8FC200A62D3F80021C4
:10F000004A62D3F804218A62D3F80821CA62D3F88D
:10F010000C210A63D3F810214A63D3F814218A63C0
:10F02000D3F81821CA63D3F84C21CA65D3F850210C
:10F03000D3F854310A664B667047F7B5D0F884446C
:10F04000D4F84C518D4207D1D4F85051954203D198
:10F05000D4F854219A423CD001F00F05042D3AD83F
:10F06000022D38D003F00302022A34D01F0907F022
:10F070000307022F2FD00A0902F00F02042A2AD810
:10F08000022A28D09E0806F00306022E23D09E09ED
:10F0900006F00306022E1ED0C4F85431036AC4F8E9
:10F0A0004C111B68C4F85011022B04BF3E462A467F
:10F0B000042A14BF1146314684F8AD10D0F88434C8
:10F0C000012283F846110092019200690B463CF040
:10F0D000DFDE002001E06FF01C00FEBD7047000085
:10F0E000004870479466010010B50C46C1B18868AD
:10F0F00008B1F8F393F5E06808B1F8F38FF5D4F8A8
:10F10000D80008B1F8F38AF5D4F8E00008B1F8F3B4
:10F1100085F520460021E422BDE81040F3F356B502
:10F1200010BD2DE9F74F0546D2F8D00001911446E5
:10F130009846DDF830B0DDF83490DDF838A0F5F30E
:10F1400053F428B1404659463022F4F339F103E034
:10F1500040465946F5F3E0F20646002800F0D88014
:10F16000D4F8D000F5F340F428B148465146302297
:10F17000F4F326F103E048465146F5F3CDF2074695
:10F18000002800F0C6802B6893F86231002B4FD026
:10F19000D4F8D000EFF742FC002849D0D5F8600839
:10F1A000FDF786FA10B3D5F868329B792BB9D5F8FC
:10F1B00060080199FDF780FAC0B148465146F42233
:10F1C000F4F3FEF08146002800F0A280407802307F
:10F1D000A4F8D400F8F310F5C4F8D800002800F023
:10F1E00097804946B4F8D420F3F36CF4D5F860085E
:10F1F000FDF75EFAE0B1D5F860080199FDF75CFA19
:10F20000B0B140465946F422F4F3DAF0054600283E
:10F210007ED040780230A4F8DC00F8F3EDF4C4F8B6
:10F22000E000002874D02946B4F8DC20F3F34AF457
:10F23000022323826382D4F8D000F5F3D5F310B112
:10F24000042323826382D4F8D000F5F3CDF350B1C8
:10F2500006F10A0004F110010022F5F3A7F40028DA
:10F2600056D0002513E073780A2B0FDDD4F8D05068
:10F2700006F10E00A5F10802554245EB020504F126
:10F2800010012A46F5F3B6F608B941E005462046D6
:10F29000218A2A4676F088D8002839D0D4F8D000C0
:10F2A000F5F3A2F330B1301D04F112010122F5F3A0
:10F2B0007DF413E07378092B11DD06F1080045B9E0
:10F2C000F27A012A06D0A2F105035A4242EB030268
:10F2D00000E0012204F11201F5F38CF6C0B1787858
:10F2E0000230A080F8F388F4A06088B13946A28883
:10F2F000F3F3E8F370780230E080F8F37DF407462A
:10F30000E06030B13146E288F3F3DCF3012700E03E
:10F3100007463846BDE8FE8F01320103323D0090BA
:10F320004C3300AAAA0300000088B40001000000CA
:10F3300001010000010050F201000050F200004005
:10F340009600000FAC00000FAC0600AAAA03000054
:10F3500000AAAA030000F8000FAC00050400C9BF12
:10F3600005F000CEBF0000000101000001011C708B
:10F3700040002D02F0000A01280028013801480150
:10F3800058015501500150036666E2016666E301CB
:10F390006666E4016666E5016666E6016666E701A3
:10F3A0006666E8016666E9016666EA016666EB0183
:10F3B0006666EC016666ED016666EE01CDCCF00195
:10F3C0000A000500080040060800050008000800C3
:10F3D000770008008A0008000100050001000A000B
:10F3E00001000500400610091E091F09240925090E
:10F3F00026092009210927092809290922092309A1
:10F4000030093109320912090F09000901090609F9
:10F41000070908090209030909090A090B0904096E
:10F4200005090C090D090E09110965023402840051
:10F430007400560065023402040004000400030056
:10F4400003000300030002000100010000000000AF
:10F45000FFFFFFFFFFFFFFFFFFFFFFFFFFFF0000BA
:10F46000372E39352E343920283232373162623620
:10F4700020435929007265636C61696D207365636F
:10F4800074696F6E2025733A2052657475726E65CB
:10F490006420256420627974657320746F20746819
:10F4A0006520686561700A004D656D6F7279207521
:10F4B000736167653A0A0009546578743A20256CCF
:10F4C0006428256C644B292C20446174613A202502
:10F4D0006C6428256C644B292C204273733A2025D8
:10F4E0006C6428256C644B292C20537461636B3A3F
:10F4F0002025644B0A00094172656E6120746F74A7
:10F50000616C3A2025642825644B292C20467265BD
:10F51000653A2025642825644B292C20496E2075E6
:10F5200073653A2025642825644B292C2048574DC3
:10F530003A2025642825644B290A0009496E207564
:10F540007365202B206F766572686561643A2025AB
:10F55000642825644B292C204D6178206D656D6FE2
:10F56000727920696E207573653A20256C642825B0
:10F570006C644B290A00094D616C6C6F63206661F5
:10F58000696C75726520636F756E743A2025640A24
:10F590000009537461636B20626F74746F6D20682F
:10F5A0006173206265656E206F766572777269742B
:10F5B00074656E0A0009537461636B20626F747422
:10F5C0006F6D3A20307825702C206C776D3A2030A2
:10F5D0007825702C20637572723A20307825702C53
:10F5E00020746F703A20307825700A0009467265E1
:10F5F0006520737461636B3A203078257828256420
:10F6000029206C776D3A2030782578282564290ADE
:10F610000009496E75736520737461636B3A20301D
:10F62000782578282564292068776D3A2030782558
:10F6300078282564290A0009496E207573652070B1
:10F640006F6F6C202564282564293A2025642825BD
:10F65000644B292C20772F6F683A20256428256475
:10F660004B290A0009496E20757365202D20706FA3
:10F670006F6C3A2025642825644B292C20772F6F46
:10F68000683A2025642825644B290A0009506B74C8
:10F69000496420546F74616C3A2025642C204672B2
:10F6A00065653A2025642C204661696C65643A20C2
:10F6B00025640A006D77006D6400554E494D504C2D
:10F6C0003A2072613D25700A005443414D3A20258D
:10F6D0006420757365643A202564206578636565E8
:10F6E000643A25640A000A465749442030312D25E2
:10F6F000780A666C6167732025780A000A545241C3
:10F7000050202578282578293A2070632025782CE8
:10F71000206C722025782C2073702025782C206393
:10F720007073722025782C20737073722025780AEC
:10F7300000202072302025782C2072312025782C52
:10F740002072322025782C2072332025782C2072CC
:10F75000342025782C2072352025782C20723620F4
:10F7600025780A00202072372025782C2072382036
:10F7700025782C2072392025782C207231302025D4
:10F78000782C207231312025782C207231322025BE
:10F79000780A000A20202073702B3020253038781A
:10F7A0002025303878202530387820253038780AE0
:10F7B00000202073702B3130202530387820253000
:10F7C0003878202530387820253038780A0A0073B8
:10F7D000702B257820253038780A00686E646172B5
:10F7E0006D5F61726D7220616464723A20307825B9
:10F7F000782C206372345F6964783A2025640A00AB
:10F80000627573737461747300535357553A207063
:10F8100072696D6520646F6573206E6F7420686116
:10F8200076652070203D2033206D6F642034000009
:10F83000010000000001000020010000A141800043
:10F84000B9538000212C8000795780006D3D8000E5
:10F85000609D8800A09E8800549F88008C9B880033
:10F86000409C8800FDFFFFFFD89A8800020000003E
:10F870008001000030010000DD418000E553800080
:10F88000492C8000AD578000993D8000749D880010
:10F89000C09E8800749F8800AC9B8800609C880094
:10F8A000FDFFFFFFF89A880004000000FF00000041
:10F8B00020080000253E8000B1518000ED2B800023
:10F8C00035578000253D8000549D8800809E88002B
:10F8D000349F88006C9B8800209C8800066D070080
:10F8E000B89A8800030000000902000044010000EB
:10F8F000F941800001548000892C8000F557800078
:10F90000ED3D8000889D8800F09E8800A49F8800BF
:10F91000DC9B8800909C8800FDFFFFFF289B8800EF
:10F92000706125643D307825257800706425643D3C
:10F9300030782525780070646825643D3078252569
:10F94000780070646C25643D307825257800676305
:10F950007225643D307825257800253032582530D1
:10F96000325825303258253032582D25303258251E
:10F970003032582D25303258253032582D2530322E
:10F9800058253032582D2530325825303258253000
:10F9900032582530325825303258253032580055EB
:10F9A0006E646566696E6564206572726F7220258B
:10F9B000640000006001040005000103640104000C
:10F9C00000002700240104000400000028010400B6
:10F9D000000000002C0104000000000030010400C1
:10F9E00000000000340104000A0470003401040027
:10F9F000EFBED40034010400050000FF3401040010
:10FA000001FF02FF3001040018000000340104006F
:10FA10000A04E00034010400EFBE48003401040091
:10FA2000050000FF3401040001FF02FF340104005F
:10FA30000010180134010400020300103401040016
:10FA400018F1F2F334010400BBCC000030010400D3
:10FA50003800000034010400000000003001040000
:10FA600058000000340104000000000030010400D0
:10FA700038000000340104000F20000734010400A6
:10FA800000009400340104000000009034010400E0
:10FA9000747576773401040000000000340104001E
:10FAA0000000050034010400FFFFFFFF30010400E7
:10FAB00068030000340104006E8433003401040044
:10FAC000DCBA500034010400D40000AB340104005F
:10FAD000BADABADA34010400001018F13401040073
:10FAE000F2F300103401040018F1F2F334010400C1
:10FAF0001000000034010400000000003401040084
:10FB000000000A00340104000100000E340104006A
:10FB10004252434D340104005F5445533401040004
:10FB2000545F535334010400494401043401040078
:10FB300082848B9634010400030101063401040021
:10FB400002000000300104006800000034010400DD
:10FB50000A04280234010400DCBA800034010400E5
:10FB60000000FFFF34010400FFFFFFFF3401040029
:10FB7000001018F134010400F2F300103401040005
:10FB800018F1F2F334010400D0AF00003401040096
:10FB900000000000340104000000000134010400F2
:10FBA0000200000E340104004252434D34010400AF
:10FBB0005F54455334010400545F5353340104002F
:10FBC000494401043401040082848B96340104000A
:10FBD00003010106340104000201000030010400A9
:10FBE00068060000340104000A04280234010400FD
:10FBF000DCBA8000340104000000FFFF340104007F
:10FC0000FFFFFFFF34010400001018F1340104006D
:10FC1000F2F300103401040018F1F2F3340104008F
:10FC2000D0AF0000340104000000000034010400E3
:10FC300000000001340104000200000E3401040041
:10FC40004252434D340104005F54455334010400D3
:10FC5000545F535334010400494401043401040047
:10FC600082848B96340104000301010634010400F0
:10FC700002010000000104000000000190040200E5
:10FC800000000000A0040200F1F30000B004020034
:10FC9000EFFD0000A8040200FFFF0000A80402001E
:10FCA00000000000A204020001000000B2040200F3
:10FCB000FBFF0000AA040200FFFF0000AA040200EC
:10FCC00000000000A4040200CF1A0000AC040200EF
:10FCD00000000000BC04020000000000A6040200B6
:10FCE000D7020000B6040200FFFD0000AE040200CF
:10FCF000FFFF0000060402000100000006040200ED
:10FD0000000000000C0402001800000006040200BD
:10FD10000000000048040200000C00000204020081
:10FD2000200600000205020000000000000502009D
:10FD3000004000000205020004000000000502006F
:10FD4000004000000205020008000000000502005B
:10FD500000400000020502000C0000000005020047
:10FD60000040000002050200C00000008005020003
:10FD7000FFFF000082050200FFFF00008405020073
:10FD8000FFFF000086050200FFFF0000880502005B
:10FD9000FFFF00008A050200FFFF00008C05020043
:10FDA000FFFF00008E050200FFFF0000900502002B
:10FDB000FFFF000092050200FFFF00009405020013
:10FDC000FFFF000096050200FFFF000098050200FB
:10FDD000FFFF00009A050200FFFF00009E050200E1
:10FDE000FFFF0000A0050200FFFF00009C050200CD
:10FDF000F0FF000040050200008000002005020026
:10FE0000060F0000400502000080000040050200CF
:10FE1000008100002005020000FF00002C05020008
:10FE200001010000400502000081000040050200C1
:10FE300000820000200502001E2800002C050200A0
:10FE400000000000400502000082000040050200A2
:10FE50000083000020050200293100004005020057
:10FE6000008300004005020000840000200502001D
:10FE7000323F0000400502000084000040050200FF
:10FE800000850000200502004041000040050200FE
:10FE90000085000012060200010000002E0602008C
:10FEA000CDCC0000300602000C000000000602006D
:10FEB0000480000096060200080000009A06020076
:10FEC000E400000088060200000000009C0602001A
:10FED0000200000088060200001000009C060200DC
:10FEE0000200000088060200002000009C060200BC
:10FEF0000200000088060200003000009C0602009C
:10FF000002000000880602000B0F00009E0602009F
:10FF100007000000100502000B0000005004020062
:10FF2000014E0000520402005B010000E4040200E4
:10FF30009000000004040200B40000005405020018
:10FF4000FFAF0000FE040200000000005E0502009A
:10FF500000100000600104000400010364010400BB
:10FF60000000000064010400B4000000640104000B
:10FF700047004700640104000000640064010400BD
:10FF800030094000600104000D0001036401040019
:10FF900002000200640104000100C00064010400CA
:10FFA00005000000640104000000C00064010400BA
:10FFB00064006400640104000E0047006401040052
:10FFC0000005000060010400150001036401040045
:10FFD00040003C08640104000000070064010400C4
:10FFE0000A000000600104001A000103640104001B
:10FFF00000C00000600104001D0001036401040052
:020000041002E8
:1000000010270000600104001F00010364010400C8
:1000100000001C0C640104000600102760010400AD
:1000200025000103640104000000320060010400A7
:10003000280001036401040000004C0A640104006C
:1000400000003F0164010400FFFF0004640104009C
:1000500046041E07640104000200EC09600104006C
:100060002E00010364010400000000806001040010
:1000700092010103640104006404000064010400AF
:1000800000004000640104009607000060010400C5
:1000900097010103640104001A08000060010400D4
:1000A000BF010103640104000000050060010400B9
:1000B0000804010364010400070200006001040059
:1000C0001004010364010400000001006001040049
:1000D0001C0C010064010200FFFF0000600104002D
:1000E0001D0C010064010200FFFF0000600104001C
:1000F0001A000103640104000000200C60010400E8
:1001000023000103640104000000A6076401040049
:100110000000A20A6001040026000103640104003B
:100120000A0E0B09640104000E02000060010400C5
:1001300032000103640104000000900B640104001C
:100140000000A0046401040000007C0660010400BB
:1001500058000103640104004252434D640104004D
:100160005F54455364010400545F53536401040019
:1001700049440000600104006000010364010400C0
:100180003900000064010400500000006401040014
:10019000C00000006001040070000103640104005D
:1001A000BE03BE0364010400BE03BE036401040079
:1001B000BE03BE0364010400BE03BE036401040069
:1001C0000004EA0364010400D403BE0364010400D4
:1001D0000B04F50364010400DF03C9036401040098
:1001E000BE03BE0364010400BE03BE036401040039
:1001F000BE03BE0364010400BE03BE036401040029
:100200000004EA0364010400D403BE036401040093
:100210000B04F50364010400DF03C9036401040057
:100220001604160464010400160416046401040094
:10023000220416046401040016042E046401040060
:100240001604160464010400160416046401040074
:1002500016041604640104003A0416046401040040
:100260001604160464010400160416046401040054
:10027000220416046401040016042E046401040020
:100280001604160464010400160416046401040034
:1002900016041604640104003A0416046401040000
:1002A00000001F0064010400FF031F00640104003C
:1002B000020000006401040002000000600104006C
:1002C000980001036401040000001F0064010400A1
:1002D000FF031F006401040001000000640104002A
:1002E0000100000060010400A0000103640104009B
:1002F00000001F0064010400FF031F0064010400EC
:10030000010000006401040001000000600104001D
:10031000A80001036401040000001F006401040040
:10032000FF031F00640104000100000064010400D9
:100330000100000060010400C0000103640104002A
:100340003724372464010400372437246001040073
:10035000BA01010364010400010007026401040002
:1003600007020703640104000700000060010400A5
:10037000DF010103640104002000CB0164010400DB
:1003800000005400640104000000AB086401040094
:1003900000001004640104008400020064010400F1
:1003A0000000140064010400CF0102006401040095
:1003B0004400000064010400AF080200640104006E
:1003C00010046400640104000202000064010400DF
:1003D0001000CA016401040002003C006401040032
:1003E0000000AA0864010400020010046401040073
:1003F00054000208640104000000080064010400C5
:10040000CE01000064010400340000006401040017
:10041000AE080000640104001004440064010400FC
:10042000020A0000640104000800C901640104001C
:1004300002003000640104000000A9086401040007
:1004400002001004640104003C0002106401040076
:100450000000040064010400CD01000064010400F8
:100460002C00000064010400AD08000064010400D9
:10047000100434006401040002120000640104004E
:100480000400C8016401040000002C0064010400A1
:100490000000A808640104000000100464010400C6
:1004A000300002196401040000000000640104002F
:1004B000CC010200640104002C000000640104006F
:1004C000AC08020064010400100430006401040060
:1004D000021A000064010400C0000A046401040060
:1004E00070000000640104003A010A046401040081
:1004F00028022CC064010400F2020A046401040012
:1005000000000001640104006000140464010400A0
:1005100038000000640104000201140464010400B6
:1005200014012CC064010400DE0114046401040001
:10053000000080006401040022003704640104000C
:100540001500000064010400DF00370464010400AA
:1005500065002CC0640104002E013704640104000E
:1005600000002F006401040011006E846401040087
:100570000B00000064010400D4006E8464010400D8
:1005800033002CC064010400FC006E84640104008C
:10059000000018006401040002008A9D6401040048
:1005A000FB00020864010400C54EFA006401040067
:1005B000020A833464010400FE0002106401040096
:1005C0006227F900640104000212421A6401040067
:1005D000FD00021964010400B113F8006401040075
:1005E000021A811164010400FC00021C6401040071
:1005F000C10FFC00640104000000C10F640104008D
:10060000FC00000064010400C10FFC006001040054
:1006100050020103640104000000000064010400B2
:100620000100711464010400040200006001040070
:10063000540201036401040001000000640104008D
:100640000100711464010400040200006001040050
:100650005802010364010400020000006401040068
:100660000100711464010400040200006001040030
:100670005C02010364010400030000006401040043
:100680000100711464010400040200006001040010
:100690006002010364010400000001006001040025
:1006A0006C020103640104002000000060010400EA
:1006B000120401036401040000000C006001040046
:1006C00050050103640104001800000064010400E7
:1006D000983A983A64010400A60E6400640104008C
:1006E0000000F4016401040004000000640104003F
:1006F000C8AFA86164010400204E1E00640104001C
:100700000000030064010400030000006401040011
:1007100050C30000600104005B0501036401040094
:100720000000140564010400E204000060010400FC
:100730005F05010364010400204E00006401040011
:1007400000000F0064010400F401030060010400D4
:100750006505010364010400000013006401040046
:1007600000000300640104000100070064010400AC
:10077000C8AF000064010400881300006401040095
:100780002C17DF40600104006C05010364010400C4
:1007900000002C01640104000000A00F60010400AF
:1007A0006F050103640104000000020064010400FD
:1007B00000002C0164010400C0000000640104007A
:1007C000C0440000640104006400000064010400EF
:1007D000DC05401F640104000000460064010400C1
:1007E0005000500064010400020000006401040095
:1007F000F50A0000600104007A05010364010400A9
:100800002010409C64010400204E0000640104009C
:10081000B80B0000600104007E05010364010400C0
:100820000000204E64010400000005006401040083
:10083000DC053F0064010400710200006401040053
:1008400030750000600104008605010364010400A6
:10085000C409A00F600104008905010364010400BC
:100860000000D007600104008B050103640104004F
:10087000204E204E600104008E0501036401040037
:10088000200080406401040000000A0064010400AC
:10089000E803E81C64010400384A00006001040019
:1008A000930501036401040000006400600104007A
:1008B0009F0501036401040002009402600104002A
:1008C000A105010364010400E100000060010400CF
:1008D000A4050103640104003075000060010400F8
:1008E000A705010364010400DC05000064010400A5
:1008F000581B000060010400AF05010364010400FF
:1009000000000F0064010400C80000006001040042
:10091000B205010364010400000002006401040048
:100920000000640060010400BB05010364010400D1
:10093000A861701760010400C4050103640104008C
:10094000BE00000060010400380C010064010200D8
:1009500000000000600104000300020064010400C4
:100960001F00000060010400040002006401040094
:10097000FF030000600104000500020064010400A0
:100980001F00000060010400060002006401040072
:100990000700000060010400070002006401040079
:1009A000040000006001040008000200640104006B
:1009B000FFFF000060010400090002006401040060
:1009C00000000000600104000A000200640104004D
:1009D00000000000600104000B000200640104003C
:1009E00000000000600104000C000200640104002B
:1009F00000000000600104000D000200640104001A
:100A000000000000600104000E0002006401040008
:100A100000000000600104000F00020064010400F7
:100A200000000000600104001000020064010400E6
:100A30001F000000600104001100020064010400B6
:100A400000000000600104001200020064010400C4
:100A500000000000600104001300020064010400B3
:100A600000000000600104001500020064010400A1
:100A70000000000060010400160002006401040090
:100A800000000000FFFF00000000000086060200DA
:100A9000D0090000800602003E3E000082060200EF
:100AA0003E020000000702003C0000008406020035
:100AB0001202000060010400030001006401020052
:100AC000C000000060010400030001006601020094
:100AD0000A0000006001040004000100640102003B
:100AE000140000006001040007000100640102001E
:100AF0008301000060010400250001006401020080
:100B0000F401000060010400C50501006601020057
:100B10002B04000060010400C6050100640102000E
:100B20000001000060010400E10101006401020015
:100B30003C00000060010400E601010066010200C3
:100B40003400000060010400EC01010064010200B7
:100B50003000000060010400F101010066010200A4
:100B60002C00000060010400F70101006401020094
:100B70002C00000060010400FC010100660102007D
:100B8000280000006001040002020100640102006C
:100B90002800000060010400070201006601020055
:100BA00028000000FFFF000000000000ED9F800013
:100BB000C1AD8000DDAE8000F9AB8000B5B0800033
:100BC00065AF8000C9B08000DDB0800071AD8000ED
:100BD00085AD800009AC800005B18000FDAA8000D1
:100BE000A1B0800065AE800035AA800081A18000A0
:100BF000C5A1800031A880008DA8800019A88000C0
:100C000079AF8000B1A68000ADAB80008DAB8000D5
:100C1000E5AB80008DA380007DAB800079A28000D1
:100C2000F5A3800045A7800045A0800039A1800081
:100C300065A3800039A0800055A080002D9F800012
:100C4000399F80000000000000000000000000004C
:100C500075A3800061A8800039A8800071A280007F
:100C600095A78000219F8000199F8000B9A0800077
:100C700085A08000E59E8000280000000F00000095
:100C80000401000008070000000707000007040037
:100C90000000040400000400000000010100000046
:100CA000000000000303000000000000000000003E
:100CB00000000000B108000000000000040404046B
:100CC00004010400E20400080A0000006A100000A9
:100CD000000000000000000031060000DDC88D00AB
:100CE0000404040404010400E20400080A000000F3
:100CF0006A10000000000000000000003104000045
:100D00008C2EBA000404040404010400E204000868
:100D10000A0000006A10000000000000181800001F
:100D200000000000000606000000000000000000B7
:100D300000000000311900000000A0000C0C0C0C99
:100D40000A030400E20400080A0000006A10000020
:100D50000000000000000000B112000027766200D1
:100D60000C0C0C0C0A030400E20400080A0000004A
:100D70006A1000000000000000000000B10C00003C
:100D80001443FD000C0C0C0C0A030400E2040008E0
:100D90000A0000006A100000E02E0101015000006E
:100DA00000000000C832020101490000899DD800FE
:100DB0004038030101420000AAAAAA00003C040135
:100DC000013E000000008000483F0501013B00009B
:100DD000D05E4200A0410601013900004992240082
:100DE000004B07010132000000000000584D0801CF
:100DF00001300000071F7C00204E09010130000077
:100E000000000000C05D0A01012800000000000091
:100E1000A8610B01012600006666660090650C0162
:100E200001240000C44EEC0030750D0101200000CB
:100E30000000000040830E01011C000024499200C4
:100E400018920F0201330000F93E5600009610027E
:100E50000132000000000000409C1102013000003F
:100E60000000000080BB120201280000000000000A
:100E700020CB130201240000C44EEC00000000004F
:100E80000000000000000000626F617264666C6127
:100E90006773330073707572636F6E666967000005
:100EA0000000000000000000B1190000ABAA0A0019
:100EB0000B0C0C0C0A030400E20400080A000000FA
:100EC0006A1000000000000000000000B1120000E5
:100ED000143BB1000B0C0C0C0A030400E2040008E4
:100EE0000A0000006A10000000000000000000007E
:100EF000310D00007A0534000B0C0C0C0A030400C1
:100F0000E20400080A0000006A100000000000006F
:100F100012100000000000000000000000000000AF
:100F2000B1190000000040000C0C0C0C0A03040076
:100F3000E20400080A0000006A100000000000003F
:100F400000000000B1120000FF88D8000C0C0C0C4F
:100F50000A030400E20400080A0000006A1000000E
:100F60000000000000000000B10D0000F0FF4E0086
:100F70000C0C0C0C0A030400E20400080A00000038
:100F80006A10000006000000BC010000C54200001D
:100F90003142000089450000780000000100000097
:100FA000394000003F400000414000008000000048
:100FB00068000000FB440000F7440000D14400003A
:100FC00067E6096A85AE67BB72F36E3C3AF54FA5DA
:100FD0007F520E518C68059BABD9831F19CDE05B06
:100FE000982F8A4291443771CFFBC0B5A5DBB5E994
:100FF0005BC25639F111F159A4823F92D55E1CAB08
:1010000098AA07D8015B8312BE853124C37D0C5595
:10101000745DBE72FEB1DE80A706DC9B74F19BC1DD
:10102000C1699BE48647BEEFC69DC10FCCA10C24CD
:101030006F2CE92DAA84744ADCA9B05CDA88F976B1
:1010400052513E986DC631A8C82703B0C77F59BF1B
:10105000F30BE0C64791A7D55163CA066729291447
:10106000850AB72738211B2EFC6D2C4D130D3853E4
:1010700054730A65BB0A6A762EC9C281852C7292A6
:10108000A1E8BFA24B661AA8708B4BC2A3516CC7D4
:1010900019E892D1240699D685350EF470A06A100D
:1010A00016C1A419086C371E4C774827B5BCB0345C
:1010B000B30C1C394AAAD84E4FCA9C5BF36F2E68FA
:1010C000EE828F746F63A5781478C8840802C78C89
:1010D000FAFFBE90EB6C50A4F7A3F9BEF27871C68C
:1010E0000123456789ABCDEFFEDCBA987654321008
:1010F000F0E1D2C3142030401C2010776C2564002E
:101100002530347800776C25643A202573202573C8
:101110002076657273696F6E2025732046574944A7
:101120002030312D25780A004E6F7620323920325A
:101130003032310032323A34393A3039006170207D
:10114000007374612000776D6520003830322E31D5
:10115000316420003830322E3131682000726D2029
:10116000006361632000616D7064752000616D70C3
:1011700064755F74782000616D7064755F727820AB
:1011800000616D73647572782000616D73647574AD
:10119000782000726164696F5F7077727361766541
:1011A000200070327020006D6368616E20006466FC
:1011B000727473200074787077726361636865205D
:1011C00000737462632D74782000737462632D72EF
:1011D000782D3173732000776E6D20006273737405
:1011E00072616E7320006D6670200073616520006F
:1011F0006964617574682000746B6F2000776C639C
:10120000006770696F6F757400000000E15601009F
:1012100002000080080000003D6F8900E20000002D
:1012200001000000000000000000000000000000BD
:1012300002000000000031316400313168003131BA
:1012400075005458204D435320203A002020256437
:10125000282564252529000A202020202020202060
:101260003A000000A187890007008000010000000B
:101270000000000000000000000000005258204D57
:10128000435320203A006170707300615F77706192
:1012900000615F777061690025733A20686F73742D
:1012A0005F656E61622025640A006273736366671E
:1012B00000627463006274635F646F735F73746170
:1012C00074757300955701000E00000007000000C0
:1012D000000000000000000000000000636D005FDF
:1012E0005F004B5200000000BC580100E0ED880098
:1012F0000000000000000000B058010000000000E5
:10130000AA580100A45801000000000000000000DD
:10131000805801002C590100885801007FB200005C
:1013200000000000000000000000000000000000BD
:1013300000000000000000000000000000000000AD
:1013400000000000000000009058010000000000B4
:10135000000000000000000000000000000000008D
:10136000000000000000000000000000000000007D
:10137000000000000000000000000000000000006D
:10138000000000000000000000000000000000005D
:10139000000000000000000000000000000000004D
:1013A00001000000B1580100000000000000000032
:1013B000323032312D31312D32392032323A34321D
:1013C0003A3434000000FF0000000000FF0000007D
:1013D00000236E000000FFFFF0000000000000008E
:1013E00000000000434C4D204441544100000C00DB
:1013F0000200392E31302E33390000000000000089
:10140000000000000000312E32392E3400000000B0
:10141000C4580100C8570100436C6D496D706F726C
:10142000743A20312E33362E3300000000000000C5
:1014300000000000000042726F6164636F6D2D3028
:101440002E3000000000000000000000000000003E
:1014500000000000636E7472790064756D705F69DE
:101460006E666F00138589000000004008000000D0
:101470000000000000000000000000006576656EBE
:101480007471006662740000115A010016000000B9
:10149000775A0100180000008F5A01001B0000005D
:1014A000275A01001C0000009CEF88000E0000007D
:1014B000DA59010033000000DA590100330000005E
:1014C000435A010034000000435A01003400000078
:1014D000435A0100340000009BEF88000100000027
:1014E000D05901000A0000009AEF880001000000B6
:1014F00003103036373839F4FFDD000102030406EB
:1015000007080920252829232A32300B0C42474698
:10151000333F4043363A3C3B2D3D484A7F59614575
:10152000626B6C6F70BFC0C3C4C744F4DD69656D86
:10153000000001322124302E46363B2D487F595E73
:101540006BBFC74485F4DD01320C35414630363778
:10155000393A382D3D484A7F5A5F58646EBFC0C73C
:1015600044F4DD00010203040605070809202528CC
:1015700029232A32300B0C2E333F40434247463654
:101580003A3C3B2D3D484A7F5659456B6C6F70BFC6
:10159000C0C3C4C744F4DD01320C35414636373A86
:1015A000382D3D484A7F5A5F6EBFC0C744F4DD0006
:1015B00001322124302E463637393B2D487F595E83
:1015C00057636BBFC744859CF4DD696572006C711D
:1015D000004449524543542D007068790000A4042A
:1015E00000400000A40400800080D004200000001F
:1015F000A404FF010000A40400040004A504FF03E8
:101600002C01A50400E000A0A504001C00000D04AE
:10161000FF0340000D0400700040A204FF034000DF
:10162000A20400700040A804FF000100D004C07FA5
:1016300000000C05FF010000A60400800080A60445
:10164000FF01FF009A04FF01FF00F4090080008001
:10165000F40900380020F409FF0337009904FF0360
:1016600078009F0400C000409F04FF039001D7044E
:1016700008000800D70400700020AC093C001400EA
:10168000F80904000400706B745F66696C7465721D
:10169000000000000C000000FFFFFFFFFFFFFFFF46
:1016A000FFFFFFFF70726F745F670070726F745F8F
:1016B0006E000000EC5B0100070000000700000066
:1016C000FD5B0100060000000100000000000000BA
:1016D000000000000000000053414520486173688D
:1016E00020746F20456C656D656E742075312050D7
:1016F0003100534145204861736820746F20456C68
:10170000656D656E74207532205032007361655FBF
:101710006D61785F7077655F6C6F6F700073616586
:101720005F7077655F686E705F656E61626C6500A3
:10173000405C01002700000007000000585C010029
:1017400028000000070000006E5C01002600000079
:101750000700000000000000000000000000000082
:101760007374665F74656D705F6D696E5F647574C8
:10177000795F6379636C65007374665F74656D701F
:101780005F6D6F6E69746F725F74696D65007374FD
:10179000665F74656D705F74687265736800696414
:1017A000737570007470630074786300776170699A
:1017B0000000000000000000000000000000000029
:1017C000600A000080380100736470636D646576A0
:1017D0000000000000000000005D010000000000AB
:1017E00000000000000000000000000000000000F9
:1017F00000000000C5DF800045F6800059F680003B
:10180000C9DF8000BDDF800089DF800051DD8000FE
:101810000000000055F680000000000000000000FD
:10182000C57C0100A17C01008B7C0100E1F68000F9
:1018300000000000A5F68000F9F68000C1F68000E7
:10184000EDF6800000000000000000000000000035
:10185000158801006988010000000000118801005E
:10186000258C0100F5890100598901000000000064
:101870000000000000000000000000000000000068
:10188000C5890100000000001D1E1C0B80BA8C01E0
:1018900000C20100F2000000810000001000000002
:1018A000C0AD3A0200C20100EC000000810000005F
:1018B00022000000776C0000000000000000000023
:1018C00000000000C05D01000000000000000000FA
:1018D0000000000000000000000000000000000008
:1018E00035E201001D8E8100E9898100298F810088
:1018F00000000000B58C810000000000FD8D81001B
:1019000000000000000000000000000000000000D7
:1019100001000300030006000000030003000300B1
:101920000E000D000E000E000E00020009000C005B
:101930000A0008000D00010009000C000A00080060
:101940000D00010009000C000A0008000D00010054
:1019500009000C000A0008000D0001000A000D003B
:101960000B0009000E0002000A000D000B00090028
:101970000E0002000900390016000E000E000500DE
:101980000900390016000E000E0005000A000D00C7
:101990000B0009000E0004000A000D000B000900F6
:1019A0000E0002000A000D000B0009000E000200EC
:1019B0001400BF00C0001500110005001400BF0096
:1019C000C0001500110005001400BF00C000150084
:1019D000110005001400BF00C00015001100050033
:1019E0001400BF00C00015001100050009003900F7
:1019F00016000E000E0005000900390016000E004A
:101A00000E0005001400BF00C00015001100050005
:101A10000900390016000E000E000500090039000B
:101A200016000E000E0005009600DE00DF00150017
:101A3000110005001400BF00C000150011000500D2
:101A40000900390016000E000E00050009003900DB
:101A500016000E000E0005000900610016000E00C1
:101A60000E0005000900390016000E000E000500EA
:101A70000C00B6001900110011000800090039001F
:101A800016000E000E0005000900B6001900110036
:101A9000110008000900B60019001100110008002B
:101AA0000900B600190011001100080009003900F2
:101AB00016000E000E0005000900B6001900110006
:101AC000110008000800370016000E000E00050087
:101AD0000900B60019001100110008000000000004
:101AE00000000000000000000000000000000000F6
:101AF00000000000000000000000000000000000E6
:101B000000000000000000000000000000000000D5
:101B100000000000000000000000000000000000C5
:101B200000000000000000000000000000000000B5
:101B300000000000000000000000000000000000A5
:101B40000000000000000000000000000000000095
:101B50000000000000000000000000000000000085
:101B60000000000000000000000000000000000075
:101B70000000000000000000000000000000000065
:101B80000000000000000000000000000000000055
:101B90000000000000000000000000000000000045
:101BA0000000000000000000000000000000000035
:101BB0000000000000000000000000000000000025
:101BC0000000000000000000000000000000000015
:101BD0000000000000000000000000000000000005
:101BE00000000000000000000000000000000000F5
:101BF00000000000000000000000000000000000E5
:101C000000000000000000000000000000000000D4
:101C100000000000000000000000000000000000C4
:101C200000000000000000000000000000000000B4
:101C300000000000000000000000000000000000A4
:101C40000000000000000000000000000000000094
:101C50000000000000000000000000000000000084
:101C60000000000000000000000000000000000074
:101C70000000000000000000000000000000000064
:101C80000000000000000000000000000000000054
:101C90000000000000000000000000000000000044
:101CA0000000000000000000000000000000000034
:101CB0000000000000000000000000000000000024
:101CC0000000000000000000000000000000000014
:101CD0000000000000000000000000000000000004
:101CE00000000000000000000000000000000000F4
:101CF00000000000000000000000000000000000E4
:101D000000000000000000000000000000000000D3
:101D100000000000000000000000000000000000C3
:101D200000000000000000000000000000000000B3
:101D300000000000000000000000000000000000A3
:101D40000000000000000000000000000000000093
:101D50000000000000000000000000000000000083
:101D60000000000000000000000000000000000073
:101D70000000000000000000000000000000000063
:101D80000000000000000000000000000000000053
:101D90000000000000000000000000000000000043
:101DA0000000000000000000000000000000000033
:101DB0000000000000000000000000000000000023
:101DC0000000000000000000000000000000000013
:101DD0000000000000000000000000000000000003
:101DE00000000000000000000000000000000000F3
:101DF00000000000000000000000000000000000E3
:101E000000000000000000000000000000000000D2
:101E100000000000000000000000000000000000C2
:101E200000000000000000000000000000000000B2
:101E300000000000000000000000000000000000A2
:101E40000000000000000000000000000000000092
:101E50000000000000000000000000000000000082
:101E60000000000000000000000000000000000072
:101E70000000000000000000000000000000000062
:101E80000000000000000000000000000000000052
:101E90000000000000000000000000000000000042
:101EA0000000000000000000000000000000000032
:101EB0000000000000000000000000000000000022
:101EC0000000000000000000000000000000000012
:101ED0000000000000000000000000000000000002
:101EE00000000000000000000000000000000000F2
:101EF00000000000000000000000000000000000E2
:101F000000000000000000000000000000000000D1
:101F100000000000000000000000000000000000C1
:101F200000000000000000000000000000000000B1
:101F300000000000000000000000000000000000A1
:101F40000000000000000000000000000000000091
:101F50000000000000000000000000000000000081
:101F60000000000000000000000000000000000071
:101F70000000000000000000000000000000000061
:101F80000000000000000000000000000000000051
:101F90000000000000000000000000000000000041
:101FA0000000000000000000000000000000000031
:101FB0000000000000000000000000000000000021
:101FC0000000000000000000000000000000000011
:101FD0000000000000000000000000000000000001
:101FE00000000000000000000000000000000000F1
:101FF00000000000000000000000000000000000E1
:1020000000000000000000000000000000000000D0
:1020100000000000000000000000000000000000C0
:1020200000000000000000000000000000000000B0
:1020300000000000000000000000000000000000A0
:102040000000000000000000000000000000000090
:102050000000000000000000000000000000000080
:102060000000000000000000000000000000000070
:102070000000000000000000000000000000000060
:102080000000000000000000000000000000000050
:102090000000000000000000000000000000000040
:1020A0000000000000000000000000000000000030
:1020B0000000000000000000000000000000000020
:1020C0000000000000000000000000000000000010
:1020D0000000000000000000000000000000000000
:1020E00000000000000000000000000000000000F0
:1020F00000000000000000000000000000000000E0
:1021000000000000000000000000000000000000CF
:1021100000000000000000000000000000000000BF
:1021200000000000000000000000000000000000AF
:10213000000000000000000000000000000000009F
:10214000000000000000000000000000000000008F
:10215000000000000000000000000000000000007F
:10216000000000000000000000000000000000006F
:10217000000000000000000000000000000000005F
:10218000000000000000000000000000000000004F
:10219000000000000000000000000000000000003F
:1021A000000000000000000000000000000000002F
:1021B0000000000000000000000000002DE9F843CE
:1021C00005468846FBF33EF200212846FBF382F3E6
:1021D000044628466E69AF69F3F3F0F30A2E814690
:1021E00016D90F2E16D02846FAF31EF5142E0546E2
:1021F00003D9A36823F00803A360A368142E43F057
:102200000103A36014D9A36843F00803A3600FE09F
:10221000022E0FD92846FAF375F5D4F8A4300546F6
:1022200023F0FF0343F00203C4F8A430022303E0C9
:10223000012301E0104D3023A268D20707D407F034
:102240001802082A0CBFB5FBF3F54FF4E11507F0AF
:10225000030700260BE004F54073B8F1000F05D02A
:102260003002181849462A460023C0470136BE42AC
:10227000F1DBBDE8F88300BF00C63E052DE9F84359
:102280001646984604460D46FAF374F500210746B3
:102290002046FBF31FF3002281461346134988189A
:1022A0004068B0B90C225343CA18CE505560C2F8EA
:1022B00008802046FBF3C6F1D9F824300C4D1E43AC
:1022C0002E602046FBF3BEF12B680125C9F82430AF
:1022D00004E001330C32052BE0D1002520463946BD
:1022E000FBF3F8F22846BDE8F88300BFBC5F0100AD
:1022F000E403000038B5124C002148222046F0F3D8
:1023000065F4104A012384E80C0000250E491F22C1
:1023100004F10C00F0F332F584F82B50F5F31CF3C4
:102320004FF40023A3634FF40003E363074B2063E0
:102330002364074B6563DB696564A36038BD00BF38
:102340001860010044454247403901001C2B090038
:10235000706001004369142B01DDFAF317B5704773
:10236000436910B50A2B04460ADD064901220346DB
:10237000FFF784FF20460121BDE8104007F096BA20
:1023800010BD00BF89160000C36910B55907044687
:102390000CD5074B00221968FBF3B4F00549204621
:1023A00010222346BDE81040FFF768BF10BD00BFF4
:1023B0002C040000FDB18000134B13B513601346CD
:1023C00001E0114C1C600433ADF17C04A342F8D34E
:1023D000C41C24F003040D4B091B0D481960002395
:1023E00003600C48083903600B4884E80A00036066
:1023F0000A4802600A4802F500520260094A136066
:10240000EAF7C6FE44601CBD4B415453F403000080
:10241000140400004804000004600100686001002A
:1024200010600100F003000008B500211420EAF755
:10243000BDFE054B002118601422F0F3C7F3BDE880
:102440000840F5F301B100BF300400002DE9F0476A
:102450004D1C2946824605F0A1FB134C206000B3B9
:102460004FEA850948460021EAF7A0FE0F4F804653
:1024700038600F4E68B14A460021F0F3A7F3206898
:102480000021F0F33FF73B6800221A603560BDE899
:10249000F0875046216805F0D5FBC6F80080C4F8E7
:1024A0000080BDE8F08700BFF8030000E8030000EB
:1024B00004040000F0B5184F85B00F21386805F00E
:1024C000C3FA0F2803903E4624D184200021EAF766
:1024D0006DFE124C2060D0B100218422F0F376F31F
:1024E0000025012304AA42F8043D009501953868AF
:1024F00021684FF4F06305F0D5FA0130206803D06D
:102500003221ECF751FA05E0EAF7D8FE2560306891
:1025100005F0B8FA05B0F0BD2C040000440400003A
:10252000B1F5E06F73B504460E46154606D1036952
:102530000091002101911E680A460CE00D4B00221B
:102540001868FBF3B9F1014680B1236900220096B7
:1025500001921E6820462B46B04738B1064BA06159
:102560001A68656122621C60002001E04FF0FF30B4
:102570007CBD00BF00040000F85F01002DE9F843B6
:1025800010200C46002191469846EAF70FFE0546BA
:1025900020B3144E3068FAF3EDF3099B074623B9D4
:1025A000306821464A46FBF387F13068FAF35CF560
:1025B00001238340089AEB60AA600B4AC5F80480A7
:1025C00011681560094A2960116830680B4313606F
:1025D0003946FBF37FF10020BDE8F8836FF01A0065
:1025E000BDE8F883000400003C0400001004000073
:1025F00013B500210446FBF36DF1174B1860174B20
:1026000000F5706018606369222B12DDE3695806DB
:102610000FD540F6270100222046FAF311F50146B6
:102620002046FBF357F10E4B002118602046FBF3C8
:1026300051F100204FF4006102460A4B00900190D6
:10264000FFF79CFF28B1012002B0BDE81040F4F371
:1026500077B602B010BD00BF2404000094600100F2
:1026600034040000E9B1800073B5374B374C019357
:10267000374B0021202220461D682669F0F3A6F280
:1026800001232360334B26611B68E36145F8044C4A
:1026900000F048FCADF5FE513C390A462E48FFF7E4
:1026A0008BFEF4F33DF3F4F3A5F700F073F8FFF7B6
:1026B00021FE002006F0D4FD284D294C286007F0AB
:1026C0000FFA2060FFF794FFFFF7AEFE206800F0DE
:1026D00029FB206806F0E8FD224B20681A6802F505
:1026E00080321A60204B1A6802F580321A601F4B44
:1026F0001A6802F580321A6000F0C0F800221C4807
:102700001C49F5F3E7F002221B481C49F5F3E2F0FF
:1027100000221B481B49F5F3DDF000221A491B4833
:10272000F5F3D8F02068FFF715FE2068FFF718FED4
:102730002068FFF729FE286840F28F11FFF786FE18
:10274000FFF7B8FE20687CBDADDEADDE7060010035
:10275000945C0100906001008C6A03002C0400006E
:1027600000040000F40300001404000004600100F1
:102770008DDA8900891900001385890041B4800031
:10278000943B010091B680001DB28000973B010090
:102790007047000070B5174D2C682CBBB020214647
:1027A000EAF704FD286010B32146B022F0F30EF2E0
:1027B0004FF4806021462E68EAF7F8FCB060286884
:1027C00086681EB9EAF77AFD2E600DE04FF480624C
:1027D000C26021463046F0F3F9F12B68064A2046E4
:1027E0001360064A536170BD4FF0FF3070BD4FF06B
:1027F000FF3070BDA860010050040000706001004F
:1028000070B5184C0546236833B9174E33680BB9B9
:10281000FFF7C0FF33682360206808B3002303601C
:10282000C0F89C304360012380F8A4306B6C0E3BF1
:10283000012B03D928460D49FFF7C0FC0C4B9A68C1
:1028400012B12268C2F89C3020680123C0F89C3085
:10285000F5F31EF0074808492268F5F33BF02068BD
:1028600070BD00BF50040000A8600100716C010041
:1028700098600100242B870011BE800010B5002352
:10288000044610220A49FFF7F9FC00212046FAF31A
:1028900065F7002220464FF4A051EDF76DFF054B80
:1028A000002220469A60BDE81040FFF7A9BF00BF94
:1028B000E5BC80009860010038B504460D4651B172
:1028C0001020F5F39FF1044B186020B180E8300030
:1028D0004FF4F063836038BDAC600100134B0246D7
:1028E0001B68006810B500F47041DC1E090B042C55
:1028F00008D800F47060000A0E30012313FA00F0CB
:10290000484310BD072B0CD8002010BD43F4807441
:102910001461146C013304F07F0401346403001962
:1029200001E0002318468B42F0D110BD5014000086
:1029300003684068181823F00703083398428CBFD7
:102940000020012070470000044B054A186890429F
:102950001ABF00F108021A6000207047A05C010055
:10296000001000002DE9F34190E8480023F007042F
:10297000083413F0070202D19D19AC424AD0354603
:102980008068002203E0875C0DF802700132B242D9
:10299000F9D19E18A64204D900293DD0361B951BBB
:1029A00000E0002623F00707C7EB030C002204E039
:1029B00012F8078000F8028001326245F8D18218CF
:1029C000002003E01DF8007017540130A842F9D12F
:1029D0005B195219E71A002004E013F800C002F84E
:1029E00000C00130B842F8D1002E18DD00AB5D19EF
:1029F0000023EA5CCA540133B342FAD1C918E4187F
:102A00000022C3F1080302E0A05C885401329A421C
:102A1000FAD104E0104603E04FF0FF3000E0002060
:102A2000BDE8FC812DE9F0471C4B1D4C0026C4EB92
:102A300003081C4B4FEAA80803FB08F8474629E0A7
:102A40002368D4F808A023F0070900251AF8052008
:102A500015F809309A4202D00120F4F371F40135DF
:102A6000082DF3D12046FFF763FF88B90E4B0546CA
:102A700003EBC70A013705EB09031AF805201B7A97
:102A80009A4202D00120F4F35BF40135082DF2D113
:102A900001360C344645D3DBBDE8F08790130000C7
:102AA00000100000ABAAAAAA00080000144B2DE9F0
:102AB000F0471B68134D9B68134F03F00F097F1BF2
:102AC0000123124A03FA09F9BB1002FB03F800269E
:102AD000444606E02846FFF72BFF00B901340136D3
:102AE0000C354645F6DB2246BB104FF0553404FB4F
:102AF000032307484946BDE8F047F0F38DB000BF17
:102B00004C1400000010000090130000ABAAAAAA09
:102B1000A93B010041F4003138B54263044601632A
:102B2000652502E00A20F4F355F5236B002B01DB49
:102B3000013DF7D138BD836A43F00043836270479B
:102B4000836A23F0004383627047F8B586680546C0
:102B500001240F4606F00F06FFF7F2FF14FA06F6FF
:102B6000AC62EF62002405E0A1B228460022FFF724
:102B7000D1FF0134B442F7DBF8BD00002DE9F0418C
:102B8000FFF7E2FE194E1A4BDFF87080194FF61A64
:102B9000194BC8EB0707002814BF05461D4604461D
:102BA0005D1BFFF783FF47B1002140463A46F0F333
:102BB0000DF040463946F4F383F146B100210C484C
:102BC0003246F0F303F00A483146F4F379F155B197
:102BD000002120462A46EFF3F9F720462946BDE8B2
:102BE000F041F4F36DB1BDE8F08100BF9013000037
:102BF000001000000008000000100000C5040000E4
:102C0000424B2DE9F74F1D6841492846FFF79DFFCC
:102C1000404A414BA968D31A404A9B105A4301923B
:102C200071D0012001F00F0110FA01F18A4201DD9B
:102C3000F4F386F32846FFF751FE394BA0F1040B5D
:102C40001A6899460E2A01D8861000E001264FF036
:102C50000008314C4CE06368013B072B01D8A368A6
:102C600013B90120F4F36CF32046FFF761FE38B985
:102C7000FFF76AFE074620B90120F4F361F300E094
:102C8000002720463946FFF76DFE10B10120F4F30E
:102C900057F3DFF87CA0A1682268D9F80030CAEBAE
:102CA000010122F00702C9100E2B96BF02EA0B02A7
:102CB000324346EA920289B22846FFF72BFFA7B1BA
:102CC0002268D9F8003022F00702CAEB0701083267
:102CD000C9100E2B98BF02EA0B0289B28CBF324397
:102CE00046EA92022846FFF715FF08F101080C3466
:102CF000019B9845AFDB2846FFF71DFF03B0BDE8F9
:102D0000F04FFFF78FBE03B0BDE8F08F4C1400000A
:102D1000000800009013000000100000ABAAAAAA4F
:102D2000501400002DE9F7430446FAF38BF42046D3
:102D300000F008FA6B48EAF71DF92046F2F334F682
:102D400000F578704FF47A730730674FB0FBF3F0FB
:102D500038602046F2F328F6644B654AC31861696F
:102D6000B3FBF2F3634A22291360634E634D04DD23
:102D7000E369580601D5336800E02B6803F5C263A8
:102D80000433D3F800E030682B68222905DDE269BE
:102D9000520602D500F5C26201E003F5C2620432B8
:102DA00012689645F1D0222905DDE269520602D566
:102DB00000F5C26301E003F5C2630433D3F8008079
:102DC000EAF7B8F83168814660692A681025222838
:102DD00005DDE3695B0602D501F5C26301E002F59A
:102DE000C26304331B689845F1D0222805DDE369EE
:102DF0005E0602D501F5C26301E002F5C263043349
:102E0000013DD3F80080E2D1EAF794F83A68C9EBC3
:102E10000006B2FA82F39A40191FB2FBF6F2384B61
:102E200001321A604FF47A73A2FB03233548CA407B
:102E30000160C1F1200113FA01F08018ECF742FBA8
:102E4000396804230FE0B5FA85F2B6FA86F0013A44
:102E50008242A8BF0246964095409B18B6FBF1F20D
:102E600001FB1266551915F0404FECD0264A13604D
:102E7000264B40F2FF321D60236A002B244BC8BF53
:102E80006FF07F421A606369222B0CDDE3695806FC
:102E900009D5002040F6270102461E4B0090019004
:102EA000FFF76CFB05E020461A4920220023FFF7BC
:102EB000E5F900201849F0F301F5184D286078B1C4
:102EC0000120F4F36DF220462D68F2F36DF5B5FBA9
:102ED000F0F04FF47A754543114BA5F5FA651D6086
:102EE000BDE8FE83E91E0000A45C01003F420F0024
:102EF00040420F00B403000034040000240400002A
:102F0000A8030000AC030000A4030000A00300001D
:102F1000B003000019B980008C8502008404000011
:102F2000800400000D4B00211A6842F010021A6064
:102F30001A6822F400721A60094A136843F0807319
:102F400043F480331360074B07221A6043F8041CD4
:102F500059685A60044B20221A60704714ED00E053
:102F6000FCED00E0241000E000E400E070B5044651
:102F70000E46FAF367F32046F9F3FCF60546EAF746
:102F80005BFD40F62A0102462046FAF395F4826979
:102F9000436926B142F0004243F0004303E022F0CF
:102FA000004223F000438261294643612046BDE888
:102FB0007040FAF38FB42DE9F84304461E4690465C
:102FC0000D46FAF33FF32046F9F3D4F64146324674
:102FD00007462046FAF370F42046FAF345F0064619
:102FE000EAF72AFD40F62A0102462046FAF364F485
:102FF0004FF00108814685B108FA06F5836933EA86
:10300000050502D14046E9F787FF01360120B040AF
:10301000E9F774FFC9F818500EE0701C08FA06F6BC
:1030200008FA00F0E9F778FF4046E9F767FFD9F8BA
:1030300018301E43C9F8186020463946BDE8F843E9
:10304000FAF348B4034630B1002000E01046421CB9
:103050005B08FBD1704770470346032B10B5104641
:103060000C461DD8FAB1022B0BD0032B14D0012B28
:1030700003D0FFF7E7FF0D4B06E0FFF7E3FF0C4B34
:1030800002E0FFF7DFFF0B4B186043F8044C5A686F
:1030900004225A60002010BDFFF7D4FF064BF3E76F
:1030A0006FF0010010BD6FF0010010BD241000E0B2
:1030B000341000E0441000E0541000E050B1431E12
:1030C000034207D0002300E013465A1C4008FBD1FE
:1030D000012098407047000070B5EAF7E3F9044614
:1030E000EAF7DAF9164E241826F4FE4626F0FF0613
:1030F00006F50046A41B1ED00125B4F5004F0FD3E2
:10310000284631464FF40042FFF7A6FFB0B901351B
:10311000EDB2042DA4F5004406F50046EDD170BDD6
:1031200020465CB1FFF7CAFF314602462846BDE89B
:103130007040FFF791BF4FF0FF3070BD70BD00BF12
:103140008C6A03002DE9F8430446FAF37BF220462B
:1031500040F60E010022FAF3AFF30546002838D0FE
:103160002046FAF36BF2014618B920460A46F9F3F5
:10317000F5F520462F68D5F80080F9F303F604280A
:10318000064605D825D108F4E028B8F5403F20D1FF
:1031900000205049F0F392F3D8B907F0F0073F0947
:1031A0000FE0013F072E2F6108D90C2E06D02B6CA3
:1031B00003F44063B3F5406F00D010B1464B0120DB
:1031C0006B61002FEDD1D5F8E83123F01003C5F87D
:1031D000E831EAF731FC40F62A0102462046FAF3CC
:1031E0006BF33E4D06462860EAF726FC3146024660
:1031F0003B48EFF311F52046F9F3C4F5394B18605D
:103200002B681A6842F080721A601A6842F0020253
:103210001A600022C3F8E0216269272A05DDD3F88D
:10322000E02142F04002C3F8E02140F2DD5602E026
:103230000A20F4F3CFF12B68D3F8E0319B0301D4DB
:10324000013EF5D100210B4620464FF40062FFF706
:10325000B2FE00210B46204640F61202FFF7ABFEFD
:1032600000210B46204640F62902FFF7A4FE204627
:103270000121FFF77BFE00201B49F0F31FF300B391
:103280002046F9F377F50646EAF7D6FB40F62A0121
:1032900002462046FAF310F3D0F814900746D0F80F
:1032A00098802046F9F366F50123834043EA090339
:1032B0007B6148F00103C7F8983020463146FAF3A5
:1032C00009F32B681A6A42F003021A62BDE8F84358
:1032D000FFF702BF97850200FF7F0121B060010068
:1032E000BB3C0100B8600100A28502000721C0F8C4
:1032F000A4114021C0F8A8114FF4F061C0F8C81122
:103300001821C0F8CC1108210122C0F8D0110621E3
:103310000A23C0F89C21C0F8B021C0F8DC11C822F3
:103320001C21C0F89831C0F8B42120231022C0F825
:10333000E0110C21C0F8A031C0F8BC31C0F8C03198
:10334000C0F8C421C0F8D431C0F8E4110323C0F898
:10335000E8210421C0F8F0210022C0F8D831C0F8DB
:10336000EC11C0F8F421C0F8FC21C0F8003270471D
:1033700041F2E443984206D144F2F4300B1A584229
:1033800040EB0300704700207047D0F81C1238B59E
:10339000044659B1806804F0D0FB0546D4F81C02FD
:1033A000F4F33CF40023C4F81C3200E00D46284638
:1033B00038BD7FB50446062384200393F4F31CF440
:1033C000C4F81C02B8B100218422EFF3FFF30025FA
:1033D0001C23A068D4F81C1203AA0095019504F0E0
:1033E00061FB0646013008D1D4F81C02F4F316F450
:1033F000C4F81C5201E04FF0FF36304604B070BDF7
:103400002DE9F04104460D461646984640F2E9374C
:1034100002E00A20F4F3DEF063691A6D002A04DA90
:10342000013FF6D13846BDE8F081069A464436029F
:10343000B2F1807F46F0004603D12A7842F08072D4
:10344000B6181E6540F2E93602E00A20F4F3C2F035
:1034500063691B6D002B03DB2B700120BDE8F0813D
:10346000013EF2D13046BDE8F08100002DE9F04385
:103470008BB01D46DDF848909F4B0846C3F800907E
:1034800011461746FFF774FF002800F030814FF413
:103490000B70F4F3B1F30446002800F029810021F9
:1034A0004FF40B72EFF392F3A560C4F8149020462A
:1034B000FFF71CFF914B1E68C4F818621EB13678E6
:1034C000003618BF012604F1280840460221412297
:1034D000F0F382F4002300930193029338462946C7
:1034E0004A46139B06F024FBE060002800F0FA80B7
:1034F000F9F338F42060E068F9F344F46769804A2E
:103500007B68804903F0010383F00103D4F800C015
:10351000002B18BF114684F87A3140F629039C45E8
:103520006060D4F808E0E26807F5007303D110B1D9
:1035300007F5087701E007F504770097D4F8BC0198
:103540000190D4F8C0010290D4F8C80103904FF064
:10355000FF300490D4F8C4010590082006900020A4
:103560000790704604F04EFC6062002800F0BA80BC
:10357000D4F81812644FB9B10B78ABB1D7F8B030AA
:10358000984762492246D4F81802F0F32DF3D4F894
:1035900018025F49224604F0F1FA2EB12046FFF7E7
:1035A00008FF002840F09E8002210A46D7F8B83074
:1035B000606A984720460021E2682B4600F06EF9C9
:1035C0002061002800F08E8000210B462046514AE1
:1035D000F3F336F50023C4F8940184F87D314E48A6
:1035E000F5F304F010B3EFF347F5012383404B48A4
:1035F000C4F88431F4F3FAF710B1EFF33DF508B1F4
:10360000D4F88401C4F8880145490020F0F356F14C
:10361000030CA4F88C31A4F88E013BB100212046A4
:10362000404A0B46F3F30CF5C4F8900100203E49E4
:10363000F0F344F1012808BF84F822022046F6F393
:1036400091F4002835D000200125C4F8A40184F8A5
:103650002A523649F0F332F120B184F80552344849
:10366000EFF3DAF200203349F0F328F1C0B28DF81D
:10367000260068B100F00F004FF080730AA901F82E
:10368000020D4FF44072009320460F23FFF7B8FE5F
:103690000AA9082301F8013D636900221D6F1A671A
:1036A0004FF0807300932046F023FFF7A9FE636973
:1036B0001D67214922462148F4F30CF12048F3F319
:1036C000ABF7204B04F58472511C1A600332DA60A8
:1036D000D4F8F020596004F585719960C3F8108022
:1036E0005A6105E02046F4F399F2002400E0044614
:1036F00020460BB0BDE8F0838804000044040000BD
:10370000B9850200CB85020010A7880051E7800030
:10371000CDE7800091F08000E08502000A8602007B
:1037200002860200EDE68000D5850200C185020018
:10373000E9850200AD85020095E68000E03C0100CD
:10374000F9E28000BC60010038B50025044680F82D
:103750007951006900F0DEF82046F6F3F5F5E068EF
:103760002946F9F3F9F2D4F8940128B1F3F3ECF314
:10377000D4F89401F3F312F4D4F8900128B1F3F3E0
:10378000E3F3D4F89001F3F309F4E06805F078FF6F
:10379000D4F81C3223B11B7813B12046FFF7F5FD96
:1037A0002046BDE83840F4F339B210B58469A0680A
:1037B000FFF7CAFFE06805F061FD002010BD0000C2
:1037C00010B584690021342204F11C00EFF3FEF1EE
:1037D000034BA06863622462F6F32AF3002010BD55
:1037E00091F680002DE9F347274D99462B68064650
:1037F000072B0F46924640DC05F032FD80465020F4
:10380000F4F3FAF1044600283AD000215022EFF3F5
:10381000DDF12B68A4F8149084E848002761C4F80F
:103820000C80204641F2E4414A4643468DE880043C
:10383000FFF71CFEA06010B300200A990B9A134BEF
:103840008DE84004FEF79AFE074618B1A068FFF71E
:103850007BFF12E0A068F6F367F12B68A0610F21EF
:103860000B4A3046EFF318F2F7730A483146EFF38C
:10387000D3F12B6801332B6002E0002400E0044602
:103880002046BDE8FC8700BFD4600100C1F680007F
:103890003386020013860200F4F3C0B12DE9F04133
:1038A0001B4F98463B780546072B144626D85420D4
:1038B000F4F3A2F1064610B300215422EFF386F18F
:1038C0003B78002286F8443001333B700123B4601A
:1038D00086E82001A6F84C20A6F85020A6F84E2035
:1038E000A6F85220B3640420F4F386F10446306451
:1038F00040B100210422EFF369F100E000263046D8
:10390000BDE8F0813046F4F389F12646F7E700BFC1
:10391000D8600100C26B1AB100235362826B5362FC
:10392000C068FFF7B9BF0000054A064BD17E197089
:10393000117F5970517F9970927FDA70704700BF84
:103940008C6A0300906001002DE9F04F8FB0E9F719
:10395000A9FD474E474D3368049005932B68B3F596
:10396000805F00F28180444F44493868EFF3A6F746
:1039700001287AD02B68DFF81C910393D9F8003026
:1039800000240693DFF810812368DFF810A1079365
:10399000D8F80030DFF808B10893DAF80030384A78
:1039A0000993DBF80030D7F800C00A93354B126852
:1039B00019680C920B913449301D0968039A0D91D6
:1039C0006146CDF808C00193EFF37CF021462A68E8
:1039D0003868EFF3FBF02D4A019BCAF80020284914
:1039E000294A04981C6014600C604FF0FF32311AB1
:1039F0003C60C9F800402C60C8F80040CBF800409B
:103A0000EFF38CF70599019BCA439042DDF808C09B
:103A100029D1039A06992A60C9F8001021681C4A26
:103A2000C7F800C01160079A08992260099AC8F87F
:103A30000010CAF800200A990B9ACBF800101A60FF
:103A40000F490C9B039A0B600D9B0F4960460B605E
:103A5000311DEFF337F02A68301D21460FB0BDE865
:103A6000F04FEFF3B3B0FEE7FEE70FB0BDE8F08F25
:103A70008C6A03009C5C0100985C01008286020055
:103A80004C1400004814000050140000DDBAADBB17
:103A900038140000945C0100441400003414000049
:103AA0004014000070470000774B2DE9F04F1B6871
:103AB00091B0043B012B03D8744B1868FFF7F2FF59
:103AC000FEF7D2FD00210446F9F334F72046002129
:103AD000F9F300F7054658B12046F9F3B3F52B6A20
:103AE000002B05DA2046F9F3ADF54FF000432B62C9
:103AF000E9F7CBFF2046F9F3CBF00EA90822EFF34C
:103B0000F1F202462046D4F840B00B92F9F38CF063
:103B100082462046F9F388F081462046F9F384F086
:103B200080462046F9F3EEF007462046F9F3EAF026
:103B300006462046F9F3E6F005462046F1F334F751
:103B4000014620460C91F1F32FF784462046CDF82C
:103B500034C0F1F329F70B9A0C99DDF834C00292C6
:103B600008F542484A4A05F5424500F542400AF543
:103B7000424A09F5424908F5A87807F5424706F593
:103B8000424605F5A87501F542410CF5424C00F599
:103B9000A870B8FBF2F8B5FBF2F50CF5A87CB0FB09
:103BA000F2F00AF5A87A09F5A87907F5A87706F5DD
:103BB000A87601F5A871B1FBF2F1DFF8F8E0BAFBE5
:103BC000F2FA02FB1899B7FBF2F702FB156602FB4B
:103BD00010C2CDF804E0DFF8E0E02E4BB2FBFEF2BD
:103BE000B9FBFEF9B6FBFEF6089109922A492B4A69
:103BF0002B480093CDF80CB0CDF810A0CDF8149060
:103C000006970796EFF308F0264840F60D0144F2B8
:103C1000F432FEF785FC38B1224840F6290144F21F
:103C2000F432FEF77DFC20B91F4A204B1D4D1A606F
:103C300000E00025204605F01BFE44F218334FF645
:103C4000FF72904214BF02461A4640F6120118480D
:103C5000FEF766FC1649002818BF00214DB141B19E
:103C6000124B28461B685B6898472B6928465B689F
:103C700098472046F9F3E6F42946FEF71DFE204654
:103C800011B0BDE8F08F00BF501400004C140000CC
:103C900040420F007D8602003F8602007E860200C1
:103CA00044860200A85C0100D45C01008C04000082
:103CB000945D010040390100A0860100084670476C
:103CC0002DE9F04FD1F8FC3091B00B9303F5606310
:103CD0000446099371E10E22002320460BA9E8F364
:103CE000DBF50F280746204602D1E8F373F56CE1B7
:103CF00000220BA91346E8F3CFF510F00E0F40F0A9
:103D000061818B4E3A0D3E4040F23B43360A00F44F
:103D1000F8789A4208924FEA181804D140F6FF73D7
:103D20009E4200F04A8100F478534FEA532B002B57
:103D300000F0438100F4F82A00F47803DB0C4FEA2A
:103D40009A3A13EB0A02079325D140F267339E4259
:103D500014D10CAB01930DAB02930EAB03930FABDD
:103D6000049320460BA913460092E8F335F500288A
:103D700000F023810C9BC4F858331EE140F2DC5361
:103D80009E4208D040F20B539E4204D040F62703D7
:103D90009E4240F01281D4F8D050314605F1B6036E
:103DA00044F8237005F1C60344F823002046FFF7CA
:103DB00085FF04EB8503C3F8D40000270BE0012244
:103DC00020460BA91346E8F367F500F00E00022821
:103DD00040F0F88001374745F1D10CAB01930DABB2
:103DE00002930EAB002703930FAB049320460BA95D
:103DF0003A463B460097E8F3EFF420B1B94627E096
:103E00004FF0010900E08146402300930CAB019381
:103E10000DAB02930EAB039300220FAB049320462D
:103E20000BA91346E8F3D8F40028E9D1B9F1010F42
:103E30000ED00D9B002B40F0C5800F9B002B40F057
:103E4000C1800E9AB2F5805F40F0BC809946DBE7F6
:103E50000C9A04EB8503C3F814210E9A0127C3F8CA
:103E6000D4210CAB01930DAB02930EAB03930FABBC
:103E70000022049320460BA93B460092E8F3ACF4E1
:103E800060B1012F0AD10E9BB3F5805F06D10C996A
:103E900004EB8502C2F89411C2F8143201370028ED
:103EA000DFD137464FF001082E4617E000250023EA
:103EB00000930CAB01930DAB02930EAB03930FABCE
:103EC000049320460BA942462B46E8F385F408B13B
:103ED0000135ECE7002D75D008F10108D845E5D192
:103EE00035463E4600271FE0C02300930CAB0193EC
:103EF0000DAB02930EAB03930FAB049320460BA9BB
:103F00003A460023E8F368F400285BD00F9B002BAF
:103F100058D10E9BB3F5805F54D127B90C9A05F1A7
:103F2000A60344F8232001375745DDD1002739E0A7
:103F300000FF0F00802300930CAB01930DAB0293A5
:103F40000EAB03930FABBBF1010F0CBF3A467A1CCB
:103F50000493204600230BA9E8F33EF4089A40F2AC
:103F60003B439A420DD140F235139E4209D1D4F819
:103F700070330C9904EB83020133C2F87413C4F854
:103F80007033F8B10F9BEBB90E9BB3F5805F19D17D
:103F9000BAF1000F05D127B90C9A05F1A60344F830
:103FA00023200137079B9F42C4D1B9F1000F04D1F0
:103FB000D4F8D0300133C4F8D0300B9B099A934227
:103FC000FFF489AE0023C4F8D03011B0BDE8F08F03
:103FD00010B5D0F87023002306E0D0F870134FF42A
:103FE0004C74C1F80049013304309342F5D110BD3F
:103FF0002DE9F84300270446154699460E46B84673
:1040000009E0304600210422EEF3E0F50137C6F85E
:104010000080B04676194F45F3DBC4F80080BDE858
:10402000F88370B50D460446D8B1D1B10E68C6B15B
:10403000B389CBB9738A03F00303012B03D1F06971
:1040400008B1F3F3EBF5738A201D23F004037382A8
:104050003146EDF361F723890020013B238128607D
:1040600070BD6FF0010070BD6FF00F0070BD2DE9E5
:10407000F74F0C9F019116469A46DDF834B0BDF813
:1040800038900546002857D00F9B002B54D00029AC
:1040900052D0002A50D0BBF1000F4DD09BF8003019
:1040A000002B49D000F104084046EDF341F70446E7
:1040B000002844D0B9F1010F0BD157B906FB0AF023
:1040C000F3F39AF5074638B940462146EDF324F755
:1040D00035E04FF0000800E0804600212422204611
:1040E000EEF374F5019B0822A360638A204623F057
:1040F000030349EA030343F0040363825946EEF3E2
:104100003DF60023B9F1010FE3710CD1A4F814A01E
:10411000C4F81C80A66104F120003946324653469B
:10412000FFF766FF01E0EB6863612B890020013334
:104130002B810F9B1C6004E06FF0010001E06FF029
:104140001A00BDE8FE8F2DE9F84307460E461546D6
:10415000002A2DD000282BD0002929DD1020F3F3D0
:104160004BF5044640B300211022EEF32FF5E76033
:10417000242707FB06F966814846F3F33DF58046A0
:1041800030B92046F3F34AF56FF01A00BDE8F88322
:1041900000214A46EEF31AF5204640F8048B4146CA
:1041A0003A463346FFF724FF2C600020BDE8F88331
:1041B0006FF00100BDE8F8836FF01A00BDE8F883E6
:1041C00070B5064660B1046854B125895DB92068B0
:1041D000F3F324F52046F3F321F53560284670BD4E
:1041E0006FF0010070BD6FF00F0070BDFFF719BFD9
:1041F0001FB50024019203930A46234600940294BB
:10420000FFF735FF04B010BDFFF70BBF51B1032915
:1042100002D80423136003E0033121F0030111608D
:10422000002070476FF0010070472DE9F04186B023
:1042300005460C461E46DDF83080174612B31BB10A
:10424000B8F1000F03D11DE0B8F1000F1AD12846D4
:10425000214605AAFFF7DAFFB0B92EB1059B7B43D3
:1042600098450FD3B3070DD10D9B28460193012329
:1042700002930E9B21460393059A3B460096FFF757
:10428000F6FE01E06FF0010006B0BDE8F08110B568
:10429000044690B1C36823B1406804F10C01FFF7F4
:1042A000A5FFA36823B1606804F10801FFF79EFF32
:1042B0002046BDE81040F3F3B1B410BD2DE9FF4135
:1042C000074610200D4616469846F3F395F404462B
:1042D000F8B100211022EEF379F4124A27606560EC
:1042E000019204F108020023029228460C21324672
:1042F0000093FFF79AFF034658B90B4A00900192CA
:1043000004F10C02029228460C214246FFF78DFF71
:1043100018B12046FFF7BBFF0024204604B0BDE8DB
:10432000F08100BF9086020088860200FFF7AFBFD1
:1043300080697047008A400070470000808ACB691E
:10434000B2FBF0F300FB1322D2B242F000421B0694
:1043500042EA13438B61002300E001338869094A74
:10436000002802DA9342F8D106E0934204D0C30059
:1043700005D4C0F3407070474FF6FF7070474FF69A
:10438000FF7070478096980010B5846800236469B8
:104390004B61302CC4BFD1F8F43003F47E03C1F874
:1043A000F430BDE81040FFF7C9BF2DE9F04100240B
:1043B00080460F461601254640463946AA19FFF7A2
:1043C000E3FF4FF6FF73984206D0A840013504433F
:1043D000102DA4B2F0D100E004462046BDE8F081E3
:1043E000BF230B80FF2313807047013906291DD896
:1043F000DFE801F0040A1C1C101C17002023438274
:1044000040238382802310E04023438283824FF441
:1044100080730AE060234382402383824FF4C07399
:1044200003E01023438240238382038200207047ED
:1044300001390A2919D8DFE801F006080A0C0E181C
:1044400010181818130040230CE060230AE08023A2
:1044500008E0A02306E0C02304E04FF4807301E0ED
:104460004FF4C073438220238382838A428A53435A
:104470001B110382002070476FF01600704770B563
:104480000446058A8068F8F375F400210646A068A2
:10449000F9F320F2A2685369222B05DDC36C9B055A
:1044A0009B0D0733DB08A38510463146F9F312F262
:1044B000A38D6D00E81A023870BD70B5044680689F
:1044C0000D461646F9F394F030B12046294632469F
:1044D000BDE87040FFF769BF06F5806635F8160045
:1044E00080B270BDF8B50446806816460F46F8F3F2
:1044F00041F400210546A068F9F3ECF13A46014683
:104500002046FFF7DAFF29463080A068F9F3E2F190
:104510000020F8BD01392DE9F84F044691461E46AA
:104520000E2971D8DFE801F0081870287070703417
:104530007070707070703B0090F82E20838B0AB101
:10454000C58C00E0C58BED1AA369D9052ED533685B
:10455000AB4233D3A78B36E090F82E20038C0AB100
:10456000C58C00E0458CED1AA3699A051ED5336809
:10457000AB4223D3278C26E083694FF0020513F466
:10458000806F13D03368012B18D9876A02371AE07D
:10459000878CC58C8369ED1B13F4006F05E0878B56
:1045A000C58C8369ED1B13F4407F04D135606FF037
:1045B0001D00BDE8F88F3368AB4204D235606FF060
:1045C0000D00BDE8F88FA068F8F3D4F3002183460E
:1045D000A068F9F37FF14FF00008824609E008EB8C
:1045E000070220465146FFF768FF08F1010829F845
:1045F000020BA845F3D1A0685946F9F36BF1C6F850
:1046000000800020BDE8F88F6FF00100BDE8F88F52
:1046100073B50023ADF80430ADF806308368044666
:104620005B690D46272B05DDCB691B051B0D1B1197
:10463000043B06E01B2B06D84FF492629A4002D549
:104640000C2383620EE0242B01D0272B04D1238A74
:104650007F2B05D80C2304E0172B01D0182B01DD8C
:104660001423A362EB6903F4E023B3F5803F0ED07B
:104670004FF00443AB61002300E00133AA69002A34
:104680002E4A02DA9342F8D157E0934255D02B6973
:10469000A26AA361033220462946FFF70EFF284B8A
:1046A000A269000903401343A36103F4407300228D
:1046B000B3F5407F84F82E2002D1012384F82E30F8
:1046C000A36A0DF106020433A383238A2046E38301
:1046D000E38401A9FFF784FEBDF80620BDF804308D
:1046E000D61AB6B216B1E3836384A284A369DB054C
:1046F0000AD520462946A26AFFF7DFFE000980B2EC
:1047000000B1E083E38B00E0A38B2384AEB92046A5
:10471000FFF7B5FEA36900EBD070401060849805E8
:1047200009D5A26A204629460132FFF7C6FE0009D4
:104730006084A08401E0238CA3847CBD80969800D3
:1047400000FFFF00F8B543690546152B01D0162B75
:104750003CDD2846F8F340F70646002836D12846C7
:10476000F8F33CF7002833D02846F8F303F331463A
:1047700007462846F9F3AEF00646EAF7FDF86B69FE
:104780000446302B04DDF16901F47041090B03E0AC
:10479000A96901F46011C90C91B1F36903F4E02334
:1047A0001B0C012B03D12046FFF742FE03E013B997
:1047B0002046FFF71AFE20463146FFF729FF00E0AA
:1047C0000C4628463946F9F385F002E0002400E063
:1047D00004462046F8BD08B54368DB68984708BD25
:1047E00008B543681B68984708BD73B500260446A2
:1047F0000196EAF7C1F84C2231460546EEF3E6F1A0
:104800006369152B2B6001D0162B02D9EAF7B8F893
:1048100068606B68D3B1AC602046F8F313F7E860CA
:104820002046F8F3DBF6064620B92046012101AA0E
:10483000F8F30AF76B6820461B699847054636B9B6
:104840002046314601AAF8F3FFF600E01D4628464F
:104850007CBD2DE9F7439946002304460F46904658
:104860000193F8F3BBF6054620B92046012101AAC1
:10487000F8F3EAF62046F8F3B1F678B12046F8F3FB
:10488000ABF658B92046FFF7B0FF50B14368394640
:104890005E6942464B46B047064604E06FF0180694
:1048A00001E04FF0FF3625B92046294601AAF8F36A
:1048B000CBF63046BDE8FE83826041600160704700
:1048C0002DE9F041541A012C0F461E46069D0EDDBF
:1048D0002046F3F391F1804670B139462246EEF35B
:1048E000F1F0C6F8008000202C60BDE8F0810020C7
:1048F00018602860BDE8F0816FF01A00BDE8F08113
:104900000EB4F3B581680446012945D908AB406867
:10491000079A0193EEF3A8F2431C064603D0A3685E
:10492000023B984202DD0020A06036E060683D2135
:10493000EEF3CAF140B367682568C71B21E028463B
:104940003A46EEF3ABF0B0B9EB5D3D2B13D1284600
:10495000EEF3E8F16268471C731CDB1B521BE9197C
:10496000D2182846EEF30EF16368DB1B6360A36880
:10497000DF19A76008E02B4613F8012B1D46002A1B
:10498000FAD161688D42DAD3A368701C1B1AA36048
:1049900063681B18636000E00020BDE8FC4003B0C2
:1049A000704700002DE9F04FBBB01A9019911B928F
:1049B0001893002B02F01C874FF48050F3F31CF186
:1049C0001290002802F0148737A812994FF48052F1
:1049D000FFF772FF00214FF480521298EEF3F6F0C9
:1049E000189A1168D9B10B78CBB1449A1368022B8D
:1049F00003D814E0013A026000E0449802688B1882
:104A000013F8014C1CB913F8023C002BF2D0129899
:104A1000EEF358F04499389A0B68D3183893002372
:104A20008DF89C304FF0FF321593139301231192B0
:104A3000169302F0A8BE1999012251F8046B0023C5
:104A4000199117921493179949B1F25C5F1C109257
:104A5000013AD2B2FD2A0FD8F55D9F1C0DE0F15C42
:104A60004A1ED2B2FD2A109103D880220D46109220
:104A700000E0179D5F1C00E000257B19B3F5607F07
:104A800082F27E86109B202B28D005D8152B0BD0C8
:104A90001B2B42F0708664E01099222935D030D368
:104AA000802942F0688667E0F3195A78F35D1202B4
:104AB000D318072B12DDBC1C34192246E14937A854
:104AC000FFF71EFF2046EEF32DF1FA1C1218DE4907
:104AD00037A8B218FFF714FF02F04DBEF419627840
:104AE000F35D1202D21837A8D849FFF709FFE3781F
:104AF000A2781B0237A8D6499A18FFF701FF02F0E7
:104B00003ABEF25D149202F036BE149B0C2B02F0FA
:104B10002D869DF89C30002B42F02D86F35D042BF2
:104B200042F0298607F1020806EB08042046EEF35E
:104B3000B9F6002842F01F8616F80830DB0702F1AC
:104B40001A8627A92046EEF325F31199013142F088
:104B50001286F3199A79DB791202D318119302F0B5
:104B60000ABEF319DA799B7937A8BA4943EA0222D7
:104B7000FFF7C6FE02F0FFBDF35DF4198F2B02F2C2
:104B8000FA8501A252F823F0399301006B930100DA
:104B90005594010015990100F19A0100D598010082
:104BA00053980100719801007B940100199B01004A
:104BB0008D9B0100B59B0100C99B010057BC010002
:104BC0003B9A0100BB980100F7970100619C01002E
:104BD000A19C01004B930100E19C0100EF9C0100AE
:104BE000119D01001F9D010017930100D992010042
:104BF00057BC0100FD9401002D9D0100119501009D
:104C000057BC010057BC010057BC0100439D010087
:104C1000879D01009B9D0100BD9E010081A00100B8
:104C200057BC010057BC010025A20100C992010038
:104C3000B9920100A99201009FA30100B3A3010052
:104C4000C7A30100DBA3010057BC0100E99B0100E1
:104C5000EF94010057BC010057BC0100ED93010027
:104C6000A7A60100EFA301006B9D0100799D010043
:104C7000B5A601001DB4010057BC010057BC0100DE
:104C800057BC010057BC01001D95010047A401005D
:104C900071A40100B3A40100F1A401002FA501003B
:104CA0006DA50100ABA50100E9A50100FDA501006E
:104CB00057BC0100C595010057BC010057BC01005D
:104CC00057BC0100D79701003195010057BC010086
:104CD00057BC010057BC010057BC010071B4010072
:104CE00057BC01000B9801002BA70100FBA7010096
:104CF00051A901003BAA010025AB01005FAB0100F7
:104D0000E7AB010035AC010043AD0100CDAE0100C1
:104D100079AF010025B001008FB401007B9601003E
:104D20003B97010071B00100ADB10100B9B20100C3
:104D3000C5B30100D5B40100AFB60100E7B401006E
:104D400005B5010023B5010041B5010053B50100CF
:104D500065B5010077B5010089B50100F3B5010023
:104D6000FFB501000BB601002FBC010057BC0100CC
:104D700057BC010057BC010057BC010057BC0100E3
:104D800057BC010057BC010057BC010057BC0100D3
:104D900011A6010085A6010057BC010057BC010007
:104DA00001B7010069B70100EFB7010075B8010054
:104DB000A1B90100B3B90100BFB90100E9B901000F
:104DC000E1BA0100D9BB01004FEA950A5FFA8AFAFD
:104DD0004FF0000801F03CB84FEA55095FFA89F935
:104DE0004FF0000801F005B84FEA55095FFA89F95C
:104DF0004FF0000800F0EBBF07F1010806EB0804D4
:104E00002046EEF34FF5002842F0B58416F808303E
:104E1000D80702F1B084204627A9EEF3BBF1119B1D
:104E2000013342F0A884F3195A799B791202D318FE
:104E3000119302F0A0BCA37862781B029A18119219
:104E400002F099BCDE93020005890200378F020050
:104E5000748A020043920200647837A8A54922466A
:104E60001694FFF74DFD02F086BCE37822791B040F
:104E700043EA0263627837A81343A2789E4943EA63
:104E80000222FFF73DFD02F076BCA27863781202A1
:104E9000D2189A4937A8FFF733FD2279E378120236
:104EA00037A89749D218FFF72BFD062D42F26384ED
:104EB000A2796379120237A89249D218FFF720FD30
:104EC000082D42F25884237AE2791B0237A88E49D2
:104ED0009A18FFF715FD0A2D42F24D8407F10A08D2
:104EE00007F1090416F80820335D1202D21837A81A
:104EF0008649FFF705FD16F80830325D1B0237A81A
:104F000083499A18FFF7FCFC02F035BC814B06225E
:104F1000B5FBF2F21A704FF00008994624E04346C0
:104F200010217D4A1DA8EDF3B7F6434610217B4AB8
:104F30002FA8EDF3B1F66378A2781DA943EA022207
:104F400037A8FFF7DDFC6379A2791B0443EA02630B
:104F5000E27837A8134322792FA943EA0222FFF708
:104F6000CFFC08F10108063499F800309845D6DBEB
:104F700002F001BC022D06D137A869496278FFF71B
:104F8000BFFC02F0F8BBA37862781B0237A8644923
:104F90009A18FFF7B5FC02F0EEBBA2786378120214
:104FA000042D1A4405D92379E1781B0609045B18FE
:104FB0001A4337A85B49FFF7A3FC062D42F2DB83B7
:104FC000F3199A7959791202082D0A4405D9197AE8
:104FD000DB7909061B04C9180A4337A85249FFF7B1
:104FE0008FFC0A2D42F2C783F3199A7A597A12027A
:104FF0000C2D0A4405D9197BDB7A09061B04C91854
:105000000A4337A84949FFF77BFC02F0B4BB37A835
:1050100047496278FFF774FC02F0ADBBA378627871
:105020001B0237A83A499A18FFF76AFC02F0A3BBA3
:1050300001350021EDB2179102F09DBBA378627893
:1050400037A83C4942EA0322FFF75AFC02F093BB1F
:1050500094F803A023794FEA0A4A4AEA036A63787C
:10506000B5F1050B4AEA030A48BFA5F1020BA37884
:105070004FEAAB0B4AEA032A5FFA8BFB4FF00008BA
:1050800024E043441021244A2FA8EDF305F699F8B3
:10509000003010214344214A1DA8EDF3FDF552468E
:1050A0002FA937A8FFF72CFCE37822791B0443EAE9
:1050B0000263627837A81343A2781DA943EA02224B
:1050C000FFF71EFC0AF1040A08F10108DFF844901A
:1050D0000434D84599F80030D3DB9B4489F800B0FC
:1050E00002F049BB0B4BEA081A704FF000089946D2
:1050F0004DE000BF2C94020034900200628D02004B
:105100005A9402008E8A02008D8702008890020065
:10511000FF8F020028610100003E01000B3E0100EC
:105120001F930200D98D0200238A0200348A0200F4
:10513000298B0200AF8D020043461021B14A1DA801
:10514000EDF3AAF543461021AF4A2FA8EDF3A4F5DD
:10515000E37822791B0443EA026362781DA91343B2
:10516000A27837A843EA0222FFF7CAFBE379227A42
:105170001B0443EA0263627937A81343A2792FA97B
:1051800043EA0222FFF7BCFB08F10108083499F852
:1051900000309845D0DB02F0EEBA94F803A02379F2
:1051A0004FEA0A4A4AEA036A6378B5F1050B4AEA0C
:1051B000030A48BF05F1020BA3784FEAEB0B4AEA5A
:1051C000032A5FFA8BFB4FF000083BE043441021B9
:1051D0008C4A2FA8EDF360F599F800301021434474
:1051E0008A4A1DA8EDF358F599F800301021434480
:1051F000874A33A8EDF350F552462FA937A8FFF799
:105200007FFBE379227A1B0443EA0263627933A9C4
:105210001343A27937A843EA0222FFF771FBE37A2E
:10522000227B1B0443EA0263627A37A81343A27A03
:105230001DA943EA0222FFF763FB0AF1080A08F1FD
:1052400001080834DFF8CC91D84599F80030BDDB6F
:105250009B4489F800B002F08EBA6E4B0C22B5FB6D
:10526000F2F21A704FF0000899463EE043461021D2
:10527000644A33A8EDF310F543461021634A1DA894
:10528000EDF30AF543461021614A2FA8EDF304F52A
:10529000E37822791B0443EA0263627833A913435B
:1052A000A27837A843EA0222FFF72AFBE379227AA1
:1052B0001B0443EA026362792FA91343A27937A83A
:1052C00043EA0222FFF71CFBE37A227B1B0443EA3A
:1052D0000263627A37A81343A27A1DA943EA022225
:1052E000FFF70EFB08F101080C3499F800309845DF
:1052F000BCDB02F040BAE37822791B0443EA026384
:10530000627837A81343A278434943EA0222FFF7A1
:10531000F7FA02F030BAA378627837A83F4942EA38
:105320000322FFF7EDFA02F026BA4FF00509B5FBAC
:10533000F9F95FFA89F94FF0000816E06378102157
:10534000374A2FA8EDF3A8F4237962791B0443EAC6
:105350000263A27837A81343E2782FA943EA022216
:10536000FFF7CEFA08F101080534C845E6DB02F084
:1053700002BA37A82B496278FFF7C2FA022D42F22F
:10538000FA8137A82849A278FFF7BAFA02F0F3B9F0
:10539000002237A825496378FFF7B2FA022D42F2BE
:1053A0002D82012237A82149A378FFF7A9FA032DFE
:1053B00002F02482022237A81C49E378FFF7A0FA02
:1053C000042D02F0D681032237A818492379FFF76C
:1053D00097FA0122139202F0CEB9627837A81249E7
:1053E000FFF78EFA37A811490122A378FFF788FA50
:1053F00002F0C1B937A80E496278FFF781FA02F0CE
:10540000BAB900BF003E01000B3E0100163E01008C
:10541000223E010028610100458702002990020018
:105420002E3E01006A8A0200319102009C87020030
:105430005A8B0200AB1E0E2B02F29D8101A151F886
:1054400023F000BF6199010057BC010057BC010067
:1054500057BC010057BC0100D9990100A799010070
:10546000879901006F99010057BC010057BC0100EA
:10547000D9990100A7990100879901006F9901004E
:1054800037A8A9496278FFF73BFA02F074B937A848
:10549000A649627AFFF734FA0C2D8CBF4FF0090849
:1054A0004FF0000801E04FF00008F31937A89E49BB
:1054B0001A7AFFF725FA0C2D07D9B8F1000F08BFAB
:1054C0004FF0080801E04FF0000807F1070998497C
:1054D00016F8092037A8FFF713FA002237A89549D4
:1054E00016F80930FFF70CFA0C2D07D9B8F1000FA8
:1054F00008BF4FF0070801E04FF000084FF0000927
:10550000A27863788C491202494437A8D21809F16D
:105510000909FFF7F5F90234B9F11B0FF0D10C2D91
:1055200042F22981B8F1000F08BF4FF00608834C02
:10553000B844B04404F1240998F8022098F80130E6
:105540001202214637A8D2180C34FFF7D9F94C457E
:1055500008F10208F0D102F00EB9142D19D0172D60
:1055600003D0132D42F0078119E006EB07087449B8
:1055700098F8162037A8FFF7C3F9724998F8152054
:1055800037A8FFF7BDF937A86F4998F81420FFF73F
:10559000B7F9F31937A86D49DA7CFFF7B1F9A946D5
:1055A000A2464FF000082546AA786B786849120297
:1055B000414437A8D21808F10908FFF7A1F90235CC
:1055C000B8F11B0FF0D14D464FF00008227AE37975
:1055D00060491202414437A8D21808F10B08FFF7BE
:1055E0008FF90234B8F1210FF0D100249AF80E207F
:1055F0009AF80D3058491202091937A8D2180B34FD
:10560000FFF77EF9212C0AF1020AEFD102F0B3B8BC
:10561000E1786278A3780091217937A801916179C6
:105620000291A1790391E1790491217A05914B4985
:10563000FFF766F902F09FB8A9464FF0000825462B
:1056400015F8013FFF2B04D037A845494246FFF724
:1056500057F908F10108B8F1040FF1D1B9F10C0FB5
:105660004D4642F2888004EB08035B78FF2B04D0A0
:1056700037A83B494246FFF743F908F10108B8F162
:105680000C0FF0D1102D42F2768004EB08035B780A
:10569000FF2B04D037A832494246FFF731F908F111
:1056A0000108B8F1100FF0D102F065B8627837A8A0
:1056B0000AB1A3781BB92B49FFF722F902E02A4966
:1056C000FFF71EF9F31937A82849DA78FFF718F918
:1056D00002F051B8A378627837A8254942EA03223C
:1056E000FFF70EF902F047B8E37822791B0443EA8A
:1056F0000263627837A81343A2781E4943EA022264
:10570000FFF7FEF802F037B837A81B496278FFF7B9
:10571000F7F8022D42F22F8037A81849A278FFF738
:10572000EFF802F028B800BF368E0200D38E0200D8
:105730009B9302004A890200D38B0200B38F0200C0
:10574000BD8D0200E6900200E7860200C68B0200D3
:10575000E98D020096900200B7860200A68702003B
:10576000458A02003992020084950200A78C02004B
:105770003C8D0200CB870200A7940200E89402004F
:105780007C1C325D37A8764902F00F02FFF7B8F8AB
:10579000325D37A81209BC1C7249FFF7B1F8325DBF
:1057A00037A8714902F00702FFF7AAF8325D37A85F
:1057B000D2086E4902F00302FFF7A2F801F0DBBF46
:1057C0007C1C325D37A86A4902F00F02FFF798F897
:1057D000325D37A81209BC1C6649FFF791F8325DAB
:1057E00037A8654902F00702FFF78AF8325D37A84B
:1057F000D208624902F00302FFF782F801F0BBBF52
:1058000037A85F496278FFF77BF801F0B4BF627890
:1058100037A85C49FFF774F8A27837A85A49FFF710
:105820006FF837A85949E278FFF76AF801F0A3BF8B
:1058300037A857496278FFF763F801F09CBF37A893
:1058400054496278FFF75CF801F095BFA27863785D
:10585000120637A8504942EA0322FFF751F801F037
:105860008ABF627837A84D49FFF74AF8A27837A86F
:105870004B49FFF745F82379E2781B0237A84949DD
:105880009A18FFF73DF801F076BF37A846496278CD
:10589000FFF736F801F06FBF37A844496278FFF789
:1058A0002FF801F068BFA37862781B0237A840493F
:1058B0009A18FFF725F801F05EBF94F8028063782C
:1058C0004FEA082898441FFA88F83A494FEAD82244
:1058D00037A8FFF715F808F4E062120A364937A82E
:1058E000FFF70EF808F0F802D208344937A8FFF79E
:1058F00007F808F006025208314937A8FFF700F808
:1059000037A8304908F00102FEF7FAFF042D41F2F2
:1059100032872379E4781B021C19A4B2E20A37A863
:105920002949FEF7EDFF04F4E062120A37A827497F
:10593000FEF7E6FF04F0F802D20837A82449FEF784
:10594000DFFF04F00602520837A82249FEF7D8FF0D
:1059500037A8214904F00102FEF7D2FF01F00BBF86
:10596000F487020042880200C68E020039880200D5
:10597000BF94020038870200558C0200438E02005B
:1059800093920200E6930200478D0200D493020036
:10599000B7930200E78E0200AC8E0200048E020074
:1059A000CC8D02000E900200438F0200F2940200A0
:1059B0009B8C0200F5880200CC9402006D870200E7
:1059C000E4880200D994020076920200888B0200DB
:1059D000E3890200F18E0200A8930200002263789E
:1059E000674937A8FEF78CFF4FF000086549A27899
:1059F00037A8FEF785FFCDF800802279E378120200
:105A0000D318019302226049434637A8FEF778FF76
:105A1000CDF80080A27963791202D3180193022293
:105A20000123594937A8FEF76BFFCDF80080227A91
:105A3000E3791202D3180222019337A85249134680
:105A4000FEF75EFF1E2D41F29686627A37A84F4917
:105A5000FEF756FFA27A37A84D49FEF751FFE27ACA
:105A600037A84C49FEF74CFF227B37A84A49FEF77E
:105A700047FFCDF80080A27B637B1202D31801930D
:105A80000522434637A84049FEF73AFFCDF800808B
:105A9000227CE37B1202D31801930522012337A84D
:105AA0003949FEF72DFFCDF80080A27C637C1202FD
:105AB000D31801930522022337A83349FEF720FFAC
:105AC000CDF80080CDF80480227DE37C1202D3184B
:105AD000029305226C234FF0010937A82F49FEF7E6
:105AE0000FFFCDF80090CDF80480A27D637D1202F7
:105AF000D318029305226C234FF0020A37A82749D6
:105B0000FEF7FEFECDF800A0CDF80480227EE37DF6
:105B10001202D318029305226C2337A81F49FEF7FF
:105B2000EFFECDF80080CDF80480A27E637E1202E5
:105B3000D31802930522682337A81849FEF7E0FE20
:105B4000CDF80090CDF80480227FE37E1202D318B6
:105B50000293052237A868231049FEF7D1FECDF83D
:105B600000A0CDF80480A37F627F1B029B180293E4
:105B700037A80A4905226823FEF7C2FE01F0FBBDE3
:105B80004A8902002C880200A6860200E4910200E5
:105B9000C2920200409002007B9402002692020012
:105BA000012263789C4937A8FEF7AAFE4FF001084E
:105BB0009A49A27837A8FEF7A3FECDF80080227993
:105BC000E3781202D318019302220023944937A8E4
:105BD000FEF796FECDF80080A27963791202D31801
:105BE000019302228E49434637A8FEF789FECDF87D
:105BF0000080227AE3791202D3180222019337A897
:105C000087491346FEF77CFE1E2D41F2B485627A69
:105C100037A88449FEF774FEA27A37A88249FEF7B6
:105C20006FFEE27A37A88149FEF76AFE227B37A829
:105C30007F49FEF765FECDF80080A27B637B1202F0
:105C4000D31801930522002337A87549FEF758FEA3
:105C5000CDF80080227CE37B1202D3180193052249
:105C6000434637A86E49FEF74BFECDF80080A27C74
:105C7000637C1202D3180193052202234FF000091E
:105C800037A86749FEF73CFECDF80090CDF80480B8
:105C9000227DE37C1202D318029305226C2337A8DD
:105CA0006449FEF72DFECDF80080CDF80480A27D7A
:105CB000637D1202D318029305226C234FF0020A6F
:105CC00037A85C49FEF71CFECDF800A0CDF8048093
:105CD000227EE37D1202D318029305226C2337A89B
:105CE0005449FEF70DFECDF80090CDF80480A27E59
:105CF000637E1202D31802930522682337A84D4908
:105D0000FEF7FEFDCDF80080CDF80480227FE37E13
:105D10001202D3180293052237A868234549FEF7DB
:105D2000EFFDCDF800A0CDF80480A37F627F1B02B9
:105D30009B18029337A83F4905226823FEF7E0FD30
:105D400001F019BDA27863781202D2183A4937A837
:105D5000FEF7D6FDA279637912061B04D2182379C7
:105D600037A81B02D218E3783449D218FEF7C8FDD1
:105D7000122D41F20085A27A637A12061B04D21812
:105D8000237A37A81B02D218E3792D49D218FEF7DF
:105D9000B7FDA27B637B12061B04D218237B37A8B6
:105DA0001B02D218E37A2749D218FEF7A9FDA27C7C
:105DB000637C12061B04D318227C37A812029B189E
:105DC000E27B21499A18FEF79BFD01F0D4BCA27832
:105DD00063781202D31800930222434637A81B4966
:105DE00008F10108FEF78CFD0234C845EFDD01F033
:105DF000C2BCA27863781202D318009305224346EE
:105E000037A8124908F10108FEF77AFD0234C845A7
:105E1000EFDD01F0B0BC00BF4A890200DA8E02005B
:105E2000A6860200F2910200CF9202004B9402007B
:105E30008A9402002692020086920200988602004E
:105E4000169102008C930200028F0200138A020056
:105E5000CDF80080A27863781202D318019305224E
:105E60006C2337A8BB4908F10108FEF749FD02344D
:105E7000D045EDDD4FEA55095FFA89F909F1010BCB
:105E800009F10209B944BB4406EB09044FF00008CC
:105E9000CDF800802278C9EB040313F80B3012020E
:105EA000D31801930522682337A8AA4908F10108ED
:105EB000FEF726FD0234D045EADD01F05CBCA37894
:105EC00062781B0237A8A4499A18FEF719FD01F061
:105ED00052BCA37862781B0237A8A0499A18FEF733
:105EE0000FFD01F048BCA37862781B0237A89C49DB
:105EF0009A18FEF705FD01F03EBCA37862781B02FC
:105F000037A898499A18FEF7FBFC01F034BC2279B7
:105F1000E37812061B04D218A37837A81B02D21804
:105F200063789149D218FEF7EBFC227AE3791206E6
:105F30001B04D218A37937A81B02D21863798B49A6
:105F4000D218FEF7DDFC227BE37A12061B04D3187D
:105F5000A27A37A812029B18627A85499A18FEF72E
:105F6000CFFC01F008BCA2786378120237A88149FF
:105F7000D218FEF7C5FC042D41F2FD832379E278A7
:105F80001B0237A87C499A18FEF7BAFC01F0F3BB54
:105F90002279E37812061B04D218A37837A81B02D3
:105FA000D21863787549D218FEF7AAFC062D41F283
:105FB000E283227AE37912061B04D318A27937A868
:105FC00012029B1862796E499A18FEF799FC01F04B
:105FD000D2BBDFF8BC914FF00108A84581F2CB831A
:105FE0002279E37812061B04D218A37849461B02D3
:105FF000D218637837A8D21808F10408FEF780FC9D
:106000000434B8F1190F09F11809E6D101F0B3BB56
:10601000DFF880914FF00108A84581F2AC83227926
:10602000E37812061B04D218A37849461B02D21843
:10603000637837A8D21808F10408FEF761FC04342D
:10604000B8F10D0F09F11309E6D101F094BBDFF8A7
:1060500048914FF00108A84581F28D832279E378B9
:1060600012061B04D218A37849461B02D218637883
:1060700037A8D21808F10408FEF742FC0434B8F13E
:106080000D0F09F11409E6D101F075BBDFF80C9191
:106090004FF00108A84581F26E832279E378120659
:1060A0001B04D218A37849461B02D218637837A87C
:1060B000D21808F10408FEF723FC0434B8F10D0FE0
:1060C00009F11409E6D101F056BBDFF8D4904FF086
:1060D0000108A84581F24F832279E37812061B0458
:1060E000D218A37849461B02D218637837A8D21871
:1060F00008F10408FEF704FC0434B8F10D0F09F1AF
:106100001409E6D101F037BBA37862781B0237A8E7
:106110001C499A18FEF7F4FB01F02DBBA3786278B6
:106120001B0237A818499A18FEF7EAFB01F023BBB7
:106130002279E37812061B04D318A278647812023D
:106140009B1837A8114901221B19FEF7D9FB01F052
:1061500012BB00BF00920200F48F0200B790020051
:106160008089020059890200169102008C93020076
:10617000028F02009C920200AF920200A9910200DD
:10618000C0910200B98E0200379402003B910200D8
:10619000998A0200628C02009788020048950200EA
:1061A000F09302002279E37812061B04D318A27838
:1061B000647812029B1837A8974902221B19FEF730
:1061C0009FFB01F0D8BA37A894496278FEF798FB94
:1061D00001F0D1BA9249627807F1020837A8FEF7B8
:1061E0008FFB16F808208F49120937A8FEF788FBA5
:1061F00016F8082037A88C4902F00F02FEF780FB42
:10620000032D41F2B882E27837A88849FEF778FB7F
:1062100007F10508227937A88549FEF771FB16F8C2
:10622000082037A892088349FEF76AFB16F8082071
:1062300037A8814902F00302FEF762FB37A87F49C5
:10624000A279FEF75DFB01F096BA94F802806378BC
:106250004FEA082898441FFA88F84FEAD82237A84E
:106260007749FEF74DFB08F4806302229B0A37A8AA
:106270007449FEF745FB08F4007302225B0A37A855
:106280007149FEF73DFB08F4F87302221B0937A899
:106290006E49FEF735FB08F00E0302225B0837A8B3
:1062A0006B49FEF72DFB022208F0010337A869496C
:1062B000FEF726FB2379E4781B021C19A4B2E20A3C
:1062C00037A86549FEF71CFB04F4806305229B0A8E
:1062D00037A85C49FEF714FB04F4007305225B0A3F
:1062E00037A85949FEF70CFB04F4F87305221B0983
:1062F00037A85649FEF704FB04F00E0305225B089D
:1063000037A85349FEF7FCFA37A85249052204F092
:106310000103FEF7F5FA01F02EBAA27863781202B3
:10632000D21837A84D49FEF7EBFA94F804E0E37869
:106330004FEA0E2E0022734437A84949FEF7E0FACF
:10634000217AE27909028A1894F806E063790092CA
:10635000A17A627A09024FEA0E2E8A1873440192DA
:1063600037A800223F49FEF7CBFA227BE37A00925E
:10637000627B37A80192A27B3B4902920022FEF782
:10638000BFFAA17C627C09028A1894F810E0E37BD2
:106390000092217DE27C09028A180192A17D627D32
:1063A00009028A180292217EE27D09028A1803926C
:1063B000A17E627E09028A180492217FE27E090290
:1063C0008A180592A17F627F09028A18069294F8C2
:1063D0002010E27F09028A18079294F8221094F89C
:1063E000212009028A18089294F8241094F8232096
:1063F00009028A18099294F8262094F825101202AE
:1064000052184FEA0E2E0A9237A8184900227344F8
:10641000FEF776FA01F0AFB93B910200508D020011
:10642000808A0200328B0200FF890200D7870200B7
:10643000958B0200099102008791020012920200DE
:106440006E8D02009B910200118F0200D791020015
:1064500099940200C1930200D8860200458C020084
:106460004A89020021870200A88B0200EE8B0200FD
:1064700094F802E063784FEA0E2E0122734437A8A5
:10648000AA49FEF73DFAA179627909028A1894F8BF
:1064900004E0E3780092217AE27909024FEA0E2EB5
:1064A0008A187344019237A80122A149FEF728FAFD
:1064B000A27A637A0092E27A37A80192227B9D4900
:1064C00002920122FEF71CFA217CE27B09028A1863
:1064D00094F80EE0637B0092A17C627C09028A182A
:1064E0000192217DE27C09028A180292A17D627DDF
:1064F00009028A180392217EE27D09028A18049219
:10650000A17E627E09028A180592217FE27E09023D
:106510008A180692A17F627F09028A18079294F86E
:106520002010E27F09028A18089294F8221094F849
:10653000212009028A18099294F8242094F8231043
:10654000120252184FEA0E2E0A9237A87A490122F7
:106550007344FEF7D5F901F00EB994F802E06378C0
:106560004FEA0E2E0222734437A87049FEF7C8F98D
:10657000A179627909028A1894F804E0E37800921C
:10658000217AE27909024FEA0E2E8A1873440192A9
:1065900037A802226649FEF7B3F9A27A637A00921D
:1065A000E27A37A80192227B624902920222FEF728
:1065B000A7F9217CE27B09028A1894F80EE0637B3C
:1065C0000092A17C627C09028A180192217DE27C02
:1065D00009028A180292A17D627D09028A1803923B
:1065E000217EE27D09028A180492A17E627E090260
:1065F0008A180592217FE27E09028A180692A17FFD
:10660000627F09028A18079294F82010E27F09023B
:106610008A18089294F8221094F8212009028A1806
:10662000099294F8242094F82310120252184FEA89
:106630000E2E0A9237A8404902227344FEF760F9F1
:1066400001F099B8627837A83C49FEF759F9012260
:10665000A37837A83A49FEF753F90222E37837A81E
:106660003749FEF74DF96379227903F001031B02E4
:1066700037A834499A18FEF743F901F07CB8A2789C
:1066800063781202D31800932822002337A82E49DA
:10669000FEF736F92279E3781202D3180093282204
:1066A000012337A82849FEF72BF9A2796379120252
:1066B000D31800932822022337A82349FEF720F994
:1066C000227AE3791202D31800935022002337A8CC
:1066D0001D49FEF715F9A27A637A1202D3180093C6
:1066E0005022012337A81849FEF70AF9237BE27AE2
:1066F0001B029B18009337A8134950220223FEF770
:10670000FFF801F038B8A27863781202D21837A8DF
:106710000E49FEF7F5F82379E2781B0237A80C49F9
:106720009A18FEF7EDF801F026B800BF4A8902007A
:1067300021870200A88B0200EE8B0200E587020091
:10674000F48602002D930200F590020011880200E9
:106750005292020094F804E0E3784FEA0E6E1B04B4
:106760009E44A3786C221B029E44637837A873442E
:106770009749FEF7C5F894F808E0E3794FEA0E6E02
:106780001B049E44A3796C221B029E44637937A8A4
:1067900073449049FEF7B4F894F80CE0E37A4FEABA
:1067A0000E6E1B049E44A37A6D221B029E44637AE4
:1067B00037A873448649FEF7A3F894F810E0E37B0A
:1067C0004FEA0E6E1B049E44A37B6D221B029E4467
:1067D000637B37A873447F49FEF792F894F814E07E
:1067E000E37C4FEA0E6E1B049E44A37C68221B02CE
:1067F0009E44637C37A873447549FEF781F894F88A
:1068000018E0E37D4FEA0E6E1B049E44A37D6822D0
:106810001B029E44637D37A873446E49FEF770F8EF
:1068200094F81AE0637E4FEA0E2E6C22734437A868
:106830006949FEF765F894F81CE0E37E4FEA0E2EF6
:106840006D22734437A86449FEF75AF8A37F647F2A
:106850001B0237A8604968221B19FEF751F800F0A7
:106860008ABF94F802E063784FEA0E2E73446822E0
:1068700037A85A49FEF744F82279E3781202D31870
:10688000009368226C2337A85549FEF739F8A2799E
:1068900063791202D318009368226C2337A85149F8
:1068A000FEF72EF8227AE3791202D31800936822B9
:1068B0006D2337A84A49FEF723F8A27A637A1202B9
:1068C000D318009368226D2337A84649FEF718F8BD
:1068D000227BE37A1202D3186822009337A813466A
:1068E0003F49FEF70DF8A27B637B1202D3186822A2
:1068F000009337A813463B49FEF702F894F810E0DE
:10690000E37B4FEA0E2E73446C2237A83349FDF720
:10691000F7FFA27C637C1202D3186C22009337A885
:1069200013462F49FDF7ECFF227DE37C1202D318BA
:106930006C22009337A813462A49FDF7E1FFA27D98
:10694000637D1202D31800936C2207F118086D239F
:1069500037A82349FDF7D4FF16F80820E37D12027B
:10696000D31800936C226D2307F11A0937A81D492B
:10697000FDF7C6FF16F80920637E1202D3180093B4
:106980006C22682337A81649FDF7BAFF227FE37E01
:106990001202D31800936C22682337A81149FDF71F
:1069A000AFFFA37F16F808E01B026822734437A8E4
:1069B0000D49FDF7A5FF94F8203016F809401B0299
:1069C00037A809496C221B19FDF79AFF00F0D3BEC6
:1069D000328C02008F950200DC920200248F0200AC
:1069E000D78F0200428B0200688B0200637800227E
:1069F00037A8AA4903F01F03FDF782FFA3780122FD
:106A000037A8A64903F01F03FDF77AFFE3780222B7
:106A100037A8A24903F01F03FDF772FF62792379BB
:106A200002F01F020092A27937A802F01F02019221
:106A3000E2799B4902F01F02029203F01F03002239
:106A4000FDF75EFF627A237A02F01F020092A27ABB
:106A500037A802F01F020192E27A914902F01F0268
:106A6000029203F01F030122FDF74AFF627B237BA2
:106A700002F01F020092A27B37A802F01F020192CF
:106A8000E27B874902F01F02029203F01F030222F9
:106A9000FDF736FF00F06FBE6378002237A881490A
:106AA00003F03F03FDF72CFFA378012237A87D49AF
:106AB00003F01F03FDF724FFE378022237A879498A
:106AC00003F01F03FDF71CFF6279237902F03F02F8
:106AD0000092A27937A802F03F020192E27972494E
:106AE00002F03F02029203F03F030022FDF708FF8D
:106AF000627A237A02F01F020092A27A37A802F08B
:106B00001F020192E27A684902F01F02029203F02A
:106B10001F030122FDF7F4FE627B237B02F01F02BC
:106B20000092A27B37A802F01F020192E27B5E492D
:106B300002F01F02029203F01F030222FDF7E0FEA3
:106B400000F019BE0022637837A85849FDF7D8FE37
:106B50000122A37837A85549FDF7D2FE0222E37837
:106B600037A85249FDF7CCFE0022237937A85049B7
:106B7000FDF7C6FE0122637937A84D49FDF7C0FE37
:106B800037A84B490222A379FDF7BAFE00F0F3BD06
:106B900094F8028063784FEA082898441FFA88F82E
:106BA0004FEAD83300930522002337A84149FDF767
:106BB000A7FE08F4F043DB1200930522002337A858
:106BC0003D49FDF79DFE08F4E0631B12009305228A
:106BD000002337A83949FDF793FE08F08003DB1145
:106BE00000930222002337A83249FDF789FE08F0FE
:106BF0007803DB1000930222002337A82E49FDF70B
:106C00007FFE08F0070300930222002337A82B49D8
:106C1000FDF776FE2379E4781B021C19A4B24FF02D
:106C200000084FEAD4390522682337A8244904F420
:106C3000F04A4FEAEA2A8DE8000304F4E064FDF725
:106C40005FFE0522682337A81E4924128DE800053F
:106C5000FDF756FE682337A81B490522CDF80080B2
:106C60000194FDF74DFE052237A86D2314498DE8E8
:106C70000003FDF745FE05226D2337A811498DE875
:106C80000005FDF73DFE37A80F4905226D23CDF81D
:106C900000800194FDF734FE00F06DBDB18C020060
:106CA0006689020032890200C39002004C8E020005
:106CB0007D8B020005930200659402004F90020054
:106CC00005870200528A0200118E020094F80280A9
:106CD00063784FEA082898441FFA88F84FEAD833B7
:106CE00000930522012337A8B549FDF709FE08F4F2
:106CF000F043DB1200930522012337A8B149FDF7C9
:106D0000FFFD08F4E0631B1200930522012337A85E
:106D1000AD49FDF7F5FD08F08003DB110093022279
:106D2000012337A8A649FDF7EBFD08F07803DB1037
:106D300000930222012337A8A249FDF7E1FD08F0E4
:106D4000070300930222012337A89F49FDF7D8FDCE
:106D50002379E4781B021C19A4B24FF001084FEA12
:106D6000D4390522682337A8984904F4F04A4FEA39
:106D7000EA2A8DE8000304F4E064FDF7C1FD052272
:106D8000682337A8924924128DE80005FDF7B8FD65
:106D9000682337A88F490522CDF800800194FDF7BC
:106DA000AFFD052237A86D2388498DE80003FDF764
:106DB000A7FD05226D2337A885498DE80005FDF75D
:106DC0009FFD37A8834905226D23CDF800800194EB
:106DD000FDF796FD00F0CFBC94F8028063784FEA8F
:106DE000082898441FFA88F84FEAD8330093052200
:106DF000022337A87249FDF783FD08F4F043DB1244
:106E000000930522022337A86E49FDF779FD08F4A7
:106E1000E0631B1200930522022337A86A49FDF79D
:106E20006FFD08F080030222DB11009337A81346A0
:106E30006349FDF765FD08F078030222DB1000933B
:106E400037A813465F49FDF75BFD022208F00703F0
:106E5000009337A813465C49FDF752FD2379E47887
:106E60001B021C19A4B24FF002084FEAD4390522C4
:106E7000682337A8554904F4F04A4FEAEA2A8DE816
:106E8000000304F4E064FDF73BFD0522682337A806
:106E90004F4924128DE80005FDF732FD05226823D5
:106EA00037A84C49CDF800800194FDF729FD6D23EA
:106EB00037A8464905228DE80003FDF721FD05228C
:106EC00037A86D2342498DE80005FDF719FD37A865
:106ED000404905226D23CDF800800194FDF710FD97
:106EE00000F049BC94F802E063784FEA0E2E2822A5
:106EF000734437A83849FDF703FD94F804E0E378BC
:106F00004FEA0E2E2822734437A83449FDF7F8FCC7
:106F100094F806E063794FEA0E2E5022734437A8A6
:106F20002D49FDF7EDFC237AE4791B0237A82B49A4
:106F300050221B19FDF7E4FC00F01DBCA278637819
:106F40000092E2782521019222791DA802926279AD
:106F50000392A2790492E2790592227A0692627AE9
:106F60000792A27A0892E27A0992227B0A92627BC5
:106F70000B92A27B0C92E27B0D92227C0E92184A1D
:106F8000EBF38AF637A817491DAAFDF7B9FCF2E31F
:106F90007C1C325D37A8144902F07F02FDF7B0FC7B
:106FA000325D37A81149D209FDF7AAFCE3E3A378C3
:106FB000627837A80E4942EA0322FDF7A1FCDAE322
:106FC00005930200659402004F90020005870200BD
:106FD000528A0200118E02004C91020014890200B4
:106FE0003A3E010068910200B294020066920200EB
:106FF00070910200A378627837A8944942EA03228C
:10700000FDF77EFCB7E3E37822791B0443EA0263D1
:10701000627837A81343A2788D4943EA0222FDF72C
:107020006FFCA8E3E37822791B0443EA02636278E9
:1070300037A81343A278874943EA0222FDF760FC90
:1070400099E3E37822791B0443EA0263627837A864
:107050001343A278804943EA0222FDF751FC8AE3F8
:10706000A378627837A87D4942EA0322FDF748FCFD
:1070700081E3A378627837A8794942EA0322FDF7D1
:107080003FFC78E3A378627837A8764942EA032286
:10709000FDF736FC6FE3A378627837A8724942EABD
:1070A0000322FDF72DFC66E394F801905FEA99094D
:1070B00000F061834FF00008A179E279090294F8A9
:1070C00003E041EA0241627923790A434FEA0E2E36
:1070D0004EEA034EA3780092617AA27A090241EA4D
:1070E0000241227A37A80A430192217B627B09027E
:1070F00041EA0241E27A4EEA03030A4302925B4903
:10710000424608F10108FDF7FBFB0C34C845D3DB10
:1071100031E337A856496278FDF7F2FB2BE337A835
:1071200054496278FDF7ECFB25E3227AE179237973
:107130001143A27994F803E0114362794EEA030EF9
:10714000A3780A434EEA030E63780092227BE17A29
:107150004EEA03031143A27A37A81143627A0A4325
:107160000192227CE17B1143A27B1143627B0A43A3
:10717000029241490022FDF7C3FB227EE17D237D7F
:107180001143A27D94F813E01143627D4EEA030E91
:10719000A37C0A434EEA030E637C0092227FE17EC9
:1071A00037A81143A27E4EEA03031143627E0A43CD
:1071B000019294F82020E17F1143A27F0A43617F6E
:1071C0000A4302922C490122FDF79AFBD3E2A378ED
:1071D00064781B021C19A4B204F00F030093282248
:1071E000002337A82549FDF78BFB04F0F0031B11A2
:1071F00000932822012337A82049FDF781FB04F4DE
:1072000070631B1200932822022337A81B49FDF745
:1072100077FB37A81A492822E30BFDF771FBAAE296
:107220002179E27809028A1894F802E063780092E2
:10723000A2796179120252184FEA0E2E019237A8F4
:10724000104900227344FDF75BFB94E2D3880200EF
:107250003F930200579302006F930200588E020082
:107260006D8E0200828E0200978E020068900200EE
:1072700024910200D4890200798D0200998D0200C8
:10728000ED920200538702002179E27809028A1800
:1072900094F802E063780092A179627909028A1871
:1072A0000192217AE27909028A180292A17A627A1D
:1072B00009028A180392217BE27A09028A18049251
:1072C000A17B627B09028A180592217CE27B09027C
:1072D0008A180692A17C627C09028A180792217D95
:1072E000E27C09028A180892A17D627D09028A184F
:1072F0000992227EE17D120252184FEA0E2E0A9266
:1073000037A87B4900227344FDF7FAFA33E221796A
:10731000E27809028A1894F802E063780092A17971
:10732000627909028A180192217AE27909028A189F
:107330000292A17A627A09028A180392217BE27A88
:1073400009028A180492A17B627B09028A180592BD
:10735000217CE27B09028A180692A17C627C0902E8
:107360008A180792217DE27C09028A180892A17D81
:10737000627D09028A180992227EE17D120252186A
:107380004FEA0E2E0A9237A85A4900227344FDF79D
:10739000B7FAF0E12179E27809028A1894F802E05C
:1073A00063780092A179627909028A180192217AA0
:1073B000E27909028A180292A17A627A09028A188D
:1073C0000392217BE27A09028A180492A17B627BF4
:1073D00009028A180592217CE27B09028A1806922A
:1073E000A17C627C09028A180792217DE27C090255
:1073F0008A180892A17D627D09028A180992217E6D
:10740000E27D09024FEA0E2E8A180A927344002286
:1074100037A83949FDF774FA217FE27E09028A18FC
:1074200094F81AE0637E0092A17F627F09028A18B5
:10743000019294F82010E27F09028A18029294F8CF
:10744000221094F8212009028A18039294F824103B
:1074500094F8232009028A18049294F8261094F8CC
:10746000252009028A18059294F8281094F82720FC
:1074700009028A18069294F82A1094F82920090221
:107480008A18079294F82C1094F82B2009028A1875
:10749000089294F82E1094F82D2009028A18099267
:1074A00094F8302094F82F10120252184FEA0E2E42
:1074B0000A9237A8104901227344FDF721FA5AE1D4
:1074C000A37862781B0237A80C499A18FDF718FABE
:1074D00051E137A80A496278FDF712FA4BE1A37827
:1074E000627837A8074942EA0322FDF709FA42E128
:1074F0004F8802008C890200FE940200458C020035
:10750000018802007E870200E2782379120442EAB1
:1075100003626378217A1A43E379207B1B0443EAF0
:107520000163617994F802C00B43E17A94F806E0B4
:10753000090441EA0061607A42EA0C220143A07A20
:1075400043EA0E2341EA00210091E17B207C0904FB
:1075500041EA0061607B0143A07B41EA0021019187
:10756000E17C207D090441EA0061607C0143A07C4C
:1075700041EA00210291E17D207E090441EA006197
:10758000607D0143A07D41EA00210391E17E207FDF
:10759000090441EA0061607E0143A07E41EA0021C6
:1075A0000491E17F94F82000090441EA0061607FC2
:1075B0000143A07F41EA0021059194F8231094F83B
:1075C0002400090441EA006194F82100014394F881
:1075D000220041EA0021069194F8270094F828102F
:1075E000000440EA016094F82510014394F8260055
:1075F00041EA0021079137A88249FDF781F9BAE0F5
:10760000E2782379120442EA03626378217A1A430A
:10761000E379207B1B0443EA0163617994F802C09B
:107620000B43E17A94F806E0090441EA0061607ACC
:1076300042EA0C220143A07A43EA0E2341EA0021E8
:107640000091E17B207C090441EA0061607B0143F9
:10765000A07B41EA00210191E17C207D090441EAFF
:107660000061607C0143A07C41EA00210291E17D40
:10767000207E090441EA0061607D0143A07D41EA6A
:1076800000210391E17E207F090441EA0061607ED0
:107690000143A07E41EA00210491E17F94F820009B
:1076A000090441EA0061607F0143A07F41EA0021B3
:1076B000059194F8231094F82400090441EA00612C
:1076C00094F82100014394F8220041EA0021069138
:1076D00094F8270094F82810000440EA016094F818
:1076E0002510014394F8260041EA0021079137A8AC
:1076F0004549FDF705F93EE00B2D3CD1A3786278B2
:107700001B02D21837A84149FDF7FAF82379E2782D
:107710001B02D21837A83E49FDF7F2F8A379627927
:107720001B02D21837A83B49FDF7EAF8237AE27921
:107730001B02D21837A83849FDF7E2F8A27A637A1B
:10774000120237A835499A18FDF7DAF813E0E37802
:1077500022791B0443EA0263627837A81343A278B4
:107760002F4943EA0222FDF7CBF804E000221492ED
:1077700001E00123139310997B19FF297DF463A97C
:10778000159A01321592159B1B998B427DF453A9D2
:10779000119A511C03D037A82249FDF7B1F89DF882
:1077A0009C3023B137A8204927AAFDF7A9F8169BDA
:1077B0000A2B0CD800201D49ECF3A4F038B913991A
:1077C00029B937A81A49139AFF23FDF799F8389A6F
:1077D000002302F8013B449B1A9800931299189BCE
:1077E0003892FDF76DF804461298F0F317F201E0B5
:1077F0006FF0010420463BB0BDE8F08F01211391EA
:10780000B9E700BFC28C0200FF8C02004F8F02005C
:10781000638F0200778F02008B8F02009F8F020020
:107820002C8E02001D900200F4890200468902009D
:107830009C8702002DE9F04F8DB0059205468A46DF
:1078400006A80021142298460B91EBF3BFF1594B87
:107850001C78002C40F0A3806B69232B0CDD1C22CC
:107860002846214623460094F5F388F2002806DADC
:1078700001260227B14605E00427012601E00C2776
:107880000326A1462846F5F30BF20128834602D0D1
:10789000022813D105E028465146EBF3CBF0400017
:1078A0000BE02846FCF7A1FF044638B1FCF793FF34
:1078B000C20503D52046FCF793FF0B900B980028D8
:1078C0004ED0F0F399F1044600286ED0BBF1010FC1
:1078D00003D0BBF1020F1BD10BE00B9B00210193E6
:1078E0000290059A2846534600910391EBF3A0F0CD
:1078F0000CE00B9A0CAB520843F8042D28460121EA
:107900002246FCF7A6FF0B9B5B000B93002840D19F
:1079100022884FF6FD73013A92B29A4203D920466B
:10792000F0F37CF11CE0B9F1000F03D004EB470742
:10793000069719E0E31962880693A388A7F5805794
:1079400007EB12221B0602EB1343E3180793E388AD
:10795000DB19E31808932389DF19E719099703E076
:10796000154B002406930126169A5046009206A94C
:1079700032464346FDF716F850B9169B28461A685A
:10798000D8F8001001F038FDD8F800200B4B1A6031
:1079900014B12046F0F342F1064A01231370169BFE
:1079A0000020C8F80000186001E06FF01A000DB068
:1079B000BDE8F08F29610100608B0200889302000E
:1079C00030B51946039B049C43B14CB100251D60A2
:1079D00025600394BDE83040FFF72CBF184630BD4A
:1079E000204630BD014B00221A707047296101000A
:1079F000F8B50C4F06463C688CB101250BE02846D3
:107A000000212C46E6F7C6FF20B128463146E6F7AE
:107A1000BBFF04E001353B689D42F0D900242046BD
:107A2000F8BD00BF2C61010010B5847801462046E6
:107A3000E6F7B0FF28B120460021E6F7A5FF0020B9
:107A400010BD4FF0FF3010BD70B50C4E0D463068C4
:107A500080B90B49E6F798FF012404E02046002195
:107A6000E6F792FF013433689C42F7D9034B28466E
:107A70001D6070BD4FF0FF3070BD00BF2C61010074
:107A8000ADDEADDE064B1A68194632B1012300E0C7
:107A900001339342FCD900230B600020704700BFE4
:107AA0002C6101002DE9F0470C4616688246154608
:107AB00008468422002198469DF82470EBF386F056
:107AC0002046FFF795FFC0B2002832D00123237073
:107AD0009DF82030A070003318BF0123E3703C23D1
:107AE0003C2EB4BFB1464FF03C09A4F80E8067703D
:107AF000A381002615E0504641463A46F0F390F047
:107B000030B96368002B0CBF6FF01A0000200BE047
:107B1000A3780136C37063684361238960600133D1
:107B200023814E45E7DB0020238963812B60BDE87C
:107B3000F0874FF0FF30BDE8F087F8B506460C46F9
:107B400000250BE07B693046636000237B61FB709E
:107B50003946E278F0F386F00135ADB26768002F60
:107B6000F0D1238920465B1B238163895D1B6581DE
:107B7000FFF75AFFA77027703846F8BD10B5C37CD1
:107B8000032B08D09C1D00EBC40401336160A2608C
:107B9000C374002010BD4FF0FF3010BD2DE9F84335
:107BA00011F01F0618BF012606EB511707F1070950
:107BB0004FEA890948460D4601F01F08F0F31CF012
:107BC000044600283BD000214A46BFB2EAF3FEF744
:107BD0006780A580E580A46021462246002303E05B
:107BE0004FF0FF30906101330432BB42F8D356B1FD
:107BF0004FF0FF3202FA08F87B1D04EB83035A684A
:107C000082EA08025A6017F01F0318BF012307F029
:107C10001F0003EB57172780002203E04FF0FF35CA
:107C20008D6001320431BA42F8D343B14FF0FF33D3
:107C30008340013704EB87077A6853407B60204616
:107C4000BDE8F8830846EFF3E9B7436B23B14FF47F
:107C50007F629A60436B05E0836B4BB14FF47F62A8
:107C60009A60836B9868D0F1010038BF002070479C
:107C7000012070470346002001E00130C0B25B08DC
:107C8000FBD170470B6843F440330B6008680B6806
:107C900000F4403023F440330B60A0F540314842FB
:107CA00040EB0100704708B5416B09B9816B21B108
:107CB000806AFFF7E7FF012008BD084608BD2DE9EF
:107CC000F047DDF820801F88099D1046894614463C
:107CD0001E46394642462B46EFF38EF48246E8B103
:107CE000012313FA07F72B68013BDB19B3FBF7F30A
:107CF0005F43631EDB195F4017EA090F0ED0204671
:107D0000FFF7B8FF30805046EFF380F4318820460B
:107D100042462B46BDE8F047EFF36EB45046BDE84F
:107D2000F08770B5002301290CBFB0F84620B0F8E9
:107D30006C2086B00493B0F8443012010129044647
:107D4000ADF816300D46806A41F6FF7329D104AEB6
:107D5000D4F8C410009604F15C060196994214BF51
:107D60004FF480314FF4005104F150060DF1160329
:107D70000296FFF7A4FF002840D0BDF81630E26D50
:107D800015FA03F3511EC918B1FBF3F14B43A36578
:107D90009B1A9BB2C018A4F86030049BE063636632
:107DA0002BE004ADD4F8CC10009504F184050195C6
:107DB000994214BF4FF480314FF4005104F178051B
:107DC0000DF116030295FFF77AFFB8B1BDF8163032
:107DD000012515FA03F3D4F88420511EC918B1FB0C
:107DE000F3F14B43C4F880309B1A9BB2C018A4F83F
:107DF0008830049B2064C4F88C30284606B070BDDF
:107E0000FFF78FBF2DE9F74F8DE803000EAEE0209E
:107E100014469A460D9F96E8400ADDF84C80EFF331
:107E2000EBF60546002800F079810021E022EAF314
:107E3000CDF69A4B0021B8F1000F08BF98460A46CC
:107E4000C5F81C802046F4F38BF70C9BC0F3003080
:107E5000AB63934B03212B60002285F83000C5F8FB
:107E600034A02846EDF3F8F5082205F12000019929
:107E7000EAF384F7002385F82730009BEC62AB62BD
:107E8000BBF1FF3F14BF5B46CC23B9F1CC0F88BFD9
:107E9000C3EB0909C5F89830BDF84430A5F8467021
:107EA000C5F89C309DF84830A5F86C60C5F8A03046
:107EB0000C9BA5F89490002B45D0AA6B1368D807AB
:107EC00004D523F001031360AA6B1360AB6B4FF072
:107ED000FF329A602046F4F345F740F63C0398429F
:107EE00012D1E86AF4F34EF7052809D0E86AF4F3F2
:107EF00049F7082804D0E86AF4F344F70C2803D1C2
:107F0000AB6B4FF0FF329A60AB6B9A681205120DA3
:107F10001AB15A6842F00F0201E041F6FF72C5F84B
:107F2000CC201A6802F4E012920C85F8B5201A6889
:107F300002F46002520D85F8BA201B6803F040730A
:107F40001B0E85F8BB30BAF1000F4DD06A6B136879
:107F5000D90704D523F0010313606A6B13606B6BC0
:107F60004FF0FF329A60E86AF4F3FCF640F63C0307
:107F7000984212D1E86AF4F305F7052809D0E86AB7
:107F8000F4F300F7082804D0E86AF4F3FBF60C28B1
:107F900003D16B6B4FF0FF329A606B6B9A681205DE
:107FA000120D1AB15A6842F00F0201E041F6FF7259
:107FB000C5F8C420C5F8C8201A6802F4E012920C73
:107FC00085F8B6201A6802F4E072920985F8B720A5
:107FD0001A6802F46002520D85F8B8201B6803F09D
:107FE00040731B0E85F8B93062680023012AC5F87A
:107FF000A430C5F8AC3018D1A268B2F5026F03D036
:1080000040F63C018A4202D14FF0004303E04FF0BA
:108010008042C5F8A420C5F8A830D5F8A430C5F82A
:10802000AC30D5F8A830C5F8B0302046F4F39AF655
:1080300040F62903984208D12046F4F3A3F620B174
:108040002046F4F39FF602280FD92046F4F38AF66F
:1080500040F6340398420CD12046F4F393F620B155
:108060002046F4F38FF6012803D1002385F8313040
:1080700004E02846FFF717FE85F831002846FFF791
:10808000E4FD85F8B40068B10D23FF2FA5F8443056
:108090000CD8FF2E09D80C2305E000BF9061010029
:1080A0008C5001000423A5F844304FB1BC00204699
:1080B000EFF3A2F5E86468B300212246EAF386F5FF
:1080C0004EB1B4002046EFF397F5686710B3002176
:1080D0002246EAF37BF527B128460121FFF790FEFF
:1080E000C0B126B128460221FFF78AFE90B1D5F82B
:1080F000A4305BB195F8313043B9AB6DB3F1804F2B
:1081000008D8D5F88030B3F1804F03D8012385F823
:10811000DD3003E02846EDF3F9F400252846BDE8FC
:10812000FE8F00BF10B50446F5F38CF20021204607
:108130000A46F4F315F6C30407D5204601F0DBFA2E
:1081400000280CBF2020402010BD202010BD2DE9AC
:10815000F0470446266A09A9042E666A9DF82000A5
:10816000CCBF06F4781606F4F01691E82202760CDD
:108170004FF000084BE031F828A01FFA83FCE245DD
:1081800001EB880703D197F802C0844504D008F1B9
:1081900001085FFA88F83AE0002A35D006FB08F8B3
:1081A00000252EE063692046222B0ADDE3695A068A
:1081B00007D540F627010022F4F342F70146204696
:1081C00000E000214FF4CC62F4F3DAF50560636956
:1081D0002046222B0ADDE3695B0607D540F627011E
:1081E0000022F4F32DF70146204600E0002140F282
:1081F0006462F4F3C5F509EB880353F825300135C3
:108200000360EBB2B342CDD3F878BDE8F087A84560
:10821000B1D30020BDE8F0872DE9F84304461E469F
:10822000002B00F0B480436A02EB061503F4F85902
:108230004FEA192955F8043C013E0BB900279FE08D
:1082400020469847002800F09E80F7E70122BA40B8
:1082500055F8103C1A4200F0928063692046222BA8
:108260000ADDE3695A0607D540F627010022F4F338
:10827000E7F60146204600E000214FF4C462F4F323
:108280007FF5076015F90C2C22B1012A19D00132B3
:1082900075D144E063692046222B09DDE3695B0662
:1082A00006D540F62701F4F3CBF60146204600E060
:1082B000002140F22462F4F363F555F8083C0360B2
:1082C0005DE063692046222B0ADDE369590607D584
:1082D00040F627010022F4F3B3F60146204600E001
:1082E000002140F22462F4F34BF563698046222BAF
:1082F00020460ADDE3695A0607D540F62701002229
:10830000F4F39EF60146204600E0002140F224628C
:10831000F4F336F555F8083C026813432DE0636921
:108320002046222B0ADDE3695B0607D540F62701CC
:108330000022F4F385F60146204600E0002140F2D9
:108340002462F4F31DF563698046222B20460ADD82
:10835000E369590607D540F627010022F4F370F6C9
:108360000146204600E0002140F22462F4F308F5C3
:1083700055F8082C036823EA0203C8F800300137D7
:108380004F457FF463AF103D002E7FF453AFBDE83F
:10839000F883000070B59D4904460020EBF38EF28F
:1083A000002800F0318100209849EBF387F29749CB
:1083B00005460020EBF382F2944906460020EBF3D9
:1083C0007DF215F0006500F0AC804FF40012002142
:1083D00013462046E6F741FD0222062113462046B9
:1083E000F4F344F663692046222B0ADDE3695A065A
:1083F00007D540F627010022F4F322F60146204675
:1084000000E000214FF4C162F4F3BAF406680025DD
:1084100006F480761BE04FF47A70EFF3DBF06369CB
:108420002046222B0ADDE3695B0607D540F62701CB
:108430003246F4F305F60146204600E000214FF4F1
:10844000C162F4F39DF40668013506F480761EB926
:10845000B5F57A7FDFD170BDB5F57A7F00F0D480B5
:108460004FF47A70EFF3B6F0082206211346204647
:10847000F4F3FCF50023062104222046F4F3F6F57C
:108480004FF47A70EFF3A6F063692046222B0ADDE1
:10849000E369590607D540F627010022F4F3D0F529
:1084A0000146204600E000214FF4C062F4F368F476
:1084B0000568002605F001051BE04FF47A70EFF324
:1084C00089F063692046222B0ADDE3695A0607D545
:1084D00040F627010022F4F3B3F50146204600E000
:1084E00000214FF4C062F4F34BF40568013605F047
:1084F00001051DB1B6F57A7FDFD102E0B6F57A7FCE
:1085000003D120460621082279E029464FF4801243
:108510002B462046E6F7A1FC2046062101222B46E9
:108520006EE0730170D54FF4801213462946204641
:10853000E6F793FC0122062113462046F4F396F554
:108540004FF47A70EFF346F00422062113462046DA
:10855000F4F38CF5062108222B462046F4F386F529
:108560004FF47A70EFF336F063692046222B0ADD70
:10857000E3695E0607D540F627012A46F4F360F565
:108580000146204600E000214FF4C062F4F3F8F306
:108590000668002506F001061BE04FF47A70EFF341
:1085A00019F063692046222B0ADDE369590607D5D5
:1085B00040F627013246F4F343F50146204600E039
:1085C00000214FF4C062F4F3DBF30668013506F0D6
:1085D00001061EB9B5F57A7FDFD102E0B5F57A7FE5
:1085E00003D120460621042209E000214FF40012A5
:1085F0000B462046E6F731FC2046062102220023E6
:10860000BDE87040F4F332B570BD00BF685301009F
:1086100046F29053994210B5044609D049F2182306
:10862000994207D0B1F5964F0CBF1F23002302E0FB
:108630002A2300E03C230521FF222046E6F779FCAF
:108640004FF40002062113462046E6F73CFC1E20AC
:10865000EEF3C0F7204606214FF400020023BDE8E8
:108660001040E6F730BC0000F0B5036A466A042B00
:10867000CCBF06F4781606F4F01685B00446760CE6
:1086800000253BE0102168461F4A2B46EAF304F31D
:1086900000206946EBF336F100282ED000210A466F
:1086A000EAF3CCF663690746222B20460ADDE3692C
:1086B000590607D540F627010022F4F3C1F401461C
:1086C000204600E000214FF4CC62F4F359F305603A
:1086D00063692046222B0ADDE3695A0607D540F676
:1086E00027010022F4F3ACF40146204600E000210B
:1086F00040F26462F4F344F307600135EBB2B34235
:10870000C0D305B0F0BD00BFD5950200F0B5036A37
:1087100085B0042B0446466A03DD06F0F866B60D04
:1087200002E006F0F076760D00253BE01021684669
:108730001F4A2B46EAF3B0F200206946EBF3E2F061
:1087400000282ED000210A46EAF378F6636907462E
:10875000222B20460ADDE3695A0607D540F6270199
:108760000022F4F36DF40146204600E000214FF4AE
:10877000CB62F4F305F3056063692046222B0ADD22
:10878000E3695B0607D540F627010022F4F358F4AD
:108790000146204600E0002140F25C62F4F3F0F272
:1087A00007600135EBB2B342C0D305B0F0BD00BFE6
:1087B0000C990200F0B5036A85B0042B0446466AA2
:1087C00001DDF60E02E006F0F056760E00253BE0E5
:1087D000102168461E4A2B46EAF35EF200206946E5
:1087E000EBF390F000282ED000210A46EAF326F69B
:1087F00063690746222B20460ADDE3695B0607D53D
:1088000040F627010022F4F31BF40146204600E065
:1088100000214FF4CA62F4F3B3F2056063692046A5
:10882000222B0ADDE369590607D540F6270100220D
:10883000F4F306F40146204600E0002140F25462C1
:10884000F4F39EF207600135B542C1D105B0F0BD29
:108850001B99020000487047C0AD3A022DE9F04371
:1088600004460F4685B00020904915461E46EBF39E
:1088700025F060B92046394615B1FFF7EBFF07E058
:10888000FFF7E8FF4FF47A75B0FBF5F500E0054619
:1088900000208749EBF312F000F00F00012808D008
:1088A000022809D0834B844A032814BF9146994675
:1088B00004E0DFF8149201E0DFF810922946204628
:1088C000FFF7A6FE2046F4F355F20021804620462D
:1088D000F5F300F0794B0246002E4BD101930323B0
:1088E00002933946204632462B460096CDF80C902E
:1088F000FFF72DFC0746002837D063692046222B5E
:108900000ADDE3695B0607D540F627013246F4F33A
:1089100097F30146204600E000214FF4C062F4F3D3
:108920002FF20268BF004FF68373134007F07C02FA
:1089300005F17F07FF09013F42EA07471F436369CB
:108940002046222B0ADDE369590607D540F62701A8
:108950000022F4F375F30146204600E000214FF4B5
:10896000C062F4F30DF2076096E029465448EAF33A
:1089700053F192E000218DE80A0003230293204680
:1089800039462B46CDF80C90FFF7E1FB002D00F0A7
:1089900083802046E6F774F8064606E0AB4203D132
:1089A0006369222B07DC12E00C36002E74D033886A
:1089B000002BF3D170E0E3695A0608D540F6270191
:1089C00020460022F4F33CF30146204601E0204615
:1089D00000214FF4C062F4F3D3F10268B37802F0DF
:1089E0007C02B3EB920F57D03579F3782D061B0537
:1089F00005F0706503F4700300214FF07F622B4394
:108A00002046E6F796FA737902211B052D4A43F4B6
:108A100000332046E6F78DFAB3686FF07F420321FA
:108A200013402046E6F785FA63692046222B0ADDCB
:108A3000E3695B0607D540F627010022F4F300F353
:108A40000146204600E000214FF4C062F4F398F1A3
:108A500002684FF6837335881340B2787F35ED1185
:108A60009200013D02F07C0242EA05451D43636924
:108A70002046222B0ADDE3695E0607D540F6270172
:108A80000022F4F3DDF20146204600E000214FF41D
:108A9000C062F4F375F10560012620464146F4F307
:108AA00019F7304605B0BDE8F08300BFEC95020031
:108AB000745301008C5101000C5201000697020012
:108AC000A39502000000FE1F80530100F85301002F
:108AD0002DE9F04399468BB000230793089309933F
:108AE000036A476A042BCCBF07F4781707F4F01722
:108AF00004460D4690467F0C00260CE0102103A88A
:108B0000334A3346EAF3C8F0002003A9EAF3FAF641
:108B100020B90136F6B2BE42F0D34EE008AB009366
:108B200009AB019320462946424607ABE6F7C0FB56
:108B3000012329464A462046FFF790FE2046294653
:108B4000FFF792FD236A012B2CDD63692046222B5F
:108B50000ADDE3695E0607D540F627010022F4F33B
:108B60006FF20146204600E000214FF4C062F4F3AA
:108B700007F163690646222B20460ADDE3695906A0
:108B800007D540F627010022F4F35AF201462046A9
:108B900000E000214FF4C062F4F3F2F0036843F404
:108BA00080633360089B20460093099B294601930C
:108BB0004246079BE6F7D4F807E0204629464A4696
:108BC0000023FFF74BFE0028A8D10BB0BDE8F083CF
:108BD000D59502002DE9F04F002587B004460E46DA
:108BE00004950595F4F3C6F0294683462046F4F330
:108BF00071F6A14982462846EAF384F648B101237A
:108C000084F8603329462A46EAF318F4C4F85C0372
:108C100001E084F8600300209849EAF373F648B154
:108C20000123002184F868330A46EAF307F4C4F804
:108C3000640301E084F868032046F3F3F5F7904BF2
:108C4000676A98428F4B94BF20252125A3F108081D
:108C500098BF984607F4F8573F0A08EBC5086369C0
:108C60002046222B0ADDE3695A0607D540F6270184
:108C70000022F4F3E5F10146204600E000214FF424
:108C8000C462F4F37DF018F8083C013D03606369A9
:108C90002046222B0ADDE3695B0607D540F6270153
:108CA0000022F4F3CDF10146204600E000214FF40C
:108CB000C562F4F365F058F8043CA8F108080360B5
:108CC000002DCCD147E0082102A86F4A2B46E9F3DA
:108CD000E3F7002002A9EAF315F600283AD00021B4
:108CE0000A46EAF3ABF3236A80460C2B07DDB0F5A6
:108CF000803F04D2C3B24FEA102843EA08486369B0
:108D00002046222B0ADDE369590607D540F62701E4
:108D10000022F4F395F10146204600E000214FF4D3
:108D2000C462F4F32DF0056063692046222B0ADD4E
:108D3000E3695A0607D540F627010022F4F380F1D3
:108D40000146204600E000214FF4C562F4F318F01C
:108D5000C0F800800135BD42B5D1204631464B4AAE
:108D60001F23FFF759FA00253EE00821484A2B4609
:108D700002A8E9F391F7002002A9EAF3C3F58146BE
:108D8000002830D063692046222B0ADDE3695B06A8
:108D900007D540F627010022F4F352F101462046A0
:108DA00000E000214FF4C462F3F3EAF70560636961
:108DB0002046222B0ADDE369590607D540F6270134
:108DC0000022F4F33DF10146204600E0002140F28C
:108DD0002462F3F3D5F7002180460A464846EAF3B9
:108DE0002DF3C8F800000135BD42BED1204604A9CC
:108DF00005AAE5F70FFF049F52463B463146002582
:108E000020460095E5F752FE384304902046F4F3DF
:108E100047F4059A049B002A3CD01A4363690592E3
:108E2000222B20460ADDE3695A0607D540F62701C2
:108E30002A46F4F305F10146204600E0002140F205
:108E40001C62F3F39DF763690546222B20460ADD79
:108E5000E3695B0607D540F627010022F4F3F0F042
:108E60000146204600E0002140F21C62F3F388F73F
:108E7000059B02683AE000BFC5950200009702001A
:108E8000BFAD3A0200960200E79502001C9702006F
:108E9000E2950200002B2BD063692046222B09DDCE
:108EA000E369590606D540F62701F4F3C9F00146F7
:108EB000204600E0002140F21C62F3F361F7636991
:108EC0000546222B20460ADDE3695A0607D540F6FF
:108ED00027010022F4F3B4F00146204600E000210F
:108EE00040F21C62F3F34CF7049B026813432B60BF
:108EF000049BABB163692046222B0ADDE3695B0664
:108F000007D540F627010022F4F39AF001462046E7
:108F100000E000214FF4C362F3F332F7049B0360D7
:108F2000059BABB163692046222B0ADDE369590634
:108F300007D540F627010022F4F382F001462046CF
:108F400000E0002140F21C62F3F31AF7059B036076
:108F5000314652462046E6F77EF94FF4FA60EEF3CA
:108F600039F320465946F4F3B5F407B0BDE8F08F65
:108F7000F8B5044615460E46F3F3FCF60021074605
:108F80002046F4F3A7F4314602462B462046FFF76D
:108F90009FFD204631462A46E5F7D8FD2046394652
:108FA000BDE8F840F4F396B438B5036A0446012BE3
:108FB0002DD14369222B0ADDC3695A0607D540F635
:108FC00027010022F4F33CF00146204601E0204650
:108FD00000214FF4C062F3F3D3F663690546222BF8
:108FE00020460ADDE3695B0607D540F6270100222B
:108FF000F4F326F00146204600E000214FF4C06261
:10900000F3F3BEF6036823F400732B6038BD2CDD48
:109010004369222B0ADDC369590607D540F62701AB
:109020000022F4F30DF00146204601E02046002125
:109030004FF4C062F3F3A4F663690546222B204681
:109040000ADDE3695A0607D540F627010022F3F34B
:10905000F7F70146204600E000214FF4C062F3F329
:109060008FF6036843F400732B6038BD704701200E
:10907000704738B505460C46FFF79CFB284621464D
:109080000022FFF7F3FF28462146BDE83840FFF7EE
:1090900081B9000038B504460D4600203149EAF395
:1090A00031F440B100210A46EAF3C8F12946C3B2BF
:1090B0000122204603E02046294601220523E5F748
:1090C0008BFF00202849EAF31DF448B100210A462D
:1090D000EAF3B4F12946C3B209222046E5F77CFF42
:1090E00000202249EAF30EF448B100210A46EAF3CF
:1090F000A5F12946C3B205222046E5F76DFF002001
:109100001B49EAF3FFF348B100210A46EAF396F15E
:109110002946C3B206222046E5F75EFF002120461D
:109120004FF478624FF43863E5F7CDFE0021204616
:109130004FF460424FF42043E5F7C5FE4FF4C022E0
:10914000002113462046E5F7BEFE012200212046FD
:109150001346E5F7B8FE20462946BDE83840FFF73C
:10916000D5BA00BF12970200DB95020012990200E7
:10917000CA95020038B5036A0446092B69DD4369C4
:10918000222B0ADDC3695B0607D540F627010022C2
:10919000F3F356F70146204601E0204600214FF444
:1091A000C062F3F3EDF5026812F0010253D1636976
:1091B0002046222B09DDE3695D0606D540F627012E
:1091C000F3F33EF70146204600E0002140F26C62D6
:1091D000F3F3D6F54FF0004303604FF47A70EEF3EB
:1091E000F9F163692046222B0ADDE369590607D5A8
:1091F00040F627010022F3F323F70146204600E062
:10920000002140F26C62F3F3BBF505686369ED047D
:10921000ED0C222B20460ADDE3695A0607D540F6FD
:1092200027010022F3F30CF70146204600E000215D
:1092300040F26C62F3F3A4F56D030023036005F5BF
:109240004245064805F5A875B5FBF0F5642068436E
:1092500038BD002038BD002038BD00BFA086010009
:1092600038B5002105461020E3F7A0FF0021044691
:109270001022E9F3ABF46560204638BD08B1E4F78D
:109280001DB8704710B50446E4F706F96060E06069
:109290002068E7F716FA6368A0F5006020611818E7
:1092A0000123A060237610BD38B50546F4F3CAF15A
:1092B0001C20EEF3A1F4084C00211C222060E9F3ED
:1092C00085F420680560FFF7DDFF04492268284621
:1092D000BDE83840E6F726BC90040000D93F000006
:1092E0002DE9F84F0C46F4F3ADF141F20100E568C9
:1092F000EEF382F400287CD000F1010C064620E059
:1093000001321970D2B2434639783D460137C1B1B6
:109310003D2903F10108F3D1327029464646002267
:1093200003E001323770D2B2664611F8017FC3EB19
:109330000508B04406F1010C002FF2D11A7008F1B3
:109340000105E768A368FB189D4205D22B781BB185
:109350002F4663460022D7E725460123E26883466D
:10936000BA1A2A823BE0594611F8012B9A4202D1DF
:109370004FF0000C0AE0102B2AD10F2AF8DC27E06E
:109380001BF8018F07F80C800CF1010C6245F7D136
:1093900001EB0208895C07EB020C4FF03D0907F86E
:1093A000029008F1010B0CF1010701F10109002203
:1093B00003E018F802A00CF802A001324A45F8D1E7
:1093C0007A184FF0000C07F801C08B44571C06E0D8
:1093D00011F802B001EB020C0BF1010BE344B345B1
:1093E000C1D301330235112BB8D1BDE8F84FEEF3EC
:1093F00015B4BDE8F88F0000F8B50E4617460446D0
:10940000F4F320F13020EEF3F7F3054668B1C660BF
:10941000074E302343603368876003602946204647
:10942000FFF75EFF35600020F8BD6FF01A00F8BD51
:109430009404000008B5064B1B683BB9054B19683E
:1094400021B1054B1A680AB1FFF7D6FF002008BD0D
:1094500094040000985C01009C5C0100F8B5104B7E
:1094600007461C681E46BCB1E3689BB10D4D2A68D7
:109470009A420FD1F4F3E6F0E068EEF3CFF3002365
:109480002B6007E038462568F4F3DCF02046EEF365
:10949000C5F32C46002CF5D100233360F8BD00BF86
:1094A000940400008893020073B5856E04466DB184
:1094B000D0F8CC3000EB8303D3F8D420036E9A426B
:1094C00003D1406EA847054600E000252046F3F38F
:1094D00051F4002302A941F8083D0646694620469A
:1094E00001AA0DF0C1FE9DE806004FF4FF20E9F34C
:1094F000E9F220463146F4F3EDF1E36E5BB1D4F8C6
:10950000CC2004EB8202D2F8D410226E914202D118
:10951000606E294698477CBDF8B50446F0F3BAF072
:1095200000284FD0A56E6DB1D4F8CC3004EB830386
:10953000D3F8D420236E9A4203D1606EA847054623
:1095400000E000252046F3F315F4002107462046ED
:10955000F4F3C0F10121064600222046F0F3BAF0F0
:109560004FF480110A462046F0F396F040210A4657
:109570002046F0F3A5F04FF080710A462046F0F344
:109580008BF02046FFF790FF0F4B0121C6F8043502
:109590004FF4FC73C6F808350A462046F0F39AF0FB
:1095A00020463946F4F396F1E36E5BB1D4F8CC2053
:1095B00004EB8202D2F8D410226E914202D1606E86
:1095C00029469847F8BD00BFF20039400120704796
:1095D000C36B44F2583293420DD004D844F2563251
:1095E000934218D112E04AF62E22934208D04AF64E
:1095F0002F2293420FD1C0F884334AF6322303E07E
:10960000C0F884334AF63123C3637047C0F884330B
:1096100044F25433C363704738B541F2E44304461F
:1096200003630D4629B108460F49EAF347F1A062EA
:1096300040B928460D49EAF341F1A06210B94FF64E
:10964000FF73A3620A492846EAF338F10949E06248
:109650002846EAF333F1084960632846EAF32EF11D
:1096600084F8550038BD00BF2D99020023990200EF
:1096700064990200439902004E990200704700006D
:1096800030B585B00190002404A840F8044D01A92C
:109690000422E9F317F2019DB5B12B46D3F88C20D3
:1096A00012B10022C3F88C2001340433102CF5D100
:1096B0000398FEF797F90398FFF7D0FE034B9D42FE
:1096C00002D02846EEF3AAF205B030BDE4610100F5
:1096D0000367D0F8CC3010B500EB8303029CD3F8BD
:1096E000D43044668166C266036610BD002383667B
:1096F000C366036770478069C0F3C06070472DE997
:10970000F84304461E46089D099FFAF761FC0021B4
:109710002046F4F3DFF080462046F3F333F30A28C3
:10972000C8BFD8F82C306061C8BFA3642228D8F81D
:109730000430C8BFD8F8AC20A361C8BFE261DA002A
:109740001CD5222814DDE3695B0611D500222046D2
:1097500040F62701F3F374F401462046F4F3BAF01F
:10976000D0F80436002163622046F4F3B3F002E03F
:10977000D8F80436636294F8243023624FF4E0632F
:10978000A3604FF0FF33E36011232361A1464FF044
:10979000000817E04146F4F39DF02046F3F3E2F2AF
:1097A0002046F3F3EFF21EB1D9F814319E4203D0F4
:1097B000D9F88C309F4201D1C5F8008008F101082A
:1097C00009F10409D4F8D03020469845E2D329683D
:1097D000F4F380F00120BDE8F883F7B500221346CA
:1097E0000D4601210446E5F738FB002128220746F3
:1097F0000B4620460091F3F3C1F20646280709D034
:10980000204601210622F3F367F6204602210622B4
:10981000F3F362F615F0F00F04D020460021022287
:10982000F3F35AF615F4706F0ED020460021012292
:10983000F3F352F601210A462046F3F34DF6204693
:1098400002210122F3F348F601213B4620464FF066
:10985000FF32E5F702FB2046002128224FF0FF33BC
:109860000096F3F38BF2FEBD0020EAF327B0000070
:1098700010B50C490446FFF7F7FF80B288B9D4F859
:1098800080000849EAF31AF080B250B9D4F8800099
:109890000549EAF313F04FF6FF7380B2002808BFC2
:1098A000184610BD6D9902007B990200436907B507
:1098B0000A2B09DD003118BF01210091242200216B
:1098C0000123F3F35BF201E04FF0FF300EBD07B56B
:1098D0000021F8220B460091F3F350F200F00F0044
:1098E0000EBD00002DE9FF47DDF830809246DDF81F
:1098F00034900F464FF46372002104461E460E9DBD
:10990000B8F1010F08BF4FF00008E9F35FF1112330
:109910002361C4F88860C4F85C90C4F858A0C4F807
:109920000480B8F1000F40F0C580204641463A4619
:109930004B46FFF74BFE002800F0C0804FF0C053AD
:109940001A68130F02F47021236093B202F47002BC
:10995000120D626444F25832090C9342E3632164AD
:109960000AD004D844F25632934208D104E0A3F559
:109970002A432E3B012B02D82046FFF729FE636CB9
:1099800020460E3B012B8CBF0023012384F84C3072
:109990004FF0C0513A46FAF793F9D4F8D030002B83
:1099A00000F08A80002704AB43F8047D8DE848006E
:1099B00020464FF0C0513A463B46FFF7A0FE002834
:1099C0007CD02046FFF736FD0F9B00950193204683
:1099D00039463246A36DFDF7F3FF002870D105B17B
:1099E0002D683A4E20462946FFF716FE3278002AA7
:1099F00042D16369132B19DD4FF400612046F3F364
:109A00005BF7334907462846E9F37CF738B1284627
:109A10002F49E9F353F7B0F1FF3F08BF00200023BF
:109A2000BB650399F8652046F3F354F72046A16D12
:109A3000FFF7BAFA2046A16DFFF71BFB2846254920
:109A4000E9F33CF7024620B92046A16DFFF792FBEF
:109A50000246C4F88823A16D2046FFF789FA204604
:109A6000FFF75AFD2046A16DFFF7B4F82046A16D1F
:109A7000FFF710FB012333702046F3F3E1F528468E
:109A80001549E9F33FF738B113492846E9F316F7CA
:109A900001462046FFF7A1FE28461049E9F332F7B8
:109AA00078B128460D49E9F309F701462046FFF74A
:109AB000E5FD06E0002404E01C4602E0044600E068
:109AC0003C46204604B0BDE8F08700BFE0610100DD
:109AD0003E9902005B9902007399020034990200DA
:109AE0001FB50F4C02462378BBB910B90346014697
:109AF00001E00C4B191D002000900190029303918E
:109B0000094844F210714FF0C053FFF7EBFE28B143
:109B1000064B20221A6001232370034804B010BDB5
:109B20007065010064620100E4610100A0040000AE
:109B30002DE9FF4707464FF46370884691469A46E1
:109B40000D9E0E9DEEF358F00446C8B10C9B3946AD
:109B5000019342464B46CDF800A002960395FFF7CD
:109B6000C1FE074620B92046EEF358F03C4607E018
:109B700006B13668C4F8806005B12D68C4F8845019
:109B8000204604B0BDE8F08770B5064686B04FF4B5
:109B9000BC70EEF331F00446E8B100214FF4BC7222
:109BA000E9F314F00D4B266000930D4B0025019353
:109BB00030680C490C4A2346029503950495059597
:109BC00000F0D8FE30B94FF49663C4F8603184F8E1
:109BD000640100E02C46204606B070BDA538810027
:109BE0005D3D8100D8D288003CC5890010B504468F
:109BF00050B1036805491868224600F060FE20460F
:109C0000BDE81040EEF30AB010BD00BF3CC58900AE
:109C10002DE9F041054686B08020EDF3EDF70446CE
:109C2000002844D000218022E8F3D0F704236360A9
:109C3000B4232560A381A046C5F8584727460026CF
:109C40000EE01C2202FB06423C61A8681B49103250
:109C50000023FAF36DF338621C3700282BD001364D
:109C600063689E42EDDB164B164900930023019377
:109C700002930393049305932868134A234600F044
:109C800079FEC0B913E0D8F8201031B12368986884
:109C9000FAF336F30023C8F82030013508F11C0828
:109CA00063689D42EFDB2046EDF3B8F700242046C1
:109CB00006B0BDE8F0810025F2E700BF4948810009
:109CC000A94681007CD388007F3F890070B5044697
:109CD00000281ED003680F491868224600F0EFFDE7
:109CE000254600260DE0296A29B123689868FAF311
:109CF00007F300232B62E86908B1EDF38FF7013613
:109D00001C3563689E42EEDB2046BDE87040EDF3F3
:109D100085B770BD7F3F890010B50446C06F08B19C
:109D2000FFF764FFD4F8840008B107F0C1FED4F84F
:109D3000800008B1FFF7CAFFD4F8B00008B100F006
:109D400013F9A06808B101F0E3F92046BDE810401E
:109D5000EDF364B72DE9F04F07468DB0B8208A4681
:109D600090461D46179EEDF347F70446002800F085
:109D7000A0804FF0000B0021B822E8F327F72660FF
:109D800084F88CB03846FFF76BFA0BABC4F8A8B078
:109D90002A4601900693814641F2E441204633462B
:109DA000CDF800B0CDF808A0CDF80C800494CDF823
:109DB00014B001F05DFA0546002875D0A06010F0DF
:109DC0006FDA2B691021E3603C4B6060A3643C4A6E
:109DD0003346276164643846E8F35EF72B69D86F31
:109DE000F2F356F749F6981398422B69D86F06D8C4
:109DF000F2F34EF708210346324A09A805E0F2F3D0
:109E000047F7314A0346082109A8E8F345F73146E8
:109E100009AA2E4B2E48E8F3FFF632460020169989
:109E20002C4B8DE88001F8F7A9FB064600283BD1B2
:109E30006368012783F8787008210A46286930F0A2
:109E4000D5DA36213A46D5F89802EFF730FD2846A4
:109E5000FFF7DEFEC4F8800030B3284607F0F6FDB9
:109E6000C4F8840000B32846FFF78EFEE067D8B13F
:109E70006368194983F8E070184B02968DE8480032
:109E80000396049605962868154A234600F072FD4D
:109E900050B9284600F032F8C4F8B00020B111489B
:109EA0002146EDF3A9F120B120464946FFF734FFE2
:109EB000002420460DB0BDE8F08F00BFBD888100B2
:109EC000DB550100E05501004D4989004039010092
:109ED00081990200FD8D81002CD58800198A8100AE
:109EE00058FB8900F589810001207047024B01224F
:109EF0001A70E3F763BA00BFFC03000070B50646B2
:109F000086B02020EDF37EF60446F0B10021202239
:109F1000E8F35CF64FF4E153E3804B2323810A23FB
:109F200063810E4B26600025009330680C490D4A72
:109F300023460195029503950495059500F01AFDB9
:109F400030B93368012283F86321204606B070BD22
:109F50002046EDF363F62C46F7E700BF7D9A8100BB
:109F60008CD58800C04B890010B5044678B1FBF34E
:109F700009F3236822461868054900F0A0FC204632
:109F8000EDF34CF6236800221B6883F8632110BDB3
:109F9000C04B89000368D3F8D42041F26B03116BE6
:109FA00099420BD1936AEF2B28D001D8D62B04E02D
:109FB000F52B23D040F20F118B421FD0936A40F251
:109FC000C65293421AD040F27452934216D0036A9A
:109FD0007F2210E0482283F8FD2006E002F0C00254
:109FE000921102EB810183F8FD10036A93F9FD20C1
:109FF000142A0BDC482283F8FD207047036A93F88B
:10A00000FD104AB2B2F1FF3FE8D1E3E77047D0F864
:10A01000E81110B5044629B18068FAF371F1002304
:10A02000C4F8E831D4F8001229B1A068FAF368F155
:10A030000023C4F80032D4F88434D3F8301139B195
:10A04000A068FAF35DF1D4F884340022C3F830211B
:10A05000D4F8501329B1A068FAF352F10023C4F8E0
:10A060005033D4F8541529B1A068FAF349F100230C
:10A07000C4F85435D4F8F41529B1A068FAF340F1C6
:10A080000023C4F8F435D4F8C41729B1A068FAF352
:10A0900037F10023C4F8C43710BD10B5044600687A
:10A0A00007F0D8F8D4F8800620B106F021F8002394
:10A0B000C4F88036D4F87C0620B106F049FA0023B3
:10A0C000C4F87C36D4F89C0120B108F089FE002346
:10A0D000C4F89C31D4F88C0120B101F025FE002396
:10A0E000C4F88C31D4F8400120B102F069FF00239C
:10A0F000C4F84031D4F8540120B1FEF3FFF300233B
:10A10000C4F85431D4F8300120B102F019FC002316
:10A11000C4F83031D4F8340120B102F0C1F9002381
:10A12000C4F83431D4F8380120B102F01BFB00230D
:10A13000C4F83831204602F0D5FAD4F84C0120B1E9
:10A1400006F0BAFA0023C4F84C31D4F8480120B123
:10A1500008F078FD0023C4F84831D4F8440120B158
:10A1600006F032F90023C4F84431D4F85C0120B180
:10A1700008F016FA0023C4F85C31D4F82C3113B17E
:10A180000023C4F82C31D4F8600120B104F0B4F9F4
:10A190000023C4F86031204608F0AAFA204605F0F2
:10A1A0009FFFD4F8500120B105F0FAFF0023C4F856
:10A1B0005031D4F8700120B101F09EFC0023C4F8A6
:10A1C0007031D4F8780120B104F0A8FC0023C4F861
:10A1D0007831D4F87C0120B107F06CFE0023C4F87C
:10A1E0007C31D4F8740120B108F072FD0023C4F86A
:10A1F0007431D4F8840120B101F01CFC0023C4F8B0
:10A200008431D4F8880120B104F0E2FB0023C4F8C3
:10A210008831D4F8780420B107F0F4FC0023C4F8A6
:10A220007834D4F87C0420B107F02EFD0023C4F864
:10A230007C34D4F8800420B107F0C0FD0023C4F8BA
:10A240008034D4F8940120B108F0A2FE0023C4F8B1
:10A250009431D4F8640820B108F0F6FE0023C4F865
:10A260006438D4F8F80620B108F040F90023C4F8A7
:10A27000F836D4F89C0620B104F0E2FE0023C4F8BE
:10A280009C36D4F8A00620B101F060FD0023C4F88C
:10A29000A036D4F8CC0620B104F0BAFE0023C4F8EE
:10A2A000CC36D4F8D40620B104F0F4FC0023C4F872
:10A2B000D436D4F8D00620B108F084FA0023C4F8CC
:10A2C000D036D4F8600820B107F0D6FE0023C4F8D9
:10A2D0006038D4F8DC0620B107F0FEFB0023C4F898
:10A2E000DC36D4F8BC0608B105F081FDD4F8C00610
:10A2F00008B105F07CFDD4F8A00120B103F0F8FE10
:10A300000023C4F8A031D4F8F00620B106F0C2F959
:10A310000023C4F8F036D4F8300720B1EDF37EF412
:10A320000023C4F83037D4F8A40620B105F03AFD74
:10A330000023C4F8A436D4F8940620B104F070FFCA
:10A340000023C4F89436D4F8240120B108F06CF846
:10A350000023C4F82431D4F8280120B103F0A6FD6D
:10A360000023C4F82831D4F8880420B106F0A8FAF4
:10A370000023C4F88834D4F8E80520B104F0D2FDF5
:10A380000023C4F8E835D4F8380620B1F9F7CEFF39
:10A390000023C4F838362046BDE8104004F0D4BB92
:10A3A00070B5D0F88434056801220446A3F89020E3
:10A3B000D5F8D8003C49E9F3A5F240B1D5F8D8006A
:10A3C0003949D4F88464E9F379F2A6F89000D4F816
:10A3D00084346422A3F84A20D5F8D8003349E9F33D
:10A3E00091F240B1D5F8D8003049D4F88464E9F34B
:10A3F00065F2A6F84A00D4F884346422A3F84C200D
:10A40000D5F8D8002A49E9F37DF240B1D5F8D80053
:10A410002749D4F88464E9F351F2A6F84C00D4F843
:10A4200084346422A3F89220D5F8D8002149E9F3B6
:10A4300069F240B1D5F8D8001E49D4F88464E9F334
:10A440003DF2A6F89200D4F884340122A3F89620B5
:10A45000D5F8D8001849E9F355F240B1D5F8D8003D
:10A460001549D4F88464E9F329F2A6F89600D4F8E3
:10A4700084340422A3F89E20D5F8D8000F49E9F3CC
:10A4800041F240B1D5F8D8000C49D4F88464E9F31E
:10A4900015F2A6F89E00D4F884346422A3F8942020
:10A4A0000122A3F8982070BD079A0200239A0200A7
:10A4B000E3990200749B0200CD990200B599020055
:10A4C000F7B5036A044693F9FC00421C2CD02368BC
:10A4D00093F87C200A2A02D8FEF308F225E0D3F88C
:10A4E000D85014492846E9F3E9F113498DF80400DE
:10A4F0002846E9F3E3F111498DF805002846E9F310
:10A50000DDF100258DF806002E4601AF7857FEF3E9
:10A51000EDF176B2E8550135B042A8BF0646032DED
:10A52000F6B2F2D1304600E00820236A83F8FC003E
:10A53000FEBD00BFF5990200FB990200019A0200DE
:10A540000368D0F8842470B5D3F8D8500323D371AE
:10A55000D0F8842404461372D0F88424444982F845
:10A56000AD30D0F88424284682F8AE30E9F3A6F165
:10A5700040B220B928463F49E9F3A0F140B2431E5A
:10A580000E2B0CD80128D4F8842401D1002302E03A
:10A59000022804D10123D371D4F884241372D4F88F
:10A5A000843493F81C210AB10322DA713249284617
:10A5B000266AE9F383F186F8FC002046FFF780FF66
:10A5C0002E492846266AE9F379F186F8FD002046EF
:10A5D000FFF7E0FC236A93F8FD2083F8FE20216852
:10A5E00041F26B02D1F8D430186B904229D1226A23
:10A5F00092F9FC00082824DC9B6AD12B12D0E92BAD
:10A6000010D0902B0ED08B2B0CD08D2B01D10D2385
:10A6100015E0932B0AD1B1F87A301B051B0DB3F569
:10A62000826F01DC18230AE01B2308E08E2B01D186
:10A63000102304E0D62B01D0E42B02D1172382F89B
:10A64000FC30236840F27452D3F8D4309B6A9342B2
:10A6500003D040F2C652934207D1236A93F9FC20FB
:10A66000082A02DC172283F8FC20012070BD00BFFD
:10A67000579A02001F9A0200959B0200519A02000D
:10A6800010B504461C49806822460023F9F350F6B1
:10A69000C4F8E80170B3A068184922460023F9F312
:10A6A00047F6C4F8000228B3A068154922460023E3
:10A6B000F9F33EF6C4F85003E0B1A0681149224610
:10A6C0000023F9F335F6C4F8540598B1A0680E4993
:10A6D00022460023F9F32CF6C4F8F40550B1002308
:10A6E000A0680A492246F9F323F6C4F8C4070030EB
:10A6F00018BF012010BD00BF713D82005D018200C6
:10A7000075EF81001DFD8100CD378200A5CF81004E
:10A7100070B5FF220446012384F8732484F8DB22F9
:10A7200041F20101D4F8842400260376A4F85814D9
:10A730006420032184F8400584F8763484F8726438
:10A74000D171D4F8842440F62A151172A4F85A5411
:10A75000A4F85C54A4F85E54A4F86054A4F86254BD
:10A76000A4F86454A4F86654A4F86E1440F62B15AB
:10A770000221A4F86854A4F8701407250421A4F851
:10A780006A54A4F86C14A4F82E06A4F8686384F83C
:10A790002062A4F82C6684F8346284F8236284F87A
:10A7A000216284F8F26484F8B06284F82765216835
:10A7B0004FF0FF3081F8533048632168204681F81C
:10A7C0004130216881F84230216881F8D1602168E8
:10A7D00081F84360216884F80E6284F80F62C4F83F
:10A7E000506681F89430216881F8F530216881F84D
:10A7F000F430216881F89D30216881F83431216876
:10A8000081F86931216881F82861216881F86161E6
:10A81000216881F86A612268966684F8643384F856
:10A82000653392F84F10890718BF82F8523003231E
:10A830000125002284F8DC3184F8E4314FF44873B8
:10A84000A4F8343584F85065A4F84E2584F8DC5516
:10A8500005F096DD052384F82036236884F820610E
:10A8600084F8585683F8115123684FF0FF31A4F84B
:10A870007017A4F8541884F8736784F8A15784F803
:10A88000B05783F84251236883F84351236883F813
:10A890005C61236883F86451236883F866512368F8
:10A8A00083F86B51236883F86751236883F86851F4
:10A8B000236883F83B612368C3F83C6170BD2DE9D0
:10A8C000F0470F469246002834D00468002C35D05B
:10A8D0004FF00008C14628E0D4F8C402394640448D
:10A8E000E8F300F2E8B9D4F8C8324FEA890653F821
:10A8F0002930534515D1D4F8C43243445D6B013D32
:10A900005D63EDB9184629463822E8F35FF1D4F8C3
:10A91000C802294680190422E8F358F12846BDE808
:10A92000F08709F1010908F13808236893F8B43079
:10A930009945D1DB6FF01D00BDE8F0876FF01D0079
:10A94000BDE8F087F8B500250F4606682C4608E0FC
:10A95000D6F8C40239464019E8F3C4F1383538B1A5
:10A960000134336893F8B4309C42F1DB6FF01D047E
:10A970002046F8BD2DE9F0478A4611469846914693
:10A980000468FFF7DFFF031E05DA2368002693F84B
:10A99000B42035463BE0D4F8C822382042F8238062
:10A9A000D4F8C42200FB0320436B0133436300202F
:10A9B000BDE8F087D4F8C43206F138019F5D9819DC
:10A9C0001FBB49461F22E8F3D9F1D4F8C4320C99D1
:10A9D0009E19089BC6F820A0B362099B3846736293
:10A9E0000A9BF3620B9B3363D4F8183743F8351096
:10A9F00003EBC5020D9B5360736B01337363D4F893
:10AA0000C83243F82580BDE8F08701350E469542EF
:10AA1000D0DB6FF01500BDE8F0872DE9F041076845
:10AA20000C4615469846D7F8CC02002604E0036889
:10AA30009C420BD0064600690028F8D111E00023A3
:10AA400003610EB1306101E0C7F8CC02069B80E8DB
:10AA50003001C3600020BDE8F0816FF01500BDE853
:10AA6000F0811420EDF3C8F00028E8D1F5E70000EC
:10AA700013B500230446009321460068194AFFF7E6
:10AA8000CCFF014658BBD4F888040322164B05F0CE
:10AA90007FFF014618BBD4F888040222134B05F04F
:10AAA00077FF0146D8B9D4F888040522104B05F089
:10AAB0006FFF014698B9D4F8880406220D4B05F0C3
:10AAC00067FF014658B9D4F8880408220A4B05F0FC
:10AAD0005FFF002814BF4FF0FF30002001E04FF06F
:10AAE000FF301CBDC9A381002DCC8100B12C820098
:10AAF000F92E8200FD4E000029FD8100026810B58C
:10AB0000D2F8CC0200230EE00468A14209D1016909
:10AB10000BB1196101E0C2F8CC12EDF37FF0002017
:10AB200010BD034600690028EED16FF01D0010BD76
:10AB300041F2E443984208D10023064A9A5A8A42D5
:10AB400005D00233B3F58C7FF7D100207047012088
:10AB5000704700BF5C9A02002DE9F043D0F85453CF
:10AB60000021C82287B004462846E8F32FF064236A
:10AB7000EB85032385F8603000220123D4F85801C7
:10AB80004FF4805139F042D8FF28074605D1236A97
:10AB9000186919684DF094D90746236A6F86002119
:10ABA000A4F85674204607F46057B3F808801E686E
:10ABB0000CF008DBB7F5205F05F1380908D0B7F5D0
:10ABC000C05F07D0B7F5805F14BF0A27142702E0E3
:10ABD000A02700E028270021FF238DE80A00D4F8F1
:10ABE0008434029003971B794246049348463346C7
:10ABF0005BF07ADA236893F84F309A0703D0EB883A
:10AC000043F02003EB8007B0BDE8F08382B010B5BD
:10AC100014246143D0F8D44203936350059B601819
:10AC20004360069B02618360049BC360BDE81040E3
:10AC300002B0704730B503680446DB6985B09A6D91
:10AC40004068D4F83C16DB6DF9F738FBC4F83806D9
:10AC5000002800F0DE81204604F068F9C4F8E80519
:10AC6000002800F0D981204605F04AFEC4F8880487
:10AC7000002800F0D481204603F048F9C4F82801E8
:10AC8000002800F0CF81204607F098FBC4F824018B
:10AC9000002800F0CA81204604F0D6FCC4F89406CF
:10ACA000002800F0D181204605F08EF8C4F8A406F3
:10ACB000002800F0CC81204604F0F2FE002840F08D
:10ACC000C981204604F04EFF002840F0C381204691
:10ACD00004F076FF002840F0BD81204604F0D4FF48
:10ACE000002840F0B781204605F00AF8002840F01F
:10ACF000B181204605F020F80546002840F0AA81E1
:10AD00000321D4F8A4060A4605F054F9C4F8BC0699
:10AD1000002800F0A281D4F8A40602212A4605F0FA
:10AD200049F9C4F8C006002800F09A812946C04AB3
:10AD3000C04B20460095019407F084FBBE4B1A1DC2
:10AD400007CA1B688DE80700082122462046FFF746
:10AD50005DFF206806F062FA204606F065FFC4F841
:10AD60007804002800F07F81204606F0A7FFC4F891
:10AD70007C04002800F07981204607F035F8C4F8FB
:10AD80008004002800F07381204601F063FEC4F8BF
:10AD90001805002800F06D81A84B2046C4F85431F6
:10ADA00001F0E8FDC4F83001002800F0648120467D
:10ADB00001F0A0FBC4F83401002800F05E812046B9
:10ADC00001F000FDC4F83801002800F05881204649
:10ADD00001F092FC002840F05581204607F092FBDC
:10ADE000C4F85C01002800F05081204607F06CF99F
:10ADF000C4F86008002800F04A8120682146A26853
:10AE00008F4B03F0CBFEC4F89802002800F041817C
:10AE1000204603F0BBFBC4F86001002800F03B8132
:10AE2000884B2046C4F82C3105F000FBC4F84401DF
:10AE3000002800F03281204607F01EFFC4F84801C8
:10AE4000002800F02C81204605F074FCC4F84C0169
:10AE5000002800F02781204602F0D6F8C4F840010F
:10AE6000002800F021812368012283F8A1202046D8
:10AE700004F0EAF8C4F89C06002800F01781204688
:10AE800007F09EFB002840F01381204605F0E4F90E
:10AE9000C4F85001002800F00D81204605F004F9A7
:10AEA000002840F00981204600F03CFEC4F8700103
:10AEB000002800F00381204603F09AFDC4F87801D1
:10AEC000002800F0FD80204607F010F8C4F87C014F
:10AED000002800F0F880204607F010FFC4F8740145
:10AEE000002800F0F380204600F0BAFDC4F8840189
:10AEF000002800F0ED80204603F034FDC4F88801FE
:10AF0000002800F0E780204607F0BEFFC4F8940157
:10AF1000002800F0E180204600F06AFEC4F88C01B1
:10AF2000002800F0DB80204607F070FFC4F89C0189
:10AF3000002800F0D580204669F094DE60B12046FC
:10AF400008F036F8C4F86408002800F0C9802368C7
:10AF5000012283F8322102E0236883F8320120467F
:10AF600007F08EFAC4F8F806002800F0BB802046EF
:10AF700005F002FBC4F87C06002800F0B5802046EE
:10AF800005F0C4F8C4F88006002800F0AF80204621
:10AF900007F03EFCC4F8D006002800F0A980236822
:10AFA000012283F8A320204600F0E2FEC4F8A006A8
:10AFB000002800F09F80204603F0D4FFC4F8CC06A0
:10AFC000002800F09980204603F08AFEC4F8D406D9
:10AFD000002800F09380204606F08EFDC4F8DC06C1
:10AFE000002800F08D80236893F869313BB120463A
:10AFF00003F09CF8C4F8A001002800F083802046EC
:10B0000005F022FBC4F8F00600280CBF76200020D3
:10B0100079E04FF4967076E040F22D1073E04FF433
:10B02000977070E040F22F106DE04FF498706AE076
:10B0300019348200E5338200389A0200EFBEADDE9B
:10B0400041FF8100EFBEAD0D40F231105BE04FF4E7
:10B05000997058E040F2411055E040F2471052E03C
:10B060004FF4A4704FE024204DE025204BE0262033
:10B0700049E02A2047E0312045E0322043E040F219
:10B08000F51040E04FF4FB703DE035203BE0BD2083
:10B0900039E0392037E03C2035E03E2033E040F213
:10B0A0006D2030E03F202EE043202CE06A202AE093
:10B0B000472028E0492026E0482024E04A2022E0DA
:10B0C00040F2E5201FE040F2E6201CE04B201AE0B1
:10B0D0005A2018E05B2016E05E2014E05F2012E0AA
:10B0E000632010E065200EE008480CE067200AE0CD
:10B0F0006C2008E06E2006E06F2004E0702002E083
:10B10000722000E0732005B030BD00BF50464D00F6
:10B11000F8B50446002800F0A6800FF099D9D4F8BD
:10B12000F415D0F1010638BF002621B1A068F9F36B
:10B130007BF000B901362046D4F82C1305F00CDF63
:10B140002046D4F8DC1405F007DF2046D4F8341389
:10B1500005F002DFD4F8400308B1ECF35FF5D4F852
:10B16000980220B103F070FD0023C4F89832276ADA
:10B17000B96911B1204661F09BD80025BD61D4F8B2
:10B180006432595911B1204632F098DA0435202D35
:10B19000F5D1D4F8580103F0B3FA2046FEF737FF93
:10B1A000D4F8180520B101F031FC0023C4F818359B
:10B1B0002046FEF772FF204602F042FA2368861905
:10B1C000D3F8D41031B1606802F035FA2368002258
:10B1D000C3F8D4202368D3F8D80028B1ECF31EF5C7
:10B1E00023680022C3F8D820D4F8D05204E02846BF
:10B1F000EF68ECF313F53D46002DF8D12146C4F875
:10B20000D0522068FFF77AFC206818492246FFF7E1
:10B2100056FBD4F8640118B107F09EF8C4F86451E5
:10B22000D4F89C0220B1ECF3F9F40023C4F89C326A
:10B23000D4F8F80448B1ECF3F1F40023C4F8F8347E
:10B2400003E02046616815F037D8D4F89422002A2C
:10B25000F7D104F5C6600C30F8F7B2FF20466168FC
:10B2600001F08AF800E006463046F8BDDD560100E0
:10B270002DE9F04F91B0002491461B9E9DF8682067
:10B280000790DDF878B02046099198460892DDF8DD
:10B2900080A00C940D940E94E3F792FB484631463F
:10B2A0001C9A1D9BCDF800B00CF031F8054608B192
:10B2B000012376E3FEF71AFE0DAB01930EAB02936A
:10B2C000484631461C9A1D9BCDF800B002F0AEF9FD
:10B2D000074618B901230C93044688E30D9848B13A
:10B2E000AA49E8F30FF328B129462A46E8F3A6F065
:10B2F0001FFA80F91F9B3046009341460CAA4B462B
:10B3000001F06CF80446002800F0898305680E9A65
:10B3100046600D9BC5F8DC20D0F88424FF21C5F8D9
:10B32000D470C5F8D83082F86010426A0023C26138
:10B33000079A0D938260964AC5F80C80C5F8A42040
:10B340006E610E93012280F84226D0F8E022C0F808
:10B35000A4B163F31722C0F8E022089A414685F8A9
:10B36000212080F8CF31032380F84135FFF7D0F951
:10B37000236804F5C662DB696068196E0C32F8F761
:10B38000E2FE0746002840F032832046394605F0A9
:10B3900007D8204607993246434606F045FFC4F8D1
:10B3A000640108B90F23FCE27A4B28468DE8880037
:10B3B000794B7A4904937A4B7A4A0593234602974C
:10B3C0000397FFF7D7FA08B11023EAE2089B1C9A0B
:10B3D0008DE848001D9B02920393204609994A4636
:10B3E0004346CDF810B002F01DFA0C90002840F052
:10B3F000FE822369D86FFEF76AFAA4F84006B4F813
:10B40000AA010DF0CFD9003018BF01200A3054F83E
:10B4100020300AA9236220692FF0FCDF00283DD1EB
:10B420000A9B0746C4F8B03139460FAA204604F0FB
:10B43000ADDC39462046BDF83C20013704F0AADCDB
:10B44000062FF1D14FF44073C5F8E8302A23C5F830
:10B45000B8303223C5F8BC3036234FF47D62C5F8CE
:10B46000C43040F2D453A5F8CA20A5F8C0304FF438
:10B470005D72002385F8B670A5F8C82084F894376B
:10B48000D5F8B830842B02D98423C5F8B8304FF4EE
:10B490000470ECF3B1F3C4F89C0208B9142380E201
:10B4A0004FF404720021E7F391F322460023D2F80F
:10B4B000A002D4F89C12043241F82300D4F89C1264
:10B4C00051F823108B710133042BF0D1012385F83F
:10B4D0009330236A1869EEF7A1FF00F0010085F8A8
:10B4E0005400236A1869EEF799FFC0F3C00085F88D
:10B4F00055002946204607F0EDF92B49D5F8D8002C
:10B50000E8F3DCF1D5F8D42040F26E51936A074697
:10B510008B4208D0126B41F26B018A425AD1D12B77
:10B5200001D0E92B12D1D4F88434192283F84920B0
:10B53000D4F884344FF0FF325A64642283F87A20BE
:10B54000D4F88434012283F8302059E0B3F5897FA0
:10B5500011D8B3F5887F32D8F52B07D8F42B2ED22B
:10B56000E42B2CD0EF2B2AD0D62B27E0A3F5877322
:10B57000012B45D823E0B3F59A7F17D2B3F5987F16
:10B580001DD840F21712934218E000BF839B0200BF
:10B5900000315F0701638200EC56010008D6880085
:10B5A000514F0000DD560100899B0200B3F59A7FE0
:10B5B00026D9B3F59B7F02D9B3F5A57F20D1D4F866
:10B5C0008434322283F87A20D4F88434642283F8D5
:10B5D000492010E041F2E4418A4211D140F2DA52AE
:10B5E00093420DD1D4F88424642382F87A30D4F8BD
:10B5F000842482F84930D4F884344FF0FF325A64FE
:10B600002046FEF7CDFED4F884341922A3F8AA20F0
:10B61000204607F07FF8D4F88434226A197810693C
:10B62000DA784EF0D1D8D4F878364FF0010983F8A3
:10B630003490E1692069043103F0D7FD236AD4F81E
:10B6400084B418694EF0D8D9CBF8400004F5E47BF7
:10B65000206959462EF064DF0622281D5946E7F37B
:10B6600031F2B4F8AA010DF09DD8003018BF0120C6
:10B670000A3054F8203020462362FEF761FF08B9F3
:10B6800018238EE1216A0F2340F2FF32A1F8003126
:10B69000A1F8022101F1F80301F1F402204601F0C2
:10B6A0001BFC236AD3F8F420C3F8F020C3F8E82089
:10B6B000D3F8F820C3F8EC201A68022A08BF83F8F0
:10B6C000159007F00103002B0CBF0323002385F81E
:10B6D0004F30236A1869EEF7A1FE10F4006023686A
:10B6E00006D093F84F2002B1012283F8512001E0E7
:10B6F00083F85100216A20461C3106F06DDA0021E2
:10B700002046D4F820900BF05DDD00227F2309F164
:10B71000500100930190134609F11C005AF020DDFE
:10B72000204664F02FDF40F2CC63C4F82836204670
:10B73000FFF780FA0C90002840F05981D4F880047B
:10B7400002219DF92C2059F0F9DD20464146FEF7F3
:10B7500097FF10B94FF47A7323E1204602F0F4FF0B
:10B76000C4F8580110B940F2E9331AE12046FFF756
:10B77000F3F92046314614F07FDD10B940F2EB3387
:10B780000FE1C4F8BC05C4F8C0053146204614F0EA
:10B7900073DD10B94FF47B7303E10123C4F8C405D2
:10B7A00085F8A830204602F045FC10B140F2ED3398
:10B7B000F7E00623A5F86030A5F8623095F89C30D4
:10B7C000012B04D14022A5F86020A5F86220D5F80D
:10B7D00088300A221A804FF454725A80D5F88C307F
:10B7E0000126C4221E805A80D4F830011FF0C8DD23
:10B7F00008B184F80E62B4F8E13243F4C05343F068
:10B800001E03A4F8E132236A1869EEF707FEC106A9
:10B8100007D5D4F8843401229A74D4F88434FF22F2
:10B82000DA74B4F8E1224FF2FF731340D4F88424A1
:10B83000A4F8E132D278012A07D123F4006323F07F
:10B840000C031B041B0CA4F8E132FF260221012289
:10B8500084F8E06284F8DF6284F8DE62204603F058
:10B86000BDDB01213246204603F0B8DB236A4FF0EE
:10B87000FF38C4F814821869EEF7D0FD10F0040602
:10B88000204605D00321FEF3C3F684F81C8204E0B1
:10B890003146FEF3BDF684F81C62236A1869EEF7A0
:10B8A000BDFD3A0702D5002384F81C32FB0603D500
:10B8B00020460021FEF3ACF6BE070ED5A26A002397
:10B8C00082F84D30E26A82F84D30B4F8E13223F06C
:10B8D00080031B041B0CA4F8E132780703D5204633
:10B8E000002164F0D5DF390607D5B4F8E13223F042
:10B8F00010031B041B0CA4F8E13295F84130A3B1EE
:10B9000095F842308BB117F0600F0ED007F0200190
:10B91000D1F1010107F0400238BF0021D2F101024C
:10B92000204638BF002200F00FFFB4F8AA010CF047
:10B9300039DF003018BF012000F10A0654F82670E4
:10B94000D4F868122046384A3B4660F06FDCB86194
:10B9500054F82610886910B940F24C4321E0503168
:10B9600028223C30E7F3AEF01420ECF34BF1C4F89E
:10B97000300710B940F24D4313E0AB6D204643F061
:10B980000403AB650EF078DD2046FFF771F810B1C7
:10B990004FF4FA6305E0204603F0DEF818B140F2F8
:10B9A000D1730C9323E023682049D3F8D800E7F340
:10B9B000A9F770B10346184613F8012B1AB11C49B8
:10B9C0008A5C5207F7D500210A22E7F337F5C4F85D
:10B9D0008406A0680021F8F3A7F4012384F8A837AF
:10B9E000BAF1000F17D00023CAF8003013E00D9809
:10B9F00020B1ECF313F100230D930E9314B1204604
:10BA0000FFF786FBBAF1000F04D00C9B0024CAF8A4
:10BA1000003000E05446204611B0BDE8F08F3046BB
:10BA2000394601F008FEE2E710570100489A02008B
:10BA30000AA0880038B5044670B105682146286818
:10BA4000FFF75CF8286805492246FEF738FF2046D4
:10BA5000BDE83840ECF3E2B038BD00BF1657010036
:10BA600070B5066A8EB005463820ECF3CBF004467C
:10BA700000282FD01B4B05600093002301930293F5
:10BA800003930493059328681749184A2346FEF741
:10BA900071FFF8B9164B214600932868154A022316
:10BAA000FEF7BBFF0546A8B929461C2204F10B008E
:10BAB000E7F38CF03069316807AA4CF025DA2346A9
:10BAC00007AAD97AAA5C01350A43DA7201331C2D20
:10BAD000F6D103E02046FFF7ADFF002420460EB06C
:10BAE00070BD00BFC54F830084E188001657010078
:10BAF00074E188007D4F830038B5044670B1056855
:10BB000021462868FEF7FAFF286805492246FEF715
:10BB1000D6FE2046BDE83840ECF380B038BD00BF0B
:10BB20001A57010030B5054687B00C20ECF36AF0D7
:10BB3000044600283FD000230560012100930190B6
:10BB4000204A2846204B02F037FA0028606032DB9A
:10BB50001E4BD5F894068DE81800052121221C4BB8
:10BB600003F0F2FB38BB1B4BD5F894068DE81800A8
:10BB700005212422184B03F0E7FBE0B9174B019095
:10BB80000093029003900490059015492868154A87
:10BB90002346FEF7EFFE70B9134B28680093214649
:10BBA000124A0323FEF739FF28B92A680123A3604C
:10BBB00082F8A93003E02046FFF79EFF00242046CC
:10BBC00007B030BD7954830075548300C15583009C
:10BBD0007D548300915683009D5483004D5583000E
:10BBE000C0E188001A570100A8E18800D154830001
:10BBF00030B5054687B000286DD00820ECF302F080
:10BC00000446002868D000230560142100930190A9
:10BC1000354A2846354B02F0CFF9002860605EDBDC
:10BC2000334B4FF498718DE818006B22D5F89406C9
:10BC3000304B03F089FB002851D12F4B05218DE8B3
:10BC400018006B22D5F894062C4B03F07DFB0028DE
:10BC500045D12B4B4FF490718DE818006C22D5F82C
:10BC60009406284B03F070FB002838D1264B4FF484
:10BC700090718DE818006F22D5F89406234B03F0DD
:10BC800063FB00282BD1224B0A218DE818006E227D
:10BC9000D5F894061F4B03F057FB00281FD10095E1
:10BCA000D5F894060A216E221B4B03F003FEB0B9AF
:10BCB0001A4B01900093029003900490059028681D
:10BCC0001749184A2346FEF755FE40B92B68012252
:10BCD00083F8AC2000E00446204607B030BD204683
:10BCE000EBF39CF70024F7E7215C8300015C830001
:10BCF000395E8300555C8300195E8300355C8300E8
:10BD0000595E8300815C8300C55E8300C15C830053
:10BD1000F15E8300ED5C8300E15B8300195D8300CD
:10BD2000D8E188001E57010010B5044650B10368E1
:10BD3000054918682246FEF7C2FD2046BDE81040BE
:10BD4000EBF36CB710BD00BF1E57010010B50446E1
:10BD500050B10368054918682246FEF7B0FD204639
:10BD6000BDE81040EBF35AB710BD00BF999B02002D
:10BD700070B5054686B00820EBF33EF70446002870
:10BD800000F0B9805F4B05604FF490710093019013
:10BD90003022D5F894065C4B03F0D6FA002840F028
:10BDA000AA805A4BD5F894068DE818004FF490718C
:10BDB000F422574B03F0C8FA002840F09C80554B02
:10BDC000D5F894068DE818000A21F422504B03F0B0
:10BDD000BBFA002840F08F804F4BD5F894068DE8D1
:10BDE00018004FF49071A0224C4B03F039FB00284F
:10BDF00040F081804A4BD5F894068DE81800052163
:10BE00003022484B03F0A0FA002874D1464BD5F8F5
:10BE100094068DE818000521F422444B03F094FAAF
:10BE2000002868D1424BD5F894068DE8180005210A
:10BE3000A022404B03F014FB00285CD1D5F89406F7
:10BE4000052130223C4B009403F034FD002852D1F0
:10BE5000D5F894060521F422384B009403F02AFD0E
:10BE6000002848D1D5F894060521A022344B00942F
:10BE700003F0A6FD00283ED1D5F89406C02130225B
:10BE8000304B009403F016FD002834D1D5F8940609
:10BE9000C021A0222C4B009403F092FD58BBD5F892
:10BEA0009406C021F422294B009403F003FD10BB3B
:10BEB000D5F894060A21F422254B009403F0FAFCED
:10BEC0000646C0B98DE8110001212846214A224BBF
:10BED00002F072F8002860600DDB204B28688DE8C6
:10BEE00048001F491F4A234602960396049605966A
:10BEF000FEF740FD18B12046FFF728FF002420463A
:10BF000006B070BD59638300216383003BA100002C
:10BF1000D59C0000E5A000006D6383003D638300B5
:10BF2000996283002161830077A0000031A00000A6
:10BF3000E962830071618300A96183000D9D0000A7
:10BF40001D6283003D668300556683005D9C000092
:10BF50008F9C00008563830081638300B964830044
:10BF600038E28800999B02002023402180E80A00E3
:10BF7000C0F8B010C16218214FF4F062816301640F
:10BF800001651D212DE9F04182600B251022C1655C
:10BF900005210A24C2604561856142620425C0F81A
:10BFA000B820016680224FF4F0714FF4806604617E
:10BFB000C4618562012409254FF0140C42631127E6
:10BFC000082281664FF027080321C0F8B4300462CC
:10BFD0004466C46443658567C0F830C0C263876542
:10BFE000C66606674167C0F87C80C0F8A440B024EC
:10BFF000C0F8C0404824C0F8C4406024C0F8845051
:10C00000C0F88850C0F8C84002253024C0F8E0309D
:10C01000C0F8F030D3234FF01208C0F88C50C0F8AD
:10C020009050C0F89C50C0F8A050C0F8CC404FF4DD
:10C03000FA650624C0F8F4300023C0F88080C0F808
:10C0400094C0C0F89810C0F8A810C0F8AC20C0F890
:10C050000021C0F80421C0F8D040C0F8D470C0F866
:10C06000D850C0F8DC20C0F8E840C0F8E460C0F860
:10C07000FC30C0F8F810BDE8F0810120704770472F
:10C0800038B50446D0F82C0320B1EBF3C7F50023F4
:10C09000C4F82C33D4F8340320B1EBF3BFF50023FC
:10C0A000C4F83433D4F8180730B1236823B1EBF364
:10C0B000B5F50023C4F81837D4F8C40218B12368C2
:10C0C0000BB1EBF3ABF5D4F8C8020025C4F8C452A9
:10C0D00028B123681BB1EBF3A1F5C4F8C852D4F81A
:10C0E000640208B1EBF39AF5D4F854030025C4F8C0
:10C0F000645218B1EBF392F5C4F85453D4F8140316
:10C1000020B1EBF38BF50023C4F81433D4F8D40238
:10C1100008B1EBF383F500256319D3F8A032D3F807
:10C12000E00008B1EBF37AF50435102DF4D1D4F822
:10C13000A00208B1EBF372F5D4F8840420B1EBF35C
:10C140006DF50023C4F88434D4F8DC0420B1EBF39B
:10C1500065F50023C4F8DC34D4F8280520B1EBF3EE
:10C160005DF50023C4F8283538BD10B50C46D1B1B3
:10C17000C86918B1EBF352F50023E361D4F88800E5
:10C1800020B1EBF34BF50023C4F88830D4F88C00D1
:10C1900020B1EBF343F50023C4F88C302046BDE812
:10C1A0001040EBF33BB510BD70B504464FF4B870CA
:10C1B0001646EBF327F50546A8B14FF48470EBF370
:10C1C00021F5E86178B13146FFF7CEFE4FF45470A7
:10C1D000EBF318F5C5F8880028B1C420EBF312F58D
:10C1E000C5F88C0020B929462046FFF7BEFF002580
:10C1F000284670BD2DE9F0411D4600260368C0F8B1
:10C20000C46293F8B430044638205843EBF3FAF490
:10C21000C4F8C402002855D0236893F8B400800005
:10C22000EBF3F0F4C4F8C80210B940F2F53394E02F
:10C230004FF40070EBF3E6F4C4F81807002800F0A0
:10C240009580C4F864622020EBF3DCF4C4F8640247
:10C2500010B94FF47E7380E0C820EBF3D3F4C4F838
:10C26000540310B940F2F23377E04FF4B870EBF3B7
:10C27000C9F4C4F8840410B940F2F9336DE08020A9
:10C28000666AEBF3BFF4B06210B940F2034364E0B6
:10C290004FF48470EBF3B6F4C4F82C0310B940F2F9
:10C2A000EF335AE04FF48470EBF3ACF4C4F834038A
:10C2B00010B94FF47C7350E01220EBF3A3F4C4F8F0
:10C2C000140310B94FF47D7347E0B420EBF39AF4F4
:10C2D000C4F8D40210B940F2F6333EE04FF4647073
:10C2E000EBF390F4C4F8A002F0B100F1E403C4F859
:10C2F000A43200F5E47300F52B70C4F8A832C4F83A
:10C30000AC02264604F110072368D6F8A082DB6948
:10C31000D3F8D4004001EBF375F4C8F8E000D6F888
:10C32000A032D3F8E00010B940F2F73315E004363C
:10C33000BE42E9D14FF48470EBF364F4C4F8DC043A
:10C3400010B940F2FB3308E04FF48670EBF35AF477
:10C35000C4F8280520B940F2FF332B60BDE8F08116
:10C360003820EBF34FF4C4F8780610B94FF481632A
:10C37000F3E70120BDE8F08138B50D4604460028FA
:10C380002BD0FFF77CFE20462946FFF779FEA06AF6
:10C3900008B1EBF343F4636A5BB1986A20B1EBF345
:10C3A0003DF4636A00229A62606AEBF337F400237B
:10C3B0006362D4F8780620B1EBF330F40023C4F8BC
:10C3C0007836216821B12846FFF7CFFE002323608D
:10C3D0002046BDE83840EBF321B438BD2DE9F341E8
:10C3E000064640F67400884615461F46EBF30AF4ED
:10C3F000044610B940F2EA3310E02623C0F8E035D5
:10C40000C0F8E435089B4146C0F81C373A46304630
:10C41000FFF7CAFE206018B940F2EB332B602DE025
:10C4200040231A4A80F8B430236812680460C3F8C5
:10C4300098204FF40870EBF3E5F3A06240B100F5EB
:10C440008870E0622C20EBF3DDF3606230B902E02B
:10C4500040F2F233E2E740F2F333DFE720463146C1
:10C4600042462B460097FFF7C5FE38B120463146BD
:10C4700042462B460097FFF700FE20B92046314682
:10C48000FFF77AFF00242046BDE8FC814404000049
:10C4900003680B22DB69C3F8BC205A619A617047BC
:10C4A00010B50446F8B1D0F8500208B1EBF3B6F37A
:10C4B000D4F8E80220B1EBF3B1F30023C4F8E8327A
:10C4C000D4F8FC0320B1EBF3A9F30023C4F8FC3348
:10C4D0002368054918682246FEF7F1F92046BDE8B1
:10C4E0001040EBF39BB310BD6E7D890080F8C01344
:10C4F00070470000F0B587B00546FFF7C9FF4FF45D
:10C500008160EBF379F30446002800F0D480002129
:10C510004FF481624026E6F359F3256084F8E16325
:10C52000BC20EBF369F3C4F85002002800F0BA8095
:10C530000021BC22E6F34AF30123A3726373A373C1
:10C54000E373A37494F8E13300223F2BE67498BFA1
:10C55000E374FF2384F828300B232274627422735F
:10C56000E2720521022284F8DE33002384F82710CA
:10C5700084F82D2041F2285084F82C3060852868FA
:10C5800090F89C00217501280CBF0120104684F80A
:10C590002E00012084F8C0034FF40060A275606390
:10C5A000224621460520D0750220D07723B94FF4CA
:10C5B0008070A4F8E40302E02020A1F8E403013332
:10C5C00001320231082BEDD100260127204641F22D
:10C5D000285184F82F6084F8307018F0D1DA0221E5
:10C5E000204685F8DA721AF011DE84F8D863042147
:10C5F0002846324A324B0096019401F0DDFCB042ED
:10C60000C4F800044EDB042128462E4A2E4B009627
:10C61000019405F017FFB042606043DB4FF43E70B9
:10C62000EBF3EAF2C4F8E80200283BD031464FF4BD
:10C630003E72E6F3CBF21020EBF3E4F2C4F8FC0315
:10C6400000282FD0214B28680093214B21490193CA
:10C65000214B224A03932346029604960596FEF741
:10C6600089F9F8B91E4B84F854721A1D07CA8DE86F
:10C67000070022461B6828460721FEF7C7FAFF235A
:10C6800084F8DD332B68204693F841101BF03CDD25
:10C69000C823C4F8EC3220461BF04AD8202384F883
:10C6A000E23308E0D4F8500208B1EBF3B7F22046C9
:10C6B000EBF3B4F20024204607B0F0BD01918300F3
:10C6C000E5908300A19183008191830061998300AB
:10C6D00099B783005CE2880015AA83006E7D89000B
:10C6E000A09B0200024618B100680249FEF7E7B8B5
:10C6F000704700BF5D89890010B5044686B00E49B9
:10C700000E4A234600680AF0F1D90D4B20680093C9
:10C710000023019302930393049305930949064A66
:10C720002346FEF727F920B12046FFF7DBFF4FF045
:10C73000FF3006B010BD00BF5D89890021CF8300A6
:10C7400015CE83004CE3880038B50446D0F8340198
:10C750001546FFF7CBFED4F838012946BDE838402E
:10C7600000F02CB810B50446002824D0416969B106
:10C7700090F829301BB103689868F7F355F52368E2
:10C7800061699868F7F3BCF500236361A06908B19B
:10C79000EBF344F2E06918B1EBF340F20023E361FC
:10C7A0002368054918682246FEF789F82046BDE847
:10C7B0001040EBF333B210BD7686890080F8281064
:10C7C0007047000070B5054686B03420EBF314F2D4
:10C7D0000446002800F0928000213422E6F3F6F1AE
:10C7E0004023256084F82A305020EBF305F2A06145
:10C7F00000287BD000215022E6F3E8F1012384F8E1
:10C80000203084F8213084F8223084F8233084F8F2
:10C81000243084F8253084F8263084F827302372B9
:10C820001023637294F82A300F2B98BF63722B6A1F
:10C8300000261869EDF7F2FD4FF47A73E381C823FF
:10C84000238200F01000012300280CBF05200720E0
:10C8500084F8283003232073E3722046A6721DF06B
:10C86000FDDC04212846274A274B0096019401F05D
:10C87000A3FBB042206339DB04212846234A244B22
:10C880000096019405F0DEFDB04260602EDBA868E2
:10C89000204922463346F7F34BF5606130B34FF43D
:10C8A000BA70EBF3A9F1E06100B331464FF4BA720C
:10C8B000E6F38CF1184B28680093184B1849019344
:10C8C000184B194A0393194B02960493184B05937E
:10C8D0002346FEF74FF8064640B92B68204693F8EA
:10C8E00042101DF06DDC84F8296007E0A06908B1F2
:10C8F000EBF394F12046EBF391F10024204606B0CF
:10C9000070BD00BF05DF8300EDDE830061DF8300C3
:10C9100041DF830071E28300DDDF830045E58300B2
:10C9200088E3880029E18300768689004457010066
:10C9300025A300000023037440F6FB63C381704706
:10C9400010B5044690B11EF025D96068084922460A
:10C95000FDF7B5FFE06E08B1EBF360F1206EEBF38D
:10C960005DF12046BDE81040EBF358B110BD00BFAB
:10C970006E88890030B5054687B07020EBF33CF136
:10C980000446002834D000217022E6F31FF12B6802
:10C99000256063601820EBF32FF1206620B300219F
:10C9A0001822E6F313F16420EBF326F1E066D8B128
:10C9B00000216422E6F30AF10F4A104B0292104A5A
:10C9C00000930023019303920493059360680D493B
:10C9D0000D4A2346FDF7CEFF30B901236382A382BF
:10C9E0002046FFF7A7FF03E02046FFF7A9FF00243A
:10C9F000204607B030BD00BFDDF1830095EE830017
:10CA000075F08300DCE388006E88890070B5044609
:10CA1000E8B18569C669284600F016F9616C41B134
:10CA2000A868F7F301F4A868616CF7F369F40023D0
:10CA30006364224630460649FDF741FF28682146D7
:10CA4000FEF75CF82046BDE87040EBF3E7B070BD40
:10CA5000826A89002DE9F0433C234FF005090A273B
:10CA6000D0F80080C0F80435C0F80895C0F81075FB
:10CA700087B00446A020EBF3BFF00546002800F085
:10CA8000B1800021A0220026E6F3A0F02E70AC6158
:10CA9000C5F81C80284620F0AFDF0421A862554A63
:10CAA000204633460096019501F086FAB042A8660A
:10CAB000C0F29880204600F0E1F80646002840F0D9
:10CAC0009180A0684C492A463346F7F331F46864F4
:10CAD000002800F08780494B40460093484B494965
:10CAE0000193494B494A02932B46039604960596B7
:10CAF000FDF740FF0346002874D1009029462068C6
:10CB0000434AFDF78AFF014600286BD1D4F8880418
:10CB10000122404B03F03CFF002863D13E4BD4F888
:10CB200094068DE81800394601223C4B02F00CFCBB
:10CB3000002857D13A4B32228DE81800D4F89406D9
:10CB40003946384B02F000FC024600284AD1D4F89E
:10CB500094064946344B009402F0ACFE002841D1C3
:10CB6000D4F8940649460122304B009402F0A2FE0C
:10CB7000002837D1D4F89406494632222C4B009431
:10CB800002F098FE70BBD4F894064946A422294BC3
:10CB9000009402F015FF28BBD4F8940649463022D1
:10CBA000254B009402F086FEE0B9D4F89406C0212B
:10CBB0002D22224B009402F07DFE98B9D4F8940601
:10CBC00090212D221E4B009402F0D6FC50B9D8F8CB
:10CBD000D8001C49E6F372F64FF47A7390FBF3F336
:10CBE0006B8103E02846FFF711FF0025284607B0B8
:10CBF000BDE8F08301FD8300DD16840009FD83009C
:10CC0000AD0F8400A8E4880089118400826A89003D
:10CC100065068400F9078400F5138400A5118400DB
:10CC2000D91384009511840091128400C9128400E4
:10CC300055128400791384000D138400A914840014
:10CC4000A51484006885890038B5D0F814550446C9
:10CC500075B10849024660F0B5D9074922462068F7
:10CC6000FDF72DFE2846EAF3D9F70023C4F8143562
:10CC700038BD00BF1139840066570100F0B5044685
:10CC800087B04FF40A60EAF3B7F7054620B9C4F855
:10CC900014054FF0FF3005E100214FF40A62E5F37F
:10CCA00095F7226805F120032B60002608236B61AD
:10CCB0002E61F821D36520467B4A7C4B0096019477
:10CCC00005F0C0FBB042A86105DA2046FFF7BCFFC3
:10CCD0006FF00100E6E0764B002243F8042BF207E8
:10CCE0001FD5744901270A780D2A07FA02FE03DCD2
:10CCF000D21917FA02F001E04FF40040CA7801217E
:10CD000011FA02F70D2A47EA0E0747EA000003DC92
:10CD1000521811FA02F201E04FF40042024343F8C4
:10CD2000042CB00723D5634901274A7853F804EC53
:10CD30000D2A07FA02FC03DCD21917FA02F001E00F
:10CD40004FF400408A78012111FA02F70D2A47EAD0
:10CD50000C0747EA000003DC521811FA02F201E066
:10CD60004FF40042024342EA0E0243F8042C7107DA
:10CD700023D5504901270A7953F804EC0D2A07FA04
:10CD800002FC03DCD21917FA02F001E04FF4004074
:10CD90004A79012111FA02F70D2A47EA0C0747EAFE
:10CDA000000003DC521811FA02F201E04FF40042D5
:10CDB000024342EA0E0243F8042C320723D53D49D0
:10CDC00001278A7953F804EC0D2A07FA02FC03DCE8
:10CDD000D21917FA02F001E04FF40040CA7901219C
:10CDE00011FA02F70D2A47EA0C0747EA000003DCB4
:10CDF000521811FA02F201E04FF40042024342EAF3
:10CE00000E0243F8042C0136102E7FF465AF2A4B36
:10CE1000002103932068294A234600910191029141
:10CE200004910591FDF7A6FD70BB0121D4F888049B
:10CE30000A46234B03F0ACFD48BBD4F8880401211B
:10CE40000222204B03F0A4FD20BB1F4BD4F8940614
:10CE50008DE81800802105221C4B02F0F3F9E0B99F
:10CE60001B4B1A1D07CA8DE80700204603212246E6
:10CE70001B68FDF7CBFE20461649224660F09CD881
:10CE800070B9C4F814550DE06FF003000AE06FF0BC
:10CE9000040007E06FF0050004E06FF0060001E019
:10CEA0006FF0080007B0F0BDC53884004538840035
:10CEB0007465010060E188000D328400665701004E
:10CEC000CD2F840009368400F9398400FD318400B7
:10CED000B09B02001139840070B51E468B8915463F
:10CEE00042F2560293420C4608D842F2550293424F
:10CEF0002DD242F25002934229D108E042F2600260
:10CF000093421AD04EF2F542934220D11AE0CB89D7
:10CF1000012B04D16FF03B032B600F2303E06FF074
:10CF200045032B60142333600368D3F88030D904A1
:10CF300012D52B68023B2B600EE06FF04A032B608A
:10CF40000F2308E06FF095032B60962303E06FF04A
:10CF50004A032B6014233360D4F8080130B3002156
:10CF60004022E5F333F6D4F8082180231370D4F877
:10CF7000082129685170D4F808219370D4F8083139
:10CF80003268DA70D4F80831BF221A71D4F8083147
:10CF900000225A71D4F808310322DA8046221A811D
:10CFA0000A225A8101229A810A22DA81D4F80C01DC
:10CFB00028B100211022BDE87040E5F307B670BD2E
:10CFC00010B50446E0B103680E4918682246FDF723
:10CFD00076FCE36833B1214651F80C3BD3F83C06AC
:10CFE000F7F712F9A36833B1214651F8083BD3F89B
:10CFF0003C06F7F709F92046BDE81040EAF30EB603
:10D0000010BD00BF969F890070B5054686B0102000
:10D01000EAF3F2F50446002837D000211022E5F3A8
:10D02000D5F5D5F83C06E421194A04F10803F7F7D1
:10D03000DFF830BBD5F83C06E821164A04F10C03B2
:10D04000F7F7D6F80646E0B98DE811000421284626
:10D05000114A124B05F0F6F90028606011DB104B05
:10D06000286800930F4B10490193104B104A03930B
:10D070002346029604960596FDF77CFC08B92560C8
:10D0800003E02046FFF79CFF0024204606B070BD59
:10D090006B57010071570100DDBD84009DBD840008
:10D0A00075B6840051BE840050E6880079B68400CD
:10D0B000969F890001207047012970B50E461446DD
:10D0C00007D1174B03211046D3F8B8300A469847CA
:10D0D00070BD19BB124BD3F8C050FFF7EBFF3146C0
:10D0E00002462046A847204601213246A84720464E
:10D0F00002213246A847204603210122A8472046A4
:10D100004FF481710122A84720464FF480713246C6
:10D11000A847204640F201113246A84770BD00BF23
:10D1200010A78800806C20381F2805D8802333FA88
:10D1300000F000F00100704700207047C16FB0F8A8
:10D140004E3010B58A6AB3B1FF2B16D9180B0138CF
:10D15000012814D803F47060000A09280FD878B1A8
:10D1600003F0F00090280AD803F00F0009288CBFC4
:10D170000020012004E0184602E0012000E0002029
:10D180000C6B41F2E4418C4215D1A2F58261073962
:10D19000012903D83F2B98BF002010BD40F20C415D
:10D1A0008A4207D040F221418A4204D1502B98BFD5
:10D1B000002010BD002010BD90F8763010B5044658
:10D1C0003BB9044B04491A682CF03CDA012384F87B
:10D1D000763010BD78B802007CB8020070B50C46FD
:10D1E0000546164608460A220021E5F3EFF4638857
:10D1F0001E432B6D6680980603D5238843F4806315
:10D200002380D5F8943042F25002198C914205D116
:10D210005B8C052B9CBF46F00406668070BD000049
:10D22000D0F880000149E6F36DB300BF119C020005
:10D2300010B504460C20EAF3DFF4C4F80C0138B151
:10D240000C220021E5F3C2F4D4F80C3110229A72BA
:10D2500010BD10B50446D0F80C0120B1EAF3DEF49D
:10D260000023C4F80C3110BD70B5064605460024F5
:10D27000686938B1064B1B68984730462146002242
:10D280003BF03ADE01340435062CF1D170BD00BF0D
:10D2900010A788002DE9F043046985B00546EC200D
:10D2A000A66FEAF3A9F43062002875D01020A66FAB
:10D2B000EAF3A2F4706200286ED0002637460F21F0
:10D2C0006846384A3346E5F3E7F4D4F88000694607
:10D2D000E6F318F308B10137BFB2013640F2F1337B
:10D2E0009E42ECD137B9D4F880002F49E6F30AF317
:10D2F000002843D0B8000630EAF37EF4C5F85C0697
:10D30000002849D00023838000260F216846254A43
:10D310003346E5F3C1F4D4F880006946E6F3F2F24F
:10D3200098B1D5F85C866946D4F88000B8F80490C6
:10D33000E6F3C4F208EB89031881D5F85C369A88C5
:10D3400003EB82010132CE809A80013640F2F13344
:10D350009E42DAD1D4F880001349E6F3D3F2D5F82F
:10D360005C6650B1D4F880000F49E6F3A7F2D5F817
:10D370005C36012270801A7000E03070A36F586A2A
:10D3800060B1012303808380C38003810223438132
:10D3900004238381002001E06FF01A0005B0BDE88E
:10D3A000F08300BF629C02006F9C02002DE9F04FE9
:10D3B0000568C6682B688FB0DF69002304460093B8
:10D3C00088460BA80921944A3346E5F365F4D4F85E
:10D3D0001490B9F1000F40F01081D4F888103A6829
:10D3E00001F50071E06FD4F808A00992D7F804B0F5
:10D3F000FAF798FE0146A868FCF776FD002800F0D1
:10D4000005810921844A0BA83346CDF80090E5F345
:10D4100043F4E26FD4F88810B8F1000F02D001F5A0
:10D42000007300E04346099801F50871B8F1000F58
:10D4300008BF002001900091CDF808B0B9684FF006
:10D44000FF390391CDF81090F968DFF8DC81059180
:10D45000D5F8E015504606910BA9CDF81C80FAF7D7
:10D46000D1FC0546002800F0D1802A466B4B2046AF
:10D470000021FFF721FE2A46204600213BF03CDD3B
:10D4800000250921644A33464FF0010B0BA8CDF863
:10D4900000B0E5F301F400953A68D4F888300192C1
:10D4A00050460BA9E26F03F5107302950395CDF872
:10D4B000109005950695CDF81C80FAF7A3FC074659
:10D4C000002800F0A4803A46544B20462946FFF736
:10D4D000F3FD59463A4620463BF00EDD4FF0020B75
:10D4E00009214D4A33460BA8CDF800B0E5F3D4F33B
:10D4F000099AD4F88830019250460BA9E26F03F5DF
:10D500002073009502950395CDF81090059506952A
:10D51000CDF81C80FAF776FC0746002877D03A460B
:10D520003E4B20462946FFF7C7FD59463A4620465E
:10D530003BF0E2DC4FF0030B0921374A33460BA8DE
:10D54000CDF800B0E5F3A8F3099AD4F88830019239
:10D5500050460BA9E26F03F53073009502950395D1
:10D56000CDF8109005950695CDF81C80FAF74AFC89
:10D57000074600284BD03A46284B20462946FFF75D
:10D580009BFD3A46204659463BF0B6DC042733461D
:10D590000921214A0BA80097E5F37EF3099AD4F8F4
:10D5A0008830019250460BA9E26F03F54073009555
:10D5B00002950395CDF8109005950695CDF81C8041
:10D5C000FAF720FC064608B3324620462946134B9C
:10D5D000FFF772FD3246204639463BF08DDC264689
:10D5E000706930B10E4B0F49D3F88C309847C6F8AC
:10D5F000C00001350436062DF2D1D4F8941020462F
:10D6000008310022FFF7EAFD012700E0074638460F
:10D610000FB0BDE8F08F00BFE29B0200F05D01009B
:10D6200010A78800D4318900C403000010B5BDE8FC
:10D630001040FCF77DBA11B10846FCF721B87047DD
:10D64000F8B504690546002C42D0E06F08B1FCF73C
:10D650004DF82046FFF708FED4F89460B4F8460071
:10D660000BF0A0D8706A28B103F04BFC00230746EA
:10D67000736200E00746D4F8900003F021FC002616
:10D680003F18D4F88C0004F0D9F92046C4F8806023
:10D69000E667FFF7DEFDD5F85C0618B1EAF3BEF2E7
:10D6A000C5F85C66A36F186A20B1EAF3B7F2A36FFE
:10D6B00000221A62A36F586A20B1EAF3AFF2A36F97
:10D6C00000225A62204601F03BFD00232B6100E05E
:10D6D00027463846F8BD0000F0B587B04FF48035D6
:10D6E0000021042303AA0446D0F8887000952CF08A
:10D6F0005BDC234B06AE46F8083D002104232046A0
:10D70000324600952CF09CDC0423002105AA20461B
:10D7100000952CF049DC049B059A9A422AD1194BBA
:10D720000021049320460423324600952CF088DC27
:10D730000423002105AA204600952CF035DC049B2B
:10D74000059A9A4216D104230021204603AA009587
:10D750002CF076DC0023C7F88C31D7F82031B3F1F8
:10D76000042F09D00848C0EB030CDCF1000040EBAB
:10D770000C0002E0002000E0012007B0F0BD00BF77
:10D78000AA5555AA55AAAA5500040084224B70B583
:10D790004FF00061002603660A46466604460568A7
:10D7A0002DF0C6DD4FF08073C4F820310323A4F8B8
:10D7B000A8300223A4F8AA300723A4F8A430042335
:10D7C000A4F8A63041F2010384F8A260A4F8BC30AA
:10D7D0004FF41673A5F810362B6893F89C20012A95
:10D7E0000CBF0C220622A5F80E2693F864211AB16C
:10D7F000226E42F08072226693F89C20074812F154
:10D80000FF3218BF01220649E5F306F2FF2384F830
:10D8100034310123637470BD60A8E7B87857010004
:10D82000787502002DE9F04F97B09B464FF0000944
:10D8300016AB8A46174643F8049D21995A46054679
:10D8400001F097FC0446002800F01D839DF880300D
:10D85000286103742B6840F61201D3F8D400D3F882
:10D86000D860D3F8DC304A46C4F88430E067C4F8A6
:10D870008060F0F321F0C4F888008046E860E06F33
:10D88000EFF380F2A0642046FFF780FF304697490F
:10D89000E6F338F028B149464A46E5F3CFF51FFADA
:10D8A00080FA30469249E6F32DF048B100210A464D
:10D8B000E5F3C4F54FF6FF7380B2984218BF0746F0
:10D8C00050463946FDF734F908B90C23DAE28949A4
:10D8D000A4F844A0A4F846703046E5F3EFF7864973
:10D8E000C4F860013046E5F3E9F7C4F86401B4F820
:10D8F00046000AF057DF003018BF0120263054F8E8
:10D900002030B4F84600C4F894300AF04BDF003001
:10D9100018BF01200A3055F8203020462B62FFF74F
:10D9200001FC08B90D23ADE2E06FEFF3E5F1E06F24
:10D93000EFF39CF6204600212BF0B0DB20464FF0A1
:10D94000FF312CF021DC2046FFF7C6FE08B90E237C
:10D9500098E230466949E5F3B1F7FF2808BF012096
:10D96000A4F84E002046FFF7E9FB08B90F2389E22F
:10D9700063493046E5F3A2F7624984F84C0030462B
:10D98000E5F39CF7604920653046E5F397F794F896
:10D990004C3060650B2B05D930465C49E5F38EF7BA
:10D9A000C4F850015A493046E5F388F7594984F8DC
:10D9B00035013046E5F382F784F836012B6893F899
:10D9C0006A312BB130465449E5F378F7C4F8540175
:10D9D00052493046E5F372F7514984F85801304610
:10D9E000E5F36CF7E36F41F26B02196BA4F8680181
:10D9F000914220D19B6A4E2B08D1B4F84E30402B77
:10DA000019D9236D43F00203236514E0E42B04D1FC
:10DA1000B4F84E30B3F5A85F06E0EF2B0BD1B4F8A5
:10DA20004E2041F201239A4205D8236D43F480032E
:10DA30002365002363653B493046D4F85C71E5F308
:10DA40003DF7394938603046D4F85C71E5F336F774
:10DA5000364978603046D4F85C71E5F32FF73449E5
:10DA6000B8603046A76FE5F329F73876A36F1A7EC2
:10DA7000012A01D003221A76236D990604D50121CB
:10DA800020460A462DF0F6D8D4F880002949E5F35F
:10DA900039F720B1D4F880002649E5F30FF7814625
:10DAA0002549D4F88000E5F32DF720B1D4F88000A3
:10DAB0002149E5F303F707462049D4F88000E5F350
:10DAC00021F720B1D4F880001C49E5F3F7F62B6864
:10DAD00093F82821BAB3226D920504D5B9F1000F4D
:10DAE00001D007B160BB00222BE000BF259C0200E3
:10DAF000B49C02004C9C0200579C0200AB9C0200AC
:10DB0000BA9C0200069C0200869C02009F9C0200B8
:10DB1000CC9B0200D79B0200799C0200369C02003D
:10DB2000C29C0200419C02002C9C0200C09B02008F
:10DB3000ED9B0200199C0200F29B0200929C0200E5
:10DB4000012283F828212B6893F8692132B1226DD4
:10DB500012F0010218BF012283F86921B4F84620AF
:10DB60000123C4F8B830B4F844002B68A5F8AA2102
:10DB7000E26FA5F8A801C3F8D420A26C1A6194F84A
:10DB80004C2083F87C202B68226DB4F84E00C3F83B
:10DB90008020626DA3F87A00C3F8842094F84C20AA
:10DBA00020460B2A84BFD4F85021C3F84821D4F86A
:10DBB000B820012783F83D705A62A9682A4603F00D
:10DBC0002BFFC4F88C0008B919235BE1219AE36F9D
:10DBD0000292A26C04900692B4F84620B4F8440075
:10DBE000ADF82A20DA6B03930B921A6CADF828007B
:10DBF0000C925A6C02A80D9294F84C20CDF814B0F7
:10DC00000E929A6A09960F92B4F84E2010921A6BEF
:10DC10001192226D1292626D13925A68DB6807921C
:10DC2000089303F0AFFAC4F8900008B9102329E173
:10DC30002623C5F8E035C5F8E4354FF4FF73C4F882
:10DC40003831B4F846000AF0ADDD10F1000918BF14
:10DC50004FF00109494620462EF0FCD8B9F1000FDB
:10DC6000D4F894300CBF02220122C3F804901A6049
:10DC70002B6A14BF01220222C3F804901A60E06FDD
:10DC8000D5F81C90EFF376F0D8F85C31C9F80000B5
:10DC900023F000437E4AE3662367A36C0C2101FB5B
:10DCA0000323303BC4F8D830204639462BF0ACDD96
:10DCB000D4F89490D4F890004146D9F80020334627
:10DCC00003F066F9C9F8240008B91123DAE04FF02F
:10DCD000FF3120462DF04EDAD4F89430E16E586AC8
:10DCE00003F00CF9D4F8943003F12202009203F10E
:10DCF0001C0103F11E02586A203303F0ECF8D4F83B
:10DD00009480D8F8240003F0F4F888F82800D4F8B8
:10DD10009430D5F82080586A03F0EBF888F81400A6
:10DD2000D4F89480D8F8240003F0E6F8D4F89430BE
:10DD3000C8F81800DA8B37FA02F1C90701D41223A8
:10DD4000A0E0296A586A0861988B4A8108811A8C78
:10DD5000588C8A81C8810F2240F2FF30D8829A8283
:10DD600020463946FFF722FB08B913238AE02B68C7
:10DD700093F86931002B32D0002120462BF0F6DFDA
:10DD800030464449A76FE5F399F5236DC0B2DA0731
:10DD9000386020D5636D1B061DD4E36F9A6990002F
:10DDA00002D5DA69D10704D5DB69DA0701D458074F
:10DDB00011D5E36E99000ED530463649E5F3A2F54C
:10DDC00030B134493046E5F379F5C1B2204604E07C
:10DDD0002046082101E0204600212BF073DDE06F92
:10DDE000EBF358F420462DF017DF0094E06F2A493A
:10DDF0002A4A0023FBF76CFC204600212DF0EEDEC2
:10DE00002046FFF70DFA08B915233BE004F1FC06A4
:10DE10003146E5F3A9F13046E5F338F518B9304657
:10DE2000E5F340F508B116232CE02046FFF700FA91
:10DE30002846A16C01F0E2F92B68DA69526AC5F84C
:10DE40004425013A85F84225D3F89800A8B1037813
:10DE50009BB113492246E5F3C7F62B681149D3F865
:10DE600098002246F9F78AFE606930B12B68D3F832
:10DE700098100D4BD3F8B03098472846FFF70AFAB0
:10DE800010B11B231593159817B0BDE8F08F00BF94
:10DE9000005E0100FD9B020001DC840015DC8400B3
:10DEA0005DD98400BDD9840010A7880010B5044650
:10DEB000002828D00368144918682246FCF7FFFCA4
:10DEC000236A1BB104F12000E4F396F0E3691BB16F
:10DED00004F11C00E4F390F0A3691BB104F11800F5
:10DEE000E4F38AF063691BB104F11400E4F384F0F5
:10DEF00023691BB104F11000E4F37EF02046BDE875
:10DF00001040E9F38BB610BD8A570100036830B5A5
:10DF1000DB690546586D87B000012430E9F372F6DD
:10DF20000446002838D0034643F8245BC36004F15C
:10DF30001001D5F83806E4F349F068BBD5F8380687
:10DF400004F11401E4F342F030BBD5F8380604F1D3
:10DF50001801E4F33BF0F8B9D5F8380604F11C01D8
:10DF6000E4F334F0C0B9D5F8380604F12001E4F345
:10DF70002DF088B94FF4856363600B4B01900093DB
:10DF80000A4B039002930490059009492868094AB6
:10DF90002346FCF7EFFC18B12046FFF787FF00246B
:10DFA000204607B030BD00BFC10B8500751385004A
:10DFB00080E688008A570100F0B5D0F82841006853
:10DFC000A568C069406D854211D2E7682E01B81975
:10DFD0004360059B01358360069BBA51C36060684E
:10DFE000A560C31C591821F003016160F0BD6FF0FA
:10DFF0001500F0BDD0F828311869E3F3C3B7D0F8A5
:10E00000280110B10069E4F31FB07047D0F828313F
:10E01000D869E3F3B7B7D0F82831D869E4F314B07E
:10E02000D0F82831186AE3F3ADB7D0F82831186A70
:10E03000E4F30AB073B505462EF058DC0446B8B1D7
:10E040002B684FF00052C5F86802009293F82F2019
:10E05000284601922146002204332EF0D3D90646E9
:10E0600050B9284621462FF0B1DB064620B901E021
:10E070006FF01A0630467CBD284621462FF01EDB85
:10E08000F8E7F8B51F4603680D461E691146D6F835
:10E0900080001446E5F32AF440B3B84224D1214667
:10E0A0000022D6F88000E5F315F4287021460122FD
:10E0B000D6F88000E5F30EF4687021460222D6F807
:10E0C0008000E5F307F4A87021460322D6F880000B
:10E0D000E5F300F4E870D6F8800021460422E5F369
:10E0E000F9F328710120F8BD4FF0FF30F8BD0000B2
:10E0F00038B50446B8B103680B4918682246FCF7E6
:10E10000DEFB606B08B1E9F389F5D4F880000025E7
:10E11000656318B1E9F382F5C4F880502046BDE884
:10E120003840E9F37BB538BD915701002DE9F04146
:10E1300005698CB007468420E9F364F5044600289D
:10E1400000F0D28107603C20E9F35CF580460028AE
:10E1500000F0CA813B69012680F8386080F8396098
:10E1600043603B6A046031461869ECF77EFAD8F8E0
:10E170000430B649D3F88000E5F3A0F3D8F80430B2
:10E18000C8F81400B249D3F88000E5F397F3D8F843
:10E190000430C8F81800AF49D3F88000E5F38EF3D7
:10E1A000D8F80430C8F81C00AB49D3F88000E5F378
:10E1B00085F3D8F80430C8F80800A849D3F88000DF
:10E1C000E5F37CF3D8F80430C8F81000A449D3F87C
:10E1D0008000E5F373F3A34BC8F80C00C4F880800B
:10E1E0000093A14BA1490193A14BA24A0293A24BD8
:10E1F0000393A24B0493A24B059338682346FCF784
:10E20000B9FB8046002840F06F8184F82C003B6900
:10E210009C49D3F88000E5F351F384F86F00322075
:10E22000E9F3F0F407466063002800F05D814146A1
:10E230000A2206A8E4F3CAF40C238DF819309923B6
:10E240008DF81A30A6238DF81B3008238DF81E3068
:10E25000B7238DF81F30E2238DF820308A4AC4237B
:10E260008DF821308DF818608DF81D6010685168A8
:10E2700009AB03C3128985491A80854B3E70A3639D
:10E28000844B84F85A80E363636B9E71D5F88000F9
:10E29000E5F338F3002800F093807C49D5F880003E
:10E2A000666BE5F30BF370707B49D5F88000666B05
:10E2B000E5F304F3B0707949D5F88000666BE5F3B7
:10E2C000FDF2F0707649D5F88000666BE5F3F6F262
:10E2D00030717449D5F88000666BE5F3EFF2707128
:10E2E0007149D5F88000666BE5F3E8F2F0716F498B
:10E2F000D5F88000666BE5F3E1F2B0716C49D5F8B2
:10E300008000E5F3DBF284F844006A49D5F8800028
:10E31000666BE5F3D3F230726749D5F88000666B1F
:10E32000E5F3CCF27072616B05230A31634A204633
:10E33000FFF7A7FE616B05230F3186B2604A2046C6
:10E34000FFF79FFE616B0523143136185D4A2046A6
:10E35000FFF797FE616BB6B21931052336185A4A9A
:10E360002046FFF78EFE616BB6B236180B7AB6B256
:10E37000B34225D11E310523544A2046FFF781FEC2
:10E38000616B0523233186B2514A2046FFF779FE9F
:10E39000616B0523283136184E4A2046FFF771FE7F
:10E3A000616BB6B2052336182D3120464A4AFFF775
:10E3B00068FE636BB6B236185B7AB6B2B34225D04C
:10E3C000626B00235370626B0C219370626BD3708D
:10E3D000626B1171616B02224A71A86F616B0068F8
:10E3E000C871616B0A72616B4A72606B812284F83A
:10E3F000402006A90A2284F841300A30E4F362F38F
:10E40000606B09A91E300A22E4F35CF3626BAB6F08
:10E41000D27900211A6004F14D000822E4F3D6F30A
:10E42000002384F8583084F85930A4F85630D5F8D1
:10E4300080002A49E5F366F2002851D0D5F8800023
:10E440002649E5F33BF284F85F0051E0E49D0200C9
:10E45000D19C0200FA9C02000A9E0200629D02000A
:10E46000D09D02005128850085DA0000A4E68800CE
:10E47000E12B850091570100D52B8500A4570100A1
:10E480006DD30000989E02003B380100479E0200B9
:10E490001127850089278500919D0200319E020089
:10E4A0001B9E0200F39D0200E29C0200A89D020058
:10E4B0004E9D0200819D02003D9D02000D9D0200C7
:10E4C0001D9D02002D9D0200719D0200549E0200C0
:10E4D000659E0200769E0200879E0200BD9D02009E
:10E4E000BA2384F85F3003E02046FFF701FE0024E2
:10E4F00020460CB0BDE8F08130B5044685B0002858
:10E5000040D0D0F8201131B103689868F5F3F8F6DF
:10E510000023C4F8203123681A6892F82F2022B310
:10E52000D3F8240101A900225EF0A2DA0FE04368CB
:10E530005A060CD5D4F83051451904E00368C5F8E3
:10E540001031E9F36BF3D5F810010028F6D12368F8
:10E5500001A9D3F824015EF0A1DA0028E7D104E094
:10E560000368C4F84431E9F359F3D4F844010028AE
:10E57000F6D12368044918682246FCF7A0F9204622
:10E58000E9F34CF305B030BD5DB3890030B5054605
:10E5900087B04FF4A670E9F32FF30446002875D036
:10E5A00000214FF4A672E4F311F33C4B2560009375
:10E5B0003B4B3C4A0193002302930392049305933F
:10E5C00028683949394A2346FCF7D4F900285DD137
:10E5D0002B6A1A68022A05D15B7D002B0CBF16231B
:10E5E000302300E0302322184430B0F5887F1374C4
:10E5F000EED1A8682E492A460023F5F399F6C4F80F
:10E600002001002842D04FF47A7345F27352C4F8C7
:10E610001C31A4F83C2100234622C4F84431A4F85C
:10E620003E2128468DE828004FF48A71214A224B6A
:10E6300003F008FF0028C4F8300127DB1F4BD5F892
:10E6400094068DE818000521B0221D4B00F008FF4C
:10E65000E0B91C4BD5F894068DE818000521B222CC
:10E66000194B00F0FDFE88B9D5F894060A21B022B6
:10E67000164B009401F0A4F940B9D5F8C006B021BA
:10E68000134A144B009401F005FC18B12046FFF723
:10E6900033FF0024204607B030BD00BF91508500F5
:10E6A00011658500654E850018E888005DB3890016
:10E6B0005549850011568500ED558500955D85000D
:10E6C000E94A8500D15C8500514A85009553850053
:10E6D000854E8500994E850010B5044630B133F063
:10E6E00091DE2046BDE81040E9F398B210BD10B5A8
:10E6F00004462420E9F386F200B1046010BD000056
:10E7000010B50446E0B143680E4918682246FCF78C
:10E71000D6F8D4F83C01FFF7DFFFD4F83401FFF757
:10E72000DBFFD4F89C0008B1E9F378F2D4F8940048
:10E7300008B1E9F373F22046BDE81040E9F36EB288
:10E7400010BD00BFBC5701002DE9F041754B0027FB
:10E750001F60754B056888B006461F604FF4A070B7
:10E76000E9F34AF20446002800F0D78039464FF416
:10E77000A072E4F32BF284E860003046C6F85841FA
:10E78000FFF7B5FF8046C4F8340130B13046FFF7DB
:10E79000AEFF8046C4F83C0120B92046E9F33EF2C2
:10E7A0004446BAE07F21042204F14400E4F30EF26F
:10E7B0007F21042204F17000E4F308F2042207A888
:10E7C0003946E4F303F2336893F87C20D3F8D80099
:10E7D000012A13D95549E5F395F0014658B107A828
:10E7E0000322E4F3CBF207A8042137F0B7D990B1A4
:10E7F00007A84F490CE007A84E4909E04E49E5F348
:10E800005DF00928034606D84C4907A801EB8301AF
:10E810000322E4F3B3F2032207A904F10800E4F3AE
:10E82000ADF233684649D3F8D800E5F347F0D5F8A0
:10E83000D43041F26B02196BE06091420ED19B6AB9
:10E840008B2B01D0902B09D1022807D107A83D4975
:10E850000422E4F36FF208B90323E360D5F8D4305F
:10E8600041F26B02196B91420DD19B6A932B0AD135
:10E8700007A835490422E4F35DF220B9E368042BCC
:10E8800001D10623E360D5F8D43041F26B02196B55
:10E89000914218D19A6A40F235139A4213D107A8CF
:10E8A0002A490422E4F346F258B107A82849042271
:10E8B000E4F340F228B107A826490422E4F33AF22F
:10E8C00008B91323E3600025EAF786FF35F058DF27
:10E8D00007A90422C4F89450C4F89850C4F89C5076
:10E8E000C4F8A050C4F8A45084F8F450204633F083
:10E8F000C3DE194B30688DE828001849184A2346B2
:10E900000295039504950595FCF734F828B1204647
:10E91000C6F85851FFF7F4FE2C46204608B0BDE873
:10E92000F08100BFB4650100B8650100A89E020037
:10E93000BF57010041B58900AE9E020094E98800EE
:10E94000B19E0200C257010068EB880078E9880098
:10E9500080E9880084E98800F16D85003CE9880041
:10E96000BC57010030B5054687B00C20E9F34AF1E9
:10E970000446D0B1114B05604FF4907100930190A3
:10E980000722D5F894060E4B00F0DEFC80B90D4B43
:10E990000190009302900390049005900A49286822
:10E9A0000A4A2346FBF7E6FF10B9204607B030BD00
:10E9B0002046E9F333F10024F7E700BFC19D85004D
:10E9C000299B8500659B8500ECED8800345901008A
:10E9D000036810B50446054918682246FBF76FFF27
:10E9E0002046BDE81040E9F319B100BF34590100D9
:10E9F00070B5054686B00C20E9F304F10446002802
:10EA000063D005600026019004212846334A344B28
:10EA10000096FFF7D1FAB042606059DB0421284626
:10EA2000304A314B0096019403F00CFDB042A060D7
:10EA30004EDB28462D492246FFF7DCFA002847D155
:10EA40002B4BD5F894068DE818004FF490712522D1
:10EA5000284B00F079FC00283AD1274BD5F89406D2
:10EA60008DE818004FF490713C22244B00F06CFCB0
:10EA700000282DD1D5F8940605219C22204B009525
:10EA800000F036FF002823D1D5F8940680212522F6
:10EA90001C4B009400F070FDD0B9D5F8940680218D
:10EAA0003C22194B009400F067FD88B9174B019088
:10EAB0000093174B03900293049005901549286822
:10EAC000154A2346FBF756FF10B9204606B070BD25
:10EAD0002046E9F3A3F00024F7E700BF51A3850027
:10EAE00011A3850059A7850045A78500CDA3850002
:10EAF000E5A98500F1A3850015AA850019A4850064
:10EB000031A28500D1A28500F1A2850009A585006A
:10EB1000E1A9850028EE880050B9890038B505685C
:10EB20000446224628680649FBF7C9FE28460549DF
:10EB30002246FFF764FA2046BDE83840E9F36EB09C
:10EB400050B98900CDA38500024602490068FBF751
:10EB5000B6BE00BF3A59010030B50D4B87B00093E7
:10EB600000230446019302930393049305930949F8
:10EB7000094A23460068FBF7FDFE002814BF4FF04A
:10EB8000FF350025204638F071D8284607B030BD43
:10EB9000A1B08500445901003A5901002DE9F04324
:10EBA000064687B038200F4691469846E9F324F090
:10EBB0000446002838D000213822E4F307F0D7F8C3
:10EBC0003C0640211A4A04F12003F5F711FB0546E3
:10EBD00020B12046E9F322F0002425E0154BC4F8CB
:10EBE0001C80A760C4F80C90266113490093019023
:10EBF0000290039004900590234630460F4AFBF79D
:10EC0000B9FE034660B9E0680D492246F5F390F37A
:10EC10000546A06140B920690A492246FBF74FFE2C
:10EC20002046E8F3FBF72C46204607B0BDE8F0830A
:10EC300014C68900EDB4850058EE8800B89E020025
:10EC40004DB585005C59010010B5044638F042DA34
:10EC50000F4920692246FBF732FEA16961B1237D8D
:10EC600023B1E068F5F3E0F200232375E068A169C1
:10EC7000F5F346F30023A361A36804F12001D3F860
:10EC80003C06F5F7C1FA2046E8F3C8F7002010BDAE
:10EC9000B89E020010B50446C0B122460C49406837
:10ECA000FFF7C3F9224660680A4903F00EFE2246C8
:10ECB00060680949FFF7A3F9A06808492246FBF7F5
:10ECC000FEFD2046BDE81040E8F3A8B710BD00BF28
:10ECD00021BF850081C5850029BB850063590100DE
:10ECE00070B5054686B01820E8F386F7044600287C
:10ECF00000F0E98000211822E3F368F72B68002276
:10ED0000A360AB686560E3606B6804212361042342
:10ED1000A38228466D4B8DE81400FFF74DF90028BB
:10ED20002060C0F2CC80284669492246FFF778F976
:10ED3000002840F0C480284666492246FFF75AF969
:10ED4000002840F0BC8028466349224603F0B8FD05
:10ED5000002840F0B480614B019000930290039032
:10ED6000049005905E4928685E4A2346FBF702FE40
:10ED7000002840F0A4805C490322D5F8BC063CF092
:10ED800039DA5A4E5A490222D5F8C0063CF032DA36
:10ED9000D5F89406B0213022564B0096019400F02D
:10EDA00051FA002840F08B80534BD5F894068DE83B
:10EDB000180040F605013622504B00F0C5FA002835
:10EDC0007DD14F4BD5F894068DE8180040F604012C
:10EDD00037224C4B00F0B8FA002870D1D5F8BC06A9
:10EDE0003021444A3346009401F009F8002866D1E6
:10EDF000D5F8BC063621414A3F4B009400F0FFFF96
:10EE000000285CD1D5F8BC0637213E4A3C4B009423
:10EE100000F0F5FF002852D1D5F8C00639213A4A52
:10EE20003A4B009400F0EBFF002848D1D5F8940647
:10EE3000C0213622364B009400F03CFD00283ED124
:10EE40003021D5F894060A46324B009400F094FB2A
:10EE5000002834D1D5F8940640F60A0136222E4B0C
:10EE6000009400F027FD50BBD5F8940640F60A0147
:10EE700037222A4B009400F01DFD00BBD5F8940604
:10EE800030213922264B009400F014FDB8B9D5F892
:10EE9000BC0630211F4A234601F044F878B9D5F862
:10EEA000BC0636211C4A234601F03CF838B9D5F897
:10EEB000BC063721194A234601F034F818B1204620
:10EEC000FFF7E8FE0024204606B070BDA1BA850019
:10EED00021BF850029BB850081C5850035BC850023
:10EEE00080EE8800635901007CEE880019BA850025
:10EEF000A4EE880071B8850085C68500A5BB850095
:10EF0000C1C5850035BB850021BC8500DDC68500F7
:10EF1000C9C4850005C28500C9C0850011C085002F
:10EF200035C1850008B1E8F379B6704737B50546B5
:10EF30003820E8F367F6044650B14FF0FF33056020
:10EF400005490193054A064B009539F0ABDD01E018
:10EF5000FFF7E8FF20463EBDE9CD8500F1CD8500F5
:10EF6000E1CD850070B5054686B01020E8F344F683
:10EF70000446002838D000211022E3F327F60026AB
:10EF800025600121C5F8CC462846194A194B009640
:10EF90000194FFF711F8B042E06021DB164B2868BE
:10EFA0008DE848001549164A2346029603960496B2
:10EFB0000596FBF7DFFC98B9124BD5F894068DE85F
:10EFC00028000521BE22104B00F04AFA40B9D5F8BE
:10EFD0009406C021BE220D4B009500F0F1FC18B143
:10EFE0002046E8F31BF60024204606B070BD00BFA3
:10EFF0008DD0850089D08500E1CF8500A8EE8800FE
:10F00000BF9E02005DD085003DD0850091D0850077
:10F0100010B5044688B1037923B18068E8F3FEF5A2
:10F02000002323712368054918682246FBF747FC33
:10F030002046BDE81040E8F3F1B510BDBF9E0200C8
:10F0400008B1E8F3EBB5704737B505460420E8F39F
:10F05000D3F50446002855D02D4B056040F23F11F2
:10F06000009301902D22D5F894062A4B00F06CF9FC
:10F07000002847D1284BD5F894068DE818004FF4A6
:10F0800095713D22254B00F05FF900283AD1244BC1
:10F09000D5F894068DE818004FF495714A22214B5B
:10F0A00000F052F970BB204BD5F894068DE818009B
:10F0B000152150221D4B00F0D3F918BBD5F894064A
:10F0C00005212D221A4B009400F0F4FBD0B9D5F89D
:10F0D0009406C0212D22174B009400F0EBFB88B959
:10F0E000D5F89406C0213D22134B009400F0E2FBBA
:10F0F00040B9D5F89406C0215022104B009400F07E
:10F100005FFC18B12046FFF79BFF002420463EBD60
:10F11000C5D28500CDD0850011D38500E1D0850012
:10F120000DD38500DDD0850071D28500B5D0850076
:10F1300041D1850001D2850021D285007DD1850095
:10F1400010B50446A0B10368806F00225A6108B16F
:10F15000E8F364F5D4F8980008B1E8F35FF5606867
:10F1600008B1E8F35BF52046BDE81040E8F356B57A
:10F1700010BD2DE9F04104464FF4B6700D46164619
:10F180009846E8F33FF5074610B940F2F2331EE027
:10F1900004608560C6602820E8F334F5B86710B9CC
:10F1A00040F2F33313E05820E8F32CF5C7F8980049
:10F1B00040B12C30C7F89C003020E8F323F578608C
:10F1C00060B902E04FF47D7301E040F2F533384658
:10F1D000C8F80030FFF7B4FF002703E00023C8F8A9
:10F1E000003060613846BDE8F0810023C218D2F8D3
:10F1F000C020CA500433182BF8D170474FF4C863AD
:10F20000C0F864366823C0F868364FF48073C0F8DD
:10F210006C360223C0F87036C0F8743670470000B0
:10F2200010B5044650B10368054918682246FBF73B
:10F2300046FB2046BDE81040E8F3F0B410BD00BF27
:10F240000D5A010001F0F0012DE9F04F0E11016897
:10F25000B0F81080096889B0C9699446D1F8C01027
:10F26000079388450446B0F812A0838AC78AB2B2D1
:10F270005CDA817900295CD1324D05EBC2008088CF
:10F2800006E055F8329019F80190E14502D00131BD
:10F290008142F6D381424FD0E71937F812B00132DC
:10F2A00037F81250A244454523441AD2C5EB08084A
:10F2B00005F101090AEB050142460AEB0900CDF808
:10F2C00014C00693E3F35EF4069B0C2202FB0930A4
:10F2D00002FB053102FB08F2E3F354F4DDF814C03D
:10F2E000069B3146002207E007EB460030F802E0BB
:10F2F0000EF1010E20F802E0013102320D29F3D99E
:10F300001299CBEB0502009113990AEB0B000191C6
:10F310000C2101FB0B3192B2079BCDF808C000F025
:10F32000A1FB238A00200133238207E06FF0150040
:10F3300004E06FF0160001E06FF01D0009B0BDE8B9
:10F34000F08F00BF685901002DE9F347DDF82890E0
:10F35000DDF82CA007460E4615469846002456FABE
:10F3600004F3DB070AD52101384601F0F0012A46F3
:10F3700043468DE80006FFF765FF18B901340D2CF0
:10F38000EDD10020BDE8FC872DE9F04F89B0079250
:10F390000268B0F8188012689C46D2690446D2F818
:10F3A000C420B0F81AA09045838BC78B50DA8279BD
:10F3B000002A50D101F0F0063611C719B2B237F861
:10F3C00012B0013237F812508244454503441AD234
:10F3D000C5EB080805F101090AEB050142460AEBF5
:10F3E0000900CDF814C00693E3F3CCF3069B0C227E
:10F3F00002FB093002FB053102FB08F2E3F3C2F322
:10F40000DDF814C0069B3146002207E007EB4600FA
:10F4100030F802E00EF1010E20F802E00131023274
:10F420000D29F3D91299CBEB0502009113990AEB40
:10F430000B000191079992B202910C2101FB0B3153
:10F44000634600F00FFB238B00200133238304E08D
:10F450006FF0150001E06FF0160009B0BDE8F08F05
:10F460002DE9F347DDF82890DDF82CA007460E467D
:10F4700015469846002456FA04F3DA070AD5210106
:10F48000384601F0F0012A4643468DE80006FFF7B2
:10F490007BFF18B901340D2CEDD10020BDE8FC87AD
:10F4A0002DE9F04F89B007920268B0F830801268F9
:10F4B0009C46D2690446D2F80021B0F832A09045AB
:10F4C000838EC78E50DA8279002A50D101F0F0067F
:10F4D0003611C719B2B237F812B0013237F81250EC
:10F4E0008244454503441AD2C5EB080805F10109D9
:10F4F0000AEB050142460AEB0900CDF814C0069359
:10F50000E3F340F3069B0C2202FB093002FB0531BA
:10F5100002FB08F2E3F336F3DDF814C0069B314634
:10F52000002207E007EB460030F802E00EF1010E82
:10F5300020F802E0013102320D29F3D91299CBEB08
:10F540000502009113990AEB0B000191079992B201
:10F5500002910C2101FB0B31634600F083FA238EEC
:10F5600000200133238604E06FF0150001E06FF006
:10F57000160009B0BDE8F08F2DE9F04F87B0059275
:10F580000268B0F8208012689C46D2690446D2F81E
:10F59000C820B0F822A09045838CC78C4CDA8279C1
:10F5A000002A4CD101F0F0063611C719B2B237F873
:10F5B00012B0013237F8125082444545034419D243
:10F5C000C5EB080805F101090AEB050142460AEB03
:10F5D0000900CDF80CC00493E3F3D4F2049B4FEA86
:10F5E000C80203EBC90003EBC501E3F3CBF2DDF87E
:10F5F0000CC0049B3146002207E007EB460030F8C0
:10F6000002E00EF1010E20F802E0013102320D2974
:10F61000F3D91099CBEB0502009105990AEB0B0089
:10F62000019192B203EBCB01634600F02BFA238CDD
:10F6300000200133238404E06FF0150001E06FF037
:10F64000160007B0BDE8F08F0368F0B5DB690C2544
:10F65000B3F8C020064605FB02F4433222F0030251
:10F660000134A418B3F8C4204FF6FE7102F11F0054
:10F670006A4321404118501C4FF6FC720A40821820
:10F68000B3F800014FF6FE7100F11F04684311400A
:10F6900061184FF6FC7201300A408218B3F8C800B6
:10F6A0004FF6FE7100F11F0411406118C0004FF6C3
:10F6B000FC7201300A408218B3F8CC004FF6FE719C
:10F6C00000F11F0411406118C0004FF6FC720A409F
:10F6D000B3F80431013080184FF6FE7203F11F01B8
:10F6E0000240DB008A18591C4FF6FC731340CB18FC
:10F6F0004FF6FE771F401C37BFB287B03846E8F39D
:10F700007BF20446002800F0BC8000213A46E3F377
:10F710005DF24023638233684FF6FC72DB6926603A
:10F72000B3F8C010A78001F14300024005FB01219E
:10F73000A28201314FF6FE720A40B3F8C410E28291
:10F740001C3292B2C81C101862834FF6FC72024041
:10F7500005FB0121A28301314FF6FE720A40B3F886
:10F760000011E2831C3292B2C81C101862864FF658
:10F77000FC72024005FB0121A28601314FF6FE72A8
:10F780000A40B3F8C810E2861C3292B2C81C1018A6
:10F7900062844FF6FC72024002EBC1010131A28487
:10F7A0004FF6FE720A40B3F8CC10E2841C3292B2DB
:10F7B000C81C101862854FF6FC72024002EBC101B2
:10F7C0000131A2854FF6FE720A40B3F80411E285BA
:10F7D0001C3292B2CB1C6287D2184FF6FC731340D6
:10F7E000A38703EBC10301334FF6FE721A40E28791
:10F7F0000025274F57F8353063B1264B29018DE896
:10F800001800DD22204601F0F001234BFFF71AFD1E
:10F81000002836DB01350D2DEBD1002557F83530AA
:10F8200053B12901DD22204601F0F0011B4B009469
:10F83000FFF7A2FE002824DB01350D2DEED1184B79
:10F84000B0218DE81800FF222046164BFFF7FAFC86
:10F85000002816DBB021FF222046134B0094FFF74F
:10F860008BFE00280DDB114B002102933068104AFB
:10F87000234600910191039104910591FBF77AF8D9
:10F8800018B12046FFF7CCFC0024204607B0F0BD9D
:10F89000685901000DD5850061D58500ADD585007D
:10F8A000F1E0000043E1000091E0000099D4850000
:10F8B0000D5A01002DE9F743DDF8289007460E4662
:10F8C00015469846002456FA04F3D8070AD52101B4
:10F8D000384601F0F0012A464346CDF80090FFF784
:10F8E0004BFE18B901340D2CEDD10020BDE8FE838C
:10F8F0002DE9F04F87B005920268B0F828801268B1
:10F900009C46D2690446D2F8CC20B0F82AA0904593
:10F91000838DC78D4CDA8279002A4CD101F0F00634
:10F920003611C719B2B237F812B0013237F8125097
:10F9300082444545034419D2C5EB080805F1010985
:10F940000AEB050142460AEB0900CDF80CC004930E
:10F95000E3F318F1049B4FEAC80203EBC90003EB81
:10F96000C501E3F30FF1DDF80CC0049B3146002222
:10F9700007E007EB460030F802E00EF1010E20F838
:10F9800002E0013102320D29F3D91099CBEB0502C7
:10F99000009105990AEB0B00019192B203EBCB01A8
:10F9A000634600F06FF8238D00200133238504E0C7
:10F9B0006FF0150001E06FF0160007B0BDE8F08FA2
:10F9C0002DE9F743DDF8289007460E461546984680
:10F9D000002456FA04F3DB070AD52101384601F06A
:10F9E000F0012A464346CDF80090FFF781FF18B991
:10F9F00001340D2CEDD10020BDE8FE832DE9F04748
:10FA0000089F9A4604469DF82460034600250CE0B2
:10FA100013F8010B86420AD01DB113F802ECB6456B
:10FA200001D2864203D90135ADB29542F0D1AA4246
:10FA300007FB05180ED9C5EB0209414607FB09F281
:10FA400008EB0700E3F39EF0681C201861194A4692
:10FA5000E3F398F0404651463A46E3F333F06655F7
:10FA6000BDE8F0877FB50393089B0493099B05933A
:10FA70000C2300939DF82830019303ABFFF7BEFFE2
:10FA800007B000BD1FB50293069B039308230093A4
:10FA90009DF81C30019302ABFFF7B0FF05B000BD2D
:10FAA00037B5254BD0F8945604460093019040F2A8
:10FAB0003F1128467F22214BFFF746FC00283AD110
:10FAC0001F4B28468DE8180041F63F5140221D4B40
:10FAD000FFF7C6FC78BB1C4B28468DE8180040F6A3
:10FAE0003F119822194BFFF7BBFC20BB184B28464F
:10FAF0008DE8180040F22F11A822164BFFF7B0FC3A
:10FB0000C8B9284640F20F117F22134B0094FFF72B
:10FB1000D1FE80B9284640F20F1198220F4B009475
:10FB2000FFF74EFF38B9284640F20F11A8220C4BC0
:10FB30000094FFF745FF3EBD55F0850081EC850040
:10FB4000A1F08500A1EC850009F0850007E2000026
:10FB500019F1850015ED8500C5ED850085ED850061
:10FB600001EE850037B5104BD0F89456044600934B
:10FB700001900521284600220C4BFFF7E5FB90B9C8
:10FB80000B4B28468DE8180005210122094BFFF791
:10FB9000DBFB40B9084B28468DE8180005213222CE
:10FBA000064BFFF7D1FB3EBD49E7850011E7850015
:10FBB00065E785001DE785002DE7850001E78500E5
:10FBC00037B5254BD0F894560446009301904FF476
:10FBD000907128460022214BFFF7B6FB00283AD14E
:10FBE0001F4B28468DE818004FF4907101221D4BE1
:10FBF000FFF7AAFB78BB1C4B28468DE818004FF492
:10FC000090713222194BFFF79FFB20BB184B2846FF
:10FC10008DE818004FF490710322164BFFF794FB08
:10FC2000C8B9154B28468DE818004FF4907106228C
:10FC3000124BFFF789FB70B9284680210522104B33
:10FC40000094FFF799FC30B92846802105220D4B1E
:10FC50000094FFF791FC3EBD01EC850089E9850029
:10FC60003DEC850091E98500A5EB850045E985001F
:10FC700079EB850031E98500CDEB850061E98500F0
:10FC80009DE9850019EB850037B5154BD0F89456E2
:10FC9000044600930190402128460022114BFFF7B3
:10FCA000D1FAE0B9104B28468DE818004021012216
:10FCB0000E4BFFF7C7FA90B90D4B28468DE8180098
:10FCC000402132220B4BFFF7BDFA40B90A4B2846C0
:10FCD0008DE8180040210322084BFFF7B3FA3EBD20
:10FCE0008DF2850031F28500A5F285003DF2850098
:10FCF00071F2850021F2850049F2850011F285003C
:10FD000037B50A4BD0F89456044600930190B021C1
:10FD100028461022064BFFF795FA30B92846B02145
:10FD20001022044B0094FFF727FC3EBD65E88500D8
:10FD300081E78500ADE7850037B5D0F894560446D5
:10FD40000090C02128460022114BFFF7B3FDF0B907
:10FD50002846C02101220F4B0094FFF7ABFDB0B93C
:10FD60002846C02106220C4B0094FFF7A3FD70B972
:10FD70002846C021A822094B0094FFF721FE30B984
:10FD80002846C0219822064B0094FFF719FE3EBD7D
:10FD9000F9F2850021F38500D9F285003DF3850055
:10FDA000C1F2850010B5044650B1036805491868D2
:10FDB0002246FAF784FD2046BDE81040E7F32EB74F
:10FDC00010BD00BFAA5A010038B505460C20E7F364
:10FDD00013F7044638B100210C22E2F3F7F60C23A6
:10FDE0002560A38001E0FFF7DDFF204638BD28B184
:10FDF0008368DA88013ADA80E7F310B770472DE9B3
:10FE0000F04F9B46038B87B0C518C65AB5F80480DF
:10FE1000438AC6EB0808984505919446878AB0F84E
:10FE200016A032DA6C88C7194445824416DAC4EB4E
:10FE3000080804F101093919424607EB0900CDF819
:10FE400010C0E2F39FF60C2202FB09A002FB04A102
:10FE500002FB08F2E2F396F6DDF810C06B88A21BF5
:10FE600001336B80AB880C210133AB80109BB81938
:10FE70000193059B01FB06A1029392B26346CDF864
:10FE800000B0FFF7EFFD002001E06FF0150007B0B4
:10FE9000BDE8F08F2DE9F04F9B46038B9446C518C3
:10FEA000AC8830F80380428AC8EB040387B09342E1
:10FEB0000591878AB0F816A02FDA9C420744824445
:10FEC0006E8816DAC8F1000804F1010939194246B2
:10FED00007EB0900CDF810C0E2F354F60C2202FB48
:10FEE00009A002FB04A102FB08F2E2F34BF6DDF8E5
:10FEF00010C0AB88A21B0133AB80109B0C21019377
:10FF0000059BB819029301FB06A192B26346CDF896
:10FF100000B0FFF7A7FD002001E06FF0150007B06B
:10FF2000BDE8F08F2DE9F04F9B46038C85B0C518D6
:10FF3000C65AB5F80480438BC6EB08089845039170
:10FF40009446878BB0F81EA02EDA6C88C7194445FA
:10FF5000824415DAC4EB080804F101093919424654
:10FF600007EB0900CDF808C0E2F30CF60AEBC90074
:10FF70000AEBC4014FEAC802E2F304F6DDF808C058
:10FF80006B88A21B01336B80AB88B8190133AB803F
:10FF9000039B0AEBC601019392B26346CDF800B011
:10FFA000FFF770FD002001E06FF0150005B0BDE81F
:10FFB000F08F00002DE9F04F036885B003931B68B4
:10FFC0001546DB69C288D3F8D03007469A420E4600
:10FFD0005BDA09B14E1CB6B20DB10135ADB206F116
:10FFE00027034FF6FC7A03EA0A0A0C2303FB06A355
:10FFF0004FF6FE78013303EA080808F10903EB180D
:020000041003E7
:100000004FF6FC7B03EA0B0B0BEBC50201324FF6FC
:10001000FE73134003F106091FFA89F9484602935B
:10002000E7F3EAF50446002830D000214A46E2F31F
:10003000CDF5029B03992384FB88A4F81880242221
:1000400008F1060801332160A760A4F81090A2828D
:10005000A4F816A0A4F81C80A4F81EB066826583DC
:10006000FB8046B1DD2120460C4A0D4B0094FFF782
:10007000C6FE00280ADB6DB1DD212046094A234671
:10008000FFF750FF002805DA00E000242046FFF7C4
:10009000AEFE0024204605B0BDE8F08F85F5850052
:1000A00041F58500BDF585007FB50A4A03460092FB
:1000B0000022019202920392049205920649074A95
:1000C0000068FAF757FC002814BF4FF0FF300020FB
:1000D00007B000BD991E860078F08800AE5A010076
:1000E000024602490068FAF7EABB00BFAE5A0100B7
:1000F00010B5044648B1036821461868FAF7FEFCBB
:100100002046BDE81040E7F389B510BD37B5054678
:100110000820E7F377F50446A0B1056000220190BE
:100120000C2128460A4B0092FDF746FF002860602C
:1001300008DB084B286800932146074A0423FAF796
:100140006CFC18B12046FFF7D3FF002420463EBDCB
:100150001D2686002CF188003126860010B5044645
:10016000C06818B1E7F35AF50023E36010BD10B57D
:100170000446A020E7F340F570B1E060A06000F114
:10018000900203461033934243F8103CFAD1002307
:10019000C0F89030184610BD6FF01A0010BD000076
:1001A00038B50446002852D0002105683FF04EDAE9
:1001B00020463FF02BD8636933B12046002141F03F
:1001C00015DA606938F044DCA36933B120460121B7
:1001D00041F00CDAA06938F03BDC236933B12046EA
:1001E000022141F003DA206938F032DCE36F33B1E9
:1001F0002046032141F0FAD9E06F38F029DC20468F
:1002000041F09AD9D4F89800E7F308F501E03EF000
:1002100027DEE16920460029F9D1FFF79FFFD5F8D5
:10022000440118B10A492A4600F08FF928680949A3
:100230002246FAF744FBD4F8A8301BB104F1A80019
:10024000E1F3DAF62046BDE83840E7F3E7B438BD1D
:1002500011428600F4C8890030B5054687B0B02049
:10026000E7F3CAF40446002800F099800021B02288
:10027000E2F3ACF40A2384F84330012384F84830D5
:10028000FF2384F8203084F8213084F8223084F869
:1002900023302560C420E7F3AFF4C4F898000028A9
:1002A0007DD020463FF0C4D920463FF047DD2B6883
:1002B00041F26B02D3F8D43020F07F00196BA08795
:1002C0009142204608D19B6A932B05D13FF036DD41
:1002D000C0F58440683001E03FF034DDE087E38F13
:1002E000204623F07F03E3873FF02CDD41F2883284
:1002F00022652E4A002320F07F00A4F84000E3642A
:1003000000922B4A049301922A4A059302922A4AA8
:100310002868039229492A4A2346FAF72BFB00282A
:100320003DD1D5F8E80538F069DB6061002836D0AA
:10033000D5F8E80538F062DBA06180B3D5F8E805B0
:1003400038F05CDB206150B32046FFF710FF30BB74
:10035000D5F8E80538F052DBE06700B3012384F8F4
:100360007830D5F8440141F27073A4F87A3020B1A6
:1003700014492A4600F0E6F888B9204601213FF0EA
:1003800065D94FF44843A3650023E3653223236610
:10039000D5F8380604F1A801E1F318F618B12046A3
:1003A000FFF7FEFE0024204607B030BD593486001A
:1003B000B152860039528600ED3686004CF1880035
:1003C000F4C889001142860038B50446002827D0B9
:1003D0000568144928682246FAF771FA236A1BB1A6
:1003E00004F12000E1F308F6E3691BB104F11C00FD
:1003F000E1F302F6A3691BB104F11800E1F3FCF587
:1004000063691BB104F11400E1F3F6F528460649CF
:100410002246FDF7F4FD2046BDE83840E7F3FEB381
:1004200038BD00BFB0CB89002D62860070B505468F
:1004300086B03020E7F3E6F30446002859D04FF0A9
:10044000FF3303610422FF2105600A30E2F3BEF3AB
:100450000B2104F10E00E3F391F700238DE818005F
:1004600004212846264A274BFDF7A6FD0028606098
:100470003FDB284624492246FDF7BCFD002838D141
:10048000D5F8386604F114013046E1F39FF50028F1
:100490002FD1304604F11801E1F398F548BB3046FE
:1004A00004F11C01E1F392F518BB304604F1200180
:1004B000E1F38CF5E8B9154B01900093144B0490CF
:1004C0000293144B0590039328681349134A23465B
:1004D000FAF750FA68B9204641F09ADF20B1204679
:1004E000012141F0C9DF20B93223A36226236362D0
:1004F00003E02046FFF768FF0024204606B070BDE9
:1005000045638600FD6286002D628600A962860032
:1005100051658600F96286003CF28800B0CB890004
:100520004069E1F32FB54069E1F38EB58069E1F3ED
:1005300029B58069E1F388B5C069E1F323B5C069E5
:10054000E1F382B5006AE1F31DB5006AE1F37CB521
:1005500038B5044660B10568224606492868FAF7AE
:10056000AEF92046E7F35AF32B68002283F84E20B9
:1005700038BD00BF54CC890070B50368002686B032
:10058000054683F84E600C20E7F33CF30446002850
:1005900043D0234B056023498DE848002868224A50
:1005A00023460296039604960596FAF7E3F9064663
:1005B00000282ED18DE811001C2128461B4A1C4B17
:1005C000FDF7FAFC0028606023DB0C212846194A5D
:1005D000194B0096019401F035FF0028A06018DB4C
:1005E000164BD5F894068DE818000A213822144BD2
:1005F000FEF7AAFE68B9D5F894060A213822114BF5
:100600000095FFF757F920B92B68012283F84E2097
:1006100003E02046FFF79CFF0024204606B070BD93
:10062000D971860054F2880054CC8900A9718600E3
:100630007D718600917686005D7686007D778600E6
:10064000197786004977860070B5064686B008207F
:10065000E7F3D2F20446A0B10B4B002506604560DB
:100660000A498DE828003068094A23460295039517
:1006700004950595FAF77EF918B12046E7F3CEF216
:100680002C46204606B070BD4D7E860098F288004C
:10069000B0C6890010B5044650B103680549186812
:1006A0002246FAF70CF92046BDE81040E7F3B6B24F
:1006B00010BD00BFB0C6890070B5044600282AD01E
:1006C0000668224630681449D6F84451FAF7F7F81C
:1006D000224630461149FDF792FC22463046104929
:1006E000FDF799FC224628460E49FFF71CFF2246DB
:1006F00028460D49FFF71DFF224628460B49FFF704
:100700001EFF28460A492246FFF71FFF2046BDE884
:100710007040E7F383B270BD35D289005D878600F3
:100720006D978600FD848600E9868600CDAA860046
:10073000A5928600F0B5D0F8446187B005465820F0
:10074000E7F35AF20446002800F093800021582273
:10075000E2F33CF220462021494A40F8205BE2F3D4
:100760009BF201274FF0FF33E06184F84070A4F85A
:100770004C30304643492246FFF7D2FE002878D15C
:10078000304641492246FFF7D1FE002871D130465C
:100790003E492246FFF7D0FE00286AD130463C4948
:1007A0002246FFF7CFFE002863D12846394922466A
:1007B000FDF72CFC064600285BD18DE811000421D2
:1007C0002846354A354BFDF7F7FB0028206150DB02
:1007D000284639463246334600960194FDF7ECFB35
:1007E0000028606145DB042128462D4A2D4B0096E8
:1007F000019401F027FE0028A0613ADB28462A492F
:100800002246FDF7F7FB002833D1284B03EBC60245
:1008100053F8363063B1526852B131018DE814009B
:10082000D5F8940601F0F001C022FEF7ADFD00BB43
:1008300001360D2EE9D11E4B1E4A00930023019371
:10084000029203930493059328681B491B4A23468D
:10085000FAF790F868B9204646F0F6D820B120465D
:10086000012144F0C3D820B9636C43F004036364EE
:1008700003E02046FFF720FF0024204607B0F0BD2C
:10088000B15A0100FD848600E9868600CDAA860063
:10089000A59286006D978600019286008991860058
:1008A000059E8600F19D86005D878600C49E02003D
:1008B000198A860055AB8600ECF2880035D2890093
:1008C00038B50446D0B1806808B1E7F3A7F12369D1
:1008D00043B90EE0236953F8350008B1E7F39EF100
:1008E000013500E00025E3689D42F3DB2069E7F372
:1008F00095F12046BDE83840E7F390B138BD0000DF
:100900002DE9F04105461820E7F37CF10446002864
:1009100033D02B680560DB690C20DB690133584359
:10092000E7F370F1A06040B32B681820DB69DA6947
:100930005B6F6260E360E7F35FF12061E8B1124949
:1009400018220026E2F3BEF037460EE00E4BD4F834
:1009500010809B1918798000E7F354F1236948F857
:1009600006009B59083643B10137E3689F42EDDB2F
:100970006B68064ADC609A6003E02046FFF7A0FF40
:1009800000242046BDE8F0812C9F0200B9BC8600FF
:1009900010B5C468A1420BDA006900EBC1042479E8
:1009A000A24208DA50F83110002041F8223010BD80
:1009B0006FF0150010BD6FF0150010BD47F06C9B77
:1009C00010B50446FFF7FAFFE084000C84F8280015
:1009D000002010BDD0F8F03310B5044683B1D3F831
:1009E000280830B1E7F31AF1D4F8F0330022C3F845
:1009F0002828D4F8F003E7F311F10023C4F8F0330A
:100A000010BDC36B10B5044683B1836B5B6B0B2BBE
:100A100007D1D0F8E00320B1E7F300F10023C4F8D8
:100A2000E033E06BE7F3FAF00023E36310BD10B5A9
:100A300004460120E7F3E0F00346E063A8B100219B
:100A40000122E2F3C3F0A36B5B6B0B2B0CD14FF4D1
:100A50009470E7F3D1F00346C4F8E00328B1002115
:100A60004FF49472E2F3B2F00123184610BD70B552
:100A7000044640F678100D46E7F3BEF0C4F8F003E4
:100A8000002831D0002140F67812E2F39FF0B4F84C
:100A90005220D4F8F03300261A70D4F8F0332046F0
:100AA00083F8B660C3F8B060D4F8F03383F8B4606C
:100AB000A36B83F88460A36B1E679E673C23C4F816
:100AC000BC301023C4F8C030C4F8C46000F09AFFF2
:100AD000A36B022D0CBF1A6F9A6F0020DA6684F8A0
:100AE000C36284F8C26270BD6FF01A0070BD00006E
:100AF000B0F8C632F7B504460E46FBB10846E2F33D
:100B000011F107461348E2F30DF13F181037BFB259
:100B10003846E7F371F00546B8B1B4F8C632394645
:100B200000930D4A3346E2F3B7F0E06C2946E2F356
:100B3000E9F607462846E7F371F03FB9E06C314625
:100B400003B0BDE8F040E2F3DDB60746384603B037
:100B5000F0BD00BF8F9F02007A9F0200044B1B78FC
:100B6000012B02D1002000707047FFF7C1BF00BF0A
:100B7000FC0300002DE9F3471C46B0F8C6320746D7
:100B800088469146C66C002B32D00846E2F3CAF084
:100B900082462248E2F3C6F082440AF1100A1FFAA4
:100BA0008AFA5046E7F328F0054600282FD0B7F818
:100BB000C632514600931A4A4346E2F36DF0384676
:100BC0002946FFF7CBFF074668B130462946E2F3D6
:100BD0008DF640B1484506DD304629464A46E2F3E7
:100BE00079F6824600E0A2462846E7F317F08FB96F
:100BF00030464146E2F37AF658B1484509DD3046C1
:100C000041464A4602B0BDE8F047E2F363B6824689
:100C100000E0A246504602B0BDE8F0878F9F020078
:100C20007A9F020010B51446FFF798FF28B1002103
:100C30000A46BDE81040E2F301B4204610BD0000B2
:100C400038B500220D4608490446FFF7EBFFC0B255
:100C50002823A84284F8660384F8D531CCBF84F8F1
:100C6000663384F8D50138BDD69F0200012238B51D
:100C700080F860200A23826B002580F89E310323D0
:100C800080F89F3180F86F5380F8715380F8735368
:100C900080F8755380F8775380F8BA5182F88A301B
:100CA0004FF6CE73A0F8783214491422C0F874526B
:100CB0000446FFF7B7FF124984F866032A46204628
:100CC000FFF7B0FF7F2384F87B304FF0FF33A4F8A9
:100CD000983004F5F673C4F88C31642384F85830E6
:100CE0000423C4F8280384F86C50C4F8E453C4F80F
:100CF000745284F8D43184F8D63138BDD69F0200BE
:100D00005E9F02000022FFF78DBF000010B517495B
:100D10000446FFF7F7FFC0B284F8E8030138C0B219
:100D2000FD2802D9732384F8E83394F8E833204689
:100D300084F8E9330E49FFF7E5FFC0B284F8EA030F
:100D400008B10F2802D1052384F8EA3394F8E82388
:100D500094F8EA33D31A84F8EB33002384F8EC33A5
:100D600084F8EE33112384F8ED3310BD849F020024
:100D7000E79F02002DE9F04105460C4617461E4646
:100D8000FFF7ECFE38B1284621463A463346BDE827
:100D9000F041FFF7EFBE3046BDE8F0810023FFF7DA
:100DA000E9BF000070B501220D463C490446FFF73B
:100DB00039FF3B4984F8680300222046FFF732FFE1
:100DC000384984F82C0307222046FFF72BFF3649C9
:100DD00084F82D032046FFF7C1FE88B13249204632
:100DE000A66BFFF78FFF304930672046A66BFFF7F1
:100DF00089FFA36BB067022D0CBF1A6F9A6FDA667A
:100E00002A4900226FF095032046FFF7B3FF2749D8
:100E100084F83403012220466FF09503FFF7AAFF00
:100E2000022584F8350300232A4620461F49FFF790
:100E3000A1FF63190135052D83F83403F3D1002593
:100E40002A4620461A49FFF7A9FF631901350E2DDE
:100E500083F85703F4D1012384F867330622204630
:100E60001449FFF7DFFE002284F86503124920468B
:100E7000A56BFFF7D7FE114985F82C01002220460B
:100E8000FFF7D0FE002384F83E034021204684F87B
:100E90002433BDE87040FFF7D3BE00BF6E9F020051
:100EA000449F0200C89F0200A09F0200F89F02001A
:100EB000C19F0200959F0200AD9F0200699F020042
:100EC00010B5044628B10468003418BF0124E6F3C5
:100ED000A5F6204610BD10B5848B0C80018C1180C6
:100EE00040F2DA321A8090F83520029B01201A80F5
:100EF00010BD90F834007047C06A7047836B9961E9
:100F0000704738B5044600283ED0C56D013DC56523
:100F1000002D39D1FFF75EFD2046FFF772FDD4F8B2
:100F2000801229B1A36B186900F08CFDC4F88052BF
:100F3000002584F89551204646F0E4DEA26B136844
:100F4000A34202D1A36C136003E09A6CA2421DD1AC
:100F50009D64D4F8943A0BB120469847A36B186966
:100F600051F094D8D4F8E41320B141B1204647F0B1
:100F70008FD804E019B1A36B986852F0CDDC2046FD
:100F8000E6F34CF6002038BD012038BD012038BD05
:100F90002DE9F0478A46002104461546C0680A46F6
:100FA00076469946EBF3DCF6804600070CD52768B9
:100FB00057B1BB6BC7F84C901869F96A51F02CD83F
:100FC000FB6D0133FB65CEE04FF42F60E6F314F6C2
:100FD000074628B96FF01A00314648F0A3DDC5E096
:100FE00000214FF42F62E1F3F1F5FB6DC7F844A047
:100FF0000133FB652368BC63BB640123C7F84C90D5
:10100000276087F85930E26C41F26B039A4205D1B0
:10101000636C932B0CBF0123182300E01823022DCF
:10102000A7F88A3005D118F0010F1CBF4FF4005308
:10103000FB62BB6BF96A186950F0EEDF7B6CB3F8AA
:10104000E0831FFA88F808F470631B0AFB615FFAFB
:1010500088F33B62BB6BD868F8F739FCFB69A7F8EB
:10106000C602092B04D10423FB613B6A10333B62A7
:10107000012387F824304FEA18333B633846FFF7E3
:101080009FFC002875D14FF48053A7F856304DF2DD
:10109000240241F20103022D18BF1346A7F8523073
:1010A00038463749FFF75AFD38B138463449D7F842
:1010B0003880FFF727FEC8F868003846FFF7B7FC0E
:1010C000002856D038462946FFF76CFE3846FFF711
:1010D000CDFD384600F0D2FB00284AD029463846DC
:1010E000FFF7C5FC0546002843D13846FFF70EFE42
:1010F000384647F001DD3846012146F0AFDD38467D
:10110000294648F083DB4FF0FF33C7F8D432C7F8E5
:10111000D832C7F8DC32C7F8E032C7F8E432C7F893
:10112000E832C7F8EC32C7F8F032384607F11C0154
:101130001C22E1F3C7F4206950F0A8DF60B1BB6B5B
:10114000986852F035DEC7F8F80328B96FF01A0036
:10115000314648F0E7DC0CE03846002148F04CDA34
:10116000002387F8FC3907F14C03FB643846BDE8DF
:10117000F0873846FFF7C5FE0020BDE8F08700BFC6
:10118000519F020070B505464FF498707646E6F31D
:1011900033F5044628B96FF01A00314648F0C2DC36
:1011A00039E000214FF49872E1F310F52B68A36049
:1011B0006B68E360AB682361EB6863602B69636114
:1011C0002B8CA3846B8CE3846B6AA362AB6AE362AF
:1011D000EB6A23632B6B63636B6B6364AB6BA3641E
:1011E000EB6BE3642B6C23656B6C6365AB6CC4F8D1
:1011F0001C316B69A365AB69E3650F2323663D234F
:1012000063667923A3660123C4F818310323E366D8
:10121000002384F88B30204670BD00007FB50A4B58
:101220000A490093002301930293039304930593C7
:10123000074A0368F9F79EFB002814BF4FF0FF3000
:10124000002007B000BD00BF05E3860068F48800F9
:10125000B95A010001490268F9F731BBB95A0100D6
:101260000023F0B51C4607E0CE183568C718C550F6
:10127000756801347D6008339442F5D1F0BD0000FB
:1012800038B5046C0023C4F8243690F86D53094B2C
:10129000094A4FF48060002D0CBF15461D46E6F349
:1012A000ABF4C4F8240620B129468022FFF7D8FF0A
:1012B000012038BD66AD020066B1020070B5174965
:1012C0004FF0FF32046C0546FFF7ACFC1449C4F83C
:1012D000500517222846FFF7A5FC0026C4F8540540
:1012E00010496FF0250284F858652846FFF79AFCEC
:1012F0000D49A4F8480532462846FFF793FC0B49F0
:10130000A4F8040C6FF003022846FFF78BFCB4F836
:101310004835C318A4F8063C70BD00BF1DA00200EC
:1013200046A802002FA802009CAC020007AD0200F4
:1013300038B527490446FFF7E5FCC0B228288CBF22
:101340000023012384F8690384F8CA0384F86D3309
:1013500020462049FFF7D6FC082820461CD81E4905
:101360000022FFF71BFD80B20022C4F8FC001B49DD
:101370002046FFF713FD1A49C4F800012046FFF785
:10138000C1FC184905462046FFF7BCFC80B240EA84
:101390000545C4F8045113E013490022FFF7FEFC91
:1013A00080B2C4F8FC00114900222046FFF7F6FC89
:1013B0000F49C4F800012046FFF7A4FCC4F804015B
:1013C00020460C49FFF79EFC84F8080138BD00BF99
:1013D0001EA40200EFAC020014A802003DA8020007
:1013E0004CA0020038A0020090AC020035AD020013
:1013F000A1A80200C4A70200F8B5A4490022056C08
:101400000446FFF7CBFCA14985F8BC040122204625
:10141000FFF7C4FC9E4985F8BD040022072320463F
:10142000FFF7A8FC922385F8BE04994901222046C3
:10143000FFF7A0FC974985F8BF0400222046FFF77C
:10144000F1FB9549C5F8C40400222046FFF7EAFBEA
:101450000026A5F85804914985F8336420463246A1
:10146000FFF7E0FB8E49A5F80A042046FFF74AFC87
:10147000B8B1012385F833342F4642233246204643
:101480008749FFF777FCAB19C0B283F82604B5F89B
:101490000A340136C018A7F80C0402370D2EECD11F
:1014A0000DE0804942222046FFF7BCFBC2B285F81E
:1014B000082420467C49FFF7B5FBA5F806047B49C4
:1014C00000222046FFF7AEFB794985F838044FF03B
:1014D000FF322046FFF7A6FB7649A5F868054FF0D6
:1014E000FF322046FFF79EFB7349A5F86A054FF0CF
:1014F000FF322046FFF796FB7049A5F86E054FF0C6
:10150000FF322046FFF78EFB6D4985F870050022FB
:101510002046FFF787FB002684F8740032462046F9
:101520006849FFF73BFCAB1901360E2E83F806061F
:10153000F4D1A12264492046FFF774FB6349C5F842
:10154000C00546F20F622046FFF76CFB0822C5F883
:10155000C4055F492046FFF765FB5E49C5F8C8052D
:101560006FF008022046FFF75DFB5B49C5F8CC052C
:1015700040F6BB722046FFF755FB0A22C5F8D0059E
:1015800056492046FFF74EFB5549C5F8D4056FF084
:1015900044022046FFF746FB5249A5F802066FF0C9
:1015A0004A022046FFF73EFB0122A5F804064E49F9
:1015B0002046FFF737FB80B2031C18BF012300F061
:1015C000020085F84A353F2285F84B0547492046F9
:1015D000FFF728FB642285F84C0545492046FFF7B4
:1015E00021FB4449C5F85C054FF0FF322046FFF768
:1015F00019FBC5F86005013018BF012085F86405A6
:101600003D4900222046FFF70DFBC0B200F00F035A
:10161000000900F0010085F8143685F817063749EF
:10162000002226232046FFF7A5FB3449A5F818061B
:10163000012242232046FFF79DFB5023A5F81A06FE
:101640002E4902222046FFF795FB0622A5F81C062C
:101650002B492046FFF7E6FA85F81E062046FFF7DD
:1016600067FE94F86D232046002A4DD12549FFF7E7
:1016700095FB2449A4F8820301222046FFF78EFB44
:101680002049A4F87E0320464DE000BFC8AC02000C
:1016900073A8020087AC020054AC02007FA80200CD
:1016A00074AC0200B1AC0200E3AC020008A002007E
:1016B00055A00200F7AC020061A802001CA80200BD
:1016C000BAAC02004CAD020025A802008DA80200B1
:1016D000D2AC0200D9AC020014A002005FAD02003F
:1016E0002AAD020067AC0200DFA70200ADA802002D
:1016F000FAA70200E8A7020041A0020080AC0200A5
:10170000D1A7020045AD020025490022FFF746FBA4
:101710002349A4F8820301222046FFF73FFB20491A
:10172000A4F87E0320460222FFF738FB0023A4F82A
:1017300080031C4985F8333620460222FFF71AFB46
:1017400010B1012385F8333695F833362BB315499C
:1017500000222046FFF722FB1249A4F82C0A01229E
:101760002046FFF71BFB0F49A4F8280A0222204657
:10177000FFF714FB0C49A4F82A0A00222046FFF7C1
:1017800051FA0A4985F8310628222046FFF74AFA1D
:10179000002385F8320684F867330120F8BD00BFC6
:1017A0000AA80200A5AC0200DAA702005AAD0200A6
:1017B00038B50E49046C0546FFF7A4FA0C4984F8C5
:1017C00029062846FFF79EFAFF2284F82A060949CF
:1017D0002846FFF727FA084984F830062846FFF71D
:1017E00091FAC4F82C06012038BD00BF5EAC02009F
:1017F00096A802002BA0020051A8020038B50446AA
:10180000056C4FF46770E6F3F7F1C5F82006236C1A
:10181000D3F82006B0B1D4F8DC300B4A934207D09D
:101820000A4A934206D00A4A93420AD1094902E081
:10183000094900E009494FF46772E1F343F10120DF
:1018400038BD002038BD00BFC0AD3A0280BA8C015F
:1018500000F82401B8A8020082A0020028A4020017
:1018600010B504464EF00AD8236CD3F82006E6F3F0
:10187000D5F1206CBDE81040E6F3D0B170B5044658
:1018800040F60840E6F3B8F105462064002800F071
:101890008380002140F60842E1F398F10125A36B13
:1018A00084F8825084F8F050D868EBF3BDF13B4BDC
:1018B000C4F8DC00C4F8483A394B2046C4F84C3A26
:1018C000384BC4F8503A384BC4F8543A374BC4F844
:1018D000A03A374BC4F85C3A364BC4F8643A364BFE
:1018E000C4F86C3A354BC4F8703A354BC4F87C3ABE
:1018F000344BC4F8B43A344BC4F8B03A334BC4F860
:10190000C03A334BC4F8BC3A324BC4F8C43A324BF9
:10191000C4F8C83A314BC4F8CC3A314BC4F8943AC5
:10192000304BC4F8D03A304BC4F8D43A2F4BC4F8FB
:10193000D83A2F4BC4F8DC3A2E4BC4F8E03AFFF704
:101940005BFD40B32046FFF759FF20B32046FFF769
:1019500097FC00B32046FFF7B1FC236C204683F8C8
:10196000C054FFF725FF244900222046266CFFF7CC
:1019700059F9224986F8340600222046FFF752F929
:101980001F4984F890022A462046266CFFF74AF940
:1019900086F8350600E00546284670BD554B8700A1
:1019A000114A8700154A8700B95E87008D35870088
:1019B000214B8700915E8700CDEC8600296487006B
:1019C0001D4B8700895F870015F98600D5F88600D2
:1019D0004938870061498700CD218700C5F900009B
:1019E000415D0200F50A8700F90A8700F10A8700C5
:1019F000FD0A87000D0B870072A0020064A00200A0
:101A000014AD0200836B93F82C210AB1042200E08C
:101A100003221A67DA667047F8B507460C200D46B0
:101A20001646E6F3E9F0044630B100210C22E1F35A
:101A3000CDF027606660A5602046F8BD08B1E6F3EA
:101A4000EDB070478068F2F35BB4000070B50646F5
:101A500086B06C20E6F3D0F00446D0B100216C22B1
:101A6000E1F3B4F00823A3610E4B26600025009338
:101A700030680D490D4A234601950295039504955A
:101A80000595F8F777FF38B93268012382F892306C
:101A90002371204606B070BD2046E6F3BFF02C4609
:101AA000F7E700BF0D698700B00A8900665B010097
:101AB00010B5044668B10368064918682246F8F76D
:101AC000FEFE204651F048D82046BDE81040E6F31F
:101AD000A5B010BD665B010010B5044648B10549CC
:101AE00022464068F8F7EBFE2046BDE81040E6F3DA
:101AF00095B010BD5CF4890070B5064686B0102024
:101B0000E6F37AF0044630B300211022E1F35EF0F0
:101B100033682660636073680025A3600421304643
:101B20000E4A0F4B00950194FCF746FAA842E0607C
:101B30000DDB0C4B30688DE828000B490B4A23461F
:101B40000295039504950595F8F714FF18B1204602
:101B5000FFF7C2FF0024204606B070BD297487003D
:101B6000117487007D7487007C0B89005CF4890008
:101B700030B5054687B01420E6F33EF0044638B38E
:101B800000211422E1F322F06B682868A360124B55
:101B900025606060002500931049114A2346019595
:101BA0000295039504950595F8F7E4FE60B90A23BC
:101BB00023730F2363736423A3730223E373062346
:101BC00023740123637403E02046E6F327F02C46D8
:101BD000204607B030BD00BF217B8700940B8900F1
:101BE0000CE3890010B5044648B105492246406817
:101BF000F8F765FE2046BDE81040E6F30FB010BDD3
:101C00000CE3890010B5044658B1064B21461B88E9
:101C1000C3581868F8F772FF2046BDE81040E5F396
:101C2000FDB710BDD403000073B505460C20E5F3E5
:101C3000E9F70446C8B1104B04221A80022145601E
:101C4000002301900D4A28460093FCF7B5F90028BF
:101C500020600ADB01232381094B28680093214679
:101C6000084A0223F8F7D9FE18B12046FFF7CAFF49
:101C7000002420467CBD00BFD40300007D85870082
:101C8000FC0B8900A985870038B5044680B1094B53
:101C900021461B88C5582868F8F730FF2868064990
:101CA0002246F8F70CFE2046BDE83840E5F3B6B70B
:101CB00038BD00BFD6030000845B0100F0B50546C7
:101CC00087B01420E5F39EF70446002856D02F4B2A
:101CD00004221A80456000260190042128462C4ADF
:101CE0002C4B0096FCF768F9B042206046DB0123DC
:101CF000A3810C232382284B0722E2810093274BE8
:101D0000286801932649274A23460296039604969B
:101D10000596F8F72FFE002830D1234B2868009352
:101D20002146224A0523F8F778FE38BB204BD5F828
:101D300094068DE818004FF490712A221D4BFDF790
:101D400003FBD8B9D5F8940680212A221A4B0094B7
:101D5000FDF712FC90B9B5F8AA0106F023DD801B4F
:101D600018BF01200A3055F820301B68022B09D11A
:101D7000012120460A4652F0ABDD03E02046FFF782
:101D800083FF0024204607B0F0BD00BFD60300004B
:101D90005D89870049898700DD8B8700F58B870087
:101DA000340C8900845B01000C0C8900098B8700CE
:101DB000F98C8700E9898700F9888700084B10B5FE
:101DC0001B88044650B1C358064918682246F8F7E4
:101DD00076FD2046BDE81040E5F320B710BD00BFFA
:101DE000D80300008B5B010070B5054686B0142057
:101DF000E5F308F70446002844D0264B08221A8051
:101E000000238560042100930190234A2846234B38
:101E1000FCF7D2F80028206034DB0223A3810522DE
:101E20000C23E2812382D5F8940680213D221C4BAD
:101E30000094FDF7A1FB28BB1A4B029000931A4BAC
:101E4000039001930490059018492868184A234686
:101E5000F8F790FDB0B9B5F8AA0106F0A3DC2B683D
:101E600093F84F201AB1032A14BF032201222046FF
:101E7000012153F063DA204602214FF0FF3253F084
:101E80005DDA03E02046FFF799FF0024204606B004
:101E900070BD00BFD8030000319287001D928700FB
:101EA000E99187009993870001958700400C89008C
:101EB0008B5B010038B5044698B105682246284678
:101EC0000849FCF79CF821462868F8F717FE2868AF
:101ED00005492246F8F7F3FC2046BDE83840E5F313
:101EE0009DB638BD1D9E8700C9E3890030B5054603
:101EF00087B00820E5F386F6044600283ED000238C
:101F00000560042100930190204A2846204BFCF7ED
:101F100053F80028606031DB28461E492246FCF752
:101F200069F858BB1C4B01900093029003900490F9
:101F300005901A4928681A4A2346F8F71BFDE8B9A4
:101F4000184B286800932146174A0123F8F765FDCE
:101F5000A0B9164BD5F894068DE818004FF490718F
:101F60002822134BFDF7F0F940B9D5F894068021EB
:101F70002822104B0094FDF7FFFA18B12046FFF716
:101F800099FF0024204607B030BD00BFA19D870007
:101F9000619D87001D9E8700A59E87009C0C89007F
:101FA000C9E38900940C8900799E87009D9F870072
:101FB000459E8700459D870070B5064686B09C20EB
:101FC000E5F320F60446002834D006601B4B306849
:101FD000002560601A4900931A4A2346019502952C
:101FE000039504950595F8F7C5FCF8B9D6F884343F
:101FF0001E229B7822610422E2720222237722733E
:1020000001230A22E376237263616273A3764FF69B
:10201000AF72A37784F899301023A0736072A07216
:10202000228384F89A3084F8983003E02046E5F360
:10203000F5F52C46204606B070BD00BF19AE8700EE
:10204000001C890066B50200C0F88410C0F8882022
:10205000C0F88C307047000010B5044648B10549FF
:1020600022464068F8F72BFC2046BDE81040E5F317
:10207000D5B510BD66B5020038B5044600B3436B54
:1020800005680BB1E9F7C6FC04F11400DBF38AF430
:1020900004F11800DBF386F404F11000DFF382F59D
:1020A00004F12400DBF372F4224606492868F8F7AD
:1020B00006FC2046E5F3B2F52B68002283F8622186
:1020C00038BD00BF7AE689002DE9F041054686B0AB
:1020D0003820E5F397F5044600287FD005600026F8
:1020E000019004212846414A414B0096FBF764FFCA
:1020F000B042606072DB042128463E4A3E4B0096A7
:10210000019400F09FF9B042A06067DB0127E7600F
:1021100038463A493A4A6B68DFF32EF120610028CD
:102120005CD006213246D5F80480DFF36BF53449E4
:10213000034642463148DBF317F4606200284DD075
:10214000072132462069DFF35DF539460346E06139
:102150003246606ADBF3E8F239460246A061206944
:10216000DFF350F5E36939463246606ADBF3DCF2AF
:102170000221024660612069DFF344F5214B4FF0F4
:102180000308C4F82C808DE848001F4B286804938E
:102190001E4B1F4905931F4A234602960396F8F7E4
:1021A000E9FBD8B91C4BD5F894068DE81800B0218E
:1021B00042461A4BFDF746F880B9194BD5F89406FC
:1021C0008DE81800B0215D22164BFDF769F928B99A
:1021D0001423A3622B6883F8627103E02046FFF7A3
:1021E0004BFF0024204606B0BDE8F08115D28700E1
:1021F000B9060100890501004DE08700FDD0870088
:1022000005D1870099D38700945B0100190501006F
:10221000181C89007AE68900171501008F16010045
:1022200055140100C11401002DE9F043074687B0A1
:102230004FF441700E4615469846E5F3DDF404462A
:10224000002878D000214FF44172E0F3BFF4282039
:10225000E5F3D2F48146206020B92046E5F3DEF4B0
:10226000484668E000212822E0F3B0F423684FF4E8
:1022700041721C606261E5604FF0FF320025A2618F
:10228000A760C4F804809D711423A4F808322823A1
:10229000A4F806322D23A4F804326E23A4F80A32DF
:1022A000022384F80C326423A4F8383284F80D52E7
:1022B0003046224922462B46F2F33AF0C4F8F801A0
:1022C00030B304F51473C4F81832C4F814321C4B3C
:1022D0000526C4F81C6200931A4B029501931A4B11
:1022E000049503930595234638681849184AF8F76A
:1022F00041FB034660B9009038682168154AF8F739
:102300008CFB28B984F8406284F84162206812E0AE
:10231000D4F8F81119B1A3689868F1F3F1F72069BE
:1023200008B100F03FF8206808B1E5F377F42046E3
:10233000E5F374F4002007B0BDE8F08365F687008C
:10234000C5EF870049F6870039FF87006C1C8900BC
:1023500000E889006500880038B50546F0B10468DA
:10236000E4B1D4F8F81131B1A3689868F1F3C8F773
:102370000023C4F8F831A368224618680849F8F722
:102380009EFAA36821681868F8F7B8FB2846E5F3B9
:1023900045F42046BDE83840E5F340B438BD00BF01
:1023A00000E8890010B5044630B159F0B9DE204686
:1023B000BDE81040E5F332B410BD0000F7B5066883
:1023C0000546F3691F6D02373F013846E5F314F403
:1023D000044610B300213A46E0F3F8F384E86000C5
:1023E0001021002628460E4A0E4B00960194FBF75A
:1023F000E3FDB042A0610CDB04F1200363614FF404
:102400004773E360D5F8380604F11C01DFF3DEF50D
:1024100018B12046E5F302F434462046FEBD00BF65
:10242000B90888009D08880010B5044648B1C36902
:1024300013B11C30DFF3E0F52046BDE81040E5F3B2
:10244000EDB310BDF0B5D0F8244100682569C0692E
:10245000006D854211D267692E01B81901352561D9
:102460004360059BBA518360069BC360E068C31C50
:10247000591821F00301E160F0BD4FF0FF30F0BDCD
:1024800037B505461820E5F3B7F3044638B3002105
:102490001822E0F39BF32B68256063606B68284685
:1024A000A360FFF765FBE06088B15BF0AFD8002365
:1024B00001468DE8180028460A4A0B4BFFF7C2FF79
:1024C0000028206103DB51F04DD8606107E0E0682F
:1024D00008B1FFF787FB2046E5F3A0F30024204670
:1024E0003EBD00BF1D1B8800F91A880010B50446C8
:1024F00038B1C068FFF776FB2046BDE81040E5F331
:102500008DB310BD73B505461820E5F375F3044689
:10251000002838D000211822E0F358F30C20E5F30E
:102520006BF3064600282DD000210C22E0F34EF379
:102530002B686661256063602846FFF73DFDA0605B
:10254000B8B15BF09DD8002301468DE828002846ED
:102550000E4A0F4BFFF776FF0028E06009DB56F0CC
:1025600013DA0C4920610C4AA0680C4BFFF76CFD94
:1025700009E0A06808B1FFF76FFD2046E5F34EF3D0
:10258000002400E0044620467CBD00BFCD1B88002F
:10259000A91B8800C1218800B5218800A91E8800D8
:1025A00010B5044650B18068FFF756FD6069E5F349
:1025B00035F32046BDE81040E5F330B310BD000010
:1025C00070B5444B86B000930023019302930393AC
:1025D000414B04460493414B414905930068414AED
:1025E0002346F8F7C7F9054600286FD1D4F884349C
:1025F0001421A3F86410A36A012683F84C00E36A4F
:10260000204683F84C60A16A5EF0E8D8E16A204673
:102610005EF0E4D8204629465DF0EADBA36A83F841
:102620004D50E36A83F84D50236A1869E7F7F6FEC8
:10263000830707D5D4F884344FF0FF325E73D4F8A3
:102640008434DA812368D4F884545E6951F0BCD9AB
:102650000146304651F052D9E862002836D0D4F80D
:1026600084341F2283F87820D4F88404052257305C
:102670004FF0FF31E0F3AAF22368D4F88424B3F8D2
:10268000C810D3F8D80051850A2151631649E1F3E7
:1026900015F1431E0D2BD4F88454236898BF68634A
:1026A0001249D3F8D800E1F309F185F88A00D4F88B
:1026B0008434012283F85120D4F8843400201A781D
:1026C00083F84E20D4F88434586701E04FF0FF308F
:1026D00006B070BDE9398800105C0100AD1E010034
:1026E000341D89006EB5020081B5020072B502008A
:1026F000D0F8843410B5D96A044611B1406851F05D
:102700000BD9206802492246BDE81040F8F7D7B837
:102710006EB5020038B503680446D0F884542749E2
:10272000D3F8D800E1F3CAF0287023682449D3F81D
:10273000D800D4F88454E1F3C1F0E870D4F88434BC
:102740001A78013AD2B2FD2A01D901221A70D4F8BE
:1027500084341A785A700023D4F88424D11812785B
:102760000133052B81F85220F6D1D4F8845401218D
:102770002846E0F38BF4A870D4F88434DA78013A70
:10278000D2B2FD2A01D90122DA70D4F884340121B1
:10279000DA785A71D4F88454E81CE0F377F428719D
:1027A000D4F8843420461A799A715DF053DAB4F87B
:1027B00058142046BDE838405DF0A49A8EB502005A
:1027C00096B5020010B50446D8B140680D492246BE
:1027D000FBF72BFC236A1BB104F12000DFF30CF4A0
:1027E000237F23B1606808492246FBF708FCA068F4
:1027F00006492246F8F763F82046BDE81040E5F3A5
:102800000DB210BDD1568800515488007E5C010085
:1028100030B5054687B02420E5F3EEF104460028E4
:102820003ED000212422E0F3D1F12B680022A360E6
:10283000AB686560E3606B68042123610823A382B1
:102840002846194B8DE81400FBF7B6FB00282060E2
:1028500022DB284615492246FBF7CCFBE0B90123D1
:102860002377284612492246FBF7DAFBA0B9D5F8B0
:10287000380604F12001DFF3A9F368B90D4B01908C
:10288000009302900390049005900B4928680B4A2E
:102890002346F8F76FF818B12046FFF793FF00249E
:1028A000204607B030BD00BFC9548800515488008D
:1028B000D1568800555588001C1F89007E5C010098
:1028C000D0F8D036186ADFF35DB3D0F8D036186A86
:1028D000DFF3BAB3F8B5D0F8846404460D46D1F8F6
:1028E000D800C149E0F3EAF786F81C01D5F8D80012
:1028F000BE49E1F307F0D4F8846438B1D5F8D800C4
:10290000BA49E0F3DBF786F8E80002E0022386F834
:10291000E830D5F8D800B649E0F3F4F7D4F8846489
:1029200038B1D5F8D800B249E0F3C8F786F85801B5
:1029300002E0FF2386F85831AE49D5F8D800D4F824
:102940008464E0F3BBF7AC49C6F82001D5F8D800A1
:10295000D4F88464E0F3B2F7A849A6F82A01D5F8C0
:10296000D800D4F88464E0F3A9F7A549A6F82C01AF
:10297000D5F8D800D4F88464E0F3A0F7A149A6F80C
:102980002E01D5F8D800D4F88464E0F397F786F8E0
:10299000E900D4F8843493F8E92012B9022283F8CC
:1029A000E920D5F8D8009849D4F88464E0F386F794
:1029B000A6F8C600D4F88464B6F9C63013B901236A
:1029C000A6F8C630D5F8D8009049E0F377F7C6F8F6
:1029D000D800D4F88464D6F8D8301BB94CF2503300
:1029E000C6F8D83096F8E93001229A40D6F8D810C7
:1029F000D5F8D8008A4288BFC6F8D820022212FA39
:102A000003F38349C6F8DC30E0F358F7C6F8E40076
:102A1000D4F88464D6F8E4301BB94FF49673C6F842
:102A2000E430D5F8D8007B49E0F348F7A6F8C400B5
:102A3000D4F88464B6F9C43013B91923A6F8C430A5
:102A4000D5F8D8007449E0F339F786F86C01D4F86A
:102A5000843493F86C2112B9052283F86C216F49F4
:102A6000D5F8D800D4F88464E0F328F7D4F8843497
:102A7000A6F8F00093F81C21694983F81D21D4F8C9
:102A8000843493F81D2183F84821D4F88434DA790A
:102A900083F8AC20D4F884341A7A83F84521D4F82A
:102AA00084644FF6A273A6F8EA30A6F8EC30A6F8D4
:102AB000EE30D5F8D800E0F301F7A6F8F200D4F82C
:102AC0008464B6F9F2301BB94FF6A273A6F8F2305F
:102AD00096F8E930012212FA03F3D6F8D8205149CA
:102AE000934288BFC6F8D8300023A6F8B230A6F8C3
:102AF000B430A6F8B630C6F8B830C6F8BC30C6F860
:102B0000C030D5F8D8001F46E0F3D8F686F8440167
:102B10004549D5F8D800D4F88464E0F3CFF686F8B8
:102B20004B01D5F8D8004149D4F88464E0F3C6F6E7
:102B3000D4F88434C6F8240183F82971D4F8843495
:102B4000D3F824211AB94FF49B72C3F8242193F8C7
:102B50001D2102B10322C3F84C21C3F850210022E9
:102B6000C3F85421D5F8D8003149E0F3CBF640B191
:102B7000D5F8D8002E49D4F88464E0F39FF6C6F85F
:102B80005401D5F8D8002B49E0F3BCF640B1D5F894
:102B9000D8002849D4F88464E0F390F6C6F84C01D4
:102BA000D5F8D8002449E0F3ADF640B1D5F8D80007
:102BB0002149D4F88464E0F381F6C6F850011F4936
:102BC00022460023A068D4F88454F1F3B1F31C49E1
:102BD000C5F830012246A0680023D4F88454F1F3EC
:102BE000A7F3C5F83401F8BD2CB60200A4B6020064
:102BF00074B6020057B60200CBB50200EEB5020073
:102C000000B6020096B602009EB5020067B602004A
:102C10001FB60200BEB50200CDB60200DDB502004F
:102C200081B6020012B60200AEB50200BFB60200C5
:102C300045B6020035B60200AFB602003F330100D0
:102C4000AD33010038B5044680B105682246D5F899
:102C500044010749FDF779FC284606492246FBF75F
:102C6000CEF92046BDE83840E4F3D8B738BD00BF00
:102C70001D708800B16E880037B505460820E4F362
:102C8000C1F70446C0B10560002201900421284626
:102C90000C4B0092FBF790F9002860600CDB284693
:102CA00009492246FBF7A6F930B9D5F8440107498E
:102CB0002246FDF747FC18B12046FFF7C3FF00246A
:102CC00020463EBD596F8800B16E88001D70880097
:102CD00038B5044670B1056821462868F7F70EFF3D
:102CE000286805492246F7F7EAFD2046BDE8384046
:102CF000E4F394B738BD00BF845C010030B50546ED
:102D000087B00C20E4F37EF70446002846D0274B1A
:102D100005604FF49071009301902022D5F894063D
:102D2000234BFCF711FB002838D1224BD5F8940631
:102D30008DE818004FF4907123221F4BFCF704FB21
:102D400000282BD11D4BD5F894068DE818004021A2
:102D500088221B4BFCF718FB00BBD5F8940680219A
:102D60002022184B0094FCF707FCB8B9164B0290D0
:102D70000093164B03900193049005901449286822
:102D8000144A2346F7F7F6FD40B9134B2868009321
:102D90002146124A0123F7F740FE18B12046FFF7FB
:102DA00097FF0024204607B030BD00BF2176880081
:102DB000E9738800557688000D748800C175880015
:102DC000D5738800BD7388005D748800BD75880068
:102DD000781F8900845C0100701F890031748800AD
:102DE00010B5044660B1074B07491B882246C358FB
:102DF0001868F7F764FD2046BDE81040E4F30EB70D
:102E000010BD00BFDA030000885C0100F0B5074682
:102E100087B01420E4F3F6F6054620B3154B0646BA
:102E20000024042206F8044B1A8001234760337201
:102E3000F4607472042101900F4A38460F4B0094DD
:102E4000FFF700FBA04270600DDB0D4B0094019377
:102E5000029403940494059438682146094A2B4649
:102E6000F7F788FD18B12846FFF7BAFF0025284676
:102E700007B0F0BDDA030000D9778800B977880081
:102E800029788800885C010070B5054686B0182056
:102E9000E4F3B8F6044600285AD02B680026012235
:102EA00043600560082183F8AD2001903246284632
:102EB00033460096FFF7C6FAB04220614BDB102183
:102EC0002846274A274B00960194FBF775F8B04235
:102ED000C5F898013FDB0423E360234BA060052184
:102EE0008DE81800D5F894064422204BFCF72CFA04
:102EF000002830D11E4BD5F894068DE818004FF409
:102F0000907144221B4BFCF71FFA002823D1D5F8FF
:102F1000940605214422184B0094FCF7CBFCD0B951
:102F2000D5F89406C0214422144B0094FCF7C2FC4F
:102F300088B9134B01900093124B039002930490B5
:102F4000059011492868114A2346F7F713FD10B977
:102F5000204606B070BD2046E4F360F60024F7E793
:102F6000798188005D818800DD8088003580880057
:102F70003581880005818800558088003D8588005E
:102F8000C5828800CD858800E01F89008C5C010027
:102F900010B5044648B1054922464068F7F78FFC52
:102FA0002046BDE81040E4F339B610BD8C5C01004A
:102FB00070B5054686B03020E4F31EF604460028BE
:102FC00031D000213022DFF301F61A4B2560009347
:102FD00000230193029303930493059328681649F1
:102FE000164A2346F7F7C6FC0646E0B9FF23A37549
:102FF0000123E3752B681249D3F8D800E0F382F47B
:1030000020B131463246E0F319F2A0752B680D4924
:10301000D3F8D800E0F376F448B100210A46E0F393
:103020000DF2E07503E0284661F094DD00242046AF
:1030300006B070BDA98C88001C20890056FB890051
:10304000E3B60200EDB6020038B50446002820D0F1
:1030500061F0D4DDA36A73B1204661F099DA0AE029
:103060002B6868686360E4F3D9F52846E4F3D6F585
:10307000237D013B23756568002DF1D12368054947
:1030800018682246F7F71BFC2068BDE8384061F05D
:10309000619D38BD56FB8900776C635F626D61632B
:1030A0005F696E666F5F696E697400000000000002
:1030B0000000000000000000000000000000000010
:1030C0000000000000000000000000000000000000
:1030D00000000000000000000000000000000000F0
:1030E00000000000000000000000000000000000E0
:1030F00000000000000000000000000000000000D0
:1031000000000000000000000000000000000000BF
:1031100000000000000000000000000000000000AF
:10312000000000000000000000000000000000009F
:10313000000000000000000000000000000000008F
:10314000000000000000000000000000000000007F
:10315000000000000000000000000000000000006F
:10316000000000000000000000000000000000005F
:10317000000000000000000000000000000000004F
:10318000000000000000000000000000000000003F
:10319000000000000000000000000000000000002F
:1031A000000000000000000000000000000000001F
:1031B000000000000000000000000000000000000F
:1031C00000000000000000000000000000000000FF
:1031D00000000000000000000000000000000000EF
:1031E00000000000000000000000000000000000DF
:1031F00000000000000000000000000000000000CF
:1032000000000000000000000000000000000000BE
:1032100000000000000000000000000000000000AE
:10322000000000000000000000000000000000009E
:10323000000000000000000000000000000000008E
:10324000000000000000000000000000000000007E
:10325000000000000000000000000000000000006E
:10326000000000000000000000000000000000005E
:10327000000000000000000000000000000000004E
:10328000000000000000000000000000000000003E
:10329000000000000000000000000000000000002E
:1032A000000000000000000000000000000000001E
:1032B000000000000000000000000000000000000E
:1032C00000000000000000000000000000000000FE
:1032D00000000000000000000000000000000000EE
:1032E00000000000000000000000000000000000DE
:1032F00000000000000000000000000000000000CE
:1033000000000000000000000000000000000000BD
:1033100000000000000000000000000000000000AD
:10332000000000000000000000000000000000009D
:10333000000000000000000000000000000000008D
:10334000000000000000000000000000000000007D
:10335000000000000000000000000000000000006D
:10336000000000000000000000000000000000005D
:10337000000000000000000000000000000000004D
:10338000000000000000000000000000000000003D
:10339000000000000000000000000000000000002D
:1033A000000000000000000000000000000000001D
:1033B000000000000000000000000000000000000D
:1033C00000000000000000000000000000000000FD
:1033D00000000000000000000000000000000000ED
:1033E00000000000000000000000000000000000DD
:1033F00000000000000000000000000000000000CD
:1034000000000000000000000000000000000000BC
:1034100000000000000000000000000000000000AC
:10342000000000000000000000000000000000009C
:10343000000000000000000000000000000000008C
:10344000000000000000000000000000000000007C
:10345000000000000000000000000000000000006C
:10346000000000000000000000000000000000005C
:10347000000000000000000000000000000000004C
:10348000000000000000000000000000000000003C
:10349000000000000000000000000000000000002C
:1034A000000000000000000000000000000000001C
:1034B000000000000000000000000000000000000C
:1034C00000000000000000000000000000000000FC
:1034D00000000000000000000000000000000000EC
:1034E00000000000000000000000000000000000DC
:1034F00000000000000000000000000000000000CC
:1035000000000000000000000000000000000000BB
:1035100000000000000000000000000000000000AB
:10352000000000000000000000000000000000009B
:10353000000000000000000000000000000000008B
:10354000000000000000000000000000000000007B
:10355000000000000000000000000000000000006B
:10356000000000000000000000000000000000005B
:10357000000000000000000000000000000000004B
:10358000000000000000000000000000000000003B
:10359000000000000000000000000000000000002B
:1035A000000000000000000000000000000000001B
:1035B000000000000000000000000000000000000B
:1035C00000000000000000000000000000000000FB
:1035D00000000000000000000000000000000000EB
:1035E00000000000000000000000000000000000DB
:1035F00000000000000000000000000000000000CB
:1036000000000000000000000000000000000000BA
:1036100000000000000000000000000000000000AA
:10362000000000000000000000000000000000009A
:10363000000000000000000000000000000000008A
:10364000000000000000000000000000000000007A
:10365000000000000000000000000000000000006A
:10366000000000000000000000000000000000005A
:10367000000000000000000000000000000000004A
:10368000000000000000000000000000000000003A
:10369000000000000000000000000000000000002A
:1036A000000000000000000000000000000000001A
:1036B000000000000000000000000000000000000A
:1036C00000000000000000000000000000000000FA
:1036D00000000000000000000000000000000000EA
:1036E00000000000000000000000000000000000DA
:1036F00000000000000000000000000000000000CA
:1037000000000000000000000000000000000000B9
:1037100000000000000000000000000000000000A9
:103720000000000000000000000000000000000099
:103730000000000000000000000000000000000089
:103740000000000000000000000000000000000079
:103750000000000000000000000000000000000069
:103760000000000000000000000000000000000059
:103770000000000000000000000000000000000049
:103780000000000000000000000000000000000039
:103790000000000000000000000000000000000029
:1037A0000000000000000000000000000000000019
:1037B0000000000000000000000000000000000009
:1037C00000000000000000000000000000000000F9
:1037D00000000000000000000000000000000000E9
:1037E00000000000000000000000000000000000D9
:1037F00000000000000000000000000000000000C9
:1038000000000000000000000000000000000000B8
:1038100000000000000000000000000000000000A8
:103820000000000000000000000000000000000098
:103830000000000000000000000000000000000088
:103840000000000000000000000000000000000078
:103850000000000000000000000000000000000068
:103860000000000000000000000000000000000058
:103870000000000000000000000000000000000048
:103880000000000000000000000000000000000038
:103890000000000000000000000000000000000028
:1038A0000000000000000000000000000000000018
:1038B0000000000000000000000000000000000008
:1038C00000000000000000000000000000000000F8
:1038D00000000000000000000000000000000000E8
:1038E00000000000000000000000000000000000D8
:1038F00000000000000000000000000000000000C8
:1039000000000000000000000000000000000000B7
:1039100000000000000000000000000000000000A7
:103920000000000000000000000000000000000097
:103930000000000000000000000000000000000087
:103940000000000000000000000000000000000077
:103950000000000000000000000000000000000067
:103960000000000000000000000000000000000057
:103970000000000000000000000000000000000047
:103980000000000000000000000000000000000037
:103990000000000000000000000000000000000027
:1039A0000000000000000000000000000000000017
:1039B0000000000000000000000000000000000007
:1039C00000000000000000000000000000000000F7
:1039D00000000000000000000000000000000000E7
:1039E00000000000000000000000000000000000D7
:1039F00000000000000000000000000000000000C7
:103A000000000000000000000000000000000000B6
:103A100000000000000000000000000000000000A6
:103A20000000000000000000000000000000000096
:103A30000000000000000000000000000000000086
:103A40000000000000000000000000000000000076
:103A50000000000000000000000000000000000066
:103A60000000000000000000000000000000000056
:103A70000000000000000000000000000000000046
:103A80000000000000000000000000000000000036
:103A90000000000000000000000000000000000026
:103AA0000000000000000000000000000000000016
:103AB0000000000000000000000000000000000006
:103AC00000000000000000000000000000000000F6
:103AD00000000000000000000000000000000000E6
:103AE00000000000000000000000000000000000D6
:103AF00000000000000000000000000000000000C6
:103B000000000000000000000000000000000000B5
:103B100000000000000000000000000000000000A5
:103B20000000000000000000000000000000000095
:103B30000000000000000000000000000000000085
:103B40000000000000000000000000000000000075
:103B50000000000000000000000000000000000065
:103B60000000000000000000000000000000000055
:103B70000000000000000000000000000000000045
:103B80000000000000000000000000000000000035
:103B90000000000000000000000000000000000025
:103BA0000000000000000000000000000000000015
:103BB0000000000000000000000000000000000005
:103BC00000000000000000000000000000000000F5
:103BD00000000000000000000000000000000000E5
:103BE00000000000000000000000000000000000D5
:103BF00000000000000000000000000000000000C5
:103C000000000000000000000000000000000000B4
:103C100000000000000000000000000000000000A4
:103C20000000000000000000000000000000000094
:103C30000000000000000000000000000000000084
:103C40000000000000000000000000000000000074
:103C50000000000000000000000000000000000064
:103C60000000000000000000000000000000000054
:103C70000000000000000000000000000000000044
:103C80000000000000000000000000000000000034
:103C90000000000000000000000000000000000024
:103CA0000000000000000000000000000000000014
:103CB0000000000000000000000000000000000004
:103CC00000000000000000000000000000000000F4
:103CD00000000000000000000000000000000000E4
:103CE00000000000000000000000000000000000D4
:103CF00000000000000000000000000000000000C4
:103D000000000000000000000000000000000000B3
:103D100000000000000000000000000000000000A3
:103D20000000000000000000000000000000000093
:103D30000000000000000000000000000000000083
:103D40000000000000000000000000000000000073
:103D50000000000000000000000000000000000063
:103D60000000000000000000000000000000000053
:103D70000000000000000000000000000000000043
:103D80000000000000000000000000000000000033
:103D90000000000000000000000000000000000023
:103DA0000000000000000000000000000000000013
:103DB0000000000000000000000000000000000003
:103DC00000000000000000000000000000000000F3
:103DD00000000000000000000000000000000000E3
:103DE00000000000000000000000000000000000D3
:103DF00000000000000000000000000000000000C3
:103E000000000000000000000000000000000000B2
:103E100000000000000000000000000000000000A2
:103E20000000000000000000000000000000000092
:103E30000000000000000000000000000000000082
:103E40000000000000000000000000000000000072
:103E50000000000000000000000000000000000062
:103E60000000000000000000000000000000000052
:103E70000000000000000000000000000000000042
:103E80000000000000000000000000000000000032
:103E90000000000000000000000000000000000022
:103EA0000000000000000000000000000000000012
:103EB0000000000000000000000000000000000002
:103EC00000000000000000000000000000000000F2
:103ED00000000000000000000000000000000000E2
:103EE00000000000000000000000000000000000D2
:103EF00000000000000000000000000000000000C2
:103F000000000000000000000000000000000000B1
:103F100000000000000000000000000000000000A1
:103F20000000000000000000000000000000000091
:103F30000000000000000000000000000000000081
:103F40000000000000000000000000000000000071
:103F50000000000000000000000000000000000061
:103F60000000000000000000000000000000000051
:103F70000000000000000000000000000000000041
:103F80000000000000000000000000000000000031
:103F90000000000000000000000000000000000021
:103FA0000000000000000000000000000000000011
:103FB0000000000000000000000000000000000001
:103FC00000000000000000000000000000000000F1
:103FD00000000000000000000000000000000000E1
:103FE00000000000000000000000000000000000D1
:103FF00000000000000000000000000000000000C1
:1040000000000000000000000000000000000000B0
:1040100000000000000000000000000000000000A0
:104020000000000000000000000000000000000090
:104030000000000000000000000000000000000080
:104040000000000000000000000000000000000070
:104050000000000000000000000000000000000060
:104060000000000000000000000000000000000050
:104070000000000000000000000000000000000040
:104080000000000000000000000000000000000030
:104090000000000000000000000000000000000020
:1040A0000000000000000000000000006465616482
:1040B0006D616E5F746F0072616D737462796469B3
:1040C0007300646561646D616E5F746F0073706925
:1040D0005F70755F656E6162005344494F44455699
:1040E000006773706964776F72640050434D434991
:1040F000414445560073645F6F6F626F6E6C790068
:1041000073645F67706F757400475350492044773C
:104110006F7264204D6F646520656E61626C6564CA
:104120000A0073645F677064630073645F6770762E
:10413000616C0025733A2042726F6164636F6D2079
:10414000534450434D442043444320647269766590
:10415000720A00736470636D646364632564005362
:1041600044494F000A525445202825732D257325B4
:1041700073257329202573206F6E2042434D2573CC
:104180002072256420402025642E25642F25642E6E
:1041900025642F25642E25644D487A0A0000434487
:1041A00043006E6F637263006E6F7469665F6300D5
:1041B0006E6F7469665F73006F66646D3267706FEF
:1041C0003D30782578007061256467772564612526
:1041D000643D3078257800706131686962303D2532
:1041E0006400706131686962313D2564007061313D
:1041F000686962323D2564006761696E6374726C40
:104200007370683D2564007061316D6178707772FC
:104210003D2564006D656173706F77657225643D3F
:10422000307825780072786761696E732564672538
:10423000637472656C6E616279706125643D25649A
:1042400000706132676125643D307825782C3078C4
:1042500025782C307825780072737369736D633517
:10426000673D256400757362666C6167733D3078E5
:104270002578007061326763636B6125643D307837
:1042800025782C307825782C307825780070646576
:104290007472616E676532673D307825780075739A
:1042A000623330753175323D307825780073756230
:1042B00076656E6469643D307825780061672564B1
:1042C0003D30782578006F656D3D2530327825309A
:1042D00032782530327825303278253032782530E2
:1042E00032782530327825303278006F66646D7010
:1042F0006F3D307825780074656D706F6666736504
:10430000743D2564006D656173706F7765723D3033
:104310007825780072737369736D6632673D256422
:10432000007061706172616D62777665723D2564BF
:1043300000646F74313161676F66646D68726277B3
:1043400032303267706F3D3078257800697474328E
:104350006761303D307825780062786132673D25AD
:10436000640072737369736D6332673D2564007016
:10437000613567627734306125643D307825782C6B
:10438000307825782C307825782C307825782C30AA
:104390007825782C307825782C307825782C307852
:1043A00025782C307825782C307825782C30782595
:1043B000782C30782578006D6373627732303567FA
:1043C0006C706F3D307825780000006D6373627704
:1043D0003230756C35676C706F3D30782578006DC4
:1043E00063736277343035676C706F3D3078257851
:1043F00000000075736275746D695F63746C3D30A5
:104400007825780065787470616761696E32673D00
:104410003078257800616E74737763746C32673D11
:10442000307825780070726F647563746E616D65A5
:104430003D25730074785F647574795F6379636C8C
:10444000655F7468726573685F25645F35673D25D5
:10445000640072786761696E6572723267612564A3
:104460003D3078257800616730006D617870326783
:104470006125643D30782578006277647570706FCF
:104480003D30782578006E6F6973656C766C3567A2
:104490006125643D25642C25642C25642C2564004D
:1044A00062773430706F3D30782578007061356701
:1044B000627738306125643D307825782C30782556
:1044C000782C307825782C307825782C3078257821
:1044D0002C307825782C307825782C307825782C5D
:1044E000307825782C307825782C307825782C3049
:1044F000782578007573623330753175323D3078C8
:104500002578007064657472616E676535673D304B
:10451000782578006D6163616464723D2573007471
:10452000656D70735F687973746572657369733DE7
:104530002564006D6373256467706F25643D307872
:10454000257800626F617264666C616773323D301A
:1045500078257800626F617264666C616773333DC1
:1045600030782578006C6564626825643D30782574
:10457000780072786761696E732564672563747269
:1045800069736F6125643D256400616132673D3068
:104590007825780070726F6469643D307825780002
:1045A00074656D707468726573683D256400636836
:1045B00069707265763D2564006C65676F66646D31
:1045C0006277323035676C706F3D30782578000047
:1045D000006C65676F66646D62773230756C356745
:1045E0006C706F3D30782578006C65676F66646D20
:1045F0006277323035676D706F3D30782578000016
:10460000006C65676F66646D62773230756C356714
:104610006D706F3D30782578006C65676F66646DEE
:1046200062773230356768706F3D307825780000EA
:10463000006C65676F66646D62773230756C3567E4
:1046400068706F3D307825780075736266733D251C
:10465000640074656D70735F706572696F643D2589
:10466000640073623430616E64383025637235677C
:104670002563706F3D307825780063633D256400C5
:104680002004D002A6A9FFFF646F74313161676412
:104690007570256372706F3D3078257800616761B1
:1046A00025643D3078257800747269736F35673DF5
:1046B000307825780074656D7073656E73655F730F
:1046C0006C6F70653D2564006D617870356761259C
:1046D000643D307825782C307825782C3078257812
:1046E0002C30782578007061316974737369743D7A
:1046F00025640070613062303D2564007061306275
:10470000313D25640070613062323D256400706186
:1047100035676125643D307825782C307825782CF4
:10472000307825782C307825782C307825782C3006
:104730007825782C307825782C307825782C3078AE
:1047400025782C307825782C307825782C307825F1
:1047500078006D63736277383035672563706F3D1D
:10476000307825780073756262616E6435677665AE
:10477000723D2564007273736973617635673D25F8
:1047800064006D6373627732303267706F3D3078EA
:1047900025780000006D637362773230756C326784
:1047A000706F3D30782578006D63736277343032F6
:1047B00067706F3D3078257800000072656772651C
:1047C000763D30782578006363746C3D30782578C9
:1047D000006E6F6973656C766C32676125643D2588
:1047E0006400757362333072656773303D307825CD
:1047F000782C307825782C307825782C30782578EE
:104800002C307825782C307825782C307825782C29
:10481000307825782C307825782C307825780075FC
:104820007362333072656773313D307825782C3090
:104830007825782C307825782C307825782C3078AD
:1048400025782C307825782C307825782C307825F0
:10485000782C307825782C307825780063636B705D
:104860006F3D307825780074726935673D256400A6
:1048700063636B64696766696C74747970653D2500
:10488000640076656E6469643D30782578006665FD
:104890006D6374726C3D25640075736233307265AC
:1048A000677325643D307825782C307825782C3056
:1048B0007825782C307825780070646F666673658B
:1048C00074326725646D6125643D30782578007504
:1048D000736265706E756D3D30782578007061315A
:1048E00068696D61787077723D25640072786368DD
:1048F00061696E3D3078257800626F617264666C24
:104900006167733D307825780070613162303D25F4
:10491000640070613162313D256400706131623242
:104920003D2564007478636861696E3D3078257850
:104930000072786761696E732564672563656C6EC4
:10494000616761696E6125643D2564006770646E0E
:104950003D30782578007061306D61787077723DF8
:1049600025640062786135673D2564006167626790
:1049700025643D30782578007573627373706879AB
:104980005F736C656570303D3078257800757362B3
:1049900073737068795F736C656570313D3078252D
:1049A000780075736273737068795F736C65657096
:1049B000323D307825780075736273737068795F63
:1049C000736C656570333D30782578006C65646480
:1049D000633D307825303478006D63733332706F07
:1049E0003D30782578007273736973617632673D64
:1049F0002564006F706F3D256400697474326761CF
:104A0000313D30782578007278706F35673D2564C8
:104A10000065787470616761696E35673D3078252F
:104A200078006F66646D356768706F3D3078257803
:104A30000074776F72616E6765747373692564675C
:104A40003D25640073623230696E343025637270C4
:104A50006F3D30782578006D616E6669643D307811
:104A6000257800656C6E6132673D3078257800727C
:104A70007063616C32673D3078257800000000007B
:104A8000000000727063616C356762303D307825DC
:104A900078000000000000727063616C356762315D
:104AA0003D30782578000000000000727063616C72
:104AB000356762323D3078257800000000000072D2
:104AC0007063616C356762333D3078257800000093
:104AD00000000070613062305F6C6F3D25640070D3
:104AE000613062315F6C6F3D25640070613062320D
:104AF0005F6C6F3D25640073623230696E383061DF
:104B00006E6431363025637235672563706F3D30D2
:104B100078257800636464706F3D30782578006292
:104B20006F617264747970653D3078257800616ECC
:104B3000747377697463683D3078257800626F61BB
:104B400072646E756D3D25640072646C69643D30FD
:104B5000782578007874616C667265713D25640013
:104B60006D61787035676861303D30782578007206
:104B7000786761696E73256467656C6E61676169EA
:104B80006E6125643D25640075736273736D64699D
:104B90006F25643D307825782C307825782C307856
:104BA00025782C30782578007375626465766964A1
:104BB0003D30782578007061316C6F62303D25643E
:104BC000007061316C6F62313D2564007061316C41
:104BD0006F62323D25640073746263706F3D30789C
:104BE00025780072786761696E6572723567612534
:104BF000643D307825782C307825782C30782578ED
:104C00002C30782578007061316C6F6D6178707729
:104C1000723D25640070646F666673657425646D0B
:104C20006125643D307825780074656D70636F721E
:104C300072783D2564006F66646D3567706F3D3036
:104C4000782578007573626E6F73733D30782578C0
:104C500000616135673D3078257800637573746F46
:104C60006D76617225643D307825780074785F64D4
:104C70007574795F6379636C655F6F66646D5F25DA
:104C8000645F35673D256400757569643D25730073
:104C9000757362646573635F636F6D706F7369745E
:104CA000653D307825780074656D7073656E736549
:104CB0005F6F7074696F6E3D25640070617064632E
:104CC00061702564673D2564006C65676F66646D7F
:104CD000627732303267706F3D307825780000009F
:104CE0006C65676F66646D62773230756C326770C1
:104CF0006F3D307825780070646761696E25646760
:104D00003D2564006D617870356761303D307825F0
:104D100078006D617870356761313D3078257800B5
:104D20006D63732564672563706F25643D30782556
:104D3000780070687963616C5F74656D7064656C30
:104D400074613D256400706125646725637725647F
:104D50006125643D307825780063636F64653D307C
:104D600078300072656777696E646F77737A3D2576
:104D700064006F66646D6C72627732303267706F98
:104D80003D3078257800776F776C5F6770696F705A
:104D90006F6C3D256400616E74737763746C356766
:104DA0003D307825780063636B3267706F3D3078F3
:104DB00025780074726932673D25640063636B6215
:104DC0007732303267706F3D3078257800000063AD
:104DD000636B62773230756C3267706F3D30782567
:104DE0007800697474356761303D307825780069E2
:104DF0007474356761313D30782578006D63736C6C
:104E00007235672563706F3D307825780070646F68
:104E10006666736574326725646D76616C69643D9E
:104E2000307825780072786761696E7325646774DD
:104E300072656C6E616279706125643D2564006203
:104E40006F6172647265763D3078257800726177A3
:104E500074656D7073656E73653D30782578007587
:104E6000736273737068795F75746D695F63746C76
:104E7000303D307825780075736273737068795FA0
:104E800075746D695F63746C313D30782578007599
:104E9000736273737068795F75746D695F63746C46
:104EA000323D307825780000000000006F66646DA8
:104EB00035676C706F3D30782578007061306974AB
:104EC000737369743D25640074737369706F73350F
:104ED000673D30782578007278706F32673D2564C1
:104EE0000074737369706F73736C6F70652564679A
:104EF0003D2564007472693567683D2564006D6105
:104F00006E663D25730074726935676C3D256400DB
:104F10006D637362773230356768706F3D30782526
:104F2000780000006D637362773230756C356768A6
:104F3000706F3D30782578006D637362773430355B
:104F40006768706F3D3078257800000073726F6D70
:104F50007265763D2564006C65676F66646D3430FC
:104F6000647570706F3D30782578006D61787035AC
:104F7000676861313D307825780064657669643D05
:104F8000307825780072786761696E73256467747C
:104F90007269736F6125643D2564006D61787035B9
:104FA000676C61303D30782578006D6178703567C9
:104FB0006C61313D30782578006570616761696E9C
:104FC0002564673D2564007770736770696F3D25C0
:104FD0006400776F776C5F6770696F3D256400725E
:104FE000737369736D6635673D2564007472697308
:104FF0006F32673D307825780074737369706F7312
:1050000032673D30782578007770736C65643D2594
:105010006400656C6E6135673D307825780070619D
:1050200035676277343038306125643D30782578D3
:105030002C307825782C307825782C307825782CF1
:10504000307825782C307825782C307825782C30DD
:105050007825782C307825782C307825782C307885
:1050600025782C30782578006D637362773230357F
:10507000676D706F3D307825780000006D63736256
:10508000773230756C35676D706F3D3078257800FC
:105090006D63736277343035676D706F3D3078259E
:1050A0007800000063636F64653D25632563006DD0
:1050B0006373627731363035672563706F3D3078C2
:1050C000257800496E76616C69642F556E73757032
:1050D000706F72746564207874616C2076616C7591
:1050E0006520256400726D696E00636C646F5F6299
:1050F0007572737400706C6C2564006C6E6C646FF8
:105100003100722564640072256474007874616CE7
:1051100066726571000000000C00000002001600BD
:105120000200000004000D000700000001000A005A
:105130000800000004000D000A00000004000D003B
:105140000D0000000100070017000000040004002B
:105150001B000000040001001C000000010007000B
:105160000000000002000200010000000100010038
:105170000300000002000200040000000100010022
:105180000500000001000100060000000100010010
:1051900009000000010005000B00000001000100F3
:1051A0000C000000020030000E00000001000100B1
:1051B0000F000000010001001000000001000100CC
:1051C00011000000010001001200000003000300B4
:1051D00013000000010001001400000001000100A4
:1051E0001500000001000100160000000100010090
:1051F0001800000002001300190000000200130054
:105200001A000000020013001D0000000100010050
:105210001E000000010001000C0000000200300030
:10522000726D61780000004B00079065000C1892C9
:10523000000F6C706C646F31000000000100000012
:10524000000000000000000000000000020000005C
:105250000000000001000000000000000400000049
:105260000000000003000000000000000800000033
:10527000000000000000000000000000100000001E
:1052800000000000070000000000000020000000F7
:105290000000000057110000000000004000000066
:1052A0000000000017010000000000008000000066
:1052B0000000000057010000000000000001000095
:1052C00000000000030000000000000000020000D9
:1052D00000000000000000000000000000040000CA
:1052E00000000000030000000000000000080000B3
:1052F0000000000007040000000000000010000093
:105300000000000057010000000000000020000025
:1053100000000000D7150000000000000040000061
:1053200000000000F7BDC20E000000000080000079
:1053300000000000F73DC20E000000000000010068
:10534000000000000000000000000000000002005B
:1053500000000000F73DC00E000000000000040047
:1053600000000000F73DC20E000000000000080031
:1053700000000000F73DC20E000000000000100019
:1053800000000000F73DC006000000000000200003
:1053900000000000F73DDA0E0000000000004000B1
:1053A00000000000F73D0006000000000000800043
:1053B00000000000F73D4006000000000000000172
:1053C00000000000000000000000000000000002DB
:1053D00000000000D70100000000000000000004F1
:1053E00000000000D70D00000000000000000008D1
:1053F00000000000F73DC0060000000000000010A3
:1054000000000000F73DCA0E000000000000002070
:1054100000000000F73DCA1E000000000000004030
:1054200000000000F73DFA3E0000000072656725AD
:105430006400636C646F5F70776D006368697063AC
:10544000256400626F617264747970650070726FB8
:1054500064696400737764656E61626C650067708F
:10546000646E00626F617264666C6167730062747F
:105470006378776172666C616773007874616C66DB
:1054800072657100626F6172647265760064657640
:105490006964006D7578656E616200776C3069646F
:1054A00000776C25643A2042726F6164636F6D20EF
:1054B00042434D2573203830322E313120576972E6
:1054C000656C65737320436F6E74726F6C6C65727C
:1054D0002025730A0074656D705F74686F72745F65
:1054E0006D6F6E69746F725F74696D650074785F5B
:1054F0006D696E696D756D5F647574795F637963ED
:105500006C650074785F647574795F6379636C654A
:105510005F63636B00616762673000616762673178
:105520000061676267320074656D70626173656403
:105530005F647574795F6379636C655F656E006144
:1055400061300074785F647574795F6379636C654A
:105550005F6F66646D0000001133820025348200A5
:1055600000000000000000004E5652414D5265768A
:105570000073617232670061613267002043254326
:10558000034321432443184319431A43114313434C
:1055900012431443154316431B431C431D43284326
:1055A00029432A432B432C432D434143404350433B
:1055B00051435243534357439DA9760554435F4398
:1055C0003F434F432F4334433543364337433843F8
:1055D00039431647484727474343604346434743B9
:1055E0004843314332433343AA43584359435A4310
:1055F000A9435543564363438043814382436443F5
:105600006543664374436743A043A143A243AE434B
:10561000AF43B043AB43AC43AD43E343E443E54363
:10562000E243D043D143D243BA43BB43BC43B1432B
:10563000B243B343A343A443A543B743B843B943D9
:10564000C043C143C243D343D443D543D643D743D6
:10565000D843D943DA43DB43DF43E043E143EC4340
:10566000ED43EE43E943EA43EB432243D6A867A860
:1056700068A89CA9D8A89DA91343144386A83143C0
:10568000A7A9DBA8D1A8DCA8A4A952AAC6A902AAE6
:1056900031AA32AA74785F74656D705F7468726540
:1056A00073680064657669640031316E5F646973A4
:1056B00061626C650061673000616B6D0000000025
:1056C000299483005DB783000592830000000000E9
:1056D00045338400DD398400000000000000000034
:1056E0007A6263786763696770696F00616E74736B
:1056F0007763746C326700616E74737763746C35B2
:105700006700776C25643A646D61256400616132DD
:1057100067006C74656378666E73656C00627463B1
:105720005F6D6F646500626F617264666C61677360
:10573000006D616361646472006C746563787061AC
:10574000646E756D0076656E646964007A62637874
:10575000666E73656C00627463786C657363616E0A
:10576000007A6263787061646E756D00637573743E
:105770006F6D7661723100637573746F6D766172EF
:1057800032006274635F706172616D7325640062E0
:1057900074635F666C6167730062746378776172CB
:1057A000666C61677300626F617264666C616773D7
:1057B00032006C746563786763696770696F006253
:1057C0006F617264666C6167733400626F617264EA
:1057D0007265760064657669640073726F6D7265D8
:1057E000760062745F64656661756C745F616E7487
:1057F000006D6F6E69746F725F74696D655F6F7550
:10580000740062746364796E5F64656661756C745C
:105810005F6274635F6D6F64650070726F7465635F
:105820007465645F74696D655F6F7574006274633D
:1058300064796E5F6D73775F726F77300062746347
:1058400064796E5F6D73775F726F77310062746336
:1058500064796E5F6D73775F726F77320062746325
:1058600064796E5F64736E735F726F7773006274D6
:105870006364796E5F636F65785F74776F5F616E85
:1058800074007478635F6475725F746872657368BE
:105890000062746364796E5F6D73775F726F7733E4
:1058A0000062746364796E5F6D73775F726F777394
:1058B0000062746364796E5F64666C745F64736EB7
:1058C000735F6C6576656C0062746364796E5F62A9
:1058D00074727373695F6879737465720070726F44
:1058E000745F6274727373695F7468726573680061
:1058F0006374733273656C665F6475725F7468722B
:1059000065736800616C6572745F74696D655F6F63
:1059100075740062746364796E5F686967685F6458
:10592000736E735F6C6576656C007266615F636F42
:10593000756E745F7468726573680062746364790D
:105940006E5F6D69645F64736E735F6C6576656CC2
:105950000062746364796E5F6C6F775F64736E73FB
:105960005F6C6576656C0062746364796E5F666C0B
:105970006167730062746364796E5F64736E735FF2
:10598000726F77300062746364796E5F64736E73F4
:105990005F726F77310062746364796E5F64736EF7
:1059A000735F726F77320062746364796E5F6473E1
:1059B0006E735F726F77330073636F5F72737369B7
:1059C0005F7468726573680063636F646500636326
:1059D00000726567726576006576656E7471006841
:1059E00073323000B1968600F1968600618486009D
:1059F000B1848600B1968600F196860061848600A7
:105A0000B1848600B1968600F19686002D858600C9
:105A100099868600000000000000000000000000E1
:105A2000000000002D858600998686000000000099
:105A300000000000B1968600F1968600B1968600BF
:105A4000F1968600B1968600F1968600000000006F
:105A50000D060F00000000000406300400000000E6
:105A60000206400672737369636F72726E6F726DB5
:105A700000676C616369616C74696D657200636174
:105A80006C5F706572696F64006C6470630074733E
:105A900073696C696D75636F640025732E6661624E
:105AA0002E25640074656D70746872657368002ECD
:105AB0006661622E00747870777262636B6F660045
:105AC000696E746572666572656E636500676C69A0
:105AD0007463685F62617365645F6372736D696E3E
:105AE0000032675F6367610072737369636F72721C
:105AF000617474656E0070687963616C5F74656D64
:105B00007064656C74610074656D70735F6879733F
:105B1000746572657369730072737369636F72720F
:105B2000706572726732670074737369666C6F6F49
:105B300072326700766261745F61646400706170E4
:105B40006476616C696474657374007377646976F4
:105B50005F6770696F5F31006D63733267706F30BC
:105B60000073707572636F6E666967006D63733280
:105B700067706F310063636B64696766696C747426
:105B80007970650065755F65647468726573683205
:105B900067007265645F7278626C6F636B696E67D1
:105BA000000001006C094B00760113003230160032
:105BB0000300417E0006000AD903270025000000EB
:105BC000910900006C090000000005035BE7080074
:105BD0003F5812122F141F1F1F1F20512761000052
:105BE00009603F70020071094B00760113003230EA
:105BF00016000300417E0006000AD9032700250095
:105C000000009109000071090000000007030D82E7
:105C100008003F5812122F141F1F1F1F2051276109
:105C2000000009603F70030076094B007601130005
:105C3000323016000300417E0006000AD903270017
:105C4000250000009109000076090000000009030A
:105C5000BF1C08003F5812122F141F1F1F1F205176
:105C60002761000009603F7004007B094B0076014A
:105C70001300323016000300417E0006000AD903EB
:105C8000270025000000910900007B0900000000AA
:105C90000A0371B708003F5812122F141F1F1F1F4D
:105CA00020512761000009603F70050080094B000A
:105CB00076011300323016000300417E0006000A10
:105CC000D903270025000000910900008009000089
:105CD00000000C03235208003F5812122F141F1FFC
:105CE0001F1F21512761000009603F7006008509D0
:105CF0004B0076011300323016000300417E00068F
:105D0000000AD90327002500000091090000850939
:105D1000000000000D03D5EC08003F5812122F14AC
:105D20001F1F1F1F21512761000009603F700700DE
:105D30008A094B0076011300323016000300417EC1
:105D40000006000AD9032700250000009109000081
:105D50008A09000000000F03878708003F581212CD
:105D60002F141F1F1F1F21512761000008603F7063
:105D700008008F094B007601130032301600030033
:105D8000417E0006000AD903270025000000910982
:105D900000008F09000000001103392208003F585D
:105DA00012122F141F1F1F1F2151276100000860AE
:105DB0003F70090094094B00760113003230160041
:105DC0000300417E0006000AD903270025000000D9
:105DD000910900009409000000001203EBBC0800C8
:105DE0003F5812122F141F1F1F1F2151276100003F
:105DF00008603F600A0099094B00760113003230B9
:105E000016000300417E0006000AD9032700250082
:105E100000009109000099090000000014039D573B
:105E200008003F5812122F141F1F1F1F21512761F6
:105E3000000008603F600B009E094B0076011300D4
:105E4000323016000300417E0006000AD903270005
:105E500025000000910900009E09000000001503C4
:105E60004FF208003F5812122F141F1F1F1F2151FD
:105E70002761000007603F600C00A3094B0076011A
:105E80001300323016000300417E0006000AD903D9
:105E900027002500000091090000A3090000000070
:105EA0001703018D08003F5812122F141F1F1F1FC8
:105EB00021512761000007603F600D00A8094B00D9
:105EC00076011300323016000300417E0006000AFE
:105ED000D90327002500000091090000A80900004F
:105EE00000001903B32708003F5812122F141F1F78
:105EF0001F1F21512861000007603F600E00B40998
:105F00004B0076011300323016000300417E00067C
:105F1000000AD90327002500000091090000B409F8
:105F2000000000001D035E0108003F5812122F14EC
:105F30001F1F1F1F21512861000007603F606D6116
:105F4000787032676130000001006C093400040190
:105F50000D0023304F000300417E0006000AD903E4
:105F600027001A000000A20900006C0900000000D0
:105F7000B208277608003F5817173C191F1F1F1F2C
:105F80003B511961000009603F7002007109340043
:105F900004010D0023304F000300417E0006000A7B
:105FA000D90327001A000000A209000071090000AF
:105FB0000000B708B11308003F5817173C191F1FFE
:105FC0001F1F3B511961000009603F7003007609F3
:105FD000340004010D0023304F000300417E000611
:105FE000000AD90327001A000000A2090000760960
:105FF00000000000BB083BB108003F5817173C19D0
:106000001F1F1F1F3C511961000009603F700400F1
:106010007B09340004010D0023304F000300417E52
:106020000006000AD90327001A000000A209000098
:106030007B0900000000C008C44E08003F58171735
:106040003C191F1F1F1F3C511961000009603F7060
:1060500005008009340004010D0023304F000300C7
:10606000417E0006000AD90327001A000000A20999
:106070000000800900000000C4084EEC08003F58F2
:1060800017173C191F1F1F1F3C51196100000960A1
:106090003F7006008509340004010D0023304F00D5
:1060A0000300417E0006000AD90327001A00000001
:1060B000A2090000850900000000C908D88908006D
:1060C0003F5817173C191F1F1F1F3C511961000033
:1060D00009603F7007008A09340004010D00233075
:1060E0004F000300417E0006000AD90327001A0072
:1060F0000000A20900008A0900000000CE08622703
:1061000008003F5817173C191F1F1F1F3C511961EA
:10611000000008603F7008008F09340004010D0082
:1061200023304F000300417E0006000AD9032700F8
:106130001A000000A20900008F0900000000D20828
:10614000ECC408003F5817173C191F1F1F1F3C5174
:106150001961000008603F700900940934000401CF
:106160000D0023304F000300417E0006000AD903D2
:1061700027001A000000A209000094090000000096
:10618000D708766208003F5817173C191F1F1F1FBA
:106190003C511961000008603F600A009909340011
:1061A00004010D0023304F000300417E0006000A69
:1061B000D90327001A000000A20900009909000075
:1061C0000000DC08000008003F5817173C191F1F8B
:1061D0001F1F3C511961000008603F600B009E09C1
:1061E000340004010D0023304F000300417E0006FF
:1061F000000AD90327001A000000A20900009E0926
:1062000000000000E008899D08003F5817173C195E
:106210001F1F1F1F3D511961000007603F600C00E8
:10622000A309340004010D0023304F000300417E18
:106230000006000AD90327001A000000A209000086
:10624000A30900000000E508133B08003F5817179A
:106250003C191F1F1F1F3D511961000007603F605F
:106260000D00A809340004010D0023304F00030085
:10627000417E0006000AD90327001A000000A20987
:106280000000A80900000000E9089DD808003F5858
:1062900017173C191F1F1F1F3D5119610000076090
:1062A0003F600E00B409340004010D0023304F009C
:1062B0000300417E0006000AD90327001A000000EF
:1062C000A2090000B40900000000F4084EEC080028
:1062D0003F5817173C191F1F1F1F3D511961000020
:1062E00007603F6070726F70627732303267706F34
:1062F0000072636F725F61636900706D696E007038
:106300006170646D6F64650063616C696478657366
:106310007474617267657432670063616C69647874
:1063200065737462617365326700706132676130F2
:106330005F6C6F0063636B3267706F0063636B73D6
:1063400063616C650074656D705F6D756C74007071
:106350006170646570736F6666736574006F666400
:106360006D3267706F00706163616C696478326769
:106370000073776469765F73776374726C5F656EC0
:10638000006F66646D64696766696C7474797065C2
:106390006265004176566D6964495163616C0063C2
:1063A000636B6964787063686F6666730074656DAB
:1063B000705F6164640073776469765F6770696FAA
:1063C000006D6373627732303267706F0070617096
:1063D00064656E646964780001006C092600C00081
:1063E0000A001A3080000300417E0006000AD9032B
:1063F000270013000000B00900006C090000000035
:10640000C70B000008003F5817173C191F1F1F1F1C
:1064100050511961000009603F70020071092600A7
:10642000C0000A001A3080000300417E0006000A06
:10643000D903270013000000B00900007109000013
:106440000000CD0B004008003F5817173C191F1FD4
:106450001F1F51511961000009603F700300760948
:106460002600C0000A001A3080000300417E0006AA
:10647000000AD903270013000000B00900007609C4
:1064800000000000D30B008008003F5817173C198C
:106490001F1F1F1F51511961000009603F70040048
:1064A0007B092600C0000A001A3080000300417EEC
:1064B0000006000AD903270013000000B0090000FD
:1064C0007B0900000000D90B00C008003F581717D7
:1064D0003C191F1F1F1F51511961000009603F70B7
:1064E000050080092600C0000A001A308000030061
:1064F000417E0006000AD903270013000000B009FE
:106500000000800900000000E00B000008003F5878
:1065100017173C191F1F1F1F5151196100000960F7
:106520003F70060085092600C0000A001A3080006E
:106530000300417E0006000AD90327001300000073
:10654000B0090000850900000000E60B00400800CB
:106550003F5817173C191F1F1F1F51511961000089
:1065600009603F7007008A092600C0000A001A303F
:1065700080000300417E0006000AD90327001300B3
:106580000000B00900008A0900000000EC0B008048
:1065900008003F5817173C191F1F1F1F5151196141
:1065A000000008603F7008008F092600C0000A0044
:1065B0001A3080000300417E0006000AD90327003C
:1065C00013000000B00900008F0900000000F20B6A
:1065D00000C008003F5817173C191F1F1F1F5251BA
:1065E0001961000008603F70090094092600C0008E
:1065F0000A001A3080000300417E0006000AD90319
:10660000270013000000B0090000940900000000FA
:10661000F90B000008003F5817173C191F1F1F1FD8
:1066200052511961000008603F600A009909260074
:10663000C0000A001A3080000300417E0006000AF4
:10664000D903270013000000B009000099090000D9
:106650000000FF0B004008003F5817173C191F1F90
:106660001F1F52511961000008603F600B009E0916
:106670002600C0000A001A3080000300417E000698
:10668000000AD903270013000000B00900009E098A
:1066900000000000050C008008003F5817173C1947
:1066A0001F1F1F1F52511961000007603F600C003F
:1066B000A3092600C0000A001A3080000300417EB2
:1066C0000006000AD903270013000000B0090000EB
:1066D000A309000000000B0C00C008003F5817176A
:1066E0003C191F1F1F1F52511961000007603F60B6
:1066F0000D00A8092600C0000A001A30800003001F
:10670000417E0006000AD903270013000000B009EB
:106710000000A80900000000120C000008003F580B
:1067200017173C191F1F1F1F5251196100000760E6
:106730003F600E00B4092600C0000A001A30800035
:106740000300417E0006000AD90327001300000061
:10675000B0090000B40900000000210C000008008E
:106760003F5817173C191F1F1F1F53511961000075
:1067700007603F606974737369636F727200737747
:106780006469765F656E0065646F6666746864321E
:1067900030756C00696E697478696478706368003C
:1067A000647373667468007473736974696D6500EB
:1067B00063636B627732303267706F007061706450
:1067C00074656D70007061326761305F327077722E
:1067D00000696E6974786964780063636B707772BE
:1067E0006F666673657430004176566D69645F63E9
:1067F000300074656D705F7100766261745F6D75F5
:106800006C740063636B696E697478696478007393
:10681000726F6D726576006F66646D646967666934
:106820006C7474797065007061706474656D706209
:10683000696173006C636E32305F6E6F697365639C
:10684000616C5F74626C5F656E0065646F6E746826
:106850006432306C006C65676F66646D62773230ED
:106860003267706F007061326761300074787077E2
:10687000726F6666736574326700706D617800765A
:106880006261745F710006073F038A00000006071B
:106890003F038400000006073F0380000000060756
:1068A0003F037B00000006073F0377000000060758
:1068B0003F037200000006073F036E00000006075A
:1068C0003F036A00000006073F0367000000060759
:1068D0003F036300000006073F0361000000060756
:1068E0003F035C00000006073F035A000000060754
:1068F0003F035700000006073F035400000006074F
:106900003F035100000006073F034F000000060749
:106910003F034D00000006073F034B000000060741
:106920003F034800000006073F034600000006073B
:106930003F034400000006073F0342000000060733
:106940003F034000000006073F033F00000006072A
:106950003F033D00000006073F033B000000060721
:106960003F033A00000006073F0338000000060717
:106970003F033600000006073F033500000006070E
:106980003F033400000006073F0332000000060703
:106990003F033100000006073F03300000000607F8
:1069A0003E032F00000006073C032F0000000607EF
:1069B0003B032F00000006073B032D0000000607E5
:1069C0003A032D00000006073A032C0000000607DA
:1069D0003A032B00000006073A03290000000607CF
:1069E00039032900000006073803280000000607C5
:1069F00038032700000006073803260000000607BA
:106A000038032500000006073803240000000607AD
:106A100037032400000006073703230000000607A1
:106A20003703220000000607370321000000060795
:106A3000350321000000060735032000000006078B
:106A4000340320000000060734031F00000006077F
:106A500032031F000000060733031E000000060774
:106A600033031D000000060731031D000000060768
:106A700032031C000000060730031C00000006075C
:106A80002F031C00000006072D031C000000060752
:106A90002B031C00000006072A031C000000060749
:106AA00029031C000000060728031C00000006073D
:106AB00028031B000000060727031B000000060731
:106AC00027031A000000060726031A000000060725
:106AD00024031A000000060723031A00000006071B
:106AE00022031A000000060721031A00000006070F
:106AF0002103190000000607200319000000060703
:106B00001F031900000006071E03190000000607F6
:106B10001E031900000006071E03190000000607E7
:106B20001E031900000006071E03190000000607D7
:106B30001E031900000006071E03190000000607C7
:106B40001E031900000006071E03190000000607B7
:106B50001E031900000006071E03190000000607A7
:106B60001E031900000006071E0319000000060797
:106B70001E031900000006071E0319000000060787
:106B80001E031900000006071E0319000000060777
:106B90001E031900000006071E0319000000060767
:106BA0001E031900000006071E0319000000060757
:106BB0001E031900000006071E0319000000060747
:106BC0001E031900000006071E0319000000060737
:106BD0001E031900000006071E0319000000060727
:106BE0001E031900000006071E0319000000060717
:106BF0001E031900000006071E0319000000060707
:106C00001E031900000006071E03190000000607F6
:106C10001E031900000006071E03190000000607E6
:106C20001E031900000006071E03190000000607D6
:106C30001E031900000006071E03190000000607C6
:106C40001E031900000006071E03190000000607B6
:106C50001E031900000006071E03190000000607A6
:106C60001E031900000006071E0319000000060796
:106C70001E031900000006071E0319000000060786
:106C80001E0319000000060F3FFF62000000060F00
:106C90003FFF5E000000060F3FFF59000000060F97
:106CA0003FFF55000000060F3FFF51000000060F98
:106CB0003FFF4D000000060F3FFF4A000000060F97
:106CC0003FFF47000000060F3FFF44000000060F93
:106CD0003FFF41000000060F3FFF3E000000060F8F
:106CE0003FFF3C000000060F3FFF3A000000060F88
:106CF0003FFF37000000060F3FFF35000000060F82
:106D00003FFF33000000060F3FFF32000000060F78
:106D10003FFF30000000060F3FFF2E000000060F6F
:106D20003DFF2E000000060F39FF2F000000060F68
:106D30003AFF2D000000060F39FF2C000000060F5F
:106D400037FF2C000000060F36FF2B000000060F57
:106D500036FF2A000000060F35FF29000000060F4D
:106D600035FF28000000060F33FF28000000060F43
:106D700031FF28000000060F30FF27000000060F3B
:106D80002FFF27000000060F2DFF27000000060F31
:106D90002EFF25000000060F2CFF25000000060F27
:106DA0002BFF25000000060F29FF25000000060F1D
:106DB00028FF24000000060F26FF25000000060F14
:106DC00024FF26000000060F22FF26000000060F09
:106DD00021FF26000000060F21FF25000000060FFE
:106DE00022FF23000000060F20FF23000000060FF3
:106DF0001FFF23000000060F1FFF22000000060FE8
:106E00001FFF21000000060F1CFF22000000060FDC
:106E10001CFF21000000060F1CFF20000000060FD1
:106E20001CFF1F000000060F1CFF1E000000060FC5
:106E30001AFF1F000000060F1AFF1E000000060FB9
:106E400019FF1E000000060F19FF1D000000060FAD
:106E500018FF1D000000060F18FF1C000000060FA1
:106E600016FF1D000000060F16FF1C000000060F95
:106E700017FF1B000000060F17FF1A000000060F87
:106E800017FF19000000060F16FF19000000060F7B
:106E900015FF19000000060F14FF19000000060F6F
:106EA00016FF17000000060F15FF17000000060F61
:106EB00017FF15000000060F16FF15000000060F53
:106EC00015FF15000000060F14FF15000000060F47
:106ED00015FF14000000060F14FF14000000060F39
:106EE00014FF13000000060F15FF12000000060F2C
:106EF00012FF13000000060F13FF12000000060F20
:106F000012FF12000000060F11FF12000000060F12
:106F100010FF12000000060F0DFF14000000060F06
:106F20000FFF12000000060F0EFF12000000060FF8
:106F30000CFF13000000060F0DFF12000000060FEB
:106F40000CFF12000000060F0BFF13000000060FDD
:106F50000CFF11000000060F08FF14000000060FD0
:106F600009FF13000000060F08FF13000000060FC2
:106F70000AFF11000000060F08FF12000000060FB4
:106F800007FF13000000060F08FF11000000060FA6
:106F900007FF12000000060F07FF11000000060F98
:106FA00005FF13000000060F08FF0F000000060F8A
:106FB00009FF0E000000060F08FF0E000000060F7C
:106FC00007FF0F000000060F04FF11000000060F6E
:106FD00005FF10000000060F03FF12000000060F5F
:106FE00004FF10000000060F01FF14000000060F50
:106FF00002FF12000000060F01FF13000000060F41
:1070000002FF11000000060F01FF12000000060F32
:1070100002FF10000000060F01FF11000000060F24
:1070200001FF10000000060F01FF10000000060F16
:1070300001FF10000000060F01FF10000000060F06
:1070400001FF10000000060F01FF10000000060FF6
:1070500001FF10000000060F01FF10000000060FE6
:1070600001FF10000000060F01FF10000000060FD6
:1070700001FF10000000060F01FF10000000060FC6
:1070800001FF100000007261746573656C00737419
:10709000660063636B5F6F6E65636F72655F7478C4
:1070A0000074656D70735F706572696F64007478E9
:1070B000636861696E007278636861696E007377F6
:1070C0006469765F736E7274687265736800737753
:1070D0006469765F74785F77656967687400737751
:1070E0006469765F736E726C696D0073776469763C
:1070F0005F73776374726C5F6D61736B0073776439
:1071000069765F63636B736E72636F72720073771D
:107110006469765F73776374726C5F616E7430005C
:1071200073776469765F73776374726C5F616E7492
:10713000310073776469765F776569676874007397
:10714000776469765F736574746C650073776469DE
:10715000765F656E0073776469765F72785F706FD3
:107160006C6963790073776469765F63656C6C5FE3
:10717000706F6C6963790073776469765F737763A6
:1071800074726C5F656E0073776469765F746872A1
:107190006573680073776469765F6770696F5F31E4
:1071A0000073776469765F63636B6E6F697365659F
:1071B00073746C696D0073776469765F6C6F6732A6
:1071C0006176670073776469765F6770696F0073D3
:1071D000776469765F74785F706F6C696379007348
:1071E000776469765F74696D656F757400616E743C
:1071F0006469765F727373696469666674687265E0
:10720000736800776F776C5F6770696F00776F776F
:107210006C5F6770696F706F6C00000073B54369D5
:10722000164600222F2B04460D46019208DD332B13
:1072300006D013460121E2F3D9F183059B0D07E047
:10724000002120460A46E2F331F2064B03401B0CB4
:107250001B022046336001A92A4600F005F8019878
:107260007CBD00BF0000FF03F8B504460E4615467E
:10727000E5F380F540F61201002207462046E6F3CA
:107280001BF32046E5F37EF520463946E6F322F36C
:10729000024B33604FF4C8632B60F8BD4C640300AD
:1072A0000B46C06F11461A46FFF7B8BF10B5012153
:1072B0000446C06FE2F35CF2E06FE6F337F30020C0
:1072C00010BD37B50024694601AA05460094019413
:1072D000FFF7E6FF9DE806000346284624F052DC4F
:1072E00020463EBD38B50446C06FE2F3D3F148B145
:1072F0002046FFF7E6FF054638B92046FFF7D6FFE0
:10730000284638BD4FF0FF3038BD002038BD2DE98C
:10731000FF4107464FF4B6700E4615469846E0F317
:107320006BF40446002832D000214FF4B672DBF330
:107330004DF40A9B3846009304F18003019304F155
:107340008403029331462A464346F2F7F1FBE06795
:10735000C0B10123637440F612010022E6F3ACF2DF
:107360000C210022C4F88800E06FE5F3F7F4204612
:10737000F5F722FF2046FFF7B5FFE06FF2F780F93F
:10738000002500E00B252046E0F348F400E01E2530
:10739000284604B0BDE8F081CDAB000001BC60031D
:1073A00000104E03BFDE02F00E5C0280C127000019
:1073B0000403BFDE02F0105903A85E02F0001203BE
:1073C000A65E02F0001202825E5300001202855E89
:1073D000AF000012020200BF00000F03A85E02F01F
:1073E00000120282DEBB0000120282DEB300001235
:1073F00002845EB700001202845EB30000120286AF
:1074000000C7000012028480C300001201BC63FFA9
:107410001FF04000008000000000035B5E02F000EF
:107420001401BC601300104300015E02F000000074
:10743000025E02F0182C020200BF0000B402045EDB
:10744000FF00001B006B446556801B01846002F73F
:10745000F7BF01BC6003000AA600025E02F012370B
:107460000202DEFF000020006B44655520200182EF
:10747000E002F7F7BF03BFDE02F006C30201AC7BF8
:1074800000002500E844656177A101BC607F081712
:10749000A2006D5E86F4402500A82C7B010B1E0027
:1074A000682B4F00002A0280DEFF0000B4006B440E
:1074B000655A60B40184E006F577AB00025E02F025
:1074C000159B020480C700002C028180C700002E9B
:1074D00001806002F7F7BF01BC6003000ADA009088
:1074E0002BE300D7A200E02BDEF457A3006D446A23
:1074F000F4603200B02BD7000AF001876002F7F782
:10750000BF00682BBF00003A00E944655DF7A300A7
:10751000E8C4695E77A20068DE8B00003A006DDE89
:107520008D5E003A0286ABD300003A01876006F711
:10753000F7BF0207DEFF00003F00E844655A37A2AC
:10754000006D5E895A003F0187E002F7F7BF01BC7A
:107550006003000AD100682C6F00004501BC61F790
:107560000017A100E844656377A2006D5E8AF420ED
:107570004501BC6003000B1B00A82C7B002B1E00E8
:10758000682AE700005100E844655737A1006DDE26
:107590008556404C00682B2300005100E844655993
:1075A00017A1006DDE8556404E03BFDE02F000518C
:1075B00001BC6003000ABA01BC6003000AB901BC47
:1075C0006003000AC801BC6003000AC000A82C7B4D
:1075D000004B1E0202DEB300005402004203000012
:1075E0005400025E02F00D2F0203C5730000570223
:1075F000845EB30000B40068AAEF0000B40284DE29
:10760000B7000059020180C700007900B02AAB0022
:1076100017A202802BD300006000B02B030017A13B
:10762000006DDE855BE0AB00685E8700006000688F
:107630002BE700006000B02BE70017A200682AEBE0
:1076400000006600E844655757A101856006F5D73C
:10765000AE006DDE86F440AB00E05E8554F7A1001D
:107660006DDE86F440AB01856002F5D7AE0202DE26
:10767000BB00007900682A9B00007900E84465554A
:10768000D7A100E02A9B0157A2006EDE86F440726B
:107690000182E002F5D7AE0181600163CB1E01BC1F
:1076A0006003000AEA01BC6003000AA601BC600393
:1076B000000AE503BFDE02F00079006EAA9AF4200A
:1076C0007800E82A9AF437A100902A9B0037A2009C
:1076D0006E2A9EF4407700B02A9F0017A20069DE50
:1076E00086F4407903BFDE02F000AB0284DEB7000F
:1076F000009E028881AB00009C02045EB70000B4CB
:10770000020480C700008500682AF7002085006811
:107710002AF700808500682ADF00008400682AF7C5
:1077200002E0820068AAF708608400E844655637E2
:10773000A1006D5E8556E0B402005EFF00009C0271
:107740008080BF00009C00682B2300008B02802BF0
:10775000D300008B00B02B2B0017BB006E2B02F761
:1077600060B403BFDE02F0009C0205DEB700008EAD
:1077700000682AF70860B403BFDE02F0009C0284B0
:1077800000C7000090028600C700009200682AEB44
:1077900000009C02812C2700009C00E844655637BD
:1077A000A10206ABD300009600E845C95AF7A20330
:1077B000BFDE02F0009700E845895AF7A20286ABC7
:1077C000D300009A00E85E86F457A10069DE855771
:1077D000009C006CC4655660B402855EB70000B4BE
:1077E00000025E02F015BE03BFDE02F000B40285A7
:1077F000ABD30000A50206ABD30000A301BC63FF1E
:107800001FF7A1006845C6F4209C03BFDE02F0000C
:10781000A501BC63FF1FF7A100684586F4209C0208
:1078200003C5730000AB02855EB70000AB02010028
:10783000C70000B4006B44655680B40020E3FE141A
:1078400060B40282DEBB0000B402022C270000AE4E
:107850000282DEBB0000AE03BFDE02F0009C0288A5
:1078600081AB0000B40282DEB30000B4028080BFAE
:107870000000B40284DEAF0000B402825EBB0000F0
:10788000B400025E02F015EE018060020D906C0300
:10789000595E02F000B603D85E02F000B703D8DEEE
:1078A00002F000B801BC618300112900B0007B0028
:1078B000112B01BC630300112303125E02F00CB014
:1078C00003975E02F00D4303D05E02F0039403D0F1
:1078D000DE02F0063D03D5DE02F00C6203915E028B
:1078E000F006980396DE02F00C5D0288C173000179
:1078F0002303C45E02F0081003C75E02F0083403DD
:10790000DCDE02F0163503AA5E02F008A40386DE70
:1079100002F00CA10287C037000CA103835E02F0C5
:107920000A50020680C70000D00202B0E70000D073
:10793000006C30EE2320D00182E001872C3901BC9D
:10794000607F1FF7A201E05E8A1070830391DE0260
:10795000F00720020680C7000107020601AB000005
:10796000E3020030E70000E30068DE4B0620E3029C
:107970000042030000E3028445230000E30280B0DC
:10798000E70000E3006E45170020E301BC60030040
:10799000108000A8412300F04803D0DE02F000DC94
:1079A00003D05E02F000DD03D5DE02F000DE00E071
:1079B00001DF0020770180E005872C3901BC6003DE
:1079C000000C3A00025E02F0180700025E02F01896
:1079D0001B020E01AB0000F0028445230000F00200
:1079E0000130E70000F000E001E300207801816051
:1079F00001872C390180E001872C39010C8143007B
:107A000017A60068DE9B0060ED01BC6003004C3AE5
:107A100003BFDE02F000EF0068DE9B0040EF01BC18
:107A20006003002C3A00025E02F01807020681ABE8
:107A3000000107020230E70000FB02804203000061
:107A4000FB028445230000FB03915E02F0069800D0
:107A5000E001EB00207A0180E005872C390182608B
:107A600001872C3901BC6003000C3A00025E02F071
:107A7000180700025E02F0181B0201B0E70000FECA
:107A8000006C30F22320FE0181E001872C390203D3
:107A900030E7000107006C30F62321070183600105
:107AA000872C390200420300010700685E4B044145
:107AB0000500685E4B00410503BFDE02F0010701CF
:107AC00082600609104801BC600300114503C2DE54
:107AD00002F00D0A00025E02F0123603D4DE02F05C
:107AE00007B903A3DE02F0000203C85E02F005FB43
:107AF0000204DEB3000110020145230001100184DD
:107B0000E002F597AC00025E02F006370201C523E1
:107B10000001120187E002F577AB00025E02F00E71
:107B2000AF00025E02F0117702182E270001160046
:107B3000025E02F0118A03A25E02F0012003565E8B
:107B400002F0011D01866006091048031F5E02F065
:107B5000011D006A5E2300011C00B0002700178889
:107B600000E85E2300378803A65E02F0018E000263
:107B70005E02F011F80028600E08E1B403C4DE02D2
:107B8000F00D7A0020C2030021BC03BFDE02F00228
:107B90000D03815E02F001250300DE02F000C30147
:107BA00088E0020B905C03BFDE02F0039102874085
:107BB00063000127018EE00EF43018028740630055
:107BC00001290002DE02F000000287406300012B61
:107BD00000B05E8B001019018EE00AF4301800022C
:107BE000DE02F0000001BC606300107B01BC601B82
:107BF00000107A01AC607EF47075028741D70001F5
:107C0000320002DE02F0000001BC606300107B0164
:107C1000BC601B00107A01AC60BEF4707502874135
:107C2000D70001370002DE02F0000001BC606300F3
:107C3000107B00B05E8B00107A01AC607EF4307572
:107C4000028741D700013C0002DE02F0000001BCC7
:107C5000606300107B00B05E8B00107A01AC60BEE8
:107C6000F43075028741D70001410002DE02F000C6
:107C70000001BC60030280060280DE0700014D01A6
:107C8000DA6002F0178002085E0700016101BC6043
:107C9000031E17A100E05E02F4306501BC60031C06
:107CA00017A100E05E02F4306401BC6003002811FB
:107CB00003BFDE02F0016701105E030017A101039C
:107CC0005E030017A200E05E86F457A100885E877D
:107CD0000037A200E05E86F457A100E0015AF430BC
:107CE00063028600C300015800B0560B001062000A
:107CF000B0540300106201BC600300281103BFDE12
:107D000002F0016900B0418F0010620109DE03003A
:107D100017A10068DE8700415C00E05E870037A1A4
:107D200000885E870057A100E05E8504B7A100E0EF
:107D30005E8703C00601BC600300481103BFDE027A
:107D4000F0016901BC60070217A100E05E02F43097
:107D50006501BC60070017A100E05E02F430640119
:107D6000BC600318000601BC600300081100B05A93
:107D70000300106200B058030010630002DE02F03E
:107D8000000001BC600306379201BC63FF1FF0C313
:107D900001BC60031890E301BC60FB1C10E501BC52
:107DA000600300501000B0404300180000B040478E
:107DB0000010E70002DE02F0000000E84033009708
:107DC000A100B0400B0017A3006D5E86F461770040
:107DD000905E8F0037A303BFDE02F0017800905E53
:107DE000870037A301BC601B0437A100E05E8EF45E
:107DF00037A301F041970017A1006DDE86F4618C76
:107E00000287C19700018001385A030017A1013C85
:107E10005A030017A203BFDE02F00182013C5A039D
:107E20000017A101385A070017A200685E86F48186
:107E30008700D85E8B0037A200E14196F4506500C0
:107E4000E1C19700306503BFDE02F0017A00D85E21
:107E50008B0037A200E14196F457A100E1DE8700D4
:107E600037A101F05E870017A1006EDE86F4618DF8
:107E700001BC63FF1FF7A40002DE02F0000002064F
:107E800081AB00019001826001872C390020E38ED4
:107E9000090002031EDE02F00196039F5E02F0015C
:107EA0009601BC60430117A100A84122F4304803A9
:107EB000BFDE02F000020208411F00019301816051
:107EC00005610B0800025E02F00D2F00B000AB0050
:107ED000108600B0016300108A00025E02F0107389
:107EE00001BC600304179200B0003B00111D01901B
:107EF000600609104803A1DE02F001AE0181E00630
:107F000009104801BC600300904201BC60030011ED
:107F10002D039EDE02F001B101846002F29794000D
:107F2000B0451700178F00B05E170017900200448D
:107F30001F0001AA01856002091048018160070045
:107F4000104701F0DE0F0037A1020400BF0001ADB1
:107F500001F084C70037A100A044B6F43145039E68
:107F6000DE02F001B101BC613712B08003BFDE0256
:107F7000F0000200A044B42A314501BC6127127010
:107F80008003BFDE02F000020020E082090002014F
:107F90000CDE530017A101885E8700104701BC600A
:107FA000030050420108411F0017A1018CDE86F238
:107FB000979403BFDE02F000020002DE02F0000030
:107FC0000020E07E09000200025E02F0120202833D
:107FD000C21F000002020280F30001C600B0446725
:107FE0000017A1017C5E862357A302835EFF000178
:107FF000C500E000FAF4682901836006F7F7BF00C6
:108000006BDE8D0521CA0206D0030001CE00E950C7
:10801000862337A100E8D08A2357A20069DE8B00AF
:1080200001CE00025E02F00D2F0191601684F4274C
:1080300000E020A700882903BFDE02F0036E0002E3
:108040005E02F00371020400BF0001D603945E02D9
:10805000F000020020C28F06000200A0428F01F74C
:108060008000685E002DC00200025E02F00D2F034A
:10807000BFDE02F000120201C28F000002011400F4
:10808000630017A100685E8700600200025E02F0D4
:108090000D2F0194600F00001800025E02F001DD58
:1080A00003BFDE02F00012011400630017A100B04C
:1080B0005E870010A501BC60131B906000685E879E
:1080C0000001E400E0418306D06000E85E870037ED
:1080D000A103BFDE02F001E0028050C30001F20103
:1080E0008760040310A000B000630010B400B04229
:1080F000D3001800008841830030B601BC60030B38
:1081000010B500B0006300B0B40317DE02F001EB5D
:108110000397DE02F001EC018060068614300068EF
:10812000D0D30001F20068D0D70001F200B044675C
:1081300000143400B0446B0014350002DE02F0007D
:10814000000020E01280420C018760040310A000B0
:10815000B000630010B401BC60030E10B500B000A5
:108160006300F0B401BC60570310B600B0006300B8
:1081700010B401BC600302D0B50207500B00020925
:1081800001BC600303D0B5018E6002F29794020433
:10819000500B0002020204D00B00020201866006AE
:1081A000F2979400E042D700D0B500A0500B111711
:1081B000A10068DE871102080186E006F2979400AC
:1081C000E042D70050B50207D00B00020800E042A1
:1081D000D70090B500B042D70011E100B0006300B5
:1081E000B0B40317DE02F0020A0397DE02F0020BBE
:1081F0000002DE02F00000006820C3000210006CE4
:10820000C46506001201BC6003000830006820BB92
:1082100000021600B044670017A2006C446988A2EF
:1082200015006B446988A012006EDE8905E012011A
:10823000BC600300082E0020E0BE09000202068197
:10824000AB00021A0281B0E70000020280B0E70032
:10825000000203905E02F0001203A25E02F0022C04
:1082600000025E02F01163020200BF00022B0284D2
:10827000DEAF00022302045EB700022B00025E02A2
:10828000F0156902045EB700022B03BFDE02F000A6
:108290000202045EB7000226020480C700022B021D
:1082A000805EFF00022B00025E02F0150D0206AB9D
:1082B000D300022A02052C2300022A03BFDE02F0AB
:1082C000022B03BFDE02F0000200025E02F0120287
:1082D0000200421F000243006842F300022F006DBB
:1082E00042F3006243011400630017A100B05E87EF
:1082F0000017A203A25E02F0023703145E02F0022E
:1083000045006EC456806245028145230002450047
:108310006E5E8700624301BC60030077A200886044
:1083200006F457A300885E8B01001800E85E8B00FE
:1083300037A20020C28EF4623D006ADE86F4423726
:1083400003BFDE02F00243020400BF00026F009090
:108350000063010165008085970217A100E0648237
:108360000DA16600025E02F011DF03BFDE02F00223
:108370006F0182600209104803BFDE02F0000201B3
:10838000BC600300111500B0017F0017A6031F5E3B
:1083900002F00254020300C300024A0020C28F020E
:1083A000024E03255E02F002540020C28F02024EEC
:1083B00000688153FFE01203BFDE02F00250019417
:1083C000601300001803BFDE02F0026F039EDE029E
:1083D000F002530068DE980BC2530201411F000FE8
:1083E000250185600209104800685E980BC258009C
:1083F000695E9F0062720298428F00025803BFDEDE
:1084000002F002720201411F000F25020400BF00AA
:10841000025F0218428F000F2500025E02F011C1B8
:1084200000025E02F011DF0194058700001803BF0F
:10843000DE02F0026F0200150B000268020016BB9C
:1084400000026B00B014970017A10068DE84B2220E
:108450006800B0149B0017A10068DE84B242680077
:10846000B0149F0017A10068DE84B26268029E14F7
:10847000E700026B0201C28F00026D0194600F00E1
:10848000001803BFDE02F0026F0201C28F00026D0E
:10849000018060060D906C0200C28F000F250194D0
:1084A000600700001800025E02F001DD020400BF58
:1084B0000002A103BFDE02F002A101BC600318109C
:1084C000600129500B00179200B0017B001065007D
:1084D0006800EB00027A00885A130117A100E844F3
:1084E00066F437A1006EDE8407427A03BFDE02F035
:1084F00007B2019060120910480194601F00001833
:1085000001085A0F00178101885E0681540A013460
:108510005A0F00178000025E02F0014300B0017B99
:1085200000106500B056230017A100E05E86A097FA
:10853000A100E85E8400F40300E85E8400F4160005
:10854000B05A0300141300B05A0700141400B05AB4
:108550000B0014150068DE0700429200E800970047
:1085600057A101BC5E86F0141B017C5E8700F41CE1
:1085700000B0204700178100025E02F0108400B0B6
:10858000017B00106501085A0F00178100B05E875B
:1085900000141E03BFDE02F0029500B0561700144F
:1085A0001B00B0561B00141C00B0541300141E0016
:1085B000B05013001086006D00A700829B0190014F
:1085C0006300108A00B0418F00106200025E02F06A
:1085D000160200B0422B00140601BC60031817A15C
:1085E000006DC18C20029E01BC60030297A100E0D7
:1085F0005E840377A100E05E86B0111D03BFDE023A
:10860000F00337020300C70002B1020CD0030002DE
:10861000B1011400630017A1028500630002B100DC
:1086200080DE8701F7A201BC601B1857A200E05E44
:108630008A0DB06500B041970014320080DE8700DB
:10864000B7A201BC601B15D7A200E05E8A0DB06422
:1086500000B041930014330068D8130002BF020039
:108660005A1B0002B30180600684F42703BFDE02B8
:10867000F006C30201D0030002B300B0509B001407
:108680002F0281D0C700036B00025E02F00371016C
:108690000BD0030017A1013C502B0017A2018C5EE8
:1086A00086F457A1014801430017A2010C81430041
:1086B00017A300685E8F0022BC018CE0000A17A29D
:1086C00000685E86F442BF0191601284F42703BF04
:1086D000DE02F0036E00025E02F001F300B0501300
:1086E00000108600B0501700108A03A25E02F0034B
:1086F0000B020CD0030002DE020300C70002DD0003
:10870000B050CB00106500025E02F01698020350D4
:10871000C70002CB01BC60230097A100A85002F45F
:10872000340003BFDE02F002E2020481AB0002CD9E
:10873000006D4246C0801200B05A1300178000023C
:108740005E02F0014D00B0540F00141E00B05A0735
:108750000017A100B05A1300178001875A16F017AE
:108760008000B0418F00106500025E02F0160B0021
:10877000E05E86A0740302875E030002DC0109DE6E
:10878000030017A300E05E8B0077A200E05E8AF48E
:1087900077A200885E8B0037A100E05E86F45089E6
:1087A00003BFDE02F002E2006D424A84801201063D
:1087B00050070017A1028CD0030002E100685E8719
:1087C0000002E20182DE8686343101826002863454
:1087D000310020D0030402E800B0504F0011F20035
:1087E000B050530011F300B050570011F401BC60B9
:1087F000030091F0020601AB0003040201500300E4
:108800000304020601AB00030403A25E02F00304AA
:10881000028030E700030401806005872C3900E006
:1088200001E700207901BC60430890E600025E0287
:10883000F0016A01BC60031910E401BC6003000090
:108840000601BC600301D78201D2DE0877F0E000A8
:10885000B00F030010E100B0004700108600B00F19
:108860001F00108A01BC600300378100025E02F025
:10887000107000B0059B00106400E8581A28F145FC
:1088800000B0058B001064006A4516C082FF00022C
:108890005E02F01095006E451700430101BC6003B5
:1088A00000514501BC60030010BB01BC610303B073
:1088B0008003BFDE02F0001203945E02F0030B029D
:1088C0000650030003070287DEAF00030B0281504E
:1088D000030005DC0202D0C700030A0208502B0087
:1088E000030B0285D0030005F3019060128634313A
:1088F000011050070017A60068DE9B004317013ADD
:10890000500700178000885E0300778000E000AE0B
:10891000F0106400B05E0700081301BC602306D7A6
:108920008100E0418301706300E0418F00B0650089
:10893000025E02F010AB00B0204F00178103A25E70
:1089400002F0032300B0500F0011160202D0C7003E
:10895000031B00B0505B0011160282D003000323FA
:10896000028147C300031C0280504F0003210020F6
:1089700047C73F83230020C7DB00C36D03BFDE0270
:10898000F0032303A55E02F003230280C7DF000388
:108990006D028850C700033F0129500B0017920257
:1089A0000300C7000330020CD003000330028350E1
:1089B000C700033000B050CB00106501385A1300D7
:1089C000178001825A17005781010E5A130017A110
:1089D000018E5E86F037810202D0C700033F00B0EF
:1089E000501B00108A03BFDE02F0033F0282D0C793
:1089F0000003370138502700178001085013001773
:108A000081010250130017A101825E86F0378100B8
:108A1000B0507F00108903BFDE02F0033F013850E1
:108A20006F0017800108502B0017810106D0070046
:108A300017A101825E86F0378100B0501B00108ABA
:108A400000B05083001089010E50730017A1018EF1
:108A50005E86F0378100025E02F0014300025E0292
:108A6000F010700102421B00178101825E0502377F
:108A70008100025E02F01084020680C700034B01F1
:108A80000C81430017A60068DE9B00634900885EE6
:108A9000870057A103BFDE02F0034B0068DE9B0096
:108AA000434B00885E870037A100E05E840117A178
:108AB00001D9DE8700108301BC613703B7910068DC
:108AC0005E4B02837F020400BF0003520287500303
:108AD00000035203945E02F0035303225E02F0038C
:108AE00060020681AB00035E00685E4B04435700E2
:108AF000685E4B00435703BFDE02F0035E00E001F7
:108B0000EF00207B01BC6003029145018360058773
:108B10002C3900E044670A0C3D018C600E1770BBD5
:108B200001BC610302308003BFDE02F0000201BC21
:108B3000610300308003BFDE02F0000201BC61333C
:108B400003B79102850063000366009000630097FD
:108B5000A100E06482F43065006E5A1300236601C0
:108B600088E006F23791020601AB00036A0068DE76
:108B70004B05A36A01BC610300308003BFDE02F035
:108B8000000203BFDE02F0037F0191600E84F42730
:108B900003BFDE02F0036E0191600684F42701BC7E
:108BA00060030010B40181E00686343103BFDE02A9
:108BB000F006C3011C508F0017A10080DE870197CB
:108BC000A200E0015E0DB06502805A7F00037E02C4
:108BD000815A7F00037A0203DA7F00037E00685A1D
:108BE0008700037E00886006F437A100201CBAF4D9
:108BF000237E00025E02F00D2F0191601E84F42797
:108C000000015E02F0000003BFDE02F0036E00020E
:108C1000DE02F0000003C4DE02F00D7A020650030B
:108C20000003870207DEAF00038701BC6103003742
:108C3000910207500300038501BC620300F7910015
:108C4000E0010B00204203BFDE02F0038801BC609C
:108C50000300204200B05E47001080020400BF0005
:108C6000039000B0058B001064006E4517000002F1
:108C70000068DE4B02838F00A044B42A314503BF55
:108C8000DE02F0000200025E02F010950068C517D7
:108C900000000203D05E02F0039400025E02F010B6
:108CA0009503BFDE02F00002020601AB000397004D
:108CB00068DE4B05A39701806001872C39020E0105
:108CC000AB00039A0200B0E700039A0181600587B8
:108CD0002C3900E10DB228E36C00E08DB700036D84
:108CE00001836002F7F7BF01BC600300900400A895
:108CF000412330104801BC620F0011E00181600285
:108D0000F5D7AE020200BF0003B80068DE4B0203D5
:108D1000A400025E02F017BA0068DE4B0623B80218
:108D2000045EB30003B80206ABD30003A90204C576
:108D3000AF0003B803BFDE02F003AA0200456F00D4
:108D400003B800E844655637A100E82A96F437A135
:108D500000695E870823B80206ABD30003B2006B3C
:108D6000AC422323B100E04467014B100183E002D1
:108D70002B915C03BFDE02F003B80183E0022B916C
:108D80005C01BC600318517800B045E30018000195
:108D90008360022F317900A84138F9D7A100B05E75
:108DA00084FE704E0187E002F577AB0068810B000E
:108DB00023BB00B044670000430182E0060910486D
:108DC00000A841B310906C0182600628914401888C
:108DD000E0020B905C00025E02F012360185E002B8
:108DE000F7F7BF0288421B0003C30185E006F7F7CF
:108DF000BF035B5E02F003C501BC601300104301BA
:108E0000BC600300108501BC60030010B8008850EE
:108E1000770090B90208502B0003CC013850730042
:108E200017A1017C506EF437A100885E870090B9CD
:108E3000020047A30003D001BC60030011EA0090C8
:108E400042E70091EB00B047A300D1E8020047B32E
:108E50000003D201B0E08E3D91EC01D2E00210900F
:108E60008403A95E02F004FD01BC600300108400CD
:108E7000E001C300207000B04467000C0D00B04456
:108E80006B000C0E0320DE02F0044B00685E4B18F2
:108E9000A3E30068DE4B0783EC01BC63FF1F708413
:108EA00001BC600300F085013813630010B500E0D9
:108EB00042D700D0B501BC60030010A601BC6023FE
:108EC00014D0B400E013570024D503BFDE02F00431
:108ED000930184E006F597AC01BC60FF1FF08400AD
:108EE000025E02F0042801BC60030010B401BC6003
:108EF000030010A601BC600302D0B501BC602304CE
:108F0000D0B400E0135B0024D603BFDE02F004936C
:108F100001816006F5B7AD0068DE4B04A3FF0203D4
:108F2000DEBB0003F100E02E0B00106503BFDE0284
:108F3000F003F201BC602301106500A05E7FFE100B
:108F4000EC00B05A030010ED00B05A070010EE001C
:108F5000B05A0B0010EF00B05A0F0010F001BC63C4
:108F6000FF1EF08401BC600300308501BC6003007B
:108F700010B401BC600301D0A601BC60030450B56D
:108F800001BC602304D0B400E002AF0020AB03BFFB
:108F9000DE02F0049301BC61FF1FF08401BC60039A
:108FA0000010850068DE4B05240701BC600300103B
:108FB000B401BC600B0B50A601BC600302D0B5012C
:108FC000BC602304D0B403BFDE02F004130068DEEB
:108FD0004B02441E00B030670010840285C38F002E
:108FE000040B00E05E2700378901DA5E270010EEEF
:108FF00001BC63FF1FF0CE01BC60030010B4008011
:10900000E02183180000E069820DB0A601BC600376
:1090100003D0B501BC602304D0B400E001D300202C
:1090200074018460070011E00282DEB30005BC0217
:10903000045EB30005BC0181E006F5D7AE0183E014
:109040000609104800B0412300180001BC60030667
:10905000B78E0188204610D78100025E02F010848E
:1090600000885E8700708303BFDE02F005BC01BC90
:1090700060031FF0840103DE530017A200680ECFC7
:1090800000042300B00ECF0017A200901CBAF457C2
:10909000A202005EFF00042501BC60030037A200AD
:1090A000682B4F00042701BC60030037A201865ED5
:1090B0008A1C70E3006AC39300043100E843900007
:1090C000D0E40202421B00042F0090001B0037A1D5
:1090D0000020421B00442E00B020970017A100E0A2
:1090E0004392F430E40069C39300043101BC60038F
:1090F0000010E400682B4F00043300E043915B3024
:10910000E401BC60030010B401BC60030010A601C0
:10911000BC60030210B501BC602304D0B400685EDB
:109120004B06A44900E001CB002072020681AB008F
:1091300004930280B0E70004930203B0E7000493B5
:1091400001BC600704F7A60288421B00044101BC71
:10915000600F0017A60282421B00044101BC601789
:109160000017A6010C81430017A50068DE97006474
:109170004400885E9B0037A600E04466F4CC3C01C6
:1091800081E005872C3901826005872C390183E055
:1091900001872C3903BFDE02F0049300E001CF0009
:1091A000207303BFDE02F0049303205E02F0049AF2
:1091B0000181E00209104800E001D7002075031E7C
:1091C000DE02F0047A01BC60030017A2006A5E238D
:1091D0000004530102428F0017A201855E8A091024
:1091E000480180E0061030810284DE5300045A00FA
:1091F000B000770017A100E05E840437A100885E0C
:10920000870057A100E05E870D57A103BFDE02F083
:10921000045B01BC60030D57A10068002700047ABD
:1092200000E05E8401F7A101BC6023009065008826
:1092300041970030B601BC60030010B400905E8717
:109240000050A601BC60030110B501BC602300B052
:10925000B40317DE02F004630397DE02F004640037
:1092600020DE8700446D0020DE8700246A01B85E9E
:1092700022D0168001805E8AD0368103BFDE02F0E4
:10928000047301BC5E22D0168001845E8AD03681D0
:1092900003BFDE02F004730020DE8700247101B8F2
:1092A0005E22D0368101805E8AD0568203BFDE0204
:1092B000F0047301BC5E22D0368101845E8AD056F0
:1092C0008201886002F430A800B05A030010B00098
:1092D000B05A070010B1028042A300047600E042B9
:1092E000A30090A800B05A0B0010B000B05A0F00B5
:1092F00010B10187600610908400E05E2700378976
:1093000001DA5E270010EE01BC60030010B401BC5E
:1093100060030350A600B000330010B50284DE5392
:1093200000048400E0606803B0A600E042980430C6
:10933000A600B000370010B501BC602304D0B40112
:10934000846006F2979401866002091048039EDE4D
:1093500002F0048E0280441F00049100B05E3F00C2
:10936000114501BC600300178F00B05E43001785F4
:1093700000B05E0F00179003BFDE02F0049100B052
:109380005E0F0017850280441F00049100A044B6C0
:10939000F0B14501BC600301104201836006F29701
:1093A00094018460070011E003A05E02F005BA0298
:1093B000065EAF0005BC0186E006F577AB01BC6038
:1093C0000300108000025E02F00D3703BFDE02F0E2
:1093D000072003A15E02F00527011400630017A116
:1093E0000068DE8700E49F0181600609104803BF22
:1093F000DE02F00527028500630004A10183E00678
:109400000D906C01816006F5D7AE011C508F0003F2
:10941000BD0206508F0004A900B044670010F3009D
:10942000B0446B0010F401BC63FF1FF0D301BC63B8
:10943000FF1FF0D400B042170310850020600E8695
:1094400024D0018760040310A000B000630010B4B2
:1094500001BC60030B10B500B0006300F0B4020360
:1094600000C70004BB020CD0030004BB028050C73D
:109470000004B300B054130017A100E05E868074AE
:109480001A00B0506B0010E400B0421302108402C6
:1094900009502B0004BB00B0421300308401D2E01D
:1094A0003AA030E0028050C70004C101D2E052A0CF
:1094B00030E003BFDE02F004C10202D0C70004C1E5
:1094C00000B0505F0010E000B050630010E100B049
:1094D00050670010E200B0506B0010E400B042137F
:1094E00002F084020050C70004CB018AE00E109005
:1094F0008401BC60FB1C10E501BC60030890E60021
:10950000B000630010B401BC60030210B500B000ED
:109510006304D0B4018460070011E001BC60030063
:10952000178E03BFDE02F005C700E001C7002071FF
:1095300000B000630010B401BC600302D0B500B0FD
:10954000006304D0B403BFDE02F0055403225E02C0
:10955000F004D200E002A70020A901035003001785
:10956000A100B85E870037A101875E8610108002D7
:109570000400BF0004E0032BDE02F004E002000060
:10958000F30004DA00E8002300514201BC600A281D
:10959000514203945E02F004E000B0058B001064B9
:1095A00000E05823003608006858030004E000B0CB
:1095B000446700111200B05803001115020CD003CB
:1095C000000526020300C70004F300B050CB0010D2
:1095D0006501BC600300168500E05A3300368C023A
:1095E0000350C70004E800E05A2700368903BFDEB5
:1095F00002F0052701BC60030017B200B05A0B004F
:109600000B8301385A130017A101BC5A06F430E04D
:10961000013C5A130017A1017C5A06F430E1018184
:10962000E0061090840185E0070010E30185E00763
:109630000010C30282D0C70004F803BFDE02F004AA
:10964000FB0202D0C70004FD00B02A330017A101BD
:10965000B8506EF430E000B050730017A101B82A82
:1096600036F430E1028242130004FB00B0507B006C
:1096700010E400B042130210840185E0061C30E1C2
:1096800000B04213007084018760040310A002033D
:1096900000C700051300B050CB001065006D5ECA16
:1096A000D1C5030185E0021870C300E05ECB00362F
:1096B0008E01BC601B1FD06500E04196F65065002E
:1096C000B050970016800068DECB00050B01BC602F
:1096D000230150B800E001F300207C00682E0F0049
:1096E000251103BFDE02F0051E00B05ECB0010B5F1
:1096F00000B000630870B4028342D300050D01BCC2
:1097000060030170B80068AE0F00251E01BC600345
:109710000170B802BC506700051D03BFDE02F005F2
:109720001C010CD0030017A103A95E02F00519016A
:10973000BC60230150B800E001F300207C00685EAB
:109740008700651C03BFDE02F0051E01BC6003013B
:1097500070B800685E8700451E01BC60030170B8E8
:109760000181E0021710B801BC600300F0A501BC44
:1097700060030E10B500E001F700207D00B000632B
:109780000010B400B0006300F0B400B042D3001881
:1097900000018860080310B4018160060D906C031D
:1097A000BFDE02F005540202D0C700052D00B05004
:1097B0006F0010E000B050730010E100B05077006F
:1097C00010E20282421300052C00B0507B0010E42E
:1097D00000B0421302F08400E05E9F0037A703A1AF
:1097E0005E02F0053601BC60030017A70187600424
:1097F0000310A000B000630010B401BC60030E10A1
:10980000B500B0006300F0B4018860080310B40331
:10981000BFDE02F0054900B0017B00106500B05AC0
:10982000030010E500B05A070010E600B05A0B0024
:1098300010E70068A04B00053C00E05E2700378978
:109840000068204B0005400185E0070010E301851A
:10985000E0070010C300B0421301108401DA5E2754
:109860000010EE0187600610908400B042131C10B7
:109870008401BC60030010B400E0606803B0A6007F
:10988000B000970010B501BC602304D0B40184601F
:10989000070011E003BFDE02F005A901085E4B00DE
:1098A00017A100685E87002554020250030005538B
:1098B000029E509F0005500201D00300055000E0B9
:1098C0005E2700378901585E2700142D01DA50B752
:1098D0000010EE0187600610908403BFDE02F005E1
:1098E0005401BC600300142D0104C1070017A1003E
:1098F000680EF700055900B00EF70017A100901C84
:10990000BAF437A103BFDE02F0055B03225E02F06A
:10991000055B0103DE530017A100B05E870017A2AC
:1099200002005EFF00055E01BC60030037A2006814
:109930002B4F00056001BC60030037A202885E4B1C
:1099400000056300685E4B06856301BC6003001779
:10995000A200688EF70005650183DE86F297940108
:1099600083DE8684F4270281C21300056B01865EC4
:109970008B0010E3018660070010C30181E0061030
:10998000908403BFDE02F0056D01865E8A1C70E3E1
:10999000018660061870C302B847A70005A502A09B
:1099A00047B70005A703A95E02F0057501085E4BE5
:1099B0000017A100685E870025A6021E509F0005C3
:1099C000750185E0061C70E30185E0061870C3018F
:1099D0001400630017A10068DE8700857E00B001D7
:1099E000530017A20068DE8BFFE57A00684247004B
:1099F000257B0068DE8A84C57E01856002091048E7
:109A00000186E0021C70E30186E0061870C30110B5
:109A100050070017A600685E9B0005A601BC600306
:109A20000011E4013A500700178000885E030077B8
:109A30008000E000AEF010640068DE9B00458B0201
:109A400007D00300058901BC602B11F7A200E05E7E
:109A5000000B37A300025E02F010D601BC602306A3
:109A6000906401BC60470017A200025E02F010FE85
:109A700000685E9B0045A701A46046F471E00068A1
:109A8000DE9B00C59901BC611300B7A1020600F37B
:109A900000059201BC601300B7A10192C21AF4370D
:109AA000A203295E02F0059701BC60030011EE00DD
:109AB0009042E70091EF0192E00EF437A200B05E11
:109AC0008B0011EC03BFDE02F005A700685E9B006F
:109AD000659E00685E9B00A59E00B0502F0011E2BD
:109AE00000B050330011E203BFDE02F005A701878A
:109AF00060023D11E80068DE9B00A5A101876006B9
:109B00003D11E801BC60030011EA009042E70091BA
:109B1000EB0192C21B00B7A201B85E8A3D11E803B7
:109B2000BFDE02F005A7018460070011E001BC6000
:109B30000300112D00B0448300142C03A3DE02F0B7
:109B400005BD01BC600300178E00685E4B05A5AD26
:109B5000020050030005B70183E00609104800B079
:109B6000412300180001BC600306378E00685E4B7D
:109B700005A5BC00E002A30020A801BC600304B757
:109B80008E03A95E02F005BC00685E4B0425BC0193
:109B9000BC600306B78E03BFDE02F005BC01816026
:109BA00006F577AB00B05E0F00178500025E02F08D
:109BB000109501BC600300178C01BC600300178D79
:109BC0000323DE02F005C7020680C70005C6010CAC
:109BD00081430017A10068DE870065C60108421BAB
:109BE0000017A10068DE870005C601BC607F1FF773
:109BF000A101E05E861070830182E005872C3900A8
:109C0000E04467258C3B0187E006107083006D00FF
:109C1000A70085D903295E02F005D9020300C70019
:109C200005D600B050CB0010650282D0C70005CE2B
:109C300000E05A2300368803BFDE02F005CF00E0C3
:109C40005A2700368900682E0F0025D600E05ECB2B
:109C50000037B2010A5ECB0017A100E050CAF43011
:109C60006500D06006F657A200205A1AF445D603C4
:109C7000BFDE02F005D000025E02F012360350DEB5
:109C800002F005D603BFDE02F0063D02055EAF001E
:109C900005DB0187E00626713303BFDE02F0000218
:109CA0000190600A8634310282D0C70005E5013C8C
:109CB00050270017800109502B001781010750071A
:109CC0000017A101825E86F0378100B0501F00109E
:109CD0008A00B0500F00111603BFDE02F005EB0141
:109CE00038505F001780010A502B0017810107D000
:109CF000070017A101825E86F0378100B050230073
:109D0000108A00B0505B001116020300C70005F076
:109D1000020CD0030005F002085E070005F00138D0
:109D200054070017800190422AA1308A028050C750
:109D30000005F901BC600305B79203BFDE02F00322
:109D40001B01906006863431020300C70005DD0266
:109D50000CD0030005DD00B0001F0017A100E05E7D
:109D60008680741A03BFDE02F005DD01BC600306C5
:109D7000379203BFDE02F0031B00E0135F0024D71D
:109D80000204DEB300000200B0130B0010650119DD
:109D900098870017A101095A130017A201895E864E
:109DA000D0968400B013070017A3006DDE849826B8
:109DB0000400B05E870017A301885E8ED0968400F1
:109DC00068DE8AF4210E01BC63FF1FF0D000B05A98
:109DD000130010F001BC60030017A501825E961EFF
:109DE00010F001BC63FF1FF0CF01BC601B00F0EF5F
:109DF00001BC63FF1FF0D100B044670010F101BC4B
:109E000063FF1FF0D200B0446B0010F201BC60038E
:109E10000404D801BC63FF1FF0C301BC60031C1025
:109E2000E301BC63FF1FF0C400B052130010E40153
:109E3000BC63FF1FF0C500B0522F0010E501BC63EA
:109E4000FF1FF0C600B052330010E601BC63FF1FD5
:109E5000F0C700B052370010E701BC63FF1FF0C825
:109E600000B052170010E801BC63FF1FF0C900B03A
:109E7000521B0010E901BC63FF1FF0CA00B0521F63
:109E80000010EA01BC63FF1FF0CB00B013470010C5
:109E9000EB01BC63FF1FF0CC00B0134B0010EC01D2
:109EA000BC63FF1FF0CD00B0134F0010ED00B013E6
:109EB0006700106201BC600300281100025E02F01E
:109EC000107400025E02F00D2F01BC602B1877A108
:109ED00000025E02F00127016040670011C000E04F
:109EE00040649B17A100E05E870097A101BC63FF5F
:109EF0001FF0C001BC600301550101D2DE86A03015
:109F0000E000905E870177A101BC60030797920192
:109F100090600A09104803BFDE02F0035301BC60E1
:109F2000070011C101BC602B1817A101BC60030020
:109F300017A200025E02F0012B01BC60030011C1F8
:109F40000002DE02F000000201C2E3000665020327
:109F500000C700064200682E0F002652006E4246DF
:109F6000F6465203BFDE02F00644006E424700266A
:109F700052020300C700064F0355DE02F0064401FB
:109F8000806002861430013850830017A100B05061
:109F9000CB001065006DDA32F42C6200A841231466
:109FA00010480114006300106500E041970ED06571
:109FB00000E05A0300368001BC621F0011E003BFBD
:109FC000DE02F000120181E0068634310191600E5C
:109FD00084F42703BFDE02F00665013C50670017DA
:109FE000A101AC5E861750BA01BC60030190B802B3
:109FF0000300C700065F0068AE0F00265A0181E02B
:10A00000021710B80350DE02F0065803BFDE02F05C
:10A01000066500E82E0F002B8300B05ECB0010B564
:10A0200000B000630870B4028342D300065D03BF32
:10A03000DE02F006600186E0040310A000025E026A
:10A04000F001E603D5DE02F00C6203D6DE02F00C6E
:10A050007A0350DE02F0066103BFDE02F003C301A3
:10A06000BC600300F0A50182E00209104801BC6257
:10A070001F0011E001BC60030011EC01BC600F0087
:10A0800011E80285500B00066C018260020910483D
:10A0900003A0DE02F0067003D5DE02F00C6203D6E8
:10A0A000DE02F00C7A03205E02F006760188600280
:10A0B00009104801BC600300083100685E4B18A01D
:10A0C000020068DE4B07867500025E02F006370369
:10A0D000BFDE02F0001201BC60030037A100025E87
:10A0E00002F00E9603A3DE02F00012020050C70039
:10A0F000068201BC600300108001826006091048DE
:10A100000180600286343100688EF7000680010409
:10A11000C1070017A10183DE86F2979400E001CB0E
:10A1200000207203BFDE02F0020D00B0010B001729
:10A13000A1006DDE840806C300E844640877A1002E
:10A140006E5E840826C30187E006F577AB02020045
:10A15000BF000697028881AB000697028400C70003
:10A1600006970129500B0017A10068DE87020697A9
:10A170000282DEBB0006970203C5730006960283C7
:10A18000DEB30006960286ABD30006920282DEBBE7
:10A1900000069200682AE7000697006DDE2F01E6B0
:10A1A000970182E006F7F7BF01BC613B0417A100ED
:10A1B000E04466F42AA903BFDE02F0001203BFDE0A
:10A1C00002F006C301BC600300114902825EAF00C9
:10A1D00006B201826006F577AB00B0446700081C48
:10A1E000020400BF0006A30068451F0006A3018506
:10A1F000E002F577AB032BDE02F006A10185E00655
:10A20000F577AB00B0058B00106400025E02F01120
:10A210009700B0014B0017A20208421B0006A600DF
:10A22000B0016B0017A200685E8B0006AE0090457F
:10A230002B0097A10080DE86F457A1006E20BA0D96
:10A24000A6AE00B041B700082E00E120BA23282FA7
:10A2500000E0DE86234C4500B041B6F4282E02050E
:10A260005EAF0006B001BC610300113300E10D8256
:10A2700029436000E08D8700036100E8446503978F
:10A28000A5006D5E970100C1020200BF0006C0007C
:10A2900068DE4B06A6B70184E002F7F7BF0068DE70
:10A2A0004B0406BA0282DEB30006BA01BC600300AA
:10A2B0000B0A02045EB30006BD0068DE4B0626BD35
:10A2C00000025E02F0158F00025E02F0123703A357
:10A2D000DE02F006C00183E002F597AC00025E02E8
:10A2E000F017C001826002F577AB03D15E02F00087
:10A2F00002020050C30007190325DE02F006C70161
:10A3000083600684F42703BFDE02F006F9020CD056
:10A31000030006F7020300C70006E601140063000D
:10A3200017A1006DDE870086F701BC60030017806F
:10A3300000B050CB00106500B050CF001064018118
:10A3400060060D906C0182600686343100B05A239D
:10A350000017A101BC600300168801BC5A2AF4371B
:10A36000A101BC600300168A00B05E8700148F0054
:10A37000B05A270017A101BC600300168901BC5A1E
:10A380002EF437A101BC600300168B00B05E87007D
:10A39000149000B05A1B00148D00B05A1F00148E88
:10A3A00001BC60030016040068DE030006E302033C
:10A3B00050C70006E20100509F00178001805E0236
:10A3C00091B48D01BC5E0292149001BC6003003711
:10A3D0008000025E02F016E400B05E0300148C03FD
:10A3E000BFDE02F006F20068C2470006EB0181E022
:10A3F000068634310191600E84F42701BC600300AD
:10A40000143003BFDE02F0000200B0509F0017A11D
:10A4100000025E02F001E500B05E870014270186AD
:10A42000E0040310A000B04283001800010CD00328
:10A430000017A10068DE870066E6010250C700171A
:10A44000A101805E8684F427018AE00E84F427004F
:10A45000B050BF00142603BFDE02F006F90186E00B
:10A46000040310A00200509F0006F90286C10700F5
:10A47000071403295E02F006FE00B0523300142DCB
:10A4800000B052370017A1019E5E8684F42700B009
:10A49000509F0017A10180DE86F437A1020580C31A
:10A4A00000070500B0303B00108F00B030370010BF
:10A4B0008E00B050D700108D00B050D300308C000B
:10A4C000B050BB00108F00B050B700108E00B050DD
:10A4D0009B00108D01806006F4308C020250C70092
:10A4E000071100B0524300108F00B0523F00108E91
:10A4F00000B0523B00108D011A52370017A101988D
:10A50000DE870437A101B85E8691B08C01826002BB
:10A51000863431018160020D906C01BC600300142F
:10A520003401BC60030014350325DE02F007170177
:10A530009C600284F42703BFDE02F0071B028550F3
:10A540000B00071900A850C70D143101BC600300AF
:10A55000143001816002F5D7AE0183600284F427D4
:10A560000185E00209104801BC600300142E03A21B
:10A570005E02F0020D03BFDE02F000120323DE02D2
:10A58000F0079103A35E02F0079103A2DE02F00739
:10A590009101816006F577AB03AA5E02F007910195
:10A5A00083E0020910480351DE02F0072C02068006
:10A5B000C70007290182E001872C3900E0026B0007
:10A5C000209A0180E006F577AB03BFDE02F0073189
:10A5D0000301DE02F0072F00685E4F06272F01BC43
:10A5E00060030017A803A45E02F0073103C1DE0276
:10A5F000F0079402045EB300073A01846002F59705
:10A60000AC0183E00209104800B02B3F0017A10005
:10A610006D2AEEF4200200E0027B00209E01BC6067
:10A6200003000ABB00025E02F0159203BFDE02F0D7
:10A6300000020203DEB300074A0183E002F597AC93
:10A6400000E020CF00283302015EBB00074A00B0C3
:10A650002A830017A1006D20CEF4274501BC6003BA
:10A6600000083300E0027F00209F03A95E02F0078C
:10A67000480191601A84F42703BFDE02F0036E01E3
:10A68000BC63FF1FF7A100025E02F00E9603295E75
:10A6900002F0074A0191601A84F42703BFDE02F03A
:10A6A000074A0184600209104800E10DC229437085
:10A6B00000E08DC7000371020400BF00075101BC18
:10A6C0006003001115011400630017A100E0660289
:10A6D000F4306500025E02F0109A018260020910F7
:10A6E0004800685E3B18A7550068DE3B0707560325
:10A6F000BFDE02F0000203295E02F007590201509A
:10A700000300075900685E3B04A76001F0DE1700F4
:10A71000378500A05E16F0978500685E3B062760CF
:10A720000201500300075F028780BF00075F0185B9
:10A73000E0060910480280D00300077000B05E1BDD
:10A740000017A300B0008B0017A4020400BF00078D
:10A7500066006E419730676601185A030017A3011F
:10A760001A5A030017A40068C18318076900E002A1
:10A77000930020A403BFDE02F0076B006D5E2EF491
:10A78000876B0182E00686343100E05E3300378C4F
:10A790000068DE32F4676E00B05E0F001785006D52
:10A7A000DE2EF4677C03BFDE02F0078C00B05E1F74
:10A7B0000017A300B0008F0017A4020400BF000719
:10A7C00076006E4197306776011C5A030017A3018B
:10A7D0001E5A030017A4006D5E2EF487780182E0F4
:10A7E0000686343100E05E3700378D0068DE36F4CF
:10A7F000677B00B05E0F001785006D5E2EF4678CDE
:10A800000185E00209104803D1DE02F0077E03292A
:10A810005E02F00780020300C700078100B05E0FF0
:10A8200000178500025E02F010950068418318074A
:10A83000B2020300C7000788020CD0030007880299
:10A840008350C70007880068DE4B05A78803BFDE7A
:10A8500002F016640181E0068634310068DE3B06B2
:10A86000278B00E0029F0020A703BFDE02F006C393
:10A8700000025E02F0109501816002091048032970
:10A880005E02F00791028300C700166403BFDE0278
:10A89000F006C303D1DE02F0079203A5DE02F00644
:10A8A000C303BFDE02F0001200E10DBA29436E00BF
:10A8B000E08DBF00036F0206500300079C00B0014B
:10A8C000030017A1006D810AF4279C00E844640886
:10A8D00077A1006E5E8408279C0187E006F577ABC0
:10A8E00001085E4B0017A100685E4B05279F0068BA
:10A8F0005E870027A000B05E0F00178500025E0291
:10A90000F0109500685E3B0627A601BC60030017A7
:10A910008C0200D0030007AB01BC600300178D035D
:10A92000BFDE02F007AB01BC600300178C0203001E
:10A93000C700020D020CD00300020D019C600284CE
:10A94000F42703BFDE02F0020D006841831807B14F
:10A950000180600684F42703295E02F006C30182A9
:10A960006006863431028300C700166403BFDE022E
:10A97000F006C300E002970020A5018160020910E3
:10A980004801BC600300081200E0017B00A05E01EA
:10A99000BC60131417A1006D017AF4201201BC6091
:10A9A000130C805E03BFDE02F0001200025E02F0B4
:10A9B0000D2F0338DE02F00012039EDE02F00012BB
:10A9C00000E8444C00F7A100E85E840117A1006A8A
:10A9D000DE840107C200E85E8401118701BC6003C8
:10A9E00000118801A5E02230118001BC6003001134
:10A9F0001301BC600300111400B044670017A100EC
:10AA0000B0446B0017A200B05E8700110400B05E76
:10AA10008B00110503B8DE02F007C403BFDE02F0AD
:10AA2000001201BC600304B79201BC60030417A1CB
:10AA300001BC63FF1FF0CE00B052170010E800B059
:10AA4000521B0010E900B0521F0010EA01BC600365
:10AA50000010E4028600C30007E200B0540F0017A4
:10AA6000A20069DE8A9087D500E85212F450E40013
:10AA700068A0470007E201BC60030010E400B05486
:10AA8000270010E000B0542F0010E103BFDE02F0F9
:10AA900007EB01BC60030297A101BC60031890E8BA
:10AAA00001BC60030010E901BC60030010EA03BFB1
:10AAB000DE02F007E203A4DE02F00A5003A9DE0280
:10AAC000F00A5001BC600301D7A1020600C30007D1
:10AAD000E40280DE5F0007E900B054070010E000E8
:10AAE0006820470007E701D2DE86A030E000B054BE
:10AAF0000B0010E103BFDE02F007EB01BC5E8690A5
:10AB000010E001BC601F0010E101BC60030010E216
:10AB100000B052230010E500B052270010E600B04C
:10AB2000522B0010E700025E02F0107403A9DE024F
:10AB3000F00AB100685E4F04280701BC63FF1FF0F4
:10AB4000C300685E4F16A7F900685E4F05A7FC01B9
:10AB5000BC60031A90E301BC600306B79200685E14
:10AB60004F05280703BFDE02F0080101BC6003188F
:10AB7000B79201BC60030E90E303BFDE02F007FE54
:10AB800001BC600306379201BC60031890E3028E9B
:10AB900001AB00080102984407000BB5028046078C
:10ABA000000BB500B0204700178100025E02F010D4
:10ABB0008400E85E8400D7A1006A5E869088070062
:10ABC000E85212F430E403BFDE02F0080A01BC6070
:10ABD000030010E40338DE02F0080A0187E0061CD7
:10ABE00090E40190600A09104801BC6103043791A8
:10ABF00000685E4F16AC4000685E4F05ABB503833E
:10AC00005E02F00A5003BFDE02F00002020441635C
:10AC100000081D01876002F577AB01BC60030011DD
:10AC20004901BC6003010B8900E10DB228E36C000F
:10AC3000E08DB700036D018460020B105802055EC1
:10AC4000AF0008190187E006267133020400BF0037
:10AC5000081C0185E002F577AB00025E02F0119757
:10AC600003BFDE02F0000203A35E02F0081F000231
:10AC70005E02F017C00285C5230000020184600651
:10AC80000B10580200DEFF0008250180E002F7F7F4
:10AC9000BF00682B4F00082500E044655A4AD302E4
:10ACA000055EAF00082701BC610300113302058077
:10ACB000BF00082D01BC60131157A100025E02F015
:10ACC00001270196600E03301900B040670017A2FB
:10ACD00000025E02F0012B0203C03700082F03BF01
:10ACE000DE02F0001202875EAF00083100E0021FB2
:10ACF0000020870182600628914401BC6003010B9B
:10AD00008903BFDE02F00012020601AB0008360123
:10AD1000806001872C39020681AB0008380183E08E
:10AD200001872C390183E0020F1078028140130063
:10AD300000020200420300083D01846002F597AC66
:10AD400001BC6003000ABB01BC600300108003A3C8
:10AD5000DE02F008400190600209104800B044672C
:10AD600000179E00B0446B00179D00B0446F0017A1
:10AD70009C00B0447300179B0068DE7A23284000D3
:10AD8000E002230020880115403B001797006D80EA
:10AD9000A700884B00A05E5F003797006880A7007F
:10ADA000084B01BC600300379700B001430017A1B6
:10ADB000010C81430017A300685E8F00284F018CAF
:10ADC000E0000A17A101C9DE840527FF01BC60036A
:10ADD0001077950191E0020D906C028640370008D3
:10ADE0005500E002BB0020AE03BFDE02F00CA40160
:10ADF000BC600300148001BC600300148101B860D2
:10AE00000A04902401BC600304082401BC60030010
:10AE1000482301BC600300D02A01B360070010047E
:10AE200001BC600300080801BC600300080901BC04
:10AE3000600300080A01BC600300080B0183E00204
:10AE4000F5D7AE00E044671F4C1F0287C037000CE7
:10AE50009E00025E02F01236028640370008670349
:10AE6000C35E02F0087903BFDE02F00C9F0068C0E9
:10AE700033004877006B446583E87700B0412700D2
:10AE800017A100B0412701D04900B05E870017A18B
:10AE900000B05E870017A100B05E870017A100B068
:10AEA0005E870017A100B05E870017A100B05E8723
:10AEB0000017A100B05E870017A100B05E870017E1
:10AEC000A100B05E870017A100B05E870017A10047
:10AED000B05E8700104903BFDE02F00D1303435E2E
:10AEE00002F008620286403700088500685E5F0055
:10AEF0000C9F00685E5F004C9F0152D2030017A1B7
:10AF00000185D206F437A203BFDE02F00880013CBF
:10AF100052030017A101BC5206F437A20323DE023C
:10AF2000F008830068DE8B01CC9F03BFDE02F008CF
:10AF30008500685E8B0288850068DE8B038C9F002D
:10AF40006D403300CCA400685E5F00489800685EE6
:10AF50005F002895006800A700C88A006880A700E5
:10AF6000A88B00E0446690283001BC62C30017A1A2
:10AF70000280520300088E019652030017A1008040
:10AF8000DE8690379A0203520300089300E05E6A5F
:10AF900090379A0207D20300089300E85E6B0037EF
:10AFA0009A029E5E6B000CA403BFDE02F0089C01B7
:10AFB00052D2030017A10185D206F4379A03BFDEEF
:10AFC00002F0089C013C52030017A101BC5206F498
:10AFD000379A006E5E680BACA400685E6B000D13C0
:10AFE0000204C03B0008AE0181E0060D906C020730
:10AFF000C0AF0008A4020740370008A200E00273B7
:10B0000000209C03BFDE02F00CA400025E02F012DE
:10B010003603BFDE02F0089E00B02023000C1100B2
:10B02000B02027000C1200B0202B000C1300B02021
:10B030002F000C1400B05E7F000C150287C0AF001B
:10B040000C9E0282403B000C9E015840AF00179AB4
:10B0500001BC603F1E17A1006DDE6AF42C9E035BED
:10B060005E02F008B001BC601300104301BC60FF39
:10B070001E17A1006E5E6AF42C9E00B041232810BA
:10B080004801806002F297940184E00209104801AF
:10B090005840AF00102A006840AB002C9E01BB5EF8
:10B0A0005600900402035E570008C1020047A30047
:10B0B00008BE01BC621E3C11E001BC60030011EA45
:10B0C00000B05E6B0011EB0198601E3D11E80200BC
:10B0D00047B30008C100B05E6B0011EF01B0E0CED5
:10B0E0003D91EC03835E02F008C400025E02F012A0
:10B0F00036006D403304C8C103AADE02F008E00147
:10B10000BC63FF1FE3B301BC601F10D06401BC60CF
:10B110000300B7A101BC63FF1FE79300E04186F481
:10B12000306501BC63FF1FF60000E05E870077A179
:10B1300000025E02F00F1F0200C0770008D601294E
:10B1400040770017A2006D5E8B04C8D400E85E8BC8
:10B1500004D60001BC601F05F06300E0418EC01002
:10B1600063010C56030003B30068DE870168D60054
:10B17000B05E8B000793006DDE8701C8D900E04107
:10B180009300306403BFDE02F008C903B05E02F032
:10B1900008DF018360020D906C00681E1BFFE8E071
:10B1A00001BC601F05F06500E04194F0D06502002D
:10B1B0005A030008E0018360060D906C0020402FC8
:10B1C00008A8E201BC60030003B301BC60030007F0
:10B1D000FC0188E00F0007FD006D4033020A4A01C0
:10B1E00029520F0017930109520F0017AA0068DEB9
:10B1F0004F03A8EA0129522300179301A95E4F00CB
:10B20000379301966002F2979400E0418701F06560
:10B2100001BC600F0017A10028DE869068F101864E
:10B220006006F2979400E0419700706500E020937B
:10B2300000C82401065E530017A200A05E4F0477E9
:10B24000A10068DE870448FF0186E006F2979400BB
:10B25000B85E8B0037A200B05A030017A0020ADACA
:10B26000030008F901876006F297940284C03B004E
:10B2700008FF0203DA030008FF03AB5E02F008FDDB
:10B28000020441070008FF01806004FFA7FD0106DA
:10B290005E530017A20182DE8A00900403AADE0238
:10B2A000F0094503AB5E02F00917018460020D90BE
:10B2B0006C01BC63FF1FF79900B01E230017A200AA
:10B2C00068DEAB00290900A05E4FFF77A10068DEB1
:10B2D0008707291503BFDE02F0090B0284520F0015
:10B2E00009150204D20F00090E03B15E02F0091421
:10B2F00000B01E1F0017A203BFDE02F0090F03B348
:10B300005E02F009140200521700091500685E8BF6
:10B31000FFE91500E0015EF4506502015A4700099B
:10B320001500B01E4F001799018460060D906C0245
:10B3300000521700094303315E02F0094302020084
:10B34000BF0009430180E001610B080200521700B1
:10B35000091E0068DE4F04091D00B02AD70017A29D
:10B36000006DDE895509310202AB2F00093E0283D0
:10B370002B2F00092000685E5F00092B01BC6003D1
:10B380000017A3013852030017A30283AB2F000953
:10B39000270068DE5F00292701085E8F0017A300E1
:10B3A000695E8F00693E03BFDE02F0092B006DDE8F
:10B3B0005F00492903BFDE02F0093E02842B2F0003
:10B3C000093E0068DE8F00093E00682A9B00093EA6
:10B3D00000B02B930017A2006DAA9AF4493E0068B2
:10B3E0005EAB00493100685E4F06893103BFDE0263
:10B3F000F0093A00B02B9B0017A200B02A9B00175F
:10B40000A10283AC2700093600682C8700093700A9
:10B410006D5E8564293700B02C7F0017A2006D5E39
:10B42000895CA93900B02C4B000B110184E006F7B0
:10B43000F7BF0068DE4F02893E00025E02F017BAD5
:10B440000206DEFF00093E00E02BC7002AF100687B
:10B45000DE5F0009410068DEAB0049410180E00584
:10B46000610B0800682B4F0009430180E006F7F7E5
:10B47000BF01BC63FF1FF7A5032B5E02F009460066
:10B48000B01E4F0017A50207520F0009C2028047E5
:10B49000A30009BF028047B30009BF00E02093006A
:10B4A000882400E8208F00882301BC60030011E499
:10B4B00001BC600303D1E102065E5300094F01BCE9
:10B4C00060030491E10206DE5300095300E0478760
:10B4D0000051E10207D20F00095300E047870091B5
:10B4E000E1006D403302CA4A00685E4F058956008C
:10B4F00068DEAB0049C203AB5E02F009590200529C
:10B50000170009C2020580F300095E00685E97FF1C
:10B51000E95B00E05E970097A50068DE97FFE95EB3
:10B52000028052170009C2020700BF0009C201BC15
:10B53000601B0437A20090478700306500E0419609
:10B54000F4506500E0478701081A03835E02F009A2
:10B550006500025E02F01236006D40310349620060
:10B560006D4031034A4A01BC600B1D57A10068DEE3
:10B5700097FFE975010F5A070017A5031EDE02F0B9
:10B58000097502005217000975032C5E02F009C20A
:10B5900000685E67FFE97500E05E6700979900E06C
:10B5A0005E66F43064012A58030017990100DE97A3
:10B5B0000017A500E05E66F4B79900E05E6700370B
:10B5C00099011558030017A603BFDE02F009850094
:10B5D000E05E96F43064012A580300179902058052
:10B5E000F30009840182E002F33799020052170048
:10B5F00009840116D8030017A6010F5A070017A4E3
:10B60000010CD8030017A10068DE92F4298000E045
:10B610005E6702179903BFDE02F00989010DD803A6
:10B620000017A10068DE92F429C200E05E670417EB
:10B630009903BFDE02F00989011058030017A60024
:10B6400068DE9B00C9890181DA030017A100B85E9A
:10B6500086C017A10281DE870009C200885E6700EC
:10B66000778000E000AEF0106401AADE64FF87FC82
:10B670000068DE9B0049A302078187000996006DE0
:10B68000DE030C09960285520F0009960298523B80
:10B690000009960181E004FFA7FD00E05E000B3782
:10B6A000A300E05E8F0097A300E041870077A2002F
:10B6B000025E02F010D600E8208F01082301BC6072
:10B6C0002306D78100885E970077A100E85E86F4A4
:10B6D000B06301BC60070E17A100E0418EF4306337
:10B6E00000B056170017A100B0561B0017A2006843
:10B6F000DE86D049C20068DE8AD069C200025E02DE
:10B70000F010AB01BC602306906401BC624F0017CF
:10B71000A200025E02F010FE00E047870217A103BC
:10B72000835E02F009A7006EC032F429A5006EC046
:10B7300032F42C9E00685E9B0049BF01BC621EF47F
:10B7400071E00068DE9B00C9B201BC611300B7A1C3
:10B75000020600F30009AE01BC601300B7A101BCF2
:10B7600060030011EE00B05E6B0011EF0192E00E7D
:10B77000F431EC03BFDE02F009BF00685E9B006994
:10B78000B40068DE9B00A9BF019860063D11E80087
:10B79000E0209300882400E8208F00882301BC600B
:10B7A000030011EA0068DE5F0049BA00B05E6B007A
:10B7B00011EB0192DE5E3D11E8018760023D11E868
:10B7C0000068DE9B00A9BE018760063D11E8019874
:10B7D00060163D11E80181E004FF87FC01AADE64E8
:10B7E000FF87FC03BFDE02F009C701BC620F001136
:10B7F000E001BC60030011E40181E000FFA7FD014E
:10B80000BC600F0011E801BC60030011EC02001FD6
:10B81000F70009CE00E0208EF3482300B02093000B
:10B82000102500E8208E04A823006AA08F01C9CE4D
:10B8300001B860060490240182E006F29794018822
:10B84000600A00900401BC600318779503A0DE0233
:10B85000F009DB00685E4F06A9E0013852030017CB
:10B860008000B05E5F0017810204DEB70009DA00D5
:10B87000685E070009D901BC600301778001BC60E4
:10B880000300378103BFDE02F009DA01BC60030167
:10B89000578000025E02F001430068DEAB0049E021
:10B8A00000A05E4F0477A100685E87004C2D006801
:10B8B0005E87044C2D03BFDE02F00E35018060016F
:10B8C00086EC37006EB083002A1C0068DE4F040A45
:10B8D0001C03335E02F00A1C0180600184AC250069
:10B8E000E030B3002C2C0392DE02F00A1C00E030A2
:10B8F00093002C2400B030830017A1006D3092F427
:10B9000029EB03BFDE02F00A1A0180600584AC2532
:10B9100001BC60270897A100025E02F001270187A1
:10B92000E006032C2A00B00143000C2B03835E02C7
:10B93000F00A18006DC03305C9FB00E860BA019732
:10B94000A60080DE9B0117A500685E5F0009F60077
:10B9500080DE9B0057A500B041B7000C360080B0D8
:10B96000DB0C8C3600B041B7000C3600B030DB0089
:10B9700010400000800000000001BC601B06D06584
:10B9800001BC600300B7A400025E02F0017200680F
:10B990005E9300AA0303835E02F00A18006DC031B3
:10B9A000842A1801BC6003064C3603BFDE02F0098E
:10B9B000F70207C197000A0601385A070017BB03B0
:10B9C000BFDE02F00A07013C5A030017BB01BC604E
:10B9D0001B0437A600E84196F4D7A300885E8F00C9
:10B9E00037A300E05E8EF777A500E05E970057A5CD
:10B9F00003835E02F00A18006DC031842A18006DBE
:10BA0000C032F4AA1800E85E960197A60080DE9B7B
:10BA10000117A400685E5F000A130080DE9B0057D8
:10BA2000A400B041B70017A40080DE930C97A400D7
:10BA3000B041B70010400000800000000003BFDEEE
:10BA400002F00A0C0386DE02F00CA103BFDE02F056
:10BA50000D8B0180600184AC2501BC6003000C24C7
:10BA60000386DE02F00CA10287C037000C9E0002A4
:10BA70005E02F0123603035E02F00A1C03A9DE0226
:10BA8000F00A2600025E02F0123602074037000A72
:10BA9000210386DE02F00CA10287C037000C9E0055
:10BAA000025E02F00EA3006E4030020A500301DE77
:10BAB00002F00A500068DEAB000A37032B5E02F08A
:10BAC0000A2C00E0022B00208A03BFDE02F00A30BD
:10BAD00002805217000A2F00E0024300209003BFAB
:10BAE000DE02F00A3000E0025700209500685E4F49
:10BAF000040D8500685E4F028D8500685E4F020B65
:10BB0000C100685E4F050E2500685E4F060E2500D9
:10BB1000685E4F068E2F03BFDE02F00E350068DE32
:10BB2000AB002A49032B5E02F00A3B00E0022F0023
:10BB3000208B03BFDE02F00A3F02805217000A3E4C
:10BB400000E0024700209103BFDE02F00A3F00E060
:10BB5000025B00209600685E4F06AB8E00685E4F69
:10BB6000042E4D00685E4F04AE4D00685E4F05AC7C
:10BB70003200685E4F062B8E00685E4F052E230054
:10BB8000A05E4FFF77A100685E87072E4000685EC9
:10BB90004F16AC3D03BFDE02F00BB503BFDE02F073
:10BBA0000BB900E0020F00208301BC60030011EC20
:10BBB00001BC600F0011E80284C03B0009C201848F
:10BBC000E00609104803BFDE02F009C20200C0937C
:10BBD00000000203A35E02F00A5403C35E02F00AEF
:10BBE0005303BFDE02F00D1100025E02F0123602B6
:10BBF00007C0AF000A5702074037000A540107C0C8
:10BC0000AF0017A100B85E870037A101825E860DE4
:10BC1000906C00B0447F0007FE0183600209104869
:10BC20000287C037000C9E0386DE02F00CA10002E2
:10BC30005E02F0123603435E02F00A5C0287C037F0
:10BC4000000C9E0301DE02F00A7B03305E02F00A64
:10BC50007B01BC601F15506500E04194F530650123
:10BC600038402B001680012D406B0017A200885E23
:10BC70008B0137A202884027000A6A01846006D03F
:10BC8000168000B05A02F456800205C027000A6DE3
:10BC90000187E006D0168001BC601B0DD7A1000211
:10BCA0005E02F0012700B0406700168101BC601BF6
:10BCB0000DF7A100025E02F0012700B040670016F8
:10BCC0008200B05A0B0017A100E85A06F437A20010
:10BCD000E15E8AF457A100E0DE86F457A100985E89
:10BCE0008700B7A100E01EA70067A900691EA70191
:10BCF0008A7B01BC60030007A902801FF7000A7D50
:10BD0000006E4030020B890381DE02F00A8A00E0F7
:10BD100002170020850329DE02F00A8102902E27F7
:10BD2000000A8201BC6003002B8903A9DE02F00A2D
:10BD3000860184E0060910480180E00209104801EC
:10BD400084E002F7F7BF0386DE02F00CA1018060F9
:10BD500004FF87FC01806006F2979403BFDE02F0C7
:10BD60000B370068DE4F040A8D03335E02F00A8D44
:10BD700001BC6003000C2401836002F7F7BF0329B4
:10BD8000DE02F00A910288AE27000AA301BC60031C
:10BD9000000B8903AB5E02F00A9E00685EAB002ACE
:10BDA000A200685EAB000A9C010C520F0017A100B4
:10BDB000685E87002A9800685E87004A9A03BFDEA3
:10BDC00002F00AA203B0DE02F00A9E03BFDE02F018
:10BDD0000AA003B15E02F00A9E03BFDE02F00AA0D1
:10BDE00003B35E02F00A9E03BFDE02F00AA001BCAC
:10BDF0006003004B8903BFDE02F00AA301BC6003AD
:10BE0000008B8903BFDE02F00AA301BC6003002B94
:10BE1000890386DE02F00CA103AB5E02F00AA801E2
:10BE2000F0521300118601A5E00A30118003BFDE35
:10BE300002F00ACA03A9DE02F00AAE0068DEAB0017
:10BE40004ACA00B0523B00179F00B0523B0017BED9
:10BE500001BC600300280803BFDE02F00ACA0287A3
:10BE60005E53000AD703A0DE02F00AB903BFDE0268
:10BE7000F007CA0190600A09104800B0523B001751
:10BE80009F00B0523B0017BE019E5E8300B0EB01E5
:10BE900006520F0017A100B85E870037A10182DEAD
:10BEA00086F577AB01BC610300308000E8523AF3BD
:10BEB000F7A2006BD23AF3EABC00E85E7E91D7A20B
:10BEC00000905E8B0097A101BC6023011064006BA1
:10BED000523AF3EAC701185E870017A2010A5E878B
:10BEE0000017A300886006F457A200E04192F470A6
:10BEF0006400B05802F45600006BDEFA91CACA0022
:10BF0000B0523B0017BE03BFDE02F00ACA00025E59
:10BF100002F0164F00B0202300280800B0523B006A
:10BF2000179F0320DE02F00AD702075E53000ACEF5
:10BF30000180E00209104803BFDE02F00AD7006862
:10BF4000DE5F000AD4021A5407000AD20103C02798
:10BF50000017A101825E8610D0860102C02700175B
:10BF6000A100E0422AF4308A0180E004FF87FC034C
:10BF7000A9DE02F00AD700B05E4700108001085E1B
:10BF80004F0017A100685E87002B0503AB5E02F02F
:10BF90000B0902005217000AEF0068DEAB004ADD11
:10BFA00000E0025300209402865E53000B370284A7
:10BFB000520F000D130284D20F000AE203AC5E029E
:10BFC000F00AED03BFDE02F00AF8032C5E02F00A6D
:10BFD000F800685E4F040AED0106D20F0017A100B9
:10BFE000808ECF0197A200E0015E0DB0640181DE7A
:10BFF00086C3F61F0187DE8624912400683077FF10
:10C00000EAED00B04467000C1E02005E87000AEDF6
:10C0100000E0446583AC1E00685E4F020B3703BF2F
:10C02000DE02F00B24031EDE02F00AF503315E028D
:10C03000F00AF50068DEAB004AF500808ECF01976C
:10C04000A200E0015E0DB0640181E002C3F61F00B2
:10C0500068DEAB004AFA00E0023F00208F03BFDE3B
:10C0600002F00AFD00685EAB004AFD0280522F001C
:10C070000B3702024107000AFD00685E4F040B37D0
:10C0800000685E4F028B370206DE53000B02002869
:10C09000E01EF40B0200A044B703E14500B0051315
:10C0A0000017A100E05E8428A14602844107000B2E
:10C0B0003701806006F2979403BFDE02F00B37036E
:10C0C0002B5E02F00B3700685E4F05AB2400685E04
:10C0D0004F052B2403BFDE02F00B370068DEAB00F8
:10C0E0004B12006D8ECF002B1201BC6003000AB50D
:10C0F00001826002F5D7AE02805EFF000B1000687F
:10C100002B4F000B1200E044655A4AD300682B6B9A
:10C11000FFCB1200E02B6B002ADA02065E53000B05
:10C120001500E0026300209803BFDE02F00B370326
:10C1300023DE02F00B1F0129500B0017A30068DE5D
:10C140008F052B1F020680C7000B1A0182E00187B2
:10C150002C390187E00210708301846002091048C5
:10C1600000B05E870017A1006EE003002B1E03D114
:10C17000DE02F00B1F0068DEAB004B2100E002275F
:10C1800000208900685E4F000B3700685E4F010B8E
:10C190003700685E4F058B3700808ECF0197A20075
:10C1A000E0015E0DB0650020DA7F140B3702804796
:10C1B000C7000B870329DE02F00B2D0102DEAF0062
:10C1C00017A10106520F0017A200385E86F44B3704
:10C1D0000182DE8AF577AB00B052230011F200B085
:10C1E00052270011F300B0522B0011F40106520F38
:10C1F0000017A100E05E870031F500B0005B001180
:10C20000F000B047C30018000134C7C70017A100F1
:10C210006EDE8402AB3701BC60030810420283C1AA
:10C2200007000B3B0301DE02F00B3A03B55E02F0A0
:10C230000B3B02805E53000D1300B040330017A18A
:10C2400001089FF70017A200685E8B006B4300E8AF
:10C2500040310497A102811FF7000B4300B02093E7
:10C260000017A102809FF7000B4300B05E63001728
:10C27000A1006E5E84020B8900B05E870007F401A6
:10C28000816000FF87FC0202C013000B4900E05EE2
:10C29000840347F401816004FF87FC02011FF7005B
:10C2A0000B8201035E530017A10187DE84FF87FC28
:10C2B0000386DE02F00CA100025E02F01236038556
:10C2C0005E02F00B4C018E60023D11E80107C7834E
:10C2D0000017A101825E84FF87FC02019FF7000B1B
:10C2E000550103C7970017A101825E84FFA7FD00D7
:10C2F000B020330017A1018E5E84FFA7FD032A5EE4
:10C3000002F00B5D00025E02F00E870329DE02F0F0
:10C310000B5C0301DE02F00B5C0182E0060D906C09
:10C3200003BFDE02F008A401BC60030011EC01BCF5
:10C33000600F0011E801846004FFA7FD01075EAFF4
:10C340000017A10185DE84FF87FC00B040270007AD
:10C35000F600B0406B0007F800B0406F0007F9002E
:10C36000B0402B0007F701BC601B0DD7A100025E97
:10C3700002F0012700B040670017A201BC601B0D4E
:10C38000F7A100025E02F0012700B040670017A18C
:10C3900000E85E8AF437A200E15E8AF457A100E06B
:10C3A000DE86F457A100985E8700B7A101BC5E86C7
:10C3B0000147F700681F33000B7C018F60060127DF
:10C3C000F600681F33002B7900B01FC70017A100CB
:10C3D000025E02F0012700A04064F9D7A200B85E17
:10C3E00088FE17A103BFDE02F00B7A00A04138FEE1
:10C3F00017A10068DE87000B7C018F60020127F621
:10C4000001846004FFA7FD01075EAF0017A101854D
:10C41000DE84FF87FC00025E02F00EA301BC63FF16
:10C420001FD7A800025E02F0109A00025E02F00E12
:10C430008701A8600A00900402011FF700163B0064
:10C44000A8401300500403BFDE02F0072000E00202
:10C45000870020A103BFDE02F00B8A00E0020B0080
:10C46000208203A9DE02F00D130184600609104842
:10C470000184E00609104803BFDE02F00D13032B10
:10C480005E02F00BB10068DE4F06AB9200E0023BAB
:10C4900000208E03BFDE02F00B9300E00237002085
:10C4A0008D0323DE02F00BB50068DE4EF1CBB50242
:10C4B0000680C7000B970182E001872C390187E0D5
:10C4C000021070830184600209104800B05E87008A
:10C4D00017A1006EE003002B9B03D1DE02F00B9C42
:10C4E00000685E4F062BAF01BC60030008330329D0
:10C4F0005E02F00BA10203DEB3000BA20191601AF1
:10C5000084F4270183E002F597AC020200BF000B20
:10C51000AE0206ABD3000BA7020345AF000BA90187
:10C5200085E0062D716B03BFDE02F00BA902034507
:10C530006F000BA90185E0062B715B02045EB3005E
:10C540000BAE0187E0021070830183E002091048FE
:10C5500000025E02F0159303BFDE02F00BB5020588
:10C56000500B000BB50182600609104803BFDE02C4
:10C57000F00BB500025E02F00BBC0068DE4F062B2C
:10C58000B500E0024F00209303BFDE02F00BB503BD
:10C59000AB5E02F00BB702044107000BBA02834105
:10C5A00007000A5003BFDE02F00BBA028441070005
:10C5B0000A5001806006F2979403BFDE02F00A5031
:10C5C000028700C3000BC00068D213000BC001BC7F
:10C5D000600300118301BC60030011820002DE02CF
:10C5E000F00000039F5E02F00BC4039EDE02F00E1B
:10C5F0003502035E53000E35010C81430017A10084
:10C6000068DE87002BC9010001630017A10102C089
:10C61000270017A20038DE86F44BB903AB5E02F0A8
:10C620000BCB02005217000BB90280522F000BCD2A
:10C6300003335E02F00E3502181DF3000BF101BC4E
:10C64000601B06106501BC60031BB7A400025E02FC
:10C65000F0017200B05E8F0017A60068DE931BAB7E
:10C66000ED0207C197000BDA01385A070017A10144
:10C670003C5A070017A201BC5A0AF457A2013C5ABF
:10C680000B0017A301BC5A0EF477A303BFDE02F020
:10C690000BDD013C5A030017A100B05A070017A296
:10C6A00000B05A0B0017A3006D5E87008BE701BC3A
:10C6B00061BF0A17A50068DE8AF4ABE201BC6027FF
:10C6C0001357A500685E8EF4ABE601BC605F0017EF
:10C6D000A50068DE8AF4ABE701BC60171E57A50011
:10C6E00068DE8EF4ABE703BFDE02F00C2900D85EF3
:10C6F000870037A100E14196F4306500E1C1970061
:10C70000306501F041970017A200E05E8B0077A230
:10C71000006D5E8AF4CBD000E840330097A5006E30
:10C720005E96004C2900B01DEF0017A10068DE8462
:10C730000A0E35023C523F000C02013C523F0017EA
:10C74000A10068DE84048C2701BC6003161064011C
:10C75000BC601B06306500685E87002BFE00B05A87
:10C76000030017A20068DE8AC00C2700E041970092
:10C77000306500E0419300306400E85E870057A117
:10C78000006A5E87002BF700685E87000C030138A3
:10C790005A030017A1013858030017A20068DE866B
:10C7A000F44C2703BFDE02F00C030285C107000E24
:10C7B0003501BC601B06106501BC600305B7A40011
:10C7C000025E02F00172028000C3000C2701BC600F
:10C7D000131417A600E0017F00B7A5006D5E96F464
:10C7E000CC0B01BC60130C97A500685E940BCC2B9E
:10C7F00000B0017B00106500B052270017A200B006
:10C80000522B0017A3006841940BEC160068DE8ED3
:10C81000D04C1200685E8AD02C2700E0419700B00F
:10C8200065006D4196F4CC0F01BC60130C9065035C
:10C83000BFDE02F00C0F00E0028B0020A200B0016E
:10C840007F00106500B0522300168000B052270010
:10C85000168100B0522B00168200808ECF0197A265
:10C8600000E0015E0DB0640203587F000C2001BCA3
:10C87000602F0037A103BFDE02F00C2101BC520281
:10C88000F2F7A101A95E02F4368300904467011615
:10C8900084020281AB000C250068DE9305AC260102
:10C8A000846006D0968400B05E9700005F02078126
:10C8B000AB000C2901806006F2979403AB5E02F096
:10C8C00007DF03BFDE02F00A5000E0028F0020A362
:10C8D00003BFDE02F00BB903835E02F00C2F006D84
:10C8E0004033038C2D006D4033038BB9032B5E0264
:10C8F000F00E3903BFDE02F007DF032B5E02F00CFF
:10C900003700E0023300208C020681AB000C3601B8
:10C9100083E005872C3903BFDE02F007E100E00267
:10C920004B002092008800230037A200E05E8800C0
:10C93000F7A200E0001AF451890186E00630118068
:10C9400003BFDE02F00BB5032B5E02F00C3800E0F3
:10C9500013530024D403BFDE02F007DA0204524767
:10C96000000BB501BC601F10F06401BC60030177CF
:10C97000A101BC63FF1FE79300E04186F43065012D
:10C98000BC63FF1FF60000E05E870077A100025E37
:10C9900002F00F1F0200C077000BB501294077009D
:10C9A00017A2006D5E8B04CBB500E85E8B04D60049
:10C9B00001BC601F05F06300E0418EC010630200FF
:10C9C000D603000BB502065603000BB50184E00642
:10C9D000F597AC0116D6030017A200885E8B00778E
:10C9E000A200E0019EF4506500B041970004C2012E
:10C9F000BC602B1817A100B05A0F0017A200025EEE
:10CA000002F0012B01BC602B1837A100B05A1300B3
:10CA100017A200025E02F0012B00B0418B0004D986
:10CA200003BFDE02F00BB503A2DE02F000C203A3D7
:10CA3000DE02F00C7A00E001FF00207F01BC600301
:10CA40000017A303BFDE02F00C7C01876004031013
:10CA5000A001BC60030051E400B04793001800013E
:10CA6000BC600302900401BC620F0011E001BC60D5
:10CA70000F0131E800B047A300180001BC600F00AF
:10CA800011E801BC60030131EC00B047B3001800AD
:10CA900001BC60030011EC0184600609104800200D
:10CAA000601E090C7100E001FB00207E03BFDE0266
:10CAB000F00C8501BC60030ED7A1011400630017C0
:10CAC000A200E05E86F4506500E05A030036800262
:10CAD0000300C7000C7703A95E02F00C7C029150A2
:10CAE0009F000C7B0191601A84F42703BFDE02F0E3
:10CAF0000C7B00E001FF00207F01BC60030037A336
:10CB00000323DE02F00C850183E002091048018452
:10CB10006002F597AC01BC6003000ABB01BC600376
:10CB200000178E020680C7000C830182E001872C6B
:10CB3000390187E002107083018260020910480306
:10CB4000D0DE02F00C8603D05E02F00C870182E09A
:10CB50000209104803D5DE02F00C8901BC60030015
:10CB600010B401BC600300F7A1006800A7000C8DA1
:10CB70000185421AF437A100025E02F0012700B0DD
:10CB800040670017A501BC63FF1FF7A200025E0209
:10CB9000F0012B008860070157A400B85E86F49767
:10CBA000A100025E02F0012B0283C21F000C940060
:10CBB000025E02F0114C02844523000C9603D0DE85
:10CBC00002F00C9800685E8F0000020020E01E0951
:10CBD0000C9C00B05E9700142E03BFDE02F0036EC3
:10CBE00000A8412300F04803BFDE02F000020183E9
:10CBF000600209104800E0021300208403BFDE0237
:10CC0000F00CA401BC6007001042006E4030020C22
:10CC1000A400E0027700209D00025E02F0170A03E4
:10CC2000A35E02F00A5003C6DE02F00CA7032ADE60
:10CC300002F00CAE00B0304700080800B0304B00E6
:10CC4000080900B0304F00080A00B0305300080B4C
:10CC500000B0305700179F03BFDE02F00D130184B0
:10CC6000E00609104803BFDE02F00D13020681AB97
:10CC7000000CB30281B0E70000BD028330E7000082
:10CC8000BD028445230000BD0320DE02F00CBB0082
:10CC900068A0C7000CB801BC609F0217A100E04467
:10CCA00066F42831006B4465062CBC0020E10209C3
:10CCB00000BD00025E02F00D2F01BC6003000831D0
:10CCC0000020E38A0900BD028445230000BD00B0B6
:10CCD0005E870017A103915E02F000BD0396DE029D
:10CCE000F000BD03965E02F000BD00025E02F00D92
:10CCF0002F00E10DB228E36C00E08DB700036D0159
:10CD0000BC600300114701BC6003006020006801A3
:10CD100073000CD701BC60130890E600025E02F0BD
:10CD2000016A00B001730010E401BC60030000065A
:10CD300001BC600300005C01BC600301D78201D22A
:10CD4000DE0877F0E000B00F030010E100B000470C
:10CD500000108600B00F1F00108A01BC600300376E
:10CD60008100025E02F010700190600A0910480113
:10CD7000BC610300308003BFDE02F0000201BC6032
:10CD8000030030420187E00224712300025E02F0BA
:10CD900014DB03975E02F00D4303125E02F00CDA1F
:10CDA00001BC600300402001BC6003000B8901BC92
:10CDB000600300114901BC618300112500B0007BB4
:10CDC00000112701BC60130C805E01BC60130C8055
:10CDD0005F0180E006F5D7AE0107C1070017A1018A
:10CDE000805E86F577AB01BC600F0011E801BC6284
:10CDF0000F0011E000025E02F00CF701BC61CF0CE5
:10CE0000105C01BC600300105D01BC61CF01F05EED
:10CE100001BC603B0AF05F01866005610B080002FF
:10CE20005E02F0145C01866001610B0801BC6003C6
:10CE300000082E020300C700001201BC60030006B8
:10CE4000B201BC60030006B701BC60030006BC0170
:10CE5000BC60030006C103BFDE02F0001201BC602B
:10CE6000430017BB00A04122F7704801BC63FF1FBD
:10CE7000F05401BC63FF1FF05501BC63BF1FF056A7
:10CE800001BC63FF0FF05700025E02F0170A018732
:10CE9000E00624712301BC600300105401BC600350
:10CEA00000105501BC600300105601BC6003001067
:10CEB0005701BC600F0020170106C1070017A10130
:10CEC000825E8402E017010741070017A100B85EE7
:10CED000870037A10180DE870000160002DE02F025
:10CEE00000000285C03700000200025E02F0123628
:10CEF00002864037000D0A00E0021B00208601BCBC
:10CF00006003010B890386DE02F00CA10287C037A3
:10CF1000000CA100025E02F017D003BFDE02F00099
:10CF20001201B8600A04902403AA5E02F00D1601F3
:10CF300058600300102A01BC600302900400B04056
:10CF4000130018000183600209104801806000FF8F
:10CF5000A7FD00025E02F0123603855E02F00D1A94
:10CF600001BC620F0011E001BC600F0131E800B0AC
:10CF700047A300180001BC600F0011E801BC60036A
:10CF80000157A100E85E870037A10068DE87000D29
:10CF90002101BC600302900400B04013001800019E
:10CFA000BC60030131EC00B047B300180001BC6065
:10CFB000030011EC0324DE02F0072001866006F571
:10CFC00077AB00025E02F00D2F0180600610308109
:10CFD00000B05E870017A10180600210308103BF9E
:10CFE000DE02F00720020601AB000D310180600176
:10CFF000872C3901BC610300108000B04203001887
:10D0000000006EE003002D3403505E02F00D370087
:10D01000015E02F0000003BFDE02F00394018460B1
:10D0200002F597AC01BC6003000ABB00A8412304D1
:10D03000F048018260020910480206DEAF000D3E92
:10D0400003D5DE02F00D3E0350DE02F00D3C01BCC4
:10D0500060030010B40284C783000D4101BC600B63
:10D060000011E0018E6002F577AB0002DE02F000F5
:10D070000003A2DE02F000BD02BC4287000D4A019F
:10D08000BC60030037A401BC60031FF7A3011400B8
:10D09000630017A200886006F457A203BFDE02F007
:10D0A0000D4F008860070117A401BC63FF0017A3A0
:10D0B000011400630017A200E05E8B0117A2008834
:10D0C0006006F457A201BC60131B906501BC601B95
:10D0D00018506401BC60030017A50020C286F48DBF
:10D0E0005900E0419706D06500E0419301F06400EB
:10D0F000E05E970037A500885E930037A400205EAD
:10D1000092F46D7803BFDE02F00D520068DE92F4F7
:10D110004D5E00680083006D5E03A0DE02F00D5ED0
:10D120000020C123160D5300025E02F00D2F006D8A
:10D13000DE93200D74020300C7000D68006DDE97BA
:10D14000008D6801BC600300160801BC6003001676
:10D150000901BC600300160A01BC600300160B0144
:10D16000BC600300160C01BC600300160D01BC601E
:10D170000300160E02005AC3000D73023C5A9F00B2
:10D180000D7300680083006D730385DE02F000BD3F
:10D1900003855E02F000BD03A2DE02F000BD03A322
:10D1A000DE02F000BD0397DE02F000BD00B0419743
:10D1B0000010600191600A84F42703BFDE02F003CF
:10D1C0006E01806002D616B000B05E930010A1011F
:10D1D000836002F7F7BF01BC600300304303BFDE8A
:10D1E00002F00D53006880830060BD03BFDE02F0D3
:10D1F0000CDB0283C21F00000200B05E870017A193
:10D2000003D0DE02F0063D01BC6003041042039E21
:10D21000DE02F0001200B05E3F00114501BC600369
:10D2200000178F00B05E4300178500B05E0F001737
:10D230009000025E02F00D2F03BFDE02F00012002C
:10D240006D4033058BBA03AC5E02F00D8A00685E58
:10D250004F028DEB00E0026700209903BFDE02F071
:10D260000DEB00685E4F028DEB028030DF000D8E0B
:10D2700000E0025F0020970180600586EC37000225
:10D280005E02F00EAF01866002F5B7AD018260026A
:10D29000F5D7AE01BC6003000AB5039EDE02F00DB7
:10D2A000A00321DE02F00DA000E0026F00209B0031
:10D2B000025E02F00D2F0186600209104800A841AD
:10D2C0002301304801BC60030210420280441F0069
:10D2D0000D9F00B05E3F00114501BC600300178F39
:10D2E00000B05E4300178500B05E0F00179003BFCB
:10D2F000DE02F00DA000A044B6F07145028200C32A
:10D30000000DEB00B000730017A100E05E86B017BF
:10D31000A100E15E7AF4379E00E1DE7700179D0000
:10D32000E1DE7300179C00E0DE6F00179B039EDEBA
:10D3300002F00DAF006E5E6E924E21006D5E6E9239
:10D340004DAF006E5E72922E21006D5E72922DAF17
:10D35000006E5E76920E21006D5E76920DAF006DCE
:10D36000DE7A91EE2102003097000DB400B05E7BB2
:10D37000000C3200B05E77000C3300B05E73000C1E
:10D380003400B05E6F000C35028201AB000DC500A9
:10D39000B0446700082D00B0446B00082C00B04476
:10D3A0006F00082B00B0447300082A0068A0B62361
:10D3B0002DAF00E920B6F3D79E00E9A0B2F3B79DE8
:10D3C00000E9A0AEF3979C00E8A0AAF3779B00E1E8
:10D3D0005E7A91F7A100B05E8700111900E1DE7658
:10D3E00092111A00E1DE7292311B00E0DE6E925162
:10D3F0001C0068DE86232DBE03BFDE02F00DEB00AD
:10D40000E9523EF3D7A100E9D242F3B7A200E9D234
:10D4100046F397A300E8D24AF377A400880ECF0022
:10D4200057A500E0015EF4B06400E95E86C9A781FB
:10D4300000E9DE8AC9C78200E9DE8EC9E78300E819
:10D44000DE92CA078400808ECF0197A501BC601FC1
:10D4500007778000E05E020DB06500885A0F00F784
:10D46000A500B05E970817A50134DA0F0017A600D3
:10D47000E95E94F037A500E8DE98F057A6017BDE60
:10D4800096F4D7A500685E96D06DEB00E85E96D066
:10D4900077A600B05E9700168300685A13000DDD72
:10D4A00000E05A16F4D68500685A1B000DDF00E034
:10D4B0005A1EF4D68700885E9B00F7A10134DE9BDC
:10D4C0000017A201BC60030017A301BC6003001792
:10D4D000A40069DE9B000DE701BC63FF1FF7A301F9
:10D4E000BC63FF1FF7A401C3DE8EF457A200E95905
:10D4F00036F4364D00E9D93AF4564E00E9D93EF4F7
:10D50000764F00E8D942F49650031EDE02F00E2159
:10D51000039F5E02F00E2100685E4F028E21032CF5
:10D520005E02F00E2101BC601B06D06501BC6003E9
:10D5300000B7A400025E02F0017202003097000DF5
:10D54000F600685E9300ADF600E030C7002C3103B2
:10D55000BFDE02F018840068DE9300AE210207C12E
:10D5600097000DFC013C5A070017BB013C5A0B0009
:10D5700017A101385A07000C2603BFDE02F00DFF89
:10D5800001385A070017BB01385A0B0017A1013C9C
:10D590005A03000C2600B05E87000C2700808ECF57
:10D5A0000197A200E0015E0DB06400B05EEF0016CE
:10D5B000280181DE86C3F61F00683073FFEE080283
:10D5C000005E87000E0800883073007126009030DE
:10D5D0007301B12800683077FFEE0C00B04467009B
:10D5E0000C1E02005E87000E0C00E0446583AC1E3A
:10D5F0000187DE86249124020680F3000E1001814B
:10D60000E002C3F61F0187E0022491240200309754
:10D61000000E2100E030B7002C2D028680F3000EB2
:10D62000140281D87F000E1F00B0309F0017A100A8
:10D63000025E02F00F0802805E8B000E1F00E85EA3
:10D640006984D7A100685E85846E1B00E030BF004E
:10D650002C2F03BFDE02F00E1F00E030BB002C2E8B
:10D6600001BC6003000C2501BC600700104303BF30
:10D67000DE02F00D1300E85E6984CC2303BFDE02F6
:10D68000F0188403AB5E02F007DF03BFDE02F00A8E
:10D6900050032B5E02F00BB903BFDE02F007DF037D
:10D6A000AB5E02F00E28032C5E02F00BB903BFDE66
:10D6B00002F00E3900B052230011F200B0522700E0
:10D6C00011F300B0522B0011F401BC60030091F57E
:10D6D00001BC600308104200B0005B0011F003BF02
:10D6E000DE02F007DF0138523F0017A102065E5349
:10D6F000000E320138524B0017A10068DE87008E01
:10D700003503AB5E02F007DF03BFDE02F00A500014
:10D7100068DE4F020E38020781AB000E38018060D0
:10D7200006F2979403AB5E02F007DF020000F300FD
:10D730000E3E0206DE53000E3E01185E830017A166
:10D740000068DE8700AE3E01BC600B025142020061
:10D750005217000BB903BFDE02F00A5001BC600390
:10D7600000118301BC6003001182032C5E02F00EE5
:10D77000450199E00620110003BFDE02F00E4901C9
:10D7800019402F0017A100685E87000BB50199DED4
:10D790008620110003315E02F00BB500A05E3B0055
:10D7A00097A200205E4EF44BB50184600209104838
:10D7B00003BFDE02F00BB503AB5E02F00E500002B9
:10D7C0005E02F00BBC03BFDE02F00BB50068DE4F5B
:10D7D000042E5400B0523300179F00B0522F001097
:10D7E000EB0281522F0007CA00E002AB0020AA0220
:10D7F00081522F000B9303295E02F00E5A0203DEC2
:10D80000B3000E5A0191601A84F4270183E002F5F7
:10D8100097AC0208522F0007DF03BFDE02F00A5068
:10D8200001BC600300106701BC600300104601806A
:10D83000E0060930490282C11F000E6401BC603F4E
:10D840001FF06501BC600300168000E841970030BE
:10D85000650069C197000E6101BC600B001794015F
:10D86000BC60030017AB01BC60030017AC01BC60D7
:10D87000030017AD01BC60030017AE01BC600300DC
:10D8800017BF01BC63FF1FF7B501BC600300202078
:10D8900001BC60030017A100025E02F001270138FD
:10D8A0004067000028011C406700002901BC60039C
:10D8B00000504901BC60030017A701BC60030017BA
:10D8C000A801BC60030017A901BC60030017AC01EC
:10D8D000BC60030017AD0182E0060F10780206C19C
:10D8E000E3000E77006880A7000E7A03BFDE02F027
:10D8F0000E7B006880A7008E7B01BC601302600075
:10D9000001BC60230E400101BC63F318600201BC3E
:10D91000614B15600301BC600300000401BC60435F
:10D9200005200501BC601B04306101BC601702507A
:10D930006001BC600300082200B05E0F0017850084
:10D94000A044B6F0714503BFDE02F00CC30183E0D2
:10D95000060F107801885E5CFEC7F601BC601F1ED2
:10D96000900701BC600301900801886006009004E4
:10D970000386DE02F00CA10305DE02F00E8C0386A6
:10D98000DE02F00CA10385DE02F00E8E00B05E8791
:10D990000017A1006EE003002E920386DE02F00C59
:10D9A000A1006EC0146FEE9501BC6007001042002C
:10D9B00002DE02F0000003215E02F00E9A00E02079
:10D9C0004AF4281200B0204B00178B03BFDE02F090
:10D9D0000EA2028150C7000E9F011C509F00178BA2
:10D9E00000E05E2EF4378B019C5E2E84F42703BF8B
:10D9F000DE02F00EA2011E509F00178B00E05E2E8B
:10DA0000F4378B019E5E2E84F4270002DE02F000C4
:10DA100000006800A7008EA80102C02700082100AE
:10DA20006880A700AEAE00E020870028210002DE5B
:10DA300002F0000001BC600300282101BC402B0063
:10DA400017A100985E870117A10098402B0117A22B
:10DA5000006ADE8AF42EAE01BC6003008821000259
:10DA6000DE02F00000028280BF000F0700B0418F8D
:10DA700000081300B0418B00081400B04467001781
:10DA8000A2017BDE8A2357A101BC601F07706501DC
:10DA9000BC60030017A201BC601F03D06401BC601E
:10DAA0001F11506300685A03000EFE01BC601F0F77
:10DAB000B06200E0418AF450620090540300F7A67F
:10DAC000006B5E86D06ED400B05A030017A300E04E
:10DAD0005A0EF4D58000E05A0EF4768300E85A2FEF
:10DAE00000368B0069DA2F000EC300E85A070036B3
:10DAF0008B006CDA0EF42EBE00E85A0EF437A40048
:10DB0000905A030077A5006EDE92F4AECA01BC60A5
:10DB10000300360001BC600B00104301BC60030031
:10DB2000278900205A0B080ECD01BC600300279204
:10DB300003BFDE02F00ED400205A0B140ED40020D6
:10DB40002C27080ED000205A0B040ED40186600644
:10DB5000F5B7AD0088009B00D1260090009B0151D5
:10DB60002801BC6303001124006B5E86B00EDC004C
:10DB7000685A13000ED901886006D0568200B0564C
:10DB8000030017A400E05E92D0968500E05A0EF4E0
:10DB9000D58000205A0B080EDC01BC600300079200
:10DBA00000685A13000EE4006B5E86D0AEE4018874
:10DBB000600AD0568200B056030017A400E05E92BF
:10DBC000D0968501BC600300360101BC600B0010DB
:10DBD0004301BC600300278900685A1B000EFE0049
:10DBE0006B5E86D0EEFE02015A0B000EF300E85A7F
:10DBF0001B00368600B05A270017A300E05A1EF417
:10DC0000768701BC601F11D06200E0418AF4506247
:10DC100000B05A2B0017A300E05402F47500020371
:10DC2000D403000EF100E05A1F0036870130540380
:10DC300000150001816002D0568203BFDE02F00EA3
:10DC4000F600B05A230017A300E05A1EF4768701AD
:10DC5000816006D0568200685A1B000EF8006CDA0C
:10DC60001EF42EE602015A0B000EFB01BC600300FD
:10DC7000360203BFDE02F00EFC01BC600300360377
:10DC800001BC600B00104301BC600300278900E069
:10DC9000419701906500E05E8B0037A200E0419360
:10DCA00000906400E0418F003063006D5E8B008E59
:10DCB000B802981DF3000F0501BC60030007920035
:10DCC000B0204F00106300B020530010620002DE4D
:10DCD00002F0000001BC60030017A20068018B0085
:10DCE0000F1E0090018B0077A201806002F437A123
:10DCF000006E5E86F44F1E0207C197000F100138B8
:10DD00005A070017A303BFDE02F00F11013C5A03AC
:10DD10000017A300E85E8F0097A300E85E8AF4373F
:10DD2000A2006A5E8AF46F1E00D041970030640042
:10DD3000E05E8B00B7A300E04192F4706400D8412C
:10DD4000930030640207C193000F1B013C5803008D
:10DD500017A103BFDE02F00F1C013858030017A102
:10DD600000A0018B00F7A200905E86F457A200028B
:10DD7000DE02F0000000B05A0300101F00B05A0786
:10DD800000102000B05A0B00102101806007001025
:10DD90001D02804077000F230002DE02F000000128
:10DDA00087E002F577AB03915E02F000020020E30A
:10DDB000FE0900020200421F0000020068C2F300D8
:10DDC0000002028445230000020068C01700000220
:10DDD0000068AB9700000200025E02F00EAF006820
:10DDE0003073FFEF310207C493000F3C00683077B7
:10DDF000FFE00200683077FFEF350068307B000FEE
:10DE00003B006BC46583CF3C03BFDE02F000020120
:10DE1000BC601F07706400E041930617A20068D839
:10DE20002F000F390281D80B00000200E04193015E
:10DE30009064006D4192F44F370287C49300000252
:10DE400000689E4B00000202815E53000F4A02836D
:10DE5000411F000F400281DE53000F5B01BC6003D5
:10DE600000115101BC600300115201BC620300119A
:10DE70005301BC600300515001896006F297940180
:10DE8000BC60E700107701BC600300107601BC6045
:10DE9000031117A300025E02F0013403BFDE02F09B
:10DEA00000020280C54300000201F0C54700115680
:10DEB0000107C5470017A101F0C54AF4315500B06C
:10DEC000455700107700B0455B00107601BC600339
:10DED0000E97A300025E02F0013400B04557000C1B
:10DEE0001000B0455B000C0F01BC60030011550130
:10DEF000BC60030011560090303F00CC0F00B030E2
:10DF0000430017A101AD5E8581EC0F0189600AF223
:10DF1000979401BC60030810470392DE02F00FAF34
:10DF2000020480BF000F6001BC63FF1FE7F301BC68
:10DF300061FF1FE80E03BFDE02F00FB10186600231
:10DF4000F597AC01BC601F07706501BC601F0FB086
:10DF50006401BC60030037A101BC60030017A3008B
:10DF6000685A03000F9D01BC60030017A502035A05
:10DF70000B000F6E02805A0B000FAF00E9440AC07D
:10DF800017BB00E8C40F0017A4017BDEEEF497A4D2
:10DF900000685A13000F7C03BFDE02F00F7900689F
:10DFA000DE87002F700203DE53000FAF0203DA0B8F
:10DFB000000F8400B05A0F0017A400685A07002F02
:10DFC0007500685A2F002F7501BC60030037A5004B
:10DFD000685A13000F79006CDE92D0AF7900B05A06
:10DFE000170017A401BC60030037A500201CBAF479
:10DFF0002F7C00685A1B000F9703BFDE02F00F7FD3
:10E0000000885E870097BB00201CBAF76FAF020143
:10E010005A0B000FAF006CDE92D0EF9700B05A1F82
:10E020000017A400201CBAF42F8301BC6003003742
:10E03000A503BFDE02F00F970202DA0B000F9D026C
:10E0400004C107000FAF00B05A0F0017A400E85A30
:10E050002F0037BB0069DEEF000F8A00E85A070087
:10E0600037BB013C016F0017800068DE03000F9092
:10E070000138016F00178000685E03000F9300E80D
:10E080005E030037BB03BFDE02F00F9300E85E03C0
:10E090000037800080DE02D0378000E05EEE0DB7F2
:10E0A000BB00685EEF000F9700E05E92D017A400FF
:10E0B000E85EEF0037BB03BFDE02F00F9300685E3F
:10E0C0008F000F9A006B5E92F44F9B03BFDE02F04D
:10E0D0000F9D01BC60030037A300B05E930017A240
:10E0E00000B05E970017A600885E870037A100E0A9
:10E0F000419701906500E04193003064006D5E87B8
:10E10000020F6500685E8F000FAF00B04467001714
:10E11000A5017BDE962357A500E85E8AF4B7A4002C
:10E12000885E9300E4DB00905E9301271D00B00140
:10E130002B0017A300689C77000FAA006E936EF463
:10E140006FAF03A65E02F00FAF00B05E9B000785C5
:10E1500000E9136EF467F300E89C7700080E03BF34
:10E16000DE02F00FB100681E1700000203BFDE02DE
:10E17000F0105901BC61030011230069203B000F1E
:10E18000B50180E006F2979403BFDE02F00FB701FD
:10E1900080E002F2979403BFDE02F00002006841C3
:10E1A00027000FC602844523000FB8006800A700AF
:10E1B000AFBC006800A700CFBC006880A7010FBFFC
:10E1C00000B044670017A100E84466F437A2006D70
:10E1D0005E8B004FBD0280C127000FC10392DE029B
:10E1E000F010590392DE02F00CE700025E02F01418
:10E1F000E700025E02F0113D00025E02F0113800FD
:10E20000025E02F0114801BC600F0011E8031EDE3F
:10E2100002F00FCD01BC600300105C01BC60030084
:10E22000905D01BC605304105E01BC600300105F90
:10E2300003BFDE02F00FD101BC600B00105C01BC1B
:10E24000600300905D01BC604304105E01BC60038C
:10E2500000105F01BC6003000C1E01BC6003008065
:10E2600020028500BF00106000B01FCF00115100D8
:10E27000B0203B001152006E1FCE2A8FDA0068A03A
:10E280003B000FDA00E01FCE23280F03BFDE02F0B1
:10E290000FFB00B0446700080F00E91FCE2A915120
:10E2A00000E8A03B00115201BC61FF1F707701BC68
:10E2B00063FF1FF07601BC60031197A300025E02AA
:10E2C000F0013400B0454B00107700B04547001016
:10E2D0007601BC60030F17A300025E02F001340157
:10E2E000BC602F1AB06500B0455700169100B045CC
:10E2F0005B00169200B0440B00169300B0440F0070
:10E30000169401BC63FF1FF15201BC63FF1FF15162
:10E3100001BC600300115501BC600300115601AC43
:10E32000607F029075028741D7000FEF00B041DB9C
:10E330000003B100B041DF0003B200B04467000841
:10E340002D00B0446B00082C00B0446F00082B0077
:10E35000B0447300082A00E14464FE6C1A00E0C473
:10E360006901CC1B01BC600302315000B045430081
:10E37000180000686003000FFB01BC600300104040
:10E3800000008000000000020480BF000FFF0312A5
:10E39000DE02F00FFB0068C55700100701BC602FBC
:10E3A0001AB06500B05A4700115500B05A4B001121
:10E3B0005600B05A4F00110200B05A530011030129
:10E3C000BC60030017A701BC60030017A801BC6074
:10E3D0000300006601AC607F0F1075028741D70013
:10E3E000100900B041DB00115100B041DF001152B3
:10E3F0000068454700101000E91FCE2A87F300E8A7
:10E40000A03B00080E01866006F597AC01BC6003D6
:10E4100000107701BC600300107601BC60030F1789
:10E42000A300025E02F0013401BC6003001150023F
:10E430008445430010150207C1E300101600B044E4
:10E44000670017A100685E862330180182E0060F7E
:10E4500010780206C1E300101A01BC6003004020DE
:10E4600001BC60030000660186600620110001BC4B
:10E47000606300107B01BC601B00107A01AC607F00
:10E48000029075028741D700102100E941D8763704
:10E490009C00E8C1DC76579B00B0303F0017A1001C
:10E4A00080DE72F4379D00B041B700179E0080DE19
:10E4B0006EF4379C00E15E760DB79D00E0DE7300E0
:10E4C000179C017D5E7AF3B7A1017D5E76F397A27A
:10E4D00000905E730157A300E120B6F4311900E10A
:10E4E000A0B2F4511A00E1A0AEF4711B00E0A0ABA1
:10E4F00000111C00E10DAAF4236A00E08DAEF44384
:10E500006B00B0441F001800008844230157A3008B
:10E5100090442300D7A400B0440B0017A100B044DE
:10E520000F0017A200E95E862337A100E8DE8A23E8
:10E5300057A20069DE8B00104100E1440AF4710229
:10E5400000E0C40EF4910300E85E23003788006900
:10E55000DE2300103600E8002700378803BFDE0204
:10E56000F010360186600220110001BC60030040FB
:10E570002000E9306A2337A100E8B06E2357A200DB
:10E5800068DE8B00105001BC604F1117A3006DDED8
:10E5900086F4705001BC600300104001BC600300B1
:10E5A000105D018260060BF05F00D05E8700713461
:10E5B00001E1DE8A26913501BC63030011330000BE
:10E5C0008000000000018260020BF05F02865EB3F3
:10E5D00000105900681E1700105901BC6043001755
:10E5E000A100E04466F4378001BC600300078900A5
:10E5F000025E02F00EAF006C4466F0105900681E17
:10E600002700105503BFDE02F00F5B0200DE53004F
:10E6100010630180E002F2979400025E02F0113B69
:10E6200001BC600300104003BFDE02F0105E00E09A
:10E6300044640957A103BFDE02F0106301BC60030C
:10E6400000104000B0012F0017A100E0012AF431B2
:10E650000900B0012F00110901BC61CF0C105C0151
:10E66000BC600300105D01BC61CF01F05E01BC60C5
:10E670003B0AF05F00025E02F0114400025E02F00D
:10E68000114B00025E02F0114101BC6003000785DE
:10E69000006D80A7008CE700E044670477A1006864
:10E6A000DE8623306E03BFDE02F00CE701885E06D3
:10E6B00010D08601025E070017A101825E8610D08D
:10E6C000860002DE02F0000000B000470010860164
:10E6D000082047001781013852030017800102C04B
:10E6E000270017A600025E02F015F8006820470018
:10E6F000507B00B0540700178000025E02F01070DB
:10E70000006820470030830068A04700107F021A8D
:10E7100054070010830103C0270017A103BFDE02C6
:10E72000F010820106C03B0017A101825E8610D066
:10E73000860002DE02F0000000B054130017A100B2
:10E7400068DE4F16B08700B054130017A10200DE38
:10E750000700108F00B0418B00106501BC60030101
:10E76000D7A10068DE4F16B08C01BC60030297A1F0
:10E7700000025E02F0160B00E05E8400F7A103BF0A
:10E78000DE02F01094020480F300109402025E078F
:10E7900000109402805E070010940090001B003768
:10E7A000A200E85412F457A10002DE02F0000002B9
:10E7B0000400BF00109800025E02F011E903BFDE02
:10E7C00002F0109900A044B6F0B1450002DE02F05C
:10E7D0000000020000BF0010AA0068ABEF0010AA02
:10E7E00000E05EA30037A8006D5EA005D0AA00B0CF
:10E7F0002E2F0017A100025E02F0012700B0406733
:10E800000017A20068DEA3FFF0A700B05E89719731
:10E81000A2006D00A70090A6006DA0870050A8037D
:10E82000BFDE02F010A70068A0870010A800B85E45
:10E83000897197A200025E02F0012B01BC60030007
:10E8400017A80002DE02F0000000D85A030117A248
:10E8500001B85A06F457A200B0560300083600B0BB
:10E86000560700083700B0560B00083800B0560FA6
:10E8700000083900B0561300083A00E05612F44878
:10E880003B00B05A0300083401385E8B00083500A5
:10E89000B020EF0017A401BC60030017A200B04134
:10E8A0009300106500B85E92D017A400E05E06F4F5
:10E8B000506300F05E930017A300F05E930077A40E
:10E8C00000E05E8B0037A200B85E92F477A400E00F
:10E8D0004192F4506500E05602F4958000B0560372
:10E8E0000017A4006EDE8B00B0B800B85E92C0D7EF
:10E8F000A200D85E8B0037A200E020DAF448360090
:10E90000B020DB0017A400B85E92C0F7A200D85E6A
:10E910008B0037A200E020DEF4483700D820DF006B
:10E9200037A200E020E2F4483800D820E30037A204
:10E9300000E020E6F4483900D820E70037A200E0E4
:10E9400020EAF4483A00D820EB0037A200E020EE9D
:10E95000F4483B00B020EF0017A200B85E8AC01751
:10E96000A200905E8B0037A201BC5E8906A835002C
:10E9700002DE02F00000018060063C91E401876045
:10E98000063CD1E601A860023CD1E6018B60023C66
:10E99000D1E600B05E8F00106300B056030011E7AF
:10E9A00000B056070011E700B0560B0011E700B0A9
:10E9B000560F0011E701A960423C91E401A86002F2
:10E9C0003CD1E6018B60063CD1E600B05E8B0010C6
:10E9D0006301BC60030057A1020456030010E60166
:10E9E000BC60030117A100E0418EF4306300B05613
:10E9F000030011E700B056070011E700B0560B0006
:10EA000011E700B05E8B00106301BC600300B7A18A
:10EA10000204D6030010F001BC60030117A1020636
:10EA20005E530010F001BC60030197A100E0418E2D
:10EA3000F4306300B056030011E700B05607001130
:10EA4000E700B0560B0011E701BC60030017A102FC
:10EA500006DE530010FB00B05E8B00106302065E02
:10EA6000530010FA00A0563F01F7A103BFDE02F0E9
:10EA700010FB00A0563301F7A100B05E870011E73C
:10EA800001BC60030011E70002DE02F00000006834
:10EA90005E9B00D11801BC60070211E30068DE9B99
:10EAA00000510B00E847870111E101BC6003001130
:10EAB000E201BC60030011E201BC60030011E2014D
:10EAC000BC60030011E201BC60030011E201BC6004
:10EAD000030011E201BC60030011E201BC6003000D
:10EAE00011E200B06142F451E000B058030011E2BD
:10EAF00000B058070011E200B0580B0011E200B05E
:10EB0000580F0011E200B058130011E200B058177E
:10EB10000011E200B0581B0011E200B0581F0011B4
:10EB2000E200B05E9B0017A40068DE9B00B11601F6
:10EB3000BC60030077A40192DE930217A30002DEFB
:10EB400002F0000001BC60070011E300B0580300B0
:10EB500011E200B058070011E200B0580B0011E2BA
:10EB600000B0580F0011E200B058130011E200B0DD
:10EB700058170011E200B0581B0011E200B0581FF6
:10EB80000011E200E00146F0106401BC60070031B2
:10EB9000E300B058030011E200B058070011E20092
:10EBA000B0580B0011E200B0580F0011E200B0584D
:10EBB000130011E200B058170011E200B0581B001A
:10EBC00011E200B0581F0011E20192E01B0017A3F0
:10EBD0000002DE02F00000028740C300112D018612
:10EBE0006006F01030028640C300112F00B040C70D
:10EBF0000017810002DE02F00000028740C300110E
:10EC00003200B05E070010310186E006F0103000DF
:10EC100002DE02F00000006800A701978C03BFDE4F
:10EC200002F0114A00025E02F0113B00025E02F0A7
:10EC3000114B0002DE02F00000006800A701970FF0
:10EC40000002DE02F0000001816006093049006820
:10EC500000A700914000025E02F0114C0002DE02AB
:10EC6000F0000000025E02F0114C018160020930E8
:10EC7000490002DE02F000000188E00E0930490080
:10EC8000B0412700180000B0002B0010020002DE87
:10EC900002F0000001BC60030010020182E0020FDC
:10ECA00010780002DE02F00000006800A701978BD8
:10ECB00000B041270017A100B0412701D04900B0A2
:10ECC0005E870017A100B05E870017A100B05E87C5
:10ECD0000017A100B05E870017A100B05E87001783
:10ECE000A100B05E870017A100B05E870017A100E9
:10ECF000B05E870017A100B05E870017A100B05E6C
:10ED0000870017A100B05E870010490002DE02F004
:10ED100000000100DE530017A601BC60030037A10C
:10ED200003BFDE02F0115D00025E02F001270187E1
:10ED300060060337A20068DE9B0011610187600254
:10ED40000337A200025E02F0012B0002DE02F00097
:10ED5000000202411F00117602825E530011680119
:10ED6000826006F2979400B0446700180000B04437
:10ED70006B00081B00B0446700180000E8446903FA
:10ED800077A4006800A700916B006DDE93005170BE
:10ED900000E044670317A303905E02F0117302853D
:10EDA000C5230011730068DE8E23316D01BC600342
:10EDB00002104701BC600300904301826002F29799
:10EDC0009401826002F5B7AD006800A7009176005B
:10EDD0006800A700B1760002DE02F000000201C167
:10EDE0001F00118902855EAF00117C01856006F568
:10EDF00077AB00B0446700081E00B0446B00081FEA
:10EE000000E9446503D7A100E8C46903F7A200D074
:10EE10005E870077A101E1DE8AF437A200E95E8611
:10EE20002697A100E8DE8A26B7A200695E8B001152
:10EE30008901BC610300113300E144DAF43136008A
:10EE4000E144DEF4513701856002F577AB01BC6027
:10EE50000301104701BC60030050430002DE02F0D2
:10EE600000000201AE2700118C0284C52300119618
:10EE700001BC600F0C106500E04195713065020027
:10EE80002E2700119000E0419700B06501BC600F93
:10EE90000D17A1006E4196F4319400E15A02293613
:10EEA0008000E0DA0700168101BC6003000B8901D5
:10EEB000BC60030011490002DE02F0000000B04512
:10EEC0001F00178100B005B70017A601BC6007043A
:10EED000106401BC60131B906501BC60030017A1A6
:10EEE0000205DEAF0011B100B0580F0017800068B6
:10EEF000DE842C31A100E0582300360803BFDE0277
:10EF0000F011B902005E9B0011B10280DA0300111A
:10EF1000A70118581F00178200E05E0B003782011E
:10EF2000985E0AC0F60703BFDE02F011AA011A5864
:10EF30001F00178200E05E0B003782019A5E0AC054
:10EF4000F60701F0DE0300378000A05E02C05780A4
:10EF500000B05E0300160300A044B6F0178200B0B4
:10EF60005E0B00160500E05E0AC0960603BFDE02D7
:10EF7000F011B900B0581300178200E85E06F05790
:10EF8000A5006ADE970011B700E85816F4B6050030
:10EF900069D8170011B701BC600300160500B0580E
:10EFA000170017A500E05812F4B60600E0419302DE
:10EFB000106400E0419706D06500E05E870037A14D
:10EFC00000905E9B0037A60068DE8700919C01BC24
:10EFD000600300114701BC600300016D0002DE0206
:10EFE000F0000001BC600300016C01BC6003000183
:10EFF0006D01BC60070A106401BC60030077A100CA
:10F00000B0428F00178000A05E0301F78000B05E61
:10F010000300016E01BC63FF1FF7A20068DE03005E
:10F0200011CB01BC60030017A200886006F4378191
:10F03000002005BAF031D00068DE8AC0D1D000E0EF
:10F0400005B300216C00B005B6F0216D00685E03C9
:10F050000011D400205E06F011DA006EDE8AC0D105
:10F06000DA03BFDE02F011D5006DDE8AC0D1DA000E
:10F07000B05E870017A300B0419300016600B0584E
:10F080001B0017A201BC600300016C01BC600300FF
:10F09000016D00E8419302106400E85E870037A12B
:10F0A0000069DE870011CB00B05E8F0001650002B1
:10F0B000DE02F0000000B0059B00106400B0581B99
:10F0C00000114500B0059B00016200B005970001EA
:10F0D0006100B0580F00178500B058070017830073
:10F0E000B0580B0017840118581F00178C011A58CC
:10F0F0001F00178D0002DE02F0000000B0058B003B
:10F100001064006E41932A11F600A044B6F0B7A136
:10F1100000B05E8700160500E05812F4360600B015
:10F12000581B001145020000F30011F3006D4193DC
:10F130002811F30200DEAF0011F301BC600B025195
:10F140004200B05E8700016F02015EAF0011F60061
:10F15000B05E1700160301816002F577AB0002DE96
:10F1600002F00000020145230012010287C493004F
:10F17000120101826002F5D7AE02012C230011FEBC
:10F1800000E02C2B002B0A01816001610B080206B4
:10F190005EB700120100E02AD7002AB5018660029E
:10F1A000F5B7AD0002DE02F00000020200BF00125F
:10F1B0000F00025E02F012370202DEB300120700F7
:10F1C00068428F000F2503BFDE02F0000202888133
:10F1D000AB00120F02845EFF00120502845EB300D2
:10F1E00012050282DEFF00120502822B2F00120D93
:10F1F00000682A9B00120F0284DEAF001205028411
:10F200005EB700120500B05E870017A10002DE02A3
:10F21000F000000182E002F597AC0203DEFF00126D
:10F22000190284452300121902012B2F0012190123
:10F2300080E006F2979400025E02F0114C0180E03B
:10F2400002F2979400025E02F0114C0180E002F29B
:10F2500097940201AC230011360181E001610B0893
:10F2600003BFDE02F01138020400C70012270206B5
:10F27000ABD30012210284C5AF00123503BFDE02FA
:10F28000F012220284C56F00123502844523001259
:10F29000240200420300123500685E4B04B23500C0
:10F2A000685E4B06B23500685E4B0632350182E07F
:10F2B00006F597AC0284452300122A0323DE02F0F0
:10F2C000122B0183E006F597AC0180E006F29794DB
:10F2D000028400C700113600B02AD70017A2006DC3
:10F2E000DE8955113602872B2F00123202005EFF95
:10F2F0000011360207AB2F0011360181E005610BCA
:10F300000803BFDE02F0113803BFDE02F011360041
:10F3100002DE02F00000020200BF00144D0206AB44
:10F32000D30012440104C1070017A101855E856165
:10F330000B0802042C2300124401846001610B08B5
:10F3400001BC60370017A201BC60031417A100B014
:10F3500045E300180000B045E300180000B045E3A5
:10F3600000180001BC620300107701BC60031B5051
:10F370007600025E02F0013E00682AEB00124900AE
:10F38000E844655757A101BC63F71D17A2006D5EE5
:10F3900086F4524900E84466F44ABA006CC46556E3
:10F3A000724B00E84467002AB30206ABD300125048
:10F3B000006DC46701524E01BC6003000B10028453
:10F3C000C5AF0012BD03BFDE02F012510280456FCF
:10F3D0000012BD020701AB0012530180600209D088
:10F3E0004E01BC63FF1FF7A10068C586F4325601C9
:10F3F000BC6003000ABD0204DEB700144D0184E0C6
:10F4000002F5B7AD0184E001610B080202DEB30032
:10F4100012740206ABD30012650068AAF700925D71
:10F4200000682B0300125E03BFDE02F01263018B43
:10F43000600E2B915C0287ABD300126201826002E6
:10F4400009D04E03BFDE02F012630182600609D0CC
:10F450004E00025E02F0121103BFDE02F0126701DD
:10F460008360062B915C00025E02F012110204DE42
:10F47000AF0012740282DEBB0012740068AAF700AB
:10F48000926C0106AB170017BB0068DEEF0012702C
:10F49000028480C70012740068AAF700326F006C03
:10F4A000C4655672730068AAF700927400682B0353
:10F4B00000127400E845895AF7A1006D5E8560521C
:10F4C000740186E005610B0802835EBB00127A02BC
:10F4D00006ABD300127800E845C95AF7A103BFDE96
:10F4E00002F0127900E845895AF7A1006E5E855452
:10F4F000B2970205DEB700129300E02B97002AE5D1
:10F5000001BC6003000AE700682C4700127F00E896
:10F510002C47002B1101866002F5B7AD0204DEFF17
:10F5200000128900B02B9B0017A200B02A9B001785
:10F53000A10283AC2700128600682C870012870086
:10F540006D5E8564328700B02C7F0017A2006D2BA2
:10F5500096F452890184E002F7F7BF0206DEFF004D
:10F56000129300E02BC7020AF100B04467000AFCC6
:10F5700001182BC70017A1011A2BC70017A2006E94
:10F580005E87001291006DDE895E529103BFDE023C
:10F59000F0129301BC6003000AF10186E002F7F764
:10F5A000BF02025EFF00144D0068AAEB00144D007C
:10F5B000B02AC7000ABA03BFDE02F0144D0182E090
:10F5C00002F7F7BF02862C2300129F0068B05B0091
:10F5D000129B0068305F00129F00E9446582D7A645
:10F5E00000E8C46982F7BB00E10EE2F4C3B800E0B2
:10F5F0008EE6F763B902025EFF0012A7020600C79B
:10F600000012A402802BD30012A400B02B2B0017F1
:10F61000BB006E2B02F7744D02025EFF0012A700C2
:10F62000B04467000ABA03BFDE02F0144D0205DEE3
:10F63000B70012B500682AF70872AA00E8446555B9
:10F64000CAB600682C470012AC00E82C47002B110A
:10F6500000E02B9F002AE700B02BA30017A100B009
:10F660002A9B0017A20283AC270012B200682C87E5
:10F670000012B3006D5E896432B300B02C830017B2
:10F68000A1006D2B9EF432B501BC6003000AE500B9
:10F6900068AAF700B2B800B04467000AEF00B044AF
:10F6A0006B000AF30068AAF70132BC00B04467009F
:10F6B0000B0B02062BD30012BC00B02C7B010B1EDF
:10F6C00003BFDE02F0144D020701AB0012BF018040
:10F6D000600609D04E0204DEB70012C80283C5736B
:10F6E0000012C201876006F577AB0282DEB3001418
:10F6F0004D0203C57300141C00E844655637A10091
:10F700006D5E8555B44D01836006F5D7AE03BFDE4F
:10F7100002F0144D00E10ED30023B400E08ED700B8
:10F7200003B502862C230012CD00B04467000C16EE
:10F7300000B0446B000C170206AC230012D0018409
:10F740006002F5B7AD0186E001610B080206ABD39C
:10F750000012D701BC6003000AD7006D45C71F52D5
:10F76000D400B045C7000AD700E044655AF7BB0093
:10F77000E85EEE2E2AB103BFDE02F012DC01BC60AF
:10F7800003000AD7006D45871F52DA00B045870095
:10F790000AD700E044655AF7BB00E85EEE2C2AB1B8
:10F7A00001836002F5D7AE0184E006F5B7AD0185AF
:10F7B000E002F5B7AD01826002F7F7BF0185600294
:10F7C000F5B7AD01BC6003000B0500E84465563792
:10F7D000A1006D5E855DD2E2006D5E8555B2E600EA
:10F7E000E02B63002AD800B02A930017B30206ABBF
:10F7F000D30012F501BC600301917800B045E3002D
:10F80000180000B045E7000AC401BC600301B178EC
:10F8100000B045E300180000B045E7000AC501BC90
:10F82000600301D17800B045E300180000B045E75F
:10F83000000AC601BC600301F17800B045E300187E
:10F840000000B045E7000AC703BFDE02F013010164
:10F85000BC600300117800B045E300180000B0451B
:10F86000E7000AC401BC600300317800B045E30042
:10F87000180000B045E7000AC501BC6003005178DC
:10F8800000B045E300180000B045E7000AC601BC1F
:10F89000600300717800B045E300180000B045E750
:10F8A000000AC70182E001610B080207AB1B0013CD
:10F8B000040182E005610B0800B02B170017BB01A3
:10F8C000285EEF000ABD01BC60131C57BB02182B59
:10F8D0001B00130B01182B1B0017A60080DE9AF7E4
:10F8E00077BB00B041B70017B301342B1B0017A240
:10F8F00001182B1B0017A300682AF70033180068B3
:10F90000AAF700931100685E8F00731A03BFDE022E
:10F91000F0131800682AF70133170068AAF700539C
:10F92000150068DE8B00731903BFDE02F0131700A9
:10F9300068AAF700731A0068DE8B00D31900685EAE
:10F940008F00331A00685E8F00131A018760055E0E
:10F950008AF402032BD300132200682AF702D31D76
:10F960000068AAF702B32201BC60131C57BB023423
:10F97000AB170013220134AB170017A60080DE9AE4
:10F98000F777BB00B041B70017B302022C27001372
:10F99000240186600560AB05006E2AF701F328009C
:10F9A00088600557B7BB0020DEED5C532B03BFDE3C
:10F9B00002F0132E00E82AF70217BB00886006F752
:10F9C00077BB00205EED5C732E01856006F5B7AD58
:10F9D000020480C300132E0184E00560AB05006EB5
:10F9E0002AF701F3350088600557B7BB00205EEFAA
:10F9F0000193330186600160AB050068AC470013DA
:10FA0000390020DEED5A933803BFDE02F0133900CF
:10FA1000E82AF70217BB00886006F777BB00205E74
:10FA2000ED5AB3390184600560AB050068AAF7029E
:10FA3000F342010DAB170017A1010EAB170017A27F
:10FA400000685E8700134200E05E86F457A100E084
:10FA50005E87080ABD0186600160AB0500682C471F
:10FA60000013420184600160AB0502032BD3001335
:10FA70004E018360015AAAD500682AF702D34900D3
:10FA800068AAF702B35E0068AAE700134C0068ABEF
:10FA90002300134C0282DEBB00134C02072B1B0019
:10FAA000134C0184600560AB0503BFDE02F0135EFA
:10FAB0000283C57300135E00025E02F015BE00688B
:10FAC000AAF702B35E018360055AAAD500E02C8F25
:10FAD000002B2301856002F5B7AD0068AAE700138B
:10FAE0005E0068AB2300135E0282DEBB00135E0083
:10FAF000B02AC30017A201342B1B0017A1006EDE31
:10FB00008706135900B02ABF0017A2006E5E8964F1
:10FB1000735E01BC6003000B2301BC6003000ADAC2
:10FB200001856006F5B7AD0184E005610B0800684A
:10FB3000AAF700B36802075EFF00136801342B1BAD
:10FB40000017A3006DDE8D60336800685E8F0013C0
:10FB5000680283AB170013660183600560AB050381
:10FB6000BFDE02F0136800B02BDB000AF000B044E7
:10FB70006B000AF70068AAF70133770202AC27008E
:10FB8000136B0186E00560AB050281ABD3001377F0
:10FB900001BC6003000ADA00682C2F00137700E82C
:10FBA00044656177A1006D5E8561937400B02C336C
:10FBB0000017A200E05E8961B7A2006DDE86F453F3
:10FBC000760200AC230013770185600560AB050366
:10FBD000BFDE02F013770180E001610B080068AA24
:10FBE000F701137A00B02AC7000AD10187E006F7AF
:10FBF000F7BF0207DEFF00137C0181E00560AB0563
:10FC000000682AF700338100682AF701F381028532
:10FC10002BD300138000682AF70313810068AAF72A
:10FC200000939201826006F7F7BF00B02AC7000A6E
:10FC3000B90068AAF703138800682B230013880013
:10FC4000B00013000ABD00B02B7F000AC003BFDE66
:10FC500002F013910068AAF7009392011C2B170081
:10FC60000AC00106AB170017BB00685EEF00138FD8
:10FC700001BC6003006AC300B02C7B004B1E03BFB5
:10FC8000DE02F0139100A82C7B004B1E01BC600328
:10FC9000008AC300B02AC7000AC80202DEBB0013F4
:10FCA0009F0284DEFF0013950206DEFF00139F0013
:10FCB000B02AD70017A2006DDE8955139E00B02B25
:10FCC0009B0017A200B02A9B0017A10283AC27005B
:10FCD000139C00682C8700139D006D5E8564339D26
:10FCE00000B02C7F0017A2006DAB96F4539F0182E9
:10FCF000E00560AB050286ABD30013AD008860055C
:10FD000057B7A10020DE856393A500E82AF7021704
:10FD1000A100886006F437A100205E8563B3AB00C4
:10FD2000682C6F0013AB01342B1B0017A2006E5E12
:10FD30008B0293AA00B02C7B002B1E03BFDE02F0C7
:10FD400013AB00A82C7B002B1E0068AAF702F3ADB2
:10FD500000B04467000B1B00E05ECD54B7B30182D6
:10FD60006002F5D7AE00B02C2B0017A100B02AD747
:10FD70000017A2006D5E895513B402865EB70013AA
:10FD8000C503BFDE02F013B6006D5E855FF3CA02E5
:10FD9000812C230013C501BC601F07706501BC6086
:10FDA0001F11506401BC601F11D7A400685A0300E2
:10FDB00013C10088580300F7A30134D8030017A229
:10FDC00000E95E8E2337A301C3E0022357A500E8B4
:10FDD000DE8AF4B7A20068DE8B0013C1006EDE8EEF
:10FDE000F673C500E0419300306400E04197019054
:10FDF00065006D4192F493B903BFDE02F013CA00AF
:10FE0000682AF70093CA00682AF70053CA00682AD4
:10FE1000F70073CA01826006F5D7AE00025E02F0F9
:10FE200015BE01BC60131C57BB01342B1B0017A26D
:10FE30000080DE8AF777BB00B041B70017A20068E8
:10FE40002AF70053D700682AF70253D700682AF729
:10FE50000273D700682AF70073D700682AF708539F
:10FE6000D700682AF70873D700682AF70893D700E5
:10FE7000682AF703D3D703BFDE02F013E60185E05B
:10FE800006F5B7AD00685E8B0013E100B05E8B0035
:10FE90000AA60182E006F5D7AE00682C8B0013DEBF
:10FEA000006E5E896453DE0181600563CB1E00E055
:10FEB0002BAB002AEA006E5E896013E101826005C7
:10FEC00060AB0500E844655637A100B044670017F1
:10FED000A300682AF70893E500E85E8EF42AAE01D5
:10FEE000846002F7F7BF0282DEB300144D0203C53F
:10FEF0007300141C00B02AAB0017A200B02AB30094
:10FF000017A30068AAF70093F602802BD30013F61C
:10FF100000B02B030017A1006D5E855873F20180BD
:10FF2000E00560AB0500682B4F0013F201BC6003D5
:10FF3000000ABC00025E02F0159B00685E87001399
:10FF4000F600682BE70013F600B02BE70017A200BD
:10FF5000B02BEB0017A300685E8F0013FF00682A28
:10FF6000EB0013FF00E844655757A100E05E8EF4F4
:10FF700057A2006D5E86F453FF0181600560AB05FA
:10FF800000682B4F0013FF01BC6003000ABC000295
:10FF90005E02F0159B0281AB2F00140402005EFF8D
:10FFA0000014040204452300140403A0DE02F0142C
:10FFB000040183E00560AB050281AC2700141C023C
:10FFC000862C1700144D0286AC1700144D02808059
:10FFD000BF00144D02825EBB00144D02822BD30081
:10FFE000141C0281AC1700141C0280AC1700141CF6
:10FFF00002812C1700141C02822C1700141C02888A
:020000041004E6
:1000000081AB00141C0282AC1700141502832B175D
:1000100000141C02832C1700141502852C170014E1
:100020001502842C1700141C0284AC1700141C0247
:1000300083AC1700141C02845EB700141B0204DE9C
:10004000AF00141B0281DEBB00141B0184E002F52B
:1000500077AB00025E02F0159F03BFDE02F0144D85
:1000600000E844655637A1006DDE8554B4280206C9
:10007000ABD30014210183E0022B915C03BFDE02AD
:10008000F0144D0183E0022B915C01BC6003185118
:100090007800B045E3001800018360022F31790039
:1000A000A84138F9D7A100B05E84FE704E03BFDED0
:1000B00002F0144D028101AB00142C020081AB0050
:1000C000143702842C170014370280AC1700143741
:1000D0000206ABD3001435006BAC4223343000E091
:1000E0004467014B10018B60022B915C0287ABD3FC
:1000F0000014330182600609D04E03BFDE02F01403
:10010000340182600209D04E03BFDE02F0143601D2
:100110008360022B915C03BFDE02F0144D0206AB3C
:10012000D3001440006BAC4223343B00E044670131
:100130004B10018B60022B915C0287ABD300143E05
:100140000182600609D04E03BFDE02F0143F018237
:10015000600209D04E03BFDE02F01446018B60023C
:100160002B915C01BC600318517800B045E3001886
:1001700000018360022F317900A84138F9D7A1002E
:10018000B05E84FE704E00025E02F0121D02845EBC
:10019000B700144D02832BD300144A00682AF702DB
:1001A000B44D0184E006F577AB00E02B27002AC9A7
:1001B00003BFDE02F015870002DE02F000000185B9
:1001C000E002F5B7AD01836002F5D7AE0182E0022F
:1001D000F5D7AE0182E002F7F7BF0184E002F7F73E
:1001E000BF01BC6003000AD301BC6003000AC80160
:1001F000BC6003000AC001BC6003000AEA0187601A
:10020000015F6AFB01BC6003000C1601BC600300C7
:100210000C170181600163CB1E0002DE02F00000BA
:10022000020200BF0014B20283DEFF0014DA018371
:10023000E006F7F7BF018560060B705B018560067D
:100240000BF05F0206ABD300146601BC6003021121
:100250006D00B02A9700116E028045AB00147A033E
:10026000BFDE02F0146901BC600302115D00B02A18
:100270009700115E0280456B00147A0206ABD30032
:100280001473006BAC4223346D00E04467014B10E3
:10029000018B60022B915C0287ABD300147001824A
:1002A000600609D04E03BFDE02F0147101826002C5
:1002B00009D04E0188600E2D516A03BFDE02F01492
:1002C0007A018B60022B915C01BC600318517800AD
:1002D000B045E3001800018360022F317900A84186
:1002E00038F9D7A100B05E84FE704E0188600E2BF5
:1002F000515A00B0413F1FF04F00682ABB001480E4
:1003000001846006F7F7BF01BC602F1717A300E058
:100310004466F46AB401BC6003000AAE00025E02E7
:10032000F0144E00E844695FD7A1006EDE87003408
:100330008A00B02BD7000AF001BC6003000AEF006E
:10034000682AEB00148A00B04467000AB900E84448
:1003500065554ABA00B02AB30017A100E82AEAF4AA
:100360002ABA028080BF0014970281DEBB0014A865
:100370000206ABD300148F0204C5AF00149703BF6D
:10038000DE02F014900200456F0014970283C573DB
:100390000014970206ABD300149501BC63FF1FF74E
:1003A000A10068C5C6F434A803BFDE02F0149701AB
:1003B000BC63FF1FF7A10068C586F434A80206AB32
:1003C000D300149E018B600E2B915C0287ABD3008F
:1003D000149C0182600209D04E03BFDE02F0149D1E
:1003E0000182600609D04E03BFDE02F014A4018B27
:1003F000600E2B915C01BC600318517800B045E39E
:10040000001800018B2B2E2F317900A84138F9D725
:10041000A100B05E84F9B04E0184E002F5B7AD01F1
:1004200084E002F577AB0185E001610B0803BFDED4
:1004300002F015920206ABD30014AB00025E02F08C
:10044000121D03BFDE02F014AD018360022B915C2C
:1004500000025E02F0121D0184E006F5B7AD0184D2
:10046000E006F577AB0206ABD30014B1018460055A
:10047000610B0803BFDE02F01592018D60020BF0E4
:100480005F0206ABD30014B60188600E2D516A03DB
:10049000BFDE02F014B70188600E2B515A02818131
:1004A000AB0014C80206ABD30014C1006BAC4223EE
:1004B00034BC00E04467014B10018B60062B915C5B
:1004C0000287ABD30014BF0182600209D04E03BF84
:1004D000DE02F014C00182600609D04E03BFDE02C6
:1004E000F014D7018B60062B915C01BC600318519E
:1004F0007800B045E3001800018360022F317900D5
:10050000A84138F9D7A100B05E84FE704E03BFDE6B
:1005100002F014D70206ABD30014D1006BAC422317
:1005200034CC00E04467014B10018B60022B915CDE
:100530000287ABD30014CF0182600609D04E03BFFF
:10054000DE02F014D00182600209D04E03BFDE0249
:10055000F014D7018B60022B915C01BC6003185131
:100560007800B045E3001800018360022F31790064
:10057000A84138F9D7A100B05E84FE704E0184E036
:1005800002F5B7AD0184E002F577AB00025E02F040
:10059000144E0002DE02F0000000B0446B000AFEC0
:1005A0000202DEB30014E70206ABD30014E50183B8
:1005B00060062B915C0287ABD30014E201826002DB
:1005C00009D04E03BFDE02F014E30182600609D0B9
:1005D0004E00025E02F0121103BFDE02F014E701CA
:1005E0008360062B915C00025E02F01211018660AE
:1005F00005610B08020200BF00150C0183E002F741
:10060000F7BF0203C5730014FC020080BF0014FC96
:100610000206ABD30014F5006BAC422334F000E0CB
:100620004467014B10018B600E2B915C0287ABD3AA
:100630000014F30182600209D04E03BFDE02F01401
:10064000F40182600609D04E03BFDE02F0150B01F3
:100650008B600E2B915C01BC600318517800B04593
:10066000E3001800018B2B2E2F317900A84138F9B7
:10067000D7A100B05E84F9B04E03BFDE02F0150BC7
:100680000206ABD300150500E0446700B7BB006C61
:10069000C466F774FE018B60022B915C0287ABD3BA
:1006A0000015030182600609D04E03BFDE02F0157B
:1006B000040182600209D04E03BFDE02F0150B0177
:1006C0008B60022B915C01BC600318517800B0452F
:1006D000E3001800018360022F317900A84138F946
:1006E000D7A100B05E84FE704E0182E002F597ACA7
:1006F0000002DE02F0000001BC60030037A200200F
:10070000E3FE0915680020E0420D956802845EB39F
:100710000015680280420300156802844523001515
:100720006803915E02F015680068AB4F001568021F
:1007300082DEFF00156800682ABB00151900E84436
:100740006555D7B900E82A9AF737B902805EFF00ED
:10075000159B020180C700159200B02AD70017A18F
:10076000006DDE855515920282DEB3001568020326
:10077000C573001549020480C700154900685E8BE7
:1007800000152E0284AC2300152E0203C57300153C
:10079000490202ABD300152502855EBB0015260277
:1007A00082DEBB00154900B02B830017A1006EABA1
:1007B0006AF4352E0203C57300154900682A9B00B0
:1007C000152D00682ABB00152E006ADEE554F54998
:1007D000006ADEE55A554900682AE7001549029487
:1007E0001DF30015310203DE5300153603BFDE0290
:1007F000F0153401141DF30017A600901CBAF4D7AD
:10080000A602005E9B00153600B02B87000AA703E6
:10081000BFDE02F0159201BC600302579201BC6377
:10082000FF1FF0C301BC60030910E301865E8A1C50
:1008300070E3018460061C70E300682AEF00153D38
:100840000185E0061C70E301BC600303978200028F
:100850005E02F0157200B054130010E400E0439102
:100860005B30E401BC60030010EE01BC63FF1FF0CD
:10087000CE00E02AEF002ABB01BC61030077A6018D
:10088000141DF30017A200B05E8B000C1801BC61B0
:100890000303EC1903BFDE02F0156202845EB700A9
:1008A000156801BC60230890E600025E02F0016A50
:1008B00000B05ECF0010E40068AAF70035520205D0
:1008C000AC2300155200E82ACE2337A3006DDE8E3C
:1008D0001C955200B05E8F0010E400682A9B001542
:1008E0005A00B02ADB0010E40206ABD30015570211
:1008F00084C5AF00155A03BFDE02F01558028045CB
:100900006F00155A00695EE700155A00E05EE55673
:10091000D0E40282DEBB00155E00682AF700155E97
:1009200000E10EDA1C83B600E08EDF0003B701BCE5
:10093000600301D78200025E02F0157201BC610300
:100940000077A603BFDE02F0156200B0004700107A
:100950008600025E02F015F800025E02F0107001DF
:1009600090600A09104801846006F597AC00B05EFB
:100970009B0010800002DE02F0000002805EFF009B
:10098000156D0281DEBB00156D020180C700159256
:10099000020480C700159201806002F7F7BF028051
:1009A000C28F0015930201DEBB00159301BC6003EA
:1009B0000017A203BFDE02F0150E00685E4B06357D
:1009C000790285DEFF00158000B02B370017A100EB
:1009D0006DAAEEF4358001BC600301378000B02BB6
:1009E0003B0017A1006D2AEEF4357B02812BD3006A
:1009F000157B01BC600301778001BC600300378177
:100A000000025E02F0014301D2DE0AA030E000B035
:100A1000540B0010E103BFDE02F015860280ABD359
:100A200000157901BC600301578001BC6003001709
:100A30008100025E02F0014300B054070010E000A4
:100A4000885E0B0070E10002DE02F0000000682A00
:100A5000F30015920204DEAF00159200E8446557DA
:100A600097A4006E5E9154F59200885E930037A4BF
:100A7000006D5E9154F59200025E02F015E303BF33
:100A8000DE02F0159F00E844655797A400885E9346
:100A90000037A400025E02F015E303BFDE02F0158A
:100AA0009F0284DEAF0015960181E002F5D7AE0308
:100AB000BFDE02F0159F00682B6700159B00E04425
:100AC000655B2AD300682B6B00159A00E044655AD9
:100AD0004AD30002DE02F0000001806006F7F7BF93
:100AE00000682AF300159F00E844655797A40002A8
:100AF0005E02F015E301846002F597AC01BC60036F
:100B0000000ABC01BC6003000AD301BC6003000AF8
:100B1000BB0104DEAF0017A101845E86F5B7AD020C
:100B200084DEAF0015A8018060060D906C0002DE27
:100B300002F000000285AC230015BD0203C573005E
:100B400015BD00B02A8F0017A30202AC230015AD1B
:100B500000B02AAF0017A30202DEBB0015AF00B041
:100B60002A8B0017A300E04466F46AB30185E00510
:100B7000610B0800B04467000B030206ABD30015FD
:100B8000B7006BAC422335B600E04467014B10015F
:100B900083E0022B915C03BFDE02F015BD0183E010
:100BA000022B915C01BC600318517800B045E30052
:100BB0001800018360022F317900A84138F9D7A1CC
:100BC00000B05E84FE704E0002DE02F00000020201
:100BD000DEB30015C90206ABD30015C7018B600E4A
:100BE0002B915C0287ABD30015C40182600209D04F
:100BF0004E03BFDE02F015C50182600609D04E002B
:100C0000025E02F0121103BFDE02F015DB01836009
:100C1000062B915C00025E02F012110203C5730004
:100C200015CE0284DEAF0015CE0281DEBB0015CEEC
:100C300002805EFF0015CE02045EB70015E20206D8
:100C4000ABD30015D5018B600E2B915C0287ABD323
:100C50000015D30182600209D04E03BFDE02F015F9
:100C6000D40182600609D04E03BFDE02F015DB011D
:100C70008B600E2B915C01BC600318517800B0456D
:100C8000E3001800018B2B2E2F317900A84138F991
:100C9000D7A100B05E84F9B04E0183E001610B087A
:100CA00001846006F5B7AD0184E002F577AB01BCC5
:100CB0006003000ABB01846002F597AC0185E00186
:100CC000610B080186E001610B080002DE02F00002
:100CD0000000682B5B0015E500B02B5B0017A4003B
:100CE0006D5E915555E700B02AAB0017A400882B24
:100CF000070037A500E82B0AF4AAC200885E93001B
:100D000037A400E02B0AF48AC200902B0B00AAC182
:100D100000B02B07000AA70002DE02F0000003A0CB
:100D2000DE02F015F1020042030015F100025E023E
:100D3000F00D2F0183E005610B0801846002F5B717
:100D4000AD0184E006F577AB01BC6003000ABB018E
:100D5000846002F597AC00B04467000ABC0002DE74
:100D600002F00000010C81430017A101BC600300E8
:100D7000508A00685E070016020068DE87003602AF
:100D800001BC600300B08A00685E07003602028280
:100D9000DE0300160201BC600300908A0283DE03BA
:100DA00000160200E0600AF4D08A00685E070016B0
:100DB0000A0190422AA1308A00685E0700360A01C3
:100DC00090422AA0108A0109DE030017A2018F5E5B
:100DD0008A11508A00685E8B00160A0191E00E119C
:100DE000508A0002DE02F000000109DE030017A4B1
:100DF00000E05A06F497A500905E96F497A50203CA
:100E0000DE030016120282DE0300161201BC61EF3F
:100E10000857A60080DE96F4D7A50116DE870017D6
:100E2000A300885E870077A100E15E8702D7A1005A
:100E3000E0DE8F0017A301BC60030017A2020E5E64
:100E40000300161901BC60030037A200905E96F4FF
:100E500057A50080DE96F437A100E141B7FFF7A661
:100E600000E1DE8701F7A10080DE96F477A300E1C0
:100E7000DE860DB7A100E0DE8F0017A3017A5E8643
:100E8000F477A100885E86F457A100B05E87001752
:100E9000A20287DE0300162600885E870057A103A2
:100EA000BFDE02F0163302875E0300162D01BC631D
:100EB0009B0CD7A50080DE86F4B7A100E141B7FF07
:100EC000F7A500E0DE870017A100885E870057A124
:100ED00003BFDE02F0163300885E870057A101BC15
:100EE000639B0CF7A50080DE86F4B7A101BC62030A
:100EF0000017A500E141B6F4B7A500E0DE870017B2
:100F0000A100E05E8400D7A10002DE02F000000232
:100F1000001FF70000120282DE5300163B018860BA
:100F20000204902400E02092F3082400E8208EF3CD
:100F3000082303BFDE02F00B3701B86016049024CB
:100F400001BC600301D02503055E02F0164C028748
:100F5000C037000C9E0386DE02F00CA100025E0288
:100F6000F01236035CDE02F0163D00D8409B0117FC
:100F7000A100E05E8702379800A85E6300779801C1
:100F800002DE530017A10182E002F297940188DE8D
:100F900084FFA7FD006EA08EF3164C00E85E63018F
:100FA000D02501B8600604902403BFDE02F00002E1
:100FB00001816004FFA7FD01B8600A04902403BF0B
:100FC000DE02F0000202285E8700166200B0419344
:100FD0000017A400E04193007064010A5E870017C7
:100FE000A200E84192F4506301185E870017A10047
:100FF000E86042F437A200885602F43600006841E7
:101000008EF4965E00E8418F00306300E841930063
:10101000306400685E8B02165600905602F457A3A7
:1010200000B05806F4760103BFDE02F016560068E1
:101030004192F4966200E8419300306401BC600381
:1010400000160003BFDE02F0165E00B05E870017D8
:10105000A10002DE02F00000018060028614300070
:10106000B050CB001065013850830017A10068DE36
:101070003B06366A00E05A3300368C006EDA32F4F2
:10108000201200B05A0B0017A201BC63FF1FF7A388
:1010900000B050CF001064006EDA32F4366F00B04A
:1010A0005A370017A300B0581300178201BC600321
:1010B00000160401BC601B1FD7B60102D0C7001781
:1010C000A100E04196F4306500E050CB00D064010F
:1010D000BC60030017B401BC600300178001BC6052
:1010E00003003781018760040310A0009052330091
:1010F00097A400E0418701B7B500685ED2F056962C
:1011000000E05EDAF690630020D802F0368A020230
:1011100050C7001690009056030097A100E85E8625
:10112000F497A1019E6002F437A1006DDE870816D6
:1011300090010A5E870017A201DA6002F437A1006D
:10114000E05ED6F4506300886006F437A1002056B4
:1011500002F4369000B05802F0360000E05A2B003E
:10116000368A006ADED2F4768C0068DED2F0169100
:1011700000E05E0300378000685E03003691018660
:10118000E0040310A003BFDE02F01691006ADED275
:10119000F4768C00E05ED30037B400D05E070037F1
:1011A0008102985ED300167B00E041930030640317
:1011B000BFDE02F0167B00685E0300001203BFDE94
:1011C00002F006CC0282D0C70016A000B02A370079
:1011D00017A101B82A32F436840102501300168593
:1011E000013C50830017A100B050A70017A4006D68
:1011F0005A32F436A90182E0068634310288502B37
:101200000016A500B05A330017A1019E5E8684F433
:1012100027018360068634310002DE02F000000000
:10122000B050730017A101B8506EF436840106D097
:101230000700168500B050AB0017A400D06006C0B0
:10124000978000E0419700D7B5010A58130017A115
:1012500000E05ED6F437B500B0580F0010630116F9
:1012600056030017810068D8130016BE01140063EE
:101270000017A10068DE870016B40088013B011644
:101280008003BFDE02F016B90068DE870076B70083
:10129000A0013BE0168003BFDE02F016B900E05E5D
:1012A000870970620088540301168000E85A0330F1
:1012B000168001BC600300168101BC600300168229
:1012C00001BC600300168303BFDE02F016C300E01A
:1012D000418EC09063006EC18EC036C300E8418E5F
:1012E000C0306300E858030037A100E0418EF430BD
:1012F00063013850A30017A50068581303F6DE00F9
:1013000068418EC056DE006DDA0AF4B6DE0116566C
:10131000030017A10068DE86F036DE015856030090
:1013200017A100E05E870DD7A200B05ED700106263
:101330000020DE02A016D500E05E86D037A300E0D4
:101340005E8ED077A3006D5A02F456DE006E5E8E7C
:10135000F496DE00E86002F4368300B05E8F00167B
:101360008100A05A0F00768300E05A0B00368200FD
:10137000E85A02F4568000D05E0300378000E0583F
:101380001300360400E0418F0030630298581300C8
:1013900016DB00E05ED70037B5006EC18EC036C4E4
:1013A00000B0580300106303BFDE02F016C400B0A3
:1013B00058130017A10068DA370016E100B05E8705
:1013C00000168D006DDE86D1B6E300B05E87001694
:1013D0008D0002DE02F0000001BC60030017A101D5
:1013E0008760040310A001BC60030990B500B00041
:1013F0006300F0B401BC60570310B601BC60030089
:1014000090B500B0006300B0B400B042D300180043
:101410000317DE02F016EC0397DE02F016ED00B0C3
:101420002A3300142F018EE00C0310A0006DDE02A1
:10143000D1B6F300E85A36F0168D03BFDE02F0167F
:10144000F501BC600300168C01BC600300168D0022
:101450006E5A3AF016F801BC600300168E03BFDE28
:1014600002F016F900E85A3AF0168E00B05807005C
:1014700017A100E0580EF01603006ED80EF436FFE8
:1014800000E85E86C017A100E8580EF4360300E8B5
:10149000580F00360301185E030017A1006DDE032C
:1014A00002170700E86042F437A200905A1AF43697
:1014B0008600885A1EF457A200905A1EF436870000
:1014C000B05A1AF4568603BFDE02F0170900905A8C
:1014D0001EF4368601BC60030016870002DE02F0AF
:1014E00000000158600300102A01B8600A0490242B
:1014F00001BC60030290040189E0020D906C0002BF
:10150000DE02F000000200DE5300171901BC601774
:101510000777A100025E02F0012700B040670017C4
:10152000A200B05E8B0057A200025E02F0012B0108
:10153000BC600303378001BC600300178100025EBA
:1015400002F011320002DE02F0000001BC60030371
:10155000378000025E02F0112D0183E006F0378132
:101560000181E006F0378100025E02F0113200B026
:101570005E070017A200E044670B57A1006B4466AA
:10158000F4372001BC600311378000025E02F011C5
:101590002D01806006F0378100025E02F0113201F9
:1015A000BC600300978000025E02F0112D01806094
:1015B00006F0378100025E02F0113200E04467015C
:1015C00057A1006B4466F4372A01BC6003033780DF
:1015D00001A0607EF4578100025E02F0113200E04B
:1015E00044670797A1006B4466F4372F01BC600382
:1015F00011578000025E02F0112D01846006F03761
:101600008100025E02F0113200B05E070017A201F5
:10161000BC60030A378000025E02F0112D01806079
:1016200002F0378100025E02F0113200E0446700F0
:1016300037A1006B4466F4373A01806006F03781C9
:1016400000025E02F0113201BC6003085780000204
:101650005E02F0112D018A6002F0378100025E0205
:10166000F0113200E044670037A1006B4466F437A4
:1016700042018A600EF0378100025E02F0113200F2
:10168000E044670657A1006B4466F4374601BC602E
:10169000030CB78000025E02F0112D0280DE07000D
:1016A000173001BC600311578001846002F4578138
:1016B00000025E02F0113201BC60030037A3020693
:1016C000ABD30017510284C5AF00175903BFDE0228
:1016D000F017520280456F00175901BC60030017D4
:1016E000A3018B600E2B915C01BC60031851780044
:1016F000B045E3001800018B2B2E2F317900A84153
:1017000038F9D7A100B05E84F9B04E01BC6017076C
:1017100077A100025E02F0012700B040670017A227
:1017200000A85E8B0057A200025E02F0012B00E0D1
:1017300044670157A1006B4466F4375F01BC600346
:1017400001B7A101BC60030477A200025E02F001B0
:101750002B01BC60130AF7A101BC60030017A200B3
:10176000025E02F0012B01BC60030117A400E85ED9
:10177000930037A401BC600301D7A100B05E9300C1
:1017800017A200025E02F0012B01BC60130AD7A170
:1017900001BC60030017A200025E02F0012B00688A
:1017A000DE9300176700685E8F0017710002DE028B
:1017B000F0000001BC60270CB7A101BC60030197D9
:1017C000A200025E02F0012B01BC60270EB7A1014E
:1017D000BC60030137A200025E02F0012B01BC6075
:1017E000030657A401BC60030077A301BC60130982
:1017F00057A100025E02F00127018060060337A2B4
:1018000000025E02F0012B01806002F457A2000288
:101810005E02F0012B00E04466F497A1006B446681
:10182000F4378000E85E8F0037A300685E8F0017F2
:101830008701BC60030317A401BC60270F17A10038
:10184000025E02F001270068C0671FF77901BC60E3
:10185000270EB7A101BC600301F7A200025E02F0EF
:10186000012B0002DE02F000000002DE02F00000A8
:101870000200DE5300179D01BC60130E77A1000229
:101880005E02F0012700A040673FEC4401BC6013FA
:101890001497A100025E02F001270196E0020337CF
:1018A000A200025E02F0012B01BC601309B7A10087
:1018B000025E02F00127018760020337A200025E88
:1018C00002F0012B01BC60130997A100025E02F037
:1018D0000127018760060337A200025E02F0012B98
:1018E0000002DE02F0000001BC60730017A301BC1F
:1018F00060131497A100025E02F0012700A0406669
:10190000F477A40196E01EF497A300B05E8D88974B
:10191000A200025E02F0012B01BC601309B7A10016
:10192000025E02F00127018760060337A200025E13
:1019300002F0012B01BC60130997A100025E02F0C6
:101940000127018760060337A200025E02F0012B27
:101950000002DE02F000000068DE930017B100E034
:101960005E030057A201095E8B0017A103BFDE02D0
:10197000F017B90068DE930037B501105E03001759
:10198000A200E05E8B0097A103BFDE02F017B90151
:10199000305E030017A200E05E8B0197A1006D5E30
:1019A000870597B901BC60030597A10002DE02F02C
:1019B000000000682BCB0017BF00B02BF30017A16D
:1019C00000E05E855FB7A1006BDE862337BF01862E
:1019D000E006F7F7BF0002DE02F0000000681F33E8
:1019E0000017CD020200BF0017C3020345730017A2
:1019F000CD0285C5230017CD00681F330037CB000B
:101A0000B01FC70017A100025E02F0012700A84026
:101A100064F9D7A200B05E88F9B7A200025E02F0B6
:101A2000012B03BFDE02F017CD00A84138F9D7A182
:101A300000B05E84F9B04E0002DE02F00000020247
:101A400000BF0017C3020345730017CD01586003A0
:101A500000102A0189E0020D906C01BC6003009027
:101A60000400B040130017A10002DE02F0000001E4
:101A70008260060F10780207C1E30017D601BC6030
:101A8000030C17A301BC600300907601BC60030047
:101A9000107700025E02F0013401BC60030C97A3D2
:101AA00000025E02F0012F008860118757A101BC7F
:101AB0005E860EF07700025E02F0013401BC600326
:101AC0000C17A301BC600300B07601BC60030010DA
:101AD0007700025E02F0013401BC60030C97A300A2
:101AE000025E02F0012F008860058757A101BC5EED
:101AF000860ED07600025E02F0013401BC60030065
:101B000017A300025E02F0012F018560060ED07659
:101B100000025E02F0013401BC60030C17A301BC9B
:101B2000600300307601BC600300107700025E02A3
:101B3000F0013401BC60030C97A300025E02F001C7
:101B40002F01AC60A20EF07700025E02F0013401BA
:101B5000BC60030017A300025E02F0012F01856044
:101B6000060ED07600025E02F0013401BC60030C68
:101B700017A301BC600300307601BC60030010773E
:101B800000025E02F0013401BC60030C97A3000266
:101B90005E02F0012F01AC60020EF07700025E02DF
:101BA000F0013401BC60030017A300025E02F001E3
:101BB0002F018560060ED07600025E02F00134012E
:101BC0008260020F10780002DE02F0000001BC60AB
:101BD000130817A100025E02F001270180600203D2
:101BE00037A200025E02F0012B01BC60030037A1A6
:101BF00000025E02F001270188600E0337A2006830
:101C0000B0EB0018100188600A0337A200025E02E0
:101C1000F0012B01BC601B0657A100025E02F0011F
:101C200027018830EA0337A200025E02F0012B0090
:101C3000025E02F017D501BC60130817A100025E16
:101C400002F00127018060060337A200025E02F065
:101C5000012B0002DE02F0000001BC60430890E6A8
:101C600000025E02F0016A01BC604F1110E40190B5
:101C7000600A09104801BC600300000601BC600353
:101C800001D78201D2DE0877F0E000B00F03001028
:101C9000E100B0004700108600B00F1F00108A015D
:101CA000BC600300378100025E02F0107001BC606E
:101CB000030010BB01BC61030010800182600610AC
:101CC000308103D05E02F003940002DE02F00000D7
:101CD00000681F8300188202804203001882028578
:101CE000C52300188200681F8F00388200681F8B90
:101CF00000385F01BC60130817A100025E02F0010A
:101D000027018060020337A200025E02F0012B016E
:101D1000BC601B1B57A100025E02F0012700B0400F
:101D200067000C3E0182E0060337A200025E02F06B
:101D3000012B01846006F457A200025E02F0012B21
:101D400001BC60270F37A100025E02F0012700B03E
:101D50004067000C3F018860060337A200025E0264
:101D6000F0012B01BC60271597A100025E02F00173
:101D70002700B04067000C40019B60160337A201AA
:101D8000806006F457A200025E02F0012B01BC60E5
:101D9000131077A101BC600B0017A200025E02F0D5
:101DA000012B01BC60131057A100025E02F0012755
:101DB00001B860820337A200025E02F0012B01BC71
:101DC00060131037A100025E02F001270180E002DB
:101DD0000337A200025E02F0012B01BC6003000782
:101DE000E201BC60030007E30068310F00185700F0
:101DF000E044658867E103BFDE02F0185800E04464
:101E0000670807E101BC60131037A100025E02F011
:101E10000127018060060337A200025E02F0012B59
:101E200001BC60030027E200025E02F0012702000D
:101E30004067001873028042030018730285C523AF
:101E400000187301BC60131037A100025E02F0019C
:101E50002702004067001866006CC464FC385F000D
:101E6000E03107002C4100E0310B002C4201BC6046
:101E70001310F7A100025E02F0012700B0406700D6
:101E8000018401BC601310D7A100025E02F001279B
:101E900000B0406700018501BC602B1357A1000210
:101EA0005E02F0012700B0406700018601BC6013AC
:101EB0001117A100025E02F0012700B04067000187
:101EC0008701BC60271597A100B031030017A2005D
:101ED000025E02F0012B01BC60270F37A100B03079
:101EE000FF0017A200025E02F0012B01BC601B1B69
:101EF00057A100B030FB0017A200025E02F0012BD8
:101F000001BC60130817A100025E02F001270180E6
:101F100060060337A200025E02F0012B01BC6003E1
:101F20000007E201BC60030007E000B05E87001715
:101F3000A10002DE02F0000001BC6003000C2500DD
:101F4000B030CB00179E00B030CF00179D00B030EE
:101F5000D300179C00B030D700179B03BFDE02F000
:101F60000A1A00000000000000000000000000004D
:101F70000000000000000000000000000000000061
:101F8000000000000000000000207EC000000000F3
:101F90000000000000000000000000000000000041
:101FA0000000000000000000000000000000000031
:101FB0000000000000000000000000000000000021
:101FC000000000000000000000207EC000000000B3
:101FD0000000000000000000000000000000000001
:101FE00000000000000000000000000000002000D1
:101FF0000000401101000000000080160100800078
:1020000000008016010080030000801600000040E0
:102010000000801A2100E00300008016000200404A
:102020000000801A100200400000801A10020240D6
:102030000000801A6100E0030000801610020040DA
:102040000000801A6101E013000080163002004099
:102050000000801A100200400000801A1C0200409C
:102060000000801A000200000000801A1C0A0040D4
:102070000000801A1C0A20400000801A1FCA20405D
:102080000000801A1FCA20400000801A01000000D2
:102090000000801E090000000000801E00000000FB
:1020A000000080020000000000008002000000002C
:1020B00000008002080000000000801E00000000F8
:1020C0000000801E010000000000801E11000000C2
:1020D0000000801E1FCA20C00000801A1FCA20C036
:1020E0000000801A5FCA20C00000801AB06400009F
:1020F0000000800E00002800000080121100000087
:102100000000801E00000000C8254285000000007D
:10211000000040010000000000004001000000003D
:10212000000040015FCA2040000040191FCA204043
:1021300000004019010000000000401D01000000E7
:102140000000401D010000000000401D09000000CB
:102150000000401D1FC22040000040190F00000079
:102160000000401D1FC220C0000040191BC220C03B
:1021700000004019207D00000000400D00002000FC
:1021800000004011000000003304428900000000FC
:1021900000004001000000000000400100000000BD
:1021A000000040011BC2204000004019090000004F
:1021B0000000401D1BC2204000004019010000002B
:1021C0000000401D000000000000401D1FC2204014
:1021D00000004019010000000000401D090000003F
:1021E0000000401D1FC22040000040190B010000EC
:1021F0000000401D1FC220C0000040191BC220C0AB
:1022000000004019C07700000000400D00002800C9
:102210000000401100000000331C42890000000053
:10222000000040010000000000004001000000002C
:10223000000040011FC220C0000040191FC220C082
:10224000000040196100E01300004015000000008C
:1022500000004001000000000000400100000000FC
:10226000000040016101E0130000401513C220C0CE
:102270000000401961018013000040150A010000B0
:102280000000401D13C220C00000401908040000D7
:10229000000000F800000000000040010000000005
:1022A00000004001000000000000400100000000AC
:1022B00000004001000000000000400113C2204067
:1022C000000040190B0100000000401D13C220C097
:1022D0000000401900000000000040010000000064
:1022E00000004001030100000000401D13C2204017
:1022F0000000401900000800000040116101801337
:102300000000401561018013000040156101801339
:10231000000040151FC22040000040191FC220408D
:10232000000040191FC22040000040190B010000AE
:102330000000401D0B0100000000401D1FC220C016
:10234000000040191BC220C000004019C3770000E4
:102350000000400D000008000000401100000000D7
:10236000131C428800000000000040010000000033
:102370000000400100000000000040011BC220409E
:1023800000004019090000000000401D1BCA204049
:10239000000040191FCA2040000040190900000039
:1023A0000000401D1FC22040000040190F00000027
:1023B0000000401D1FC220C0000040191BC220C0E9
:1023C00000004019237D00000000400D00000000C7
:1023D00000004011000000001304428800000000CB
:1023E000000040010000000000004001000000006B
:1023F000000040011BC220400000401909000000FD
:102400000000401D1BCA20400000401901000000D0
:102410000000401D1FCA20400000401911000000AC
:102420000000401D1FCA2040000040191FCA20C0E4
:10243000000040191FCA20C0000040191FCA20C058
:10244000000040195FCA20C000004019B0640000BD
:102450000000400D000008000000401111000000C5
:102460000000401D00000000B8254284000000006C
:1024700000004001000000000000400100000000DA
:10248000000040015FCA2040000040190100000028
:102490000000401D1FCA2040000040191FCA2040F4
:1024A00000004019000000000000401D1C0A2040F0
:1024B000000000181C0A2040000000180000000066
:1024C00000000010000000000000001C61018013EB
:1024D000000000141C0A2040000000186101800365
:1024E00000000014100A204000000018000A2040DC
:1024F00000000018000A004000000018410180039D
:102500000000001400080040000000180000100047
:1025100000000010000802400000001800080340FE
:1025200000000018000802400000001800080040E9
:10253000000000180000000000000010000800402B
:102540000000001800080040000000184101800051
:1025500000000014410100000000001440010000D0
:1025600000000014000802400000001800010000F4
:10257000000000140008004000000018000800C01F
:1025800000000018080C000000000004080800000B
:10259000000000FC0000000000000000000000003F
:1025A0000000000000000000000000000C715D4809
:1025B000075F3100B3C9A561005B234B4525244764
:1025C0002808000000000000941DC51301BD32085A
:1025D0000100343334333961302D726F6D6C2F73D9
:1025E00064696F2D672D706F6F6C2D7032702D695F
:1025F000647375702D6964617574682D706B746691
:10260000696C7465722D6B656570616C6976652D9A
:10261000616F652D6C70632D73776469762D7372AD
:10262000666173742D66756172742D627463782DA2
:102630006E6F636C6D696E632D636C6D5F6D696E3B
:102640002D6662742D6D66702D7361652D776F77C1
:102650006C70662D746B6F2056657273696F6E3A7D
:1026600020372E39352E3439202832323731626204
:102670003620435929204352433A20623761323889
:1026800065663320446174653A204D6F6E203230A8
:1026900032312D31312D32392032323A35303A3221
:1026A00037205053542055636F6465205665723A45
:1026B00020313034332E32313632204657494420CF
:1026C00030312D633531643934303000FA004456EE
:1026D00049442030312D623062343532306600009A
:1026E00000000000000000000000000000000000EA
:1026F00000000000000000000000000000000000DA
:1027000000000000000000000000000000000000C9
:1027100000000000000000000000000000000000B9
:10272000424C4F423C000000FA69E0BB010000004F
:1027300002000000000000003C00000098030000C0
:102740000A6F2B520000000000000000D4030000BC
:1027500004000000A0B0E5E200000000434C4D2062
:102760004441544100000C000200526173706265E4
:1027700072727950692E5069636F57000000312ED4
:1027800032392E340000000000000000700000000C
:10279000436C6D496D706F72743A20312E34372E50
:1027A000310000000000000000000000000076354D
:1027B0002032322F30362F3234000000000000006B
:1027C00000000000010B010D0C0D0000680300006B
:1027D0007401000068000000300100007C0100006E
:1027E000000000004C0100004601000058030000FA
:1027F0000000000028010000900300008803000092
:102800007FB2000000000000000000000000000097
:1028100000000000000000000000000000000000B8
:102820000000000070030000000000003201000002
:102830000000000000000000000000000000000098
:102840000000000000000000000000000000000088
:102850000000000000000000000000000000000078
:102860000000000000000000000000000000000068
:102870000000000000000000000000000000000058
:10288000000000003400000081010000010232302D
:1028900032322D30362D32342030363A35353A301A
:1028A00038000000FF0000000100FF011E000001D1
:1028B0004800010100FF0114000001480001000070
:1028C000FF000000020000011E010001480101009C
:1028D00000000000000000000001000101236E0064
:1028E0000200FFFFF000415400010001FFC0004161
:1028F0005500010001FFC000424500010001FFC07A
:1029000000425200010001FFC00043410000FF00EF
:10291000FFCC00434800010001FFC000434C000110
:102920000001FFC000434E00010001FFC000434F03
:1029300000010001FFC000435A00010001FFC00078
:1029400044450001FF01FFCC00444B00010001FFA2
:10295000C000454500010001FFC0004553000100D3
:1029600001FFC000465200010001FFC000474200C5
:10297000010001FFC000475200010001FFC00048F4
:102980004B00010001FFC000485500010001FFC0DD
:1029900000494C00010001FFC000494E0001000148
:1029A000FFC000495300010001FFC000495400016D
:1029B0000001FFC0004A5000010001FFC0004B456C
:1029C00000010001FFC0004B5200010001FFC000E8
:1029D0004C4900010001FFC0004C5400010001FF00
:1029E000C0004C5500010001FFC0004C5600010022
:1029F00001FFC0004D5400010001FFC0004D580010
:102A0000010001FFC0004D5900010001FFC0004E50
:102A10004700010001FFC0004E4C00010001FFC053
:102A2000004E4F00010001FFC0004E5A000100019E
:102A3000FFC000504500010001FFC00050480001E8
:102A40000001FFC000504C00010001FFC0005054C5
:102A500000010001FFC000534500010001FFC0005C
:102A6000534700010001FFC000534900010001FF6E
:102A7000C000534B00010001FFC00054480001009A
:102A800001FFC000545200010001FFC00054570074
:102A9000010001FFC000555300000000FFC00058B6
:102AA000580003FF02FFCC005A4100010001FFC0A3
:102AB00000010D0100014800000001480000000174
:102AC0004801000001000000550300000A0C0D0E33
:102AD0000F1011121314150C000102030405060750
:102AE00008090A0B000000000000000000000000C0
:102AF00000000000AFA900004E5652414D526576CD
:102B00003D2452657624006D616E6669643D3078BF
:102B10003264300070726F6469643D3078303732EF
:102B2000370076656E6469643D3078313465340011
:102B300064657669643D30783433653200626F6174
:102B40007264747970653D30783038383700626F60
:102B50006172647265763D30783131303000626F79
:102B60006172646E756D3D3232006D6163616464E3
:102B7000723D30303A41303A35303A62353A353983
:102B80003A35650073726F6D7265763D3131006262
:102B90006F617264666C6167733D307830303430D9
:102BA0003430303100626F617264666C6167733318
:102BB0003D30783034303030303030007874616CF3
:102BC000667265713D3337343030006E6F63726307
:102BD0003D31006167303D32353500616132673D1E
:102BE000310063636F64653D414C4C007061306936
:102BF00074737369743D3078323000657874706135
:102C00006761696E32673D30007061326761303DE7
:102C10002D3136382C373136312C2D3832300041B9
:102C200076566D69645F63303D3078302C30786360
:102C3000380063636B7077726F6666736574303DDE
:102C400035006D617870326761303D3834007478DA
:102C500070777262636B6F663D360063636B627799
:102C600032303267706F3D30006C65676F66646D3F
:102C7000627732303267706F3D30783636313131BD
:102C8000313131006D6373627732303267706F3D7E
:102C9000307837373731313131310070726F7062CF
:102CA0007732303267706F3D30786464006F6664ED
:102CB0006D64696766696C74747970653D3138005C
:102CC0006F66646D64696766696C74747970656257
:102CD000653D313800706170646D6F64653D310031
:102CE0007061706476616C6964746573743D310001
:102CF000706163616C69647832673D34350070617E
:102D000070646570736F66667365743D2D33300053
:102D100070617064656E646964783D3538006C7408
:102D20006563786D75783D30006C746563787061AB
:102D3000646E756D3D307830313032006C7465638F
:102D400078666E73656C3D30783434006C746563FE
:102D5000786763696770696F3D3078303100696CFE
:102D6000306D6163616464723D30303A39303A34B9
:102D7000633A63353A31323A333800776C306964FC
:102D80003D30783433316200646561646D616E5F3B
:102D9000746F3D30786666666666666666006D7559
:102DA00078656E61623D30783130300073707572D5
:102DB000636F6E6669673D30783300676C69746372
:102DC000685F62617365645F6372736D696E3D31E4
:102DD000006274635F6D6F64653D31000000000048
:102DE0000050F20100000000636F756E747279008C
:102DF000000000006375725F6574686572616464E9
:102E0000720000000000000000000000636C6D6CA8
:102E10006F61640000000000636C6D6C6F61645F43
:102E200073746174757300000000000000A050B559
:102E3000595E000062737300000000006D617861EC
:102E400073736F630000000063636770696F696E7E
:102E5000000000002A990010DC970010DC97001099
:102E600004990010DC970010DC970010E298001025
:102E7000DC970010DC970010DC970010DC97001046
:102E8000D2980010DC970010DC970010DC9700103F
:102E9000DC970010AE980010DC970010DC97001053
:102EA000DC970010DC970010DC970010DC97001016
:102EB0009A980010DC970010DC970010DC97001047
:102EC000DC970010DC970010DC970010DC970010F6
:102ED000DC970010DC970010DC970010DC970010E6
:102EE000DC970010DC970010DC970010DC970010D6
:102EF000DC970010DC970010DC970010DC970010C6
:102F0000DC970010DC970010DC9700107E98001012
:102F1000DC970010DC9700107098001040B700108C
:102F20004CB700100000000054B700100000000073
:102F3000000000005CB7001068B70010000000003F
:102F4000000000000000000070B700107CB7001007
:102F50000000000000000000000000008CB700101E
:102F60000000000000000000000000000000000061
:102F70000000000000000000000000000000000051
:102F80000000000000000000000000000000000041
:102F90000000000000000000000000000000000031
:102FA0000000000000000000000000000000000021
:102FB0000000000000000000000000000000000011
:102FC0000000000000000000000000000000000001
:102FD0000000000094B70010000000000000000096
:102FE00000000000000000000000000000000000E1
:102FF00000000000000000000000000000000000D1
:1030000000000000000000000000000000000000C0
:1030100000000000000000000000000000000000B0
:1030200000000000000000000000000000000000A0
:103030009CB700100000000000000000000000002D
:103040000000000000000000000000000000000080
:10305000000000000000000000000000ACB70010FD
:103060000000000000000000000000000000000060
:103070000000000000000000C0B70010D0B7001032
:1030800002000000EDA0001065A4001099A300103C
:10309000B9A20010E5A40010A1A600100DA6001012
:1030A00079A50010BDA30010000000009DA2001033
:0830B00091A20010F9A000102C
:1030B80070B800107CB8001088B8001094B80010E0
:1030C800A0B80010ACB80010B8B80010C4B8001010
:0C30D800D8BA0010D0BA0010C4BA001022
:1030E40010B5040002E0200000F0C6FA2268EFF3F5
:1030F400108172B61368002BFCD0BFF35F8F0422DB
:10310400A35E002BEFDD013BA3802368BFF35F8F39
:1031140000221A6081F3108810BDC046D0B50400A7
:1031240016001F0006E032003B00200000F0ACFA5D
:10313400002817D12268EFF3108172B61368002BB0
:10314400FCD0BFF35F8F0422A35E002BEBDD013BB9
:10315400A3802368BFF35F8F00221A6081F3108875
:103164000120D0BD0020FCE710B50268EFF3108108
:1031740072B61368002BFCD0BFF35F8F0422835E0A
:103184000624025F9A4208DC0368BFF35F8F0022C3
:103194001A6081F31088002010BD0133838000F091
:1031A4007BFA0120F8E7C04670B5040000F07CFA11
:1031B400050002E0200000F05FFA2268EFF31081BE
:1031C40072B61368002BFCD0BFF35F8F63680133C2
:1031D400F0D165602368BFF35F8F00221A6081F32A
:1031E400108870BD70B5040000F05EFA050004E0BC
:1031F40001330ED0200000F03FFA2268EFF3108173
:1032040072B61368002BFCD0BFF35F8F6368AB42C8
:10321400EED1237A6560013323722368BFF35F8F95
:1032240000221A6081F3108870BDC04670B5026830
:103234000400EFF3108572B61368002BFCD0BFF3C3
:103244005F8F63685A1C0BD0002900D00B600020EC
:103254002368BFF35F8F00221A6085F3108870BD66
:1032640000F022FA60600120F2E7C04670B5040065
:103274000D0000F019FA2268EFF3108172B613689A
:10328400002BFCD0BFF35F8F63685A1C06D08342C7
:1032940004D0002D00D02B60002004E060600120E9
:1032A400237A013323722368BFF35F8F00221A60ED
:1032B40081F3108870BDC046F8B5040016001F00E5
:1032C40000F0F2F9050006E032003B00200000F0B7
:1032D400DBF9002815D12268EFF3108172B6136868
:1032E400002BFCD0BFF35F8F63680133ECD16560C2
:1032F4002368BFF35F8F00221A6081F310880120D6
:10330400F8BD0020FCE7C046F0B583B001A9050074
:1033140016001F00FFF78AFF041E02D0200003B02E
:10332400F0BD00F0C1F9019B9842F7D032003B0098
:103334002800FFF7C1FF0400F0E7C04610B502689B
:10334400EFF3108172B61368002BFCD0BFF35F8FCC
:1033540001235B42436000F09FF910BD10B5026881
:10336400EFF3108172B61368002BFCD0BFF35F8FAC
:10337400037A013BDBB20372002B07D00368BFF36F
:103384005F8F00221A6081F3108810BD013B4360F7
:1033940000F082F9F9E7C046084B9C461B78002BE5
:1033A4000BD18023064807495B051A68C2500433D1
:1033B4008B42FAD1012362461370704760210220C8
:1033C4004C1200100001001010B5014B984710BDBD
:1033D4004D120020084B5A6842609A688260DA688D
:1033E400C2601A6902615A6942619B698361A023C0
:1033F4005B051B6803607047000002404268084B8D
:103404005A6082689A60C268DA6002691A61426925
:103414005A6182699A61A02302685B051A60704749
:1034240000000240F0B5D6464F4646460023C0B5DC
:10343400182788B01E0081460D00988A46493B88AB
:10344400140098473B8880464449B08A9847002333
:1034540043490600988A3B8898478246FFF79CFFB9
:1034640001A8FFF7B7FFC047B0473E4B21001A68D9
:1034740080239B005340C022920013403A4A1360B9
:10348400002C1CD00823C0209C464005163F6246F1
:10349400836A1A401F4239D0631A00292BD1002AAB
:1034A4000BD1002C0BD0C023082202265B059B6A9B
:1034B4001A401E4242D0002AF5D0002C30D1294BAC
:1034C4001A68C0239B009343274A1360D047FFF731
:1034D4007BFF01A8FFF792FF08B0E0BCBA46B146F3
:1034E400A846F0BD002C2BD1C0225205966A0822B2
:1034F4003240B6072BD50D2B19D9002AF2D1C022A0
:103504005205966A08223240B607F4D4002A04D140
:103514000B002343002BBAD1D1E70B00002CF9D0C8
:10352400036E013C2B70230001350B43F2E74B463D
:103534001B780139036601239944E7E70021E5E795
:10354400C0235B051B6E013C2B7001359FE70B000C
:10355400A242DFD1DCE7C0464946000045580000DE
:10356400464300000C8001400C9001407047C04667
:10357400F0B5C6460D00160000B5884212D9891868
:1035840081420FD98418032A56D8731E002E06D000
:10359400DA438918A418CA5CE254013BFBD280BC0C
:1035A400B846F0BD032E0BD80400711E002EF6D0D1
:1035B40000230131EA5CE25401339942FAD1EEE787
:1035C40003242A002100024303001140144230D195
:1035D4000F2E4BD91027BC462A003409013C240184
:1035E400A0460419A44414681C6054685C60946880
:1035F4009C60D4681032DC6010336345F3D10F2231
:103604001C000C2310353240334045441600002B77
:10361400CBD06B5863500431531A032BF9D80326CB
:1036240016409208013A920004350434AD18A418E7
:10363400BBE70400711EBBE723000B439B0701D0CB
:10364400531EA5E72B1F9C461300051F6246D25844
:10365400EA50043B032BF9D80322B308013B9B0037
:10366400C91AE41A16400439043C8EE732000400F7
:10367400CFE7C0460000000001B40248844601BC04
:10368400604700BF994A001001B40248844601BC57
:10369400604700BFC54B001001B40248844601BC1A
:1036A400604700BFFD4A001001B40248844601BCD3
:1036B400604700BF6D4A00101000000000000000C9
:1036C40000000100000000000000000000000200F3
:1036D40000000000000000000000030000000000E3
:1036E400000000000000FF000000000001B5486871
:1036F40001318E460047704609380149884701BDAB
:103704003D0B001000000000FFFFFFFFFFFFFF7FE5
:1037140000000000000000000000000000000000A5
:1037240000000000F00D0020000000000000000078
:10373400503300004C330000543300005233000077
:103744004D5300004D430000533400004334000047
:1037540001420010014300104D42001015430010B7
:103764000000000000010000FF0000000000000055
:10377400BD9E0010000000000000000000000000DA
:1037840000000000259E0010000000000000000062
:103794000000000000000000FFFFFFFF0000020027
:1037A40000000000000000008007002080070020C7
:1037B4008807002088070020900700209007002039
:1037C4009807002098070020A0070020A0070020E9
:1037D400A8070020A8070020B0070020B007002099
:1037E400B8070020B8070020C0070020C007002049
:1037F400C8070020C8070020D0070020D0070020F9
:10380400D8070020D8070020E0070020E0070020A8
:10381400E8070020E8070020F0070020F007002058
:10382400F8070020F8070020000800200008002006
:1038340008080020080800201008002010080020B4
:103844001808002018080020200800202008002064
:103854002808002028080020300800203008002014
:1038640038080020380800204008002040080020C4
:103874004808002048080020500800205008002074
:103884005808002058080020600800206008002024
:1038940068080020680800207008002070080020D4
:1038A4007808002078080020800800208008002084
:1038B4008808002088080020900800209008002034
:1038C4009808002098080020A0080020A0080020E4
:1038D400A8080020A8080020B0080020B008002094
:1038E400B8080020B8080020C0080020C008002044
:1038F400C8080020C8080020D0080020D0080020F4
:10390400D8080020D8080020E0080020E0080020A3
:10391400E8080020E8080020F0080020F008002053
:10392400F8080020F8080020000900200009002001
:1039340008090020080900201009002010090020AF
:10394400180900201809002020090020200900205F
:10395400280900202809002030090020300900200F
:1039640038090020380900204009002040090020BF
:10397400480900204809002050090020500900206F
:10398400580900205809002060090020600900201F
:1039940068090020680900207009002070090020CF
:1039A400780900207809002080090020800900207F
:1039B400880900208809002090090020900900202F
:1039C4009809002098090020A0090020A0090020DF
:1039D400A8090020A8090020B0090020B00900208F
:1039E400B8090020B8090020C0090020C00900203F
:1039F400C8090020C8090020D0090020D0090020EF
:103A0400D8090020D8090020E0090020E00900209E
:103A1400E8090020E8090020F0090020F00900204E
:103A2400F8090020F8090020000A0020000A0020FC
:103A3400080A0020080A0020100A0020100A0020AA
:103A4400180A0020180A0020200A0020200A00205A
:103A5400280A0020280A0020300A0020300A00200A
:103A6400380A0020380A0020400A0020400A0020BA
:103A7400480A0020480A0020500A0020500A00206A
:103A8400580A0020580A0020600A0020600A00201A
:103A9400680A0020680A0020700A0020700A0020CA
:103AA400780A0020780A0020800A0020800A00207A
:103AB400880A0020880A0020900A0020900A00202A
:103AC400980A0020980A0020A00A0020A00A0020DA
:103AD400A80A0020A80A0020B00A0020B00A00208A
:103AE400B80A0020B80A0020C00A0020C00A00203A
:103AF400C80A0020C80A0020D00A0020D00A0020EA
:103B0400D80A0020D80A0020E00A0020E00A002099
:103B1400E80A0020E80A0020F00A0020F00A002049
:103B2400F80A0020F80A0020000B0020000B0020F7
:103B3400080B0020080B0020100B0020100B0020A5
:103B4400180B0020180B0020200B0020200B002055
:103B5400280B0020280B0020300B0020300B002005
:103B6400380B0020380B0020400B0020400B0020B5
:103B7400480B0020480B0020500B0020500B002065
:103B8400580B0020580B0020600B0020600B002015
:103B9400680B0020680B0020700B0020700B0020C5
:103BA400780B0020780B0020900B00200000000010
:103BB40000000000E810002050110020B81100207F
:103BC40000000000000000000000000000000000F1
:103BD40000000000000000000000000000000000E1
:103BE40000000000000000000000000000000000D1
:103BF40000000000000000000000000000000000C1
:103C040000000000000000000000000000000000B0
:103C140000000000000000000000000000000000A0
:103C24000000000000000000000000000000000090
:103C34000000000000000000000000000000000080
:103C4400000000000000000001000000000000006F
:103C54000E33CDAB34126DE6ECDE05000B00000034
:103C64000000000000000000000000000000000050
:103C74000000000000000000000000000000000040
:103C84000000000000000000000000000000000030
:103C94000000000000000000000000000000000020
:103CA4000000000000000000000000000000000010
:103CB4000000000000000000000000000000000000
:103CC40000000000000000000000000000000000F0
:103CD40000000000000000000000000000000000E0
:103CE40000000000000000000000000000000000D0
:103CF40000000000000000000000000000000000C0
:103D040000000000000000000000000000000000AF
:103D1400000000000000000000000000000000009F
:103D2400000000000000000000000000000000008F
:103D3400000000000000000000000000000000007F
:103D4400000000000000000000000000000000006F
:103D5400000000000000000000000000000000005F
:103D6400000000000000000000000000000000004F
:103D7400000000000000000000000000000000003F
:103D8400000000000000000000000000000000002F
:103D9400000000000000000000000000000000001F
:103DA400000000000000000000000000000000000F
:103DB40000000000000000000000000000000000FF
:04000005100001E9FD
:00000001FF
